t_ns,collective,label,n_active_flows,n_eps_flows,n_ocs_flows,core_bw_gbps,core_utilisation,core_queue_mb,ocs_bw_gbps,ocs_bytes_carried_mb,port_queue_mb_max,n_dark
33578.1,0,,124,64,0,50.0,1.0,85.6232,0,0.0,38.0631,0
35271.1,0,,123,64,0,50.0,1.0,85.5386,0,0.0,37.8665,0
35578.1,0,,122,64,0,50.0,1.0,85.5232,0,0.0,37.8308,0
37246.3,0,,122,64,0,50.0,1.0,85.4398,0,0.0,37.6373,0
37578.1,0,,121,64,0,50.0,1.0,85.4232,0,0.0,37.5988,0
39578.1,0,,121,64,0,50.0,1.0,85.3232,0,0.0,37.3669,0
41578.1,0,,121,64,0,50.0,1.0,85.2232,0,0.0,37.1351,0
43578.1,0,,121,64,0,50.0,1.0,85.1232,0,0.0,36.9032,0
43736.2,0,,121,64,0,50.0,1.0,85.1153,0,0.0,36.8849,0
44864.9,0,,120,64,0,50.0,1.0,85.0589,0,0.0,36.7541,0
45578.1,0,,119,64,0,50.0,1.0,85.0232,0,0.0,36.6716,0
47076.7,0,,119,64,0,50.0,1.0,84.9483,0,0.0,36.4982,0
47578.1,0,,118,64,0,50.0,1.0,84.9232,0,0.0,36.4402,0
49578.1,0,,118,64,0,50.0,1.0,84.8232,0,0.0,36.209,0
51578.1,0,,118,64,0,50.0,1.0,84.7232,0,0.0,35.9777,0
53578.1,0,,118,64,0,50.0,1.0,84.6232,0,0.0,35.7465,0
55578.1,0,,118,64,0,50.0,1.0,84.5232,0,0.0,35.5152,0
57578.1,0,,118,64,0,50.0,1.0,84.4232,0,0.0,35.284,0
59578.1,0,,118,64,0,50.0,1.0,84.3232,0,0.0,35.0527,0
61578.1,0,,118,64,0,50.0,1.0,84.2232,0,0.0,34.8215,0
63578.1,0,,118,64,0,50.0,1.0,84.1232,0,0.0,34.5903,0
63979.5,0,,118,64,0,50.0,1.0,84.1032,0,0.0,34.5438,0
65578.1,0,,117,64,0,50.0,1.0,84.0232,0,0.0,34.3592,0
66082.1,0,,117,64,0,50.0,1.0,83.998,0,0.0,34.301,0
67493.0,0,,116,64,0,50.0,1.0,83.9275,0,0.0,34.1381,0
67578.1,0,,115,64,0,50.0,1.0,83.9232,0,0.0,34.1283,0
67611.3,0,,115,64,0,50.0,1.0,83.9216,0,0.0,34.1245,0
69578.1,0,,114,64,0,50.0,1.0,83.8232,0,0.0,33.8979,0
71578.1,0,,114,64,0,50.0,1.0,83.7232,0,0.0,33.6675,0
73578.1,0,,114,64,0,50.0,1.0,83.6232,0,0.0,33.4372,0
73992.0,0,,114,64,0,50.0,1.0,83.6025,0,0.0,33.3895,0
75578.1,0,,113,64,0,50.0,1.0,83.5232,0,0.0,33.2253,0
76913.8,0,,113,64,0,50.0,1.0,83.4565,0,0.0,33.087,0
77578.1,0,,112,64,0,50.0,1.0,83.4232,0,0.0,33.0182,0
78706.9,0,,112,64,0,50.0,1.0,83.3668,0,0.0,32.9015,0
79578.1,0,,111,64,0,50.0,1.0,83.3232,0,0.0,32.8115,0
80063.1,0,,111,64,0,50.0,1.0,83.299,0,0.0,32.7613,0
80390.8,0,,110,64,0,50.0,1.0,83.2826,0,0.0,32.7316,0
81578.1,0,,109,64,0,50.0,1.0,83.2232,0,0.0,32.6238,0
83578.1,0,,109,64,0,50.0,1.0,83.1232,0,0.0,32.4424,0
85578.1,0,,109,64,0,50.0,1.0,83.0232,0,0.0,32.2609,0
85834.0,0,,109,64,0,50.0,1.0,83.0104,0,0.0,32.2377,0
87108.3,0,,108,64,0,50.0,1.0,82.9467,0,0.0,32.1223,0
87578.1,0,,107,64,0,50.0,1.0,82.9232,0,0.0,32.0798,0
89493.0,0,,107,64,0,50.0,1.0,82.8275,0,0.0,31.9064,0
89578.1,0,,106,64,0,50.0,1.0,82.8232,0,0.0,31.8999,0
91578.1,0,,106,64,0,50.0,1.0,82.7232,0,0.0,31.7457,0
93578.1,0,,106,64,0,50.0,1.0,82.6232,0,0.0,31.5916,0
94408.2,0,,106,64,0,50.0,1.0,82.5817,0,0.0,31.5276,0
95578.1,0,,105,64,0,50.0,1.0,82.5232,0,0.0,31.4543,0
96246.9,0,,105,64,0,50.0,1.0,82.4898,0,0.0,31.4125,0
97578.1,0,,104,64,0,50.0,1.0,82.4232,0,0.0,31.3293,0
99578.1,0,,104,64,0,50.0,1.0,82.3232,0,0.0,31.2043,0
101578.1,0,,104,64,0,50.0,1.0,82.2232,0,0.0,31.0793,0
102591.1,0,,104,64,0,50.0,1.0,82.1726,0,0.0,31.016,0
103578.1,0,,103,64,0,50.0,1.0,82.1232,0,0.0,30.9544,0
105578.1,0,,103,64,0,50.0,1.0,82.0232,0,0.0,30.8297,0
106141.0,0,,103,64,0,50.0,1.0,81.9951,0,0.0,30.7946,0
106942.0,0,,102,64,0,50.0,1.0,81.955,0,0.0,30.7447,0
107578.1,0,,101,64,0,50.0,1.0,81.9232,0,0.0,30.7052,0
108316.4,0,,101,64,0,50.0,1.0,81.8863,0,0.0,30.6593,0
109578.1,0,,100,64,0,50.0,1.0,81.8232,0,0.0,30.5811,0
111578.1,0,,100,64,0,50.0,1.0,81.7232,0,0.0,30.4571,0
112157.6,0,,100,64,0,50.0,1.0,81.6943,0,0.0,30.4211,0
113578.1,0,,99,64,0,50.0,1.0,81.6232,0,0.0,30.3553,0
114005.3,0,,99,64,0,50.0,1.0,81.6019,0,0.0,30.3354,0
115578.1,0,,98,64,0,50.0,1.0,81.5232,0,0.0,30.2627,0
117578.1,0,,98,64,0,50.0,1.0,81.4232,0,0.0,30.1702,0
117746.3,0,,98,64,0,50.0,1.0,81.4148,0,0.0,30.1624,0
118984.2,0,,97,64,0,50.0,1.0,81.3529,0,0.0,30.1054,0
119578.1,0,,96,64,0,50.0,1.0,81.3232,0,0.0,30.088,0
121578.1,0,,96,64,0,50.0,1.0,81.2232,0,0.0,30.0297,0
123578.1,0,,96,64,0,50.0,1.0,81.1232,0,0.0,29.9714,0
125578.1,0,,96,64,0,50.0,1.0,81.0232,0,0.0,29.913,0
127578.1,0,,96,64,0,50.0,1.0,80.9232,0,0.0,29.8547,0
129578.1,0,,96,64,0,50.0,1.0,80.8232,0,0.0,29.7964,0
131578.1,0,,96,64,0,50.0,1.0,80.7232,0,0.0,29.738,0
133578.1,0,,96,64,0,50.0,1.0,80.6232,0,0.0,29.6797,0
135578.1,0,,96,64,0,50.0,1.0,80.5232,0,0.0,29.6214,0
137578.1,0,,96,64,0,50.0,1.0,80.4232,0,0.0,29.563,0
139578.1,0,,96,64,0,50.0,1.0,80.3232,0,0.0,29.5047,0
141578.1,0,,96,64,0,50.0,1.0,80.2232,0,0.0,29.4464,0
143578.1,0,,96,64,0,50.0,1.0,80.1232,0,0.0,29.388,0
145578.1,0,,96,64,0,50.0,1.0,80.0232,0,0.0,29.3297,0
147578.1,0,,96,64,0,50.0,1.0,79.9232,0,0.0,29.2714,0
149578.1,0,,96,64,0,50.0,1.0,79.8232,0,0.0,29.213,0
151578.1,0,,96,64,0,50.0,1.0,79.7232,0,0.0,29.1547,0
153578.1,0,,96,64,0,50.0,1.0,79.6232,0,0.0,29.0964,0
155578.1,0,,96,64,0,50.0,1.0,79.5232,0,0.0,29.038,0
157578.1,0,,96,64,0,50.0,1.0,79.4232,0,0.0,28.9797,0
159578.1,0,,96,64,0,50.0,1.0,79.3232,0,0.0,28.9214,0
161578.1,0,,96,64,0,50.0,1.0,79.2232,0,0.0,28.863,0
163578.1,0,,96,64,0,50.0,1.0,79.1232,0,0.0,28.8047,0
165578.1,0,,96,64,0,50.0,1.0,79.0232,0,0.0,28.7464,0
167578.1,0,,96,64,0,50.0,1.0,78.9232,0,0.0,28.688,0
169578.1,0,,96,64,0,50.0,1.0,78.8232,0,0.0,28.6297,0
171578.1,0,,96,64,0,50.0,1.0,78.7232,0,0.0,28.5714,0
173578.1,0,,96,64,0,50.0,1.0,78.6232,0,0.0,28.513,0
175578.1,0,,96,64,0,50.0,1.0,78.5232,0,0.0,28.4547,0
177578.1,0,,96,64,0,50.0,1.0,78.4232,0,0.0,28.3964,0
179578.1,0,,96,64,0,50.0,1.0,78.3232,0,0.0,28.338,0
181578.1,0,,96,64,0,50.0,1.0,78.2232,0,0.0,28.2797,0
183578.1,0,,96,64,0,50.0,1.0,78.1232,0,0.0,28.2214,0
185578.1,0,,96,64,0,50.0,1.0,78.0232,0,0.0,28.163,0
187578.1,0,,96,64,0,50.0,1.0,77.9232,0,0.0,28.1047,0
189578.1,0,,96,64,0,50.0,1.0,77.8232,0,0.0,28.0464,0
191578.1,0,,96,64,0,50.0,1.0,77.7232,0,0.0,27.988,0
193578.1,0,,96,64,0,50.0,1.0,77.6232,0,0.0,27.9297,0
195578.1,0,,96,64,0,50.0,1.0,77.5232,0,0.0,27.8714,0
197578.1,0,,96,64,0,50.0,1.0,77.4232,0,0.0,27.813,0
199578.1,0,,96,64,0,50.0,1.0,77.3232,0,0.0,27.7547,0
201578.1,0,,96,64,0,50.0,1.0,77.2232,0,0.0,27.6964,0
203578.1,0,,96,64,0,50.0,1.0,77.1232,0,0.0,27.638,0
205578.1,0,,96,64,0,50.0,1.0,77.0232,0,0.0,27.5797,0
207578.1,0,,96,64,0,50.0,1.0,76.9232,0,0.0,27.5214,0
209578.1,0,,96,64,0,50.0,1.0,76.8232,0,0.0,27.463,0
211578.1,0,,96,64,0,50.0,1.0,76.7232,0,0.0,27.4047,0
213578.1,0,,96,64,0,50.0,1.0,76.6232,0,0.0,27.3464,0
215578.1,0,,96,64,0,50.0,1.0,76.5232,0,0.0,27.288,0
217578.1,0,,96,64,0,50.0,1.0,76.4232,0,0.0,27.2297,0
219578.1,0,,96,64,0,50.0,1.0,76.3232,0,0.0,27.1714,0
221578.1,0,,96,64,0,50.0,1.0,76.2232,0,0.0,27.113,0
223578.1,0,,96,64,0,50.0,1.0,76.1232,0,0.0,27.0547,0
225578.1,0,,96,64,0,50.0,1.0,76.0232,0,0.0,26.9964,0
227578.1,0,,96,64,0,50.0,1.0,75.9232,0,0.0,26.938,0
229578.1,0,,96,64,0,50.0,1.0,75.8232,0,0.0,26.8797,0
231578.1,0,,96,64,0,50.0,1.0,75.7232,0,0.0,26.8214,0
233578.1,0,,96,64,0,50.0,1.0,75.6232,0,0.0,26.763,0
235578.1,0,,96,64,0,50.0,1.0,75.5232,0,0.0,26.7047,0
237578.1,0,,96,64,0,50.0,1.0,75.4232,0,0.0,26.6464,0
239578.1,0,,96,64,0,50.0,1.0,75.3232,0,0.0,26.588,0
241578.1,0,,96,64,0,50.0,1.0,75.2232,0,0.0,26.5297,0
243578.1,0,,96,64,0,50.0,1.0,75.1232,0,0.0,26.4714,0
245578.1,0,,96,64,0,50.0,1.0,75.0232,0,0.0,26.413,0
247578.1,0,,96,64,0,50.0,1.0,74.9232,0,0.0,26.3547,0
249578.1,0,,96,64,0,50.0,1.0,74.8232,0,0.0,26.2964,0
251578.1,0,,96,64,0,50.0,1.0,74.7232,0,0.0,26.238,0
253578.1,0,,96,64,0,50.0,1.0,74.6232,0,0.0,26.1797,0
255578.1,0,,96,64,0,50.0,1.0,74.5232,0,0.0,26.1214,0
257578.1,0,,96,64,0,50.0,1.0,74.4232,0,0.0,26.063,0
259578.1,0,,96,64,0,50.0,1.0,74.3232,0,0.0,26.0047,0
261578.1,0,,96,64,0,50.0,1.0,74.2232,0,0.0,25.9464,0
263578.1,0,,96,64,0,50.0,1.0,74.1232,0,0.0,25.888,0
265578.1,0,,96,64,0,50.0,1.0,74.0232,0,0.0,25.8297,0
267578.1,0,,96,64,0,50.0,1.0,73.9232,0,0.0,25.7714,0
269578.1,0,,96,64,0,50.0,1.0,73.8232,0,0.0,25.713,0
271578.1,0,,96,64,0,50.0,1.0,73.7232,0,0.0,25.6547,0
273578.1,0,,96,64,0,50.0,1.0,73.6232,0,0.0,25.5964,0
275578.1,0,,96,64,0,50.0,1.0,73.5232,0,0.0,25.538,0
277578.1,0,,96,64,0,50.0,1.0,73.4232,0,0.0,25.4797,0
279578.1,0,,96,64,0,50.0,1.0,73.3232,0,0.0,25.4214,0
281578.1,0,,96,64,0,50.0,1.0,73.2232,0,0.0,25.363,0
283578.1,0,,96,64,0,50.0,1.0,73.1232,0,0.0,25.3047,0
285578.1,0,,96,64,0,50.0,1.0,73.0232,0,0.0,25.2464,0
287578.1,0,,96,64,0,50.0,1.0,72.9232,0,0.0,25.188,0
289578.1,0,,96,64,0,50.0,1.0,72.8232,0,0.0,25.1297,0
291578.1,0,,96,64,0,50.0,1.0,72.7232,0,0.0,25.0714,0
293578.1,0,,96,64,0,50.0,1.0,72.6232,0,0.0,25.013,0
295578.1,0,,96,64,0,50.0,1.0,72.5232,0,0.0,24.9547,0
297578.1,0,,96,64,0,50.0,1.0,72.4232,0,0.0,24.8964,0
299578.1,0,,96,64,0,50.0,1.0,72.3232,0,0.0,24.838,0
301578.1,0,,96,64,0,50.0,1.0,72.2232,0,0.0,24.7797,0
303578.1,0,,96,64,0,50.0,1.0,72.1232,0,0.0,24.7214,0
305578.1,0,,96,64,0,50.0,1.0,72.0232,0,0.0,24.663,0
307578.1,0,,96,64,0,50.0,1.0,71.9232,0,0.0,24.6047,0
309578.1,0,,96,64,0,50.0,1.0,71.8232,0,0.0,24.5464,0
311578.1,0,,96,64,0,50.0,1.0,71.7232,0,0.0,24.488,0
313578.1,0,,96,64,0,50.0,1.0,71.6232,0,0.0,24.4297,0
315578.1,0,,96,64,0,50.0,1.0,71.5232,0,0.0,24.3714,0
317578.1,0,,96,64,0,50.0,1.0,71.4232,0,0.0,24.313,0
319578.1,0,,96,64,0,50.0,1.0,71.3232,0,0.0,24.2547,0
321578.1,0,,96,64,0,50.0,1.0,71.2232,0,0.0,24.1964,0
323578.1,0,,96,64,0,50.0,1.0,71.1232,0,0.0,24.138,0
325578.1,0,,96,64,0,50.0,1.0,71.0232,0,0.0,24.0797,0
327578.1,0,,96,64,0,50.0,1.0,70.9232,0,0.0,24.0214,0
329578.1,0,,96,64,0,50.0,1.0,70.8232,0,0.0,23.963,0
331578.1,0,,96,64,0,50.0,1.0,70.7232,0,0.0,23.9047,0
333578.1,0,,96,64,0,50.0,1.0,70.6232,0,0.0,23.8464,0
335578.1,0,,96,64,0,50.0,1.0,70.5232,0,0.0,23.788,0
337578.1,0,,96,64,0,50.0,1.0,70.4232,0,0.0,23.7297,0
339578.1,0,,96,64,0,50.0,1.0,70.3232,0,0.0,23.6714,0
341578.1,0,,96,64,0,50.0,1.0,70.2232,0,0.0,23.613,0
343578.1,0,,96,64,0,50.0,1.0,70.1232,0,0.0,23.5547,0
345578.1,0,,96,64,0,50.0,1.0,70.0232,0,0.0,23.4964,0
347578.1,0,,96,64,0,50.0,1.0,69.9232,0,0.0,23.438,0
349578.1,0,,96,64,0,50.0,1.0,69.8232,0,0.0,23.3797,0
351578.1,0,,96,64,0,50.0,1.0,69.7232,0,0.0,23.3214,0
353578.1,0,,96,64,0,50.0,1.0,69.6232,0,0.0,23.263,0
355578.1,0,,96,64,0,50.0,1.0,69.5232,0,0.0,23.2047,0
357578.1,0,,96,64,0,50.0,1.0,69.4232,0,0.0,23.1464,0
359578.1,0,,96,64,0,50.0,1.0,69.3232,0,0.0,23.088,0
361578.1,0,,96,64,0,50.0,1.0,69.2232,0,0.0,23.0297,0
363578.1,0,,96,64,0,50.0,1.0,69.1232,0,0.0,22.9714,0
365578.1,0,,96,64,0,50.0,1.0,69.0232,0,0.0,22.913,0
367578.1,0,,96,64,0,50.0,1.0,68.9232,0,0.0,22.8547,0
369578.1,0,,96,64,0,50.0,1.0,68.8232,0,0.0,22.7964,0
371578.1,0,,96,64,0,50.0,1.0,68.7232,0,0.0,22.738,0
373578.1,0,,96,64,0,50.0,1.0,68.6232,0,0.0,22.6797,0
375578.1,0,,96,64,0,50.0,1.0,68.5232,0,0.0,22.6214,0
377578.1,0,,96,64,0,50.0,1.0,68.4232,0,0.0,22.563,0
379578.1,0,,96,64,0,50.0,1.0,68.3232,0,0.0,22.5047,0
381578.1,0,,96,64,0,50.0,1.0,68.2232,0,0.0,22.4464,0
383578.1,0,,96,64,0,50.0,1.0,68.1232,0,0.0,22.388,0
385578.1,0,,96,64,0,50.0,1.0,68.0232,0,0.0,22.3297,0
387578.1,0,,96,64,0,50.0,1.0,67.9232,0,0.0,22.2714,0
389578.1,0,,96,64,0,50.0,1.0,67.8232,0,0.0,22.213,0
391578.1,0,,96,64,0,50.0,1.0,67.7232,0,0.0,22.1547,0
393578.1,0,,96,64,0,50.0,1.0,67.6232,0,0.0,22.0964,0
395578.1,0,,96,64,0,50.0,1.0,67.5232,0,0.0,22.038,0
397578.1,0,,96,64,0,50.0,1.0,67.4232,0,0.0,21.9797,0
399578.1,0,,96,64,0,50.0,1.0,67.3232,0,0.0,21.9214,0
401578.1,0,,96,64,0,50.0,1.0,67.2232,0,0.0,21.863,0
403578.1,0,,96,64,0,50.0,1.0,67.1232,0,0.0,21.8047,0
405578.1,0,,96,64,0,50.0,1.0,67.0232,0,0.0,21.7464,0
407578.1,0,,96,64,0,50.0,1.0,66.9232,0,0.0,21.688,0
409578.1,0,,96,64,0,50.0,1.0,66.8232,0,0.0,21.6297,0
411578.1,0,,96,64,0,50.0,1.0,66.7232,0,0.0,21.5714,0
413578.1,0,,96,64,0,50.0,1.0,66.6232,0,0.0,21.513,0
415578.1,0,,96,64,0,50.0,1.0,66.5232,0,0.0,21.4547,0
417578.1,0,,96,64,0,50.0,1.0,66.4232,0,0.0,21.3964,0
419578.1,0,,96,64,0,50.0,1.0,66.3232,0,0.0,21.338,0
421578.1,0,,96,64,0,50.0,1.0,66.2232,0,0.0,21.2797,0
423578.1,0,,96,64,0,50.0,1.0,66.1232,0,0.0,21.2214,0
425578.1,0,,96,64,0,50.0,1.0,66.0232,0,0.0,21.163,0
427578.1,0,,96,64,0,50.0,1.0,65.9232,0,0.0,21.1047,0
429578.1,0,,96,64,0,50.0,1.0,65.8232,0,0.0,21.0464,0
431578.1,0,,96,64,0,50.0,1.0,65.7232,0,0.0,20.988,0
433578.1,0,,96,64,0,50.0,1.0,65.6232,0,0.0,20.9297,0
435578.1,0,,96,64,0,50.0,1.0,65.5232,0,0.0,20.8714,0
437578.1,0,,96,64,0,50.0,1.0,65.4232,0,0.0,20.813,0
439578.1,0,,96,64,0,50.0,1.0,65.3232,0,0.0,20.7547,0
441578.1,0,,96,64,0,50.0,1.0,65.2232,0,0.0,20.6964,0
443578.1,0,,96,64,0,50.0,1.0,65.1232,0,0.0,20.638,0
445578.1,0,,96,64,0,50.0,1.0,65.0232,0,0.0,20.5797,0
447578.1,0,,96,64,0,50.0,1.0,64.9232,0,0.0,20.5214,0
449578.1,0,,96,64,0,50.0,1.0,64.8232,0,0.0,20.463,0
451578.1,0,,96,64,0,50.0,1.0,64.7232,0,0.0,20.4047,0
453578.1,0,,96,64,0,50.0,1.0,64.6232,0,0.0,20.3464,0
455578.1,0,,96,64,0,50.0,1.0,64.5232,0,0.0,20.288,0
457578.1,0,,96,64,0,50.0,1.0,64.4232,0,0.0,20.2297,0
459578.1,0,,96,64,0,50.0,1.0,64.3232,0,0.0,20.1714,0
461578.1,0,,96,64,0,50.0,1.0,64.2232,0,0.0,20.113,0
463578.1,0,,96,64,0,50.0,1.0,64.1232,0,0.0,20.0547,0
465578.1,0,,96,64,0,50.0,1.0,64.0232,0,0.0,19.9964,0
467578.1,0,,96,64,0,50.0,1.0,63.9232,0,0.0,19.938,0
469578.1,0,,96,64,0,50.0,1.0,63.8232,0,0.0,19.8797,0
471578.1,0,,96,64,0,50.0,1.0,63.7232,0,0.0,19.8214,0
473578.1,0,,96,64,0,50.0,1.0,63.6232,0,0.0,19.763,0
475578.1,0,,96,64,0,50.0,1.0,63.5232,0,0.0,19.7047,0
477578.1,0,,96,64,0,50.0,1.0,63.4232,0,0.0,19.6464,0
479578.1,0,,96,64,0,50.0,1.0,63.3232,0,0.0,19.588,0
481578.1,0,,96,64,0,50.0,1.0,63.2232,0,0.0,19.5297,0
483578.1,0,,96,64,0,50.0,1.0,63.1232,0,0.0,19.4714,0
485578.1,0,,96,64,0,50.0,1.0,63.0232,0,0.0,19.413,0
487578.1,0,,96,64,0,50.0,1.0,62.9232,0,0.0,19.3547,0
489578.1,0,,96,64,0,50.0,1.0,62.8232,0,0.0,19.2964,0
491578.1,0,,96,64,0,50.0,1.0,62.7232,0,0.0,19.238,0
493578.1,0,,96,64,0,50.0,1.0,62.6232,0,0.0,19.1797,0
495578.1,0,,96,64,0,50.0,1.0,62.5232,0,0.0,19.1214,0
497578.1,0,,96,64,0,50.0,1.0,62.4232,0,0.0,19.063,0
499578.1,0,,96,64,0,50.0,1.0,62.3232,0,0.0,19.0047,0
499966.9,0,,96,64,0,50.0,1.0,62.3038,0,0.0,18.9934,0
501578.1,0,,95,64,0,50.0,1.0,62.2232,0,0.0,18.948,0
503578.1,0,,95,64,0,50.0,1.0,62.1232,0,0.0,18.8918,0
505578.1,0,,95,64,0,50.0,1.0,62.0232,0,0.0,18.8356,0
507578.1,0,,95,64,0,50.0,1.0,61.9232,0,0.0,18.7793,0
509578.1,0,,95,64,0,50.0,1.0,61.8232,0,0.0,18.7231,0
511578.1,0,,95,64,0,50.0,1.0,61.7232,0,0.0,18.6668,0
513578.1,0,,95,64,0,50.0,1.0,61.6232,0,0.0,18.6106,0
515578.1,0,,95,64,0,50.0,1.0,61.5232,0,0.0,18.5544,0
516924.3,0,,95,64,0,50.0,1.0,61.4559,0,0.0,18.5165,0
517578.1,0,,94,64,0,50.0,1.0,61.4232,0,0.0,18.4989,0
519578.1,0,,94,64,0,50.0,1.0,61.3232,0,0.0,18.4449,0
521578.1,0,,94,64,0,50.0,1.0,61.2232,0,0.0,18.391,0
523578.1,0,,94,64,0,50.0,1.0,61.1232,0,0.0,18.3371,0
525578.1,0,,94,64,0,50.0,1.0,61.0232,0,0.0,18.2831,0
527578.1,0,,94,64,0,50.0,1.0,60.9232,0,0.0,18.2292,0
529578.1,0,,94,64,0,50.0,1.0,60.8232,0,0.0,18.1752,0
531578.1,0,,94,64,0,50.0,1.0,60.7232,0,0.0,18.1213,0
533578.1,0,,94,64,0,50.0,1.0,60.6232,0,0.0,18.0674,0
535578.1,0,,94,64,0,50.0,1.0,60.5232,0,0.0,18.0134,0
537578.1,0,,94,64,0,50.0,1.0,60.4232,0,0.0,17.9595,0
539578.1,0,,94,64,0,50.0,1.0,60.3232,0,0.0,17.9055,0
541578.1,0,,94,64,0,50.0,1.0,60.2232,0,0.0,17.8516,0
543578.1,0,,94,64,0,50.0,1.0,60.1232,0,0.0,17.7977,0
545578.1,0,,94,64,0,50.0,1.0,60.0232,0,0.0,17.7437,0
547578.1,0,,94,64,0,50.0,1.0,59.9232,0,0.0,17.6898,0
549578.1,0,,94,64,0,50.0,1.0,59.8232,0,0.0,17.6358,0
551578.1,0,,94,64,0,50.0,1.0,59.7232,0,0.0,17.5819,0
553578.1,0,,94,64,0,50.0,1.0,59.6232,0,0.0,17.528,0
554771.3,0,,94,64,0,50.0,1.0,59.5636,0,0.0,17.4958,0
555578.1,0,,93,64,0,50.0,1.0,59.5232,0,0.0,17.475,0
557578.1,0,,93,64,0,50.0,1.0,59.4232,0,0.0,17.4237,0
559578.1,0,,93,64,0,50.0,1.0,59.3232,0,0.0,17.3723,0
561578.1,0,,93,64,0,50.0,1.0,59.2232,0,0.0,17.3209,0
562735.8,0,,93,64,0,50.0,1.0,59.1654,0,0.0,17.2911,0
563578.1,0,,92,64,0,50.0,1.0,59.1232,0,0.0,17.2696,0
565578.1,0,,92,64,0,50.0,1.0,59.0232,0,0.0,17.2185,0
567578.1,0,,92,64,0,50.0,1.0,58.9232,0,0.0,17.1674,0
569407.7,0,,92,64,0,50.0,1.0,58.8318,0,0.0,17.1206,0
569578.1,0,,91,64,0,50.0,1.0,58.8232,0,0.0,17.1163,0
570572.8,0,,91,64,0,50.0,1.0,58.7735,0,0.0,17.091,0
571578.1,0,,90,64,0,50.0,1.0,58.7232,0,0.0,17.0656,0
573176.0,0,,90,64,0,50.0,1.0,58.6433,0,0.0,17.0252,0
573578.1,0,,89,64,0,50.0,1.0,58.6232,0,0.0,17.0151,0
575578.1,0,,89,64,0,50.0,1.0,58.5232,0,0.0,16.9648,0
577578.1,0,,89,64,0,50.0,1.0,58.4232,0,0.0,16.9146,0
578109.4,0,,89,64,0,50.0,1.0,58.3967,0,0.0,16.9012,0
578582.8,0,,88,64,0,50.0,1.0,58.373,0,0.0,16.8894,0
579578.1,0,,87,64,0,50.0,1.0,58.3232,0,0.0,16.8647,0
581578.1,0,,87,64,0,50.0,1.0,58.2232,0,0.0,16.815,0
583461.5,0,,87,64,0,50.0,1.0,58.1291,0,0.0,16.7682,0
583516.2,0,,86,64,0,50.0,1.0,58.1263,0,0.0,16.7669,0
583578.1,0,,85,64,0,50.0,1.0,58.1232,0,0.0,16.7654,0
585578.1,0,,85,64,0,50.0,1.0,58.0232,0,0.0,16.7163,0
587578.1,0,,85,64,0,50.0,1.0,57.9232,0,0.0,16.6672,0
589578.1,0,,85,64,0,50.0,1.0,57.8232,0,0.0,16.6181,0
591578.1,0,,85,64,0,50.0,1.0,57.7232,0,0.0,16.569,0
593578.1,0,,85,64,0,50.0,1.0,57.6232,0,0.0,16.5199,0
594065.6,0,,85,64,0,50.0,1.0,57.5989,0,0.0,16.5079,0
595578.1,0,,84,64,0,50.0,1.0,57.5232,0,0.0,16.471,0
597578.1,0,,84,64,0,50.0,1.0,57.4232,0,0.0,16.4223,0
599578.1,0,,84,64,0,50.0,1.0,57.3232,0,0.0,16.3735,0
601578.1,0,,84,64,0,50.0,1.0,57.2232,0,0.0,16.3247,0
603578.1,0,,84,64,0,50.0,1.0,57.1232,0,0.0,16.2759,0
604660.6,0,,84,64,0,50.0,1.0,57.0691,0,0.0,16.2495,0
605578.1,0,,83,64,0,50.0,1.0,57.0232,0,0.0,16.2285,0
607578.1,0,,83,64,0,50.0,1.0,56.9232,0,0.0,16.1826,0
607937.4,0,,83,64,0,50.0,1.0,56.9053,0,0.0,16.1743,0
608692.9,0,,82,64,0,50.0,1.0,56.8675,0,0.0,16.1582,0
609578.1,0,,81,64,0,50.0,1.0,56.8232,0,0.0,16.1394,0
611578.1,0,,81,64,0,50.0,1.0,56.7232,0,0.0,16.097,0
612088.0,0,,81,64,0,50.0,1.0,56.6977,0,0.0,16.0862,0
613578.1,0,,80,64,0,50.0,1.0,56.6232,0,0.0,16.0549,0
615578.1,0,,80,64,0,50.0,1.0,56.5232,0,0.0,16.0129,0
617578.1,0,,80,64,0,50.0,1.0,56.4232,0,0.0,15.9708,0
619578.1,0,,80,64,0,50.0,1.0,56.3232,0,0.0,15.9288,0
621578.1,0,,80,64,0,50.0,1.0,56.2232,0,0.0,15.8867,0
623578.1,0,,80,64,0,50.0,1.0,56.1232,0,0.0,15.8447,0
625578.1,0,,80,64,0,50.0,1.0,56.0232,0,0.0,15.8027,0
627578.1,0,,80,64,0,50.0,1.0,55.9232,0,0.0,15.7606,0
629578.1,0,,80,64,0,50.0,1.0,55.8232,0,0.0,15.7186,0
631578.1,0,,80,64,0,50.0,1.0,55.7232,0,0.0,15.6766,0
631685.1,0,,80,64,0,50.0,1.0,55.7179,0,0.0,15.6743,0
633578.1,0,,79,64,0,50.0,1.0,55.6232,0,0.0,15.6348,0
635578.1,0,,79,64,0,50.0,1.0,55.5232,0,0.0,15.5931,0
637578.1,0,,79,64,0,50.0,1.0,55.4232,0,0.0,15.5513,0
639578.1,0,,79,64,0,50.0,1.0,55.3232,0,0.0,15.5096,0
641578.1,0,,79,64,0,50.0,1.0,55.2232,0,0.0,15.4679,0
643099.3,0,,79,64,0,50.0,1.0,55.1472,0,0.0,15.4361,0
643578.1,0,,78,64,0,50.0,1.0,55.1232,0,0.0,15.4262,0
645578.1,0,,78,64,0,50.0,1.0,55.0232,0,0.0,15.3848,0
647578.1,0,,78,64,0,50.0,1.0,54.9232,0,0.0,15.3434,0
649578.1,0,,78,64,0,50.0,1.0,54.8232,0,0.0,15.3019,0
651578.1,0,,78,64,0,50.0,1.0,54.7232,0,0.0,15.2605,0
652929.7,0,,78,64,0,50.0,1.0,54.6557,0,0.0,15.2325,0
653578.1,0,,77,64,0,50.0,1.0,54.6232,0,0.0,15.2192,0
655578.1,0,,77,64,0,50.0,1.0,54.5232,0,0.0,15.1781,0
656261.1,0,,77,64,0,50.0,1.0,54.4891,0,0.0,15.164,0
657578.1,0,,76,64,0,50.0,1.0,54.4232,0,0.0,15.1372,0
659578.1,0,,76,64,0,50.0,1.0,54.3232,0,0.0,15.0964,0
661578.1,0,,76,64,0,50.0,1.0,54.2232,0,0.0,15.0556,0
663578.1,0,,76,64,0,50.0,1.0,54.1232,0,0.0,15.0148,0
665578.1,0,,76,64,0,50.0,1.0,54.0232,0,0.0,14.974,0
667578.1,0,,76,64,0,50.0,1.0,53.9232,0,0.0,14.9332,0
669578.1,0,,76,64,0,50.0,1.0,53.8232,0,0.0,14.8924,0
671578.1,0,,76,64,0,50.0,1.0,53.7232,0,0.0,14.8516,0
673578.1,0,,76,64,0,50.0,1.0,53.6232,0,0.0,14.8109,0
675578.1,0,,76,64,0,50.0,1.0,53.5232,0,0.0,14.7701,0
677460.2,0,,76,64,0,50.0,1.0,53.4291,0,0.0,14.7317,0
677578.1,0,,75,64,0,50.0,1.0,53.4232,0,0.0,14.7293,0
679578.1,0,,75,64,0,50.0,1.0,53.3232,0,0.0,14.6888,0
681578.1,0,,75,64,0,50.0,1.0,53.2232,0,0.0,14.6484,0
683578.1,0,,75,64,0,50.0,1.0,53.1232,0,0.0,14.608,0
685578.1,0,,75,64,0,50.0,1.0,53.0232,0,0.0,14.5675,0
685615.8,0,,75,64,0,50.0,1.0,53.0214,0,0.0,14.5667,0
687578.1,0,,74,64,0,50.0,1.0,52.9232,0,0.0,14.5274,0
688874.4,0,,74,64,0,50.0,1.0,52.8584,0,0.0,14.5014,0
689578.1,0,,73,64,0,50.0,1.0,52.8232,0,0.0,14.4886,0
691578.1,0,,73,64,0,50.0,1.0,52.7232,0,0.0,14.4521,0
693578.1,0,,73,64,0,50.0,1.0,52.6232,0,0.0,14.4157,0
695578.1,0,,73,64,0,50.0,1.0,52.5232,0,0.0,14.3792,0
696729.6,0,,73,64,0,50.0,1.0,52.4657,0,0.0,14.3582,0
697578.1,0,,72,64,0,50.0,1.0,52.4232,0,0.0,14.3429,0
699578.1,0,,72,64,0,50.0,1.0,52.3232,0,0.0,14.3068,0
701578.1,0,,72,64,0,50.0,1.0,52.2232,0,0.0,14.2707,0
702527.7,0,,72,64,0,50.0,1.0,52.1758,0,0.0,14.2536,0
703578.1,0,,71,64,0,50.0,1.0,52.1232,0,0.0,14.2348,0
705578.1,0,,71,64,0,50.0,1.0,52.0232,0,0.0,14.199,0
707578.1,0,,71,64,0,50.0,1.0,51.9232,0,0.0,14.1633,0
709578.1,0,,71,64,0,50.0,1.0,51.8232,0,0.0,14.1275,0
711578.1,0,,71,64,0,50.0,1.0,51.7232,0,0.0,14.0918,0
713578.1,0,,71,64,0,50.0,1.0,51.6232,0,0.0,14.056,0
715578.1,0,,71,64,0,50.0,1.0,51.5232,0,0.0,14.0203,0
717578.1,0,,71,64,0,50.0,1.0,51.4232,0,0.0,13.9845,0
719578.1,0,,71,64,0,50.0,1.0,51.3232,0,0.0,13.9488,0
721578.1,0,,71,64,0,50.0,1.0,51.2232,0,0.0,13.913,0
723578.1,0,,71,64,0,50.0,1.0,51.1232,0,0.0,13.8773,0
725578.1,0,,71,64,0,50.0,1.0,51.0232,0,0.0,13.8415,0
727578.1,0,,71,64,0,50.0,1.0,50.9232,0,0.0,13.8058,0
729578.1,0,,71,64,0,50.0,1.0,50.8232,0,0.0,13.77,0
731578.1,0,,71,64,0,50.0,1.0,50.7232,0,0.0,13.7343,0
733578.1,0,,71,64,0,50.0,1.0,50.6232,0,0.0,13.6986,0
735578.1,0,,71,64,0,50.0,1.0,50.5232,0,0.0,13.6628,0
737578.1,0,,71,64,0,50.0,1.0,50.4232,0,0.0,13.6271,0
739578.1,0,,71,64,0,50.0,1.0,50.3232,0,0.0,13.5913,0
741578.1,0,,71,64,0,50.0,1.0,50.2232,0,0.0,13.5556,0
743578.1,0,,71,64,0,50.0,1.0,50.1232,0,0.0,13.5198,0
744598.2,0,,71,64,0,50.0,1.0,50.0722,0,0.0,13.5016,0
745578.1,0,,70,64,0,50.0,1.0,50.0232,0,0.0,13.4842,0
747578.1,0,,70,64,0,50.0,1.0,49.9232,0,0.0,13.4488,0
749578.1,0,,70,64,0,50.0,1.0,49.8232,0,0.0,13.4134,0
751578.1,0,,70,64,0,50.0,1.0,49.7232,0,0.0,13.378,0
753578.1,0,,70,64,0,50.0,1.0,49.6232,0,0.0,13.3426,0
755578.1,0,,70,64,0,50.0,1.0,49.5232,0,0.0,13.3072,0
757186.6,0,,70,64,0,50.0,1.0,49.4428,0,0.0,13.2788,0
757578.1,0,,69,64,0,50.0,1.0,49.4232,0,0.0,13.2719,0
759578.1,0,,69,64,0,50.0,1.0,49.3232,0,0.0,13.2369,0
761578.1,0,,69,64,0,50.0,1.0,49.2232,0,0.0,13.2018,0
763578.1,0,,69,64,0,50.0,1.0,49.1232,0,0.0,13.1668,0
765578.1,0,,69,64,0,50.0,1.0,49.0232,0,0.0,13.1317,0
767578.1,0,,69,64,0,50.0,1.0,48.9232,0,0.0,13.0966,0
769578.1,0,,69,64,0,50.0,1.0,48.8232,0,0.0,13.0616,0
771578.1,0,,69,64,0,50.0,1.0,48.7232,0,0.0,13.0265,0
773578.1,0,,69,64,0,50.0,1.0,48.6232,0,0.0,12.9915,0
775578.1,0,,69,64,0,50.0,1.0,48.5232,0,0.0,12.9564,0
777578.1,0,,69,64,0,50.0,1.0,48.4232,0,0.0,12.9214,0
779578.1,0,,69,64,0,50.0,1.0,48.3232,0,0.0,12.8863,0
781578.1,0,,69,64,0,50.0,1.0,48.2232,0,0.0,12.8513,0
783578.1,0,,69,64,0,50.0,1.0,48.1232,0,0.0,12.8162,0
785578.1,0,,69,64,0,50.0,1.0,48.0232,0,0.0,12.7812,0
787578.1,0,,69,64,0,50.0,1.0,47.9232,0,0.0,12.7461,0
789144.5,0,,69,64,0,50.0,1.0,47.8449,0,0.0,12.7186,0
789578.1,0,,68,64,0,50.0,1.0,47.8232,0,0.0,12.7119,0
791578.1,0,,68,64,0,50.0,1.0,47.7232,0,0.0,12.6811,0
793578.1,0,,68,64,0,50.0,1.0,47.6232,0,0.0,12.6502,0
795578.1,0,,68,64,0,50.0,1.0,47.5232,0,0.0,12.6193,0
797578.1,0,,68,64,0,50.0,1.0,47.4232,0,0.0,12.5884,0
799578.1,0,,68,64,0,50.0,1.0,47.3232,0,0.0,12.5575,0
800012.5,0,,68,64,0,50.0,1.0,47.3015,0,0.0,12.5508,0
801578.1,0,,67,64,0,50.0,1.0,47.2232,0,0.0,12.527,0
803578.1,0,,67,64,0,50.0,1.0,47.1232,0,0.0,12.4965,0
805578.1,0,,67,64,0,50.0,1.0,47.0232,0,0.0,12.466,0
807578.1,0,,67,64,0,50.0,1.0,46.9232,0,0.0,12.4355,0
809578.1,0,,67,64,0,50.0,1.0,46.8232,0,0.0,12.405,0
811578.1,0,,67,64,0,50.0,1.0,46.7232,0,0.0,12.3745,0
813578.1,0,,67,64,0,50.0,1.0,46.6232,0,0.0,12.344,0
815578.1,0,,67,64,0,50.0,1.0,46.5232,0,0.0,12.3135,0
817578.1,0,,67,64,0,50.0,1.0,46.4232,0,0.0,12.283,0
819578.1,0,,67,64,0,50.0,1.0,46.3232,0,0.0,12.2525,0
821578.1,0,,67,64,0,50.0,1.0,46.2232,0,0.0,12.222,0
823578.1,0,,67,64,0,50.0,1.0,46.1232,0,0.0,12.1915,0
825578.1,0,,67,64,0,50.0,1.0,46.0232,0,0.0,12.161,0
827578.1,0,,67,64,0,50.0,1.0,45.9232,0,0.0,12.1305,0
829578.1,0,,67,64,0,50.0,1.0,45.8232,0,0.0,12.1,0
831578.1,0,,67,64,0,50.0,1.0,45.7232,0,0.0,12.0695,0
833578.1,0,,67,64,0,50.0,1.0,45.6232,0,0.0,12.039,0
835578.1,0,,67,64,0,50.0,1.0,45.5232,0,0.0,12.0085,0
837578.1,0,,67,64,0,50.0,1.0,45.4232,0,0.0,11.978,0
839578.1,0,,67,64,0,50.0,1.0,45.3232,0,0.0,11.9475,0
841578.1,0,,67,64,0,50.0,1.0,45.2232,0,0.0,11.917,0
843578.1,0,,67,64,0,50.0,1.0,45.1232,0,0.0,11.8865,0
845578.1,0,,67,64,0,50.0,1.0,45.0232,0,0.0,11.856,0
847578.1,0,,67,64,0,50.0,1.0,44.9232,0,0.0,11.8255,0
849578.1,0,,67,64,0,50.0,1.0,44.8232,0,0.0,11.795,0
851578.1,0,,67,64,0,50.0,1.0,44.7232,0,0.0,11.7645,0
853278.7,0,,67,64,0,50.0,1.0,44.6382,0,0.0,11.7386,0
853578.1,0,,66,64,0,50.0,1.0,44.6232,0,0.0,11.7341,0
855578.1,0,,66,64,0,50.0,1.0,44.5232,0,0.0,11.7039,0
857578.1,0,,66,64,0,50.0,1.0,44.4232,0,0.0,11.6738,0
858794.7,0,,66,64,0,50.0,1.0,44.3624,0,0.0,11.6555,0
859578.1,0,,65,64,0,50.0,1.0,44.3232,0,0.0,11.6438,0
861578.1,0,,65,64,0,50.0,1.0,44.2232,0,0.0,11.6141,0
863578.1,0,,65,64,0,50.0,1.0,44.1232,0,0.0,11.5843,0
865578.1,0,,65,64,0,50.0,1.0,44.0232,0,0.0,11.5545,0
867132.3,0,,65,64,0,50.0,1.0,43.9455,0,0.0,11.5314,0
867578.1,0,,64,64,0,50.0,1.0,43.9232,0,0.0,11.5258,0
869578.1,0,,64,64,0,50.0,1.0,43.8232,0,0.0,11.5008,0
871578.1,0,,64,64,0,50.0,1.0,43.7232,0,0.0,11.4758,0
873578.1,0,,64,64,0,50.0,1.0,43.6232,0,0.0,11.4508,0
875578.1,0,,64,64,0,50.0,1.0,43.5232,0,0.0,11.4258,0
877578.1,0,,64,64,0,50.0,1.0,43.4232,0,0.0,11.4008,0
879578.1,0,,64,64,0,50.0,1.0,43.3232,0,0.0,11.3758,0
881578.1,0,,64,64,0,50.0,1.0,43.2232,0,0.0,11.3508,0
883578.1,0,,64,64,0,50.0,1.0,43.1232,0,0.0,11.3258,0
885578.1,0,,64,64,0,50.0,1.0,43.0232,0,0.0,11.3008,0
887578.1,0,,64,64,0,50.0,1.0,42.9232,0,0.0,11.2758,0
889578.1,0,,64,64,0,50.0,1.0,42.8232,0,0.0,11.2508,0
891578.1,0,,64,64,0,50.0,1.0,42.7232,0,0.0,11.2258,0
893578.1,0,,64,64,0,50.0,1.0,42.6232,0,0.0,11.2008,0
895578.1,0,,64,64,0,50.0,1.0,42.5232,0,0.0,11.1758,0
897578.1,0,,64,64,0,50.0,1.0,42.4232,0,0.0,11.1508,0
899578.1,0,,64,64,0,50.0,1.0,42.3232,0,0.0,11.1258,0
901578.1,0,,64,64,0,50.0,1.0,42.2232,0,0.0,11.1008,0
903578.1,0,,64,64,0,50.0,1.0,42.1232,0,0.0,11.0758,0
905578.1,0,,64,64,0,50.0,1.0,42.0232,0,0.0,11.0508,0
907578.1,0,,64,64,0,50.0,1.0,41.9232,0,0.0,11.0258,0
909578.1,0,,64,64,0,50.0,1.0,41.8232,0,0.0,11.0008,0
911578.1,0,,64,64,0,50.0,1.0,41.7232,0,0.0,10.9758,0
913578.1,0,,64,64,0,50.0,1.0,41.6232,0,0.0,10.9508,0
915578.1,0,,64,64,0,50.0,1.0,41.5232,0,0.0,10.9258,0
917578.1,0,,64,64,0,50.0,1.0,41.4232,0,0.0,10.9008,0
919578.1,0,,64,64,0,50.0,1.0,41.3232,0,0.0,10.8758,0
921578.1,0,,64,64,0,50.0,1.0,41.2232,0,0.0,10.8508,0
923578.1,0,,64,64,0,50.0,1.0,41.1232,0,0.0,10.8258,0
925578.1,0,,64,64,0,50.0,1.0,41.0232,0,0.0,10.8008,0
927578.1,0,,64,64,0,50.0,1.0,40.9232,0,0.0,10.7758,0
929578.1,0,,64,64,0,50.0,1.0,40.8232,0,0.0,10.7508,0
931578.1,0,,64,64,0,50.0,1.0,40.7232,0,0.0,10.7258,0
933578.1,0,,64,64,0,50.0,1.0,40.6232,0,0.0,10.7008,0
935578.1,0,,64,64,0,50.0,1.0,40.5232,0,0.0,10.6758,0
937578.1,0,,64,64,0,50.0,1.0,40.4232,0,0.0,10.6508,0
939578.1,0,,64,64,0,50.0,1.0,40.3232,0,0.0,10.6258,0
941578.1,0,,64,64,0,50.0,1.0,40.2232,0,0.0,10.6008,0
943578.1,0,,64,64,0,50.0,1.0,40.1232,0,0.0,10.5758,0
945578.1,0,,64,64,0,50.0,1.0,40.0232,0,0.0,10.5508,0
947578.1,0,,64,64,0,50.0,1.0,39.9232,0,0.0,10.5258,0
949578.1,0,,64,64,0,50.0,1.0,39.8232,0,0.0,10.5008,0
951578.1,0,,64,64,0,50.0,1.0,39.7232,0,0.0,10.4758,0
953578.1,0,,64,64,0,50.0,1.0,39.6232,0,0.0,10.4508,0
955578.1,0,,64,64,0,50.0,1.0,39.5232,0,0.0,10.4258,0
957578.1,0,,64,64,0,50.0,1.0,39.4232,0,0.0,10.4008,0
959578.1,0,,64,64,0,50.0,1.0,39.3232,0,0.0,10.3758,0
961578.1,0,,64,64,0,50.0,1.0,39.2232,0,0.0,10.3508,0
963578.1,0,,64,64,0,50.0,1.0,39.1232,0,0.0,10.3258,0
965578.1,0,,64,64,0,50.0,1.0,39.0232,0,0.0,10.3008,0
966048.9,0,,64,64,0,50.0,1.0,38.9997,0,0.0,10.295,0
967578.1,0,,63,63,0,50.0,1.0,38.9232,0,0.0,10.2758,0
969578.1,0,,63,63,0,50.0,1.0,38.8232,0,0.0,10.2508,0
971578.1,0,,63,63,0,50.0,1.0,38.7232,0,0.0,10.2258,0
973578.1,0,,63,63,0,50.0,1.0,38.6232,0,0.0,10.2008,0
975578.1,0,,63,63,0,50.0,1.0,38.5232,0,0.0,10.1758,0
977578.1,0,,63,63,0,50.0,1.0,38.4232,0,0.0,10.1508,0
979578.1,0,,63,63,0,50.0,1.0,38.3232,0,0.0,10.1258,0
981578.1,0,,63,63,0,50.0,1.0,38.2232,0,0.0,10.1008,0
983578.1,0,,63,63,0,50.0,1.0,38.1232,0,0.0,10.0758,0
985578.1,0,,63,63,0,50.0,1.0,38.0232,0,0.0,10.0508,0
987578.1,0,,63,63,0,50.0,1.0,37.9232,0,0.0,10.0258,0
989578.1,0,,63,63,0,50.0,1.0,37.8232,0,0.0,10.0008,0
991578.1,0,,63,63,0,50.0,1.0,37.7232,0,0.0,9.9758,0
993578.1,0,,63,63,0,50.0,1.0,37.6232,0,0.0,9.9508,0
995578.1,0,,63,63,0,50.0,1.0,37.5232,0,0.0,9.9258,0
997578.1,0,,63,63,0,50.0,1.0,37.4232,0,0.0,9.9008,0
999578.1,0,,63,63,0,50.0,1.0,37.3232,0,0.0,9.8758,0
1000381.3,0,,63,63,0,50.0,1.0,37.2831,0,0.0,9.8658,0
1001578.1,0,,62,62,0,50.0,1.0,37.2232,0,0.0,9.8508,0
1003578.1,0,,62,62,0,50.0,1.0,37.1232,0,0.0,9.8258,0
1005578.1,0,,62,62,0,50.0,1.0,37.0232,0,0.0,9.8008,0
1007578.1,0,,62,62,0,50.0,1.0,36.9232,0,0.0,9.7758,0
1009578.1,0,,62,62,0,50.0,1.0,36.8232,0,0.0,9.7508,0
1009767.3,0,,62,62,0,50.0,1.0,36.8138,0,0.0,9.7485,0
1011578.1,0,,61,61,0,50.0,1.0,36.7232,0,0.0,9.7258,0
1013578.1,0,,61,61,0,50.0,1.0,36.6232,0,0.0,9.7008,0
1015578.1,0,,61,61,0,50.0,1.0,36.5232,0,0.0,9.6758,0
1017578.1,0,,61,61,0,50.0,1.0,36.4232,0,0.0,9.6508,0
1019578.1,0,,61,61,0,50.0,1.0,36.3232,0,0.0,9.6258,0
1021578.1,0,,61,61,0,50.0,1.0,36.2232,0,0.0,9.6008,0
1023578.1,0,,61,61,0,50.0,1.0,36.1232,0,0.0,9.5758,0
1025578.1,0,,61,61,0,50.0,1.0,36.0232,0,0.0,9.5508,0
1027578.1,0,,61,61,0,50.0,1.0,35.9232,0,0.0,9.5258,0
1029578.1,0,,61,61,0,50.0,1.0,35.8232,0,0.0,9.5008,0
1031578.1,0,,61,61,0,50.0,1.0,35.7232,0,0.0,9.4758,0
1033578.1,0,,61,61,0,50.0,1.0,35.6232,0,0.0,9.4508,0
1035578.1,0,,61,61,0,50.0,1.0,35.5232,0,0.0,9.4258,0
1037578.1,0,,61,61,0,50.0,1.0,35.4232,0,0.0,9.4008,0
1039578.1,0,,61,61,0,50.0,1.0,35.3232,0,0.0,9.3758,0
1041578.1,0,,61,61,0,50.0,1.0,35.2232,0,0.0,9.3508,0
1043578.1,0,,61,61,0,50.0,1.0,35.1232,0,0.0,9.3258,0
1045578.1,0,,61,61,0,50.0,1.0,35.0232,0,0.0,9.3008,0
1047578.1,0,,61,61,0,50.0,1.0,34.9232,0,0.0,9.2758,0
1049578.1,0,,61,61,0,50.0,1.0,34.8232,0,0.0,9.2508,0
1051578.1,0,,61,61,0,50.0,1.0,34.7232,0,0.0,9.2258,0
1053578.1,0,,61,61,0,50.0,1.0,34.6232,0,0.0,9.2008,0
1055578.1,0,,61,61,0,50.0,1.0,34.5232,0,0.0,9.1758,0
1057578.1,0,,61,61,0,50.0,1.0,34.4232,0,0.0,9.1508,0
1059578.1,0,,61,61,0,50.0,1.0,34.3232,0,0.0,9.1258,0
1061578.1,0,,61,61,0,50.0,1.0,34.2232,0,0.0,9.1008,0
1063578.1,0,,61,61,0,50.0,1.0,34.1232,0,0.0,9.0758,0
1065578.1,0,,61,61,0,50.0,1.0,34.0232,0,0.0,9.0508,0
1067578.1,0,,61,61,0,50.0,1.0,33.9232,0,0.0,9.0258,0
1069578.1,0,,61,61,0,50.0,1.0,33.8232,0,0.0,9.0008,0
1071578.1,0,,61,61,0,50.0,1.0,33.7232,0,0.0,8.9758,0
1073578.1,0,,61,61,0,50.0,1.0,33.6232,0,0.0,8.9508,0
1075578.1,0,,61,61,0,50.0,1.0,33.5232,0,0.0,8.9258,0
1077578.1,0,,61,61,0,50.0,1.0,33.4232,0,0.0,8.9008,0
1079578.1,0,,61,61,0,50.0,1.0,33.3232,0,0.0,8.8758,0
1081578.1,0,,61,61,0,50.0,1.0,33.2232,0,0.0,8.8508,0
1083578.1,0,,61,61,0,50.0,1.0,33.1232,0,0.0,8.8258,0
1085578.1,0,,61,61,0,50.0,1.0,33.0232,0,0.0,8.8008,0
1087578.1,0,,61,61,0,50.0,1.0,32.9232,0,0.0,8.7758,0
1089578.1,0,,61,61,0,50.0,1.0,32.8232,0,0.0,8.7508,0
1091578.1,0,,61,61,0,50.0,1.0,32.7232,0,0.0,8.7258,0
1093578.1,0,,61,61,0,50.0,1.0,32.6232,0,0.0,8.7008,0
1095578.1,0,,61,61,0,50.0,1.0,32.5232,0,0.0,8.6758,0
1097578.1,0,,61,61,0,50.0,1.0,32.4232,0,0.0,8.6508,0
1099578.1,0,,61,61,0,50.0,1.0,32.3232,0,0.0,8.6258,0
1101578.1,0,,61,61,0,50.0,1.0,32.2232,0,0.0,8.6008,0
1103578.1,0,,61,61,0,50.0,1.0,32.1232,0,0.0,8.5758,0
1105578.1,0,,61,61,0,50.0,1.0,32.0232,0,0.0,8.5508,0
1107578.1,0,,61,61,0,50.0,1.0,31.9232,0,0.0,8.5258,0
1109578.1,0,,61,61,0,50.0,1.0,31.8232,0,0.0,8.5008,0
1111578.1,0,,61,61,0,50.0,1.0,31.7232,0,0.0,8.4758,0
1113248.9,0,,61,61,0,50.0,1.0,31.6397,0,0.0,8.455,0
1113578.1,0,,60,60,0,50.0,1.0,31.6232,0,0.0,8.4508,0
1115578.1,0,,60,60,0,50.0,1.0,31.5232,0,0.0,8.4258,0
1117578.1,0,,60,60,0,50.0,1.0,31.4232,0,0.0,8.4008,0
1119578.1,0,,60,60,0,50.0,1.0,31.3232,0,0.0,8.3758,0
1121578.1,0,,60,60,0,50.0,1.0,31.2232,0,0.0,8.3508,0
1123578.1,0,,60,60,0,50.0,1.0,31.1232,0,0.0,8.3258,0
1125578.1,0,,60,60,0,50.0,1.0,31.0232,0,0.0,8.3008,0
1127578.1,0,,60,60,0,50.0,1.0,30.9232,0,0.0,8.2758,0
1129578.1,0,,60,60,0,50.0,1.0,30.8232,0,0.0,8.2508,0
1131578.1,0,,60,60,0,50.0,1.0,30.7232,0,0.0,8.2258,0
1133578.1,0,,60,60,0,50.0,1.0,30.6232,0,0.0,8.2008,0
1135578.1,0,,60,60,0,50.0,1.0,30.5232,0,0.0,8.1758,0
1137578.1,0,,60,60,0,50.0,1.0,30.4232,0,0.0,8.1508,0
1139578.1,0,,60,60,0,50.0,1.0,30.3232,0,0.0,8.1258,0
1141578.1,0,,60,60,0,50.0,1.0,30.2232,0,0.0,8.1008,0
1143578.1,0,,60,60,0,50.0,1.0,30.1232,0,0.0,8.0758,0
1145578.1,0,,60,60,0,50.0,1.0,30.0232,0,0.0,8.0508,0
1147578.1,0,,60,60,0,50.0,1.0,29.9232,0,0.0,8.0258,0
1147911.3,0,,60,60,0,50.0,1.0,29.9066,0,0.0,8.0217,0
1149578.1,0,,59,59,0,50.0,1.0,29.8232,0,0.0,8.0008,0
1151578.1,0,,59,59,0,50.0,1.0,29.7232,0,0.0,7.9758,0
1153578.1,0,,59,59,0,50.0,1.0,29.6232,0,0.0,7.9508,0
1155578.1,0,,59,59,0,50.0,1.0,29.5232,0,0.0,7.9258,0
1157578.1,0,,59,59,0,50.0,1.0,29.4232,0,0.0,7.9008,0
1159578.1,0,,59,59,0,50.0,1.0,29.3232,0,0.0,7.8758,0
1161578.1,0,,59,59,0,50.0,1.0,29.2232,0,0.0,7.8508,0
1163578.1,0,,59,59,0,50.0,1.0,29.1232,0,0.0,7.8258,0
1165578.1,0,,59,59,0,50.0,1.0,29.0232,0,0.0,7.8008,0
1167578.1,0,,59,59,0,50.0,1.0,28.9232,0,0.0,7.7758,0
1169578.1,0,,59,59,0,50.0,1.0,28.8232,0,0.0,7.7508,0
1171578.1,0,,59,59,0,50.0,1.0,28.7232,0,0.0,7.7258,0
1173578.1,0,,59,59,0,50.0,1.0,28.6232,0,0.0,7.7008,0
1175578.1,0,,59,59,0,50.0,1.0,28.5232,0,0.0,7.6758,0
1177578.1,0,,59,59,0,50.0,1.0,28.4232,0,0.0,7.6508,0
1179578.1,0,,59,59,0,50.0,1.0,28.3232,0,0.0,7.6258,0
1181578.1,0,,59,59,0,50.0,1.0,28.2232,0,0.0,7.6008,0
1183578.1,0,,59,59,0,50.0,1.0,28.1232,0,0.0,7.5758,0
1185578.1,0,,59,59,0,50.0,1.0,28.0232,0,0.0,7.5508,0
1187578.1,0,,59,59,0,50.0,1.0,27.9232,0,0.0,7.5258,0
1189578.1,0,,59,59,0,50.0,1.0,27.8232,0,0.0,7.5008,0
1191578.1,0,,59,59,0,50.0,1.0,27.7232,0,0.0,7.4758,0
1193578.1,0,,59,59,0,50.0,1.0,27.6232,0,0.0,7.4508,0
1195578.1,0,,59,59,0,50.0,1.0,27.5232,0,0.0,7.4258,0
1197578.1,0,,59,59,0,50.0,1.0,27.4232,0,0.0,7.4008,0
1199578.1,0,,59,59,0,50.0,1.0,27.3232,0,0.0,7.3758,0
1201578.1,0,,59,59,0,50.0,1.0,27.2232,0,0.0,7.3508,0
1203578.1,0,,59,59,0,50.0,1.0,27.1232,0,0.0,7.3258,0
1205578.1,0,,59,59,0,50.0,1.0,27.0232,0,0.0,7.3008,0
1206819.7,0,,59,59,0,50.0,1.0,26.9612,0,0.0,7.2853,0
1207549.1,0,,58,58,0,50.0,1.0,26.9247,0,0.0,7.2762,0
1207578.1,0,,57,57,0,50.0,1.0,26.9232,0,0.0,7.2758,0
1209578.1,0,,57,57,0,50.0,1.0,26.8232,0,0.0,7.2508,0
1211578.1,0,,57,57,0,50.0,1.0,26.7232,0,0.0,7.2258,0
1213578.1,0,,57,57,0,50.0,1.0,26.6232,0,0.0,7.2008,0
1215578.1,0,,57,57,0,50.0,1.0,26.5232,0,0.0,7.1758,0
1215994.7,0,,57,57,0,50.0,1.0,26.5024,0,0.0,7.1706,0
1217578.1,0,,56,56,0,50.0,1.0,26.4232,0,0.0,7.1508,0
1219578.1,0,,56,56,0,50.0,1.0,26.3232,0,0.0,7.1258,0
1221578.1,0,,56,56,0,50.0,1.0,26.2232,0,0.0,7.1008,0
1223578.1,0,,56,56,0,50.0,1.0,26.1232,0,0.0,7.0758,0
1225578.1,0,,56,56,0,50.0,1.0,26.0232,0,0.0,7.0508,0
1227578.1,0,,56,56,0,50.0,1.0,25.9232,0,0.0,7.0258,0
1229578.1,0,,56,56,0,50.0,1.0,25.8232,0,0.0,7.0008,0
1230951.3,0,,56,56,0,50.0,1.0,25.7546,0,0.0,6.9837,0
1231578.1,0,,55,55,0,50.0,1.0,25.7232,0,0.0,6.9758,0
1233578.1,0,,55,55,0,50.0,1.0,25.6232,0,0.0,6.9508,0
1235578.1,0,,55,55,0,50.0,1.0,25.5232,0,0.0,6.9258,0
1237578.1,0,,55,55,0,50.0,1.0,25.4232,0,0.0,6.9008,0
1239578.1,0,,55,55,0,50.0,1.0,25.3232,0,0.0,6.8758,0
1241578.1,0,,55,55,0,50.0,1.0,25.2232,0,0.0,6.8508,0
1243578.1,0,,55,55,0,50.0,1.0,25.1232,0,0.0,6.8258,0
1244713.8,0,,55,55,0,50.0,1.0,25.0665,0,0.0,6.8116,0
1245578.1,0,,54,54,0,50.0,1.0,25.0232,0,0.0,6.8008,0
1245887.7,0,,54,54,0,50.0,1.0,25.0078,0,0.0,6.797,0
1247578.1,0,,53,53,0,50.0,1.0,24.9232,0,0.0,6.7758,0
1249578.1,0,,53,53,0,50.0,1.0,24.8232,0,0.0,6.7508,0
1251578.1,0,,53,53,0,50.0,1.0,24.7232,0,0.0,6.7258,0
1253578.1,0,,53,53,0,50.0,1.0,24.6232,0,0.0,6.7008,0
1253752.0,0,,53,53,0,50.0,1.0,24.6145,0,0.0,6.6987,0
1255578.1,0,,52,52,0,50.0,1.0,24.5232,0,0.0,6.6758,0
1257578.1,0,,52,52,0,50.0,1.0,24.4232,0,0.0,6.6508,0
1259578.1,0,,52,52,0,50.0,1.0,24.3232,0,0.0,6.6258,0
1260704.9,0,,52,52,0,50.0,1.0,24.2669,0,0.0,6.6118,0
1261578.1,0,,51,51,0,50.0,1.0,24.2232,0,0.0,6.6008,0
1263578.1,0,,51,51,0,50.0,1.0,24.1232,0,0.0,6.5758,0
1265578.1,0,,51,51,0,50.0,1.0,24.0232,0,0.0,6.5508,0
1267578.1,0,,51,51,0,50.0,1.0,23.9232,0,0.0,6.5258,0
1269578.1,0,,51,51,0,50.0,1.0,23.8232,0,0.0,6.5008,0
1271578.1,0,,51,51,0,50.0,1.0,23.7232,0,0.0,6.4758,0
1271774.4,0,,51,51,0,50.0,1.0,23.7134,0,0.0,6.4734,0
1273578.1,0,,50,50,0,50.0,1.0,23.6232,0,0.0,6.4508,0
1275578.1,0,,50,50,0,50.0,1.0,23.5232,0,0.0,6.4258,0
1277578.1,0,,50,50,0,50.0,1.0,23.4232,0,0.0,6.4008,0
1279578.1,0,,50,50,0,50.0,1.0,23.3232,0,0.0,6.3758,0
1281578.1,0,,50,50,0,50.0,1.0,23.2232,0,0.0,6.3508,0
1283578.1,0,,50,50,0,50.0,1.0,23.1232,0,0.0,6.3258,0
1285578.1,0,,50,50,0,50.0,1.0,23.0232,0,0.0,6.3008,0
1287312.2,0,,50,50,0,50.0,1.0,22.9365,0,0.0,6.2792,0
1287578.1,0,,49,49,0,50.0,1.0,22.9232,0,0.0,6.2758,0
1289578.1,0,,49,49,0,50.0,1.0,22.8232,0,0.0,6.2508,0
1291578.1,0,,49,49,0,50.0,1.0,22.7232,0,0.0,6.2258,0
1293578.1,0,,49,49,0,50.0,1.0,22.6232,0,0.0,6.2008,0
1295578.1,0,,49,49,0,50.0,1.0,22.5232,0,0.0,6.1758,0
1297405.1,0,,49,49,0,50.0,1.0,22.4319,0,0.0,6.153,0
1297578.1,0,,48,48,0,50.0,1.0,22.4232,0,0.0,6.1508,0
1299578.1,0,,48,48,0,50.0,1.0,22.3232,0,0.0,6.1258,0
1301191.5,0,,48,48,0,50.0,1.0,22.2426,0,0.0,6.1057,0
1301578.1,0,,47,47,0,50.0,1.0,22.2232,0,0.0,6.1008,0
1303578.1,0,,47,47,0,50.0,1.0,22.1232,0,0.0,6.0758,0
1305578.1,0,,47,47,0,50.0,1.0,22.0232,0,0.0,6.0508,0
1307578.1,0,,47,47,0,50.0,1.0,21.9232,0,0.0,6.0258,0
1309578.1,0,,47,47,0,50.0,1.0,21.8232,0,0.0,6.0008,0
1310905.2,0,,47,47,0,50.0,1.0,21.7569,0,0.0,5.9843,0
1311578.1,0,,46,46,0,50.0,1.0,21.7232,0,0.0,5.9758,0
1313578.1,0,,46,46,0,50.0,1.0,21.6232,0,0.0,5.9508,0
1315578.1,0,,46,46,0,50.0,1.0,21.5232,0,0.0,5.9258,0
1317578.1,0,,46,46,0,50.0,1.0,21.4232,0,0.0,5.9008,0
1319578.1,0,,46,46,0,50.0,1.0,21.3232,0,0.0,5.8758,0
1321578.1,0,,46,46,0,50.0,1.0,21.2232,0,0.0,5.8508,0
1323578.1,0,,46,46,0,50.0,1.0,21.1232,0,0.0,5.8258,0
1325578.1,0,,46,46,0,50.0,1.0,21.0232,0,0.0,5.8008,0
1327578.1,0,,46,46,0,50.0,1.0,20.9232,0,0.0,5.7758,0
1329578.1,0,,46,46,0,50.0,1.0,20.8232,0,0.0,5.7508,0
1331578.1,0,,46,46,0,50.0,1.0,20.7232,0,0.0,5.7258,0
1333578.1,0,,46,46,0,50.0,1.0,20.6232,0,0.0,5.7008,0
1335578.1,0,,46,46,0,50.0,1.0,20.5232,0,0.0,5.6758,0
1336136.5,0,,46,46,0,50.0,1.0,20.4953,0,0.0,5.6689,0
1337578.1,0,,45,45,0,50.0,1.0,20.4232,0,0.0,5.6508,0
1339578.1,0,,45,45,0,50.0,1.0,20.3232,0,0.0,5.6258,0
1341578.1,0,,45,45,0,50.0,1.0,20.2232,0,0.0,5.6008,0
1343578.1,0,,45,45,0,50.0,1.0,20.1232,0,0.0,5.5758,0
1345578.1,0,,45,45,0,50.0,1.0,20.0232,0,0.0,5.5508,0
1347578.1,0,,45,45,0,50.0,1.0,19.9232,0,0.0,5.5258,0
1349578.1,0,,45,45,0,50.0,1.0,19.8232,0,0.0,5.5008,0
1351578.1,0,,45,45,0,50.0,1.0,19.7232,0,0.0,5.4758,0
1352309.6,0,,45,45,0,50.0,1.0,19.6867,0,0.0,5.4667,0
1353578.1,0,,44,44,0,50.0,1.0,19.6232,0,0.0,5.4508,0
1355578.1,0,,44,44,0,50.0,1.0,19.5232,0,0.0,5.4258,0
1357578.1,0,,44,44,0,50.0,1.0,19.4232,0,0.0,5.4008,0
1359578.1,0,,44,44,0,50.0,1.0,19.3232,0,0.0,5.3758,0
1361578.1,0,,44,44,0,50.0,1.0,19.2232,0,0.0,5.3508,0
1363578.1,0,,44,44,0,50.0,1.0,19.1232,0,0.0,5.3258,0
1365562.5,0,,44,44,0,50.0,1.0,19.024,0,0.0,5.301,0
1365578.1,0,,43,43,0,50.0,1.0,19.0232,0,0.0,5.3008,0
1367578.1,0,,43,43,0,50.0,1.0,18.9232,0,0.0,5.2758,0
1369578.1,0,,43,43,0,50.0,1.0,18.8232,0,0.0,5.2508,0
1371578.1,0,,43,43,0,50.0,1.0,18.7232,0,0.0,5.2258,0
1373578.1,0,,43,43,0,50.0,1.0,18.6232,0,0.0,5.2008,0
1373936.5,0,,43,43,0,50.0,1.0,18.6053,0,0.0,5.1964,0
1375578.1,0,,42,42,0,50.0,1.0,18.5232,0,0.0,5.1758,0
1377578.1,0,,42,42,0,50.0,1.0,18.4232,0,0.0,5.1508,0
1379578.1,0,,42,42,0,50.0,1.0,18.3232,0,0.0,5.1258,0
1381578.1,0,,42,42,0,50.0,1.0,18.2232,0,0.0,5.1008,0
1383578.1,0,,42,42,0,50.0,1.0,18.1232,0,0.0,5.0758,0
1385578.1,0,,42,42,0,50.0,1.0,18.0232,0,0.0,5.0508,0
1386462.4,0,,42,42,0,50.0,1.0,17.979,0,0.0,5.0398,0
1387578.1,0,,41,41,0,50.0,1.0,17.9232,0,0.0,5.0258,0
1389578.1,0,,41,41,0,50.0,1.0,17.8232,0,0.0,5.0008,0
1391578.1,0,,41,41,0,50.0,1.0,17.7232,0,0.0,4.9758,0
1393087.7,0,,41,41,0,50.0,1.0,17.6478,0,0.0,4.957,0
1393578.1,0,,40,40,0,50.0,1.0,17.6232,0,0.0,4.9508,0
1395578.1,0,,40,40,0,50.0,1.0,17.5232,0,0.0,4.9258,0
1397578.1,0,,40,40,0,50.0,1.0,17.4232,0,0.0,4.9008,0
1399578.1,0,,40,40,0,50.0,1.0,17.3232,0,0.0,4.8758,0
1401578.1,0,,40,40,0,50.0,1.0,17.2232,0,0.0,4.8508,0
1403578.1,0,,40,40,0,50.0,1.0,17.1232,0,0.0,4.8258,0
1405578.1,0,,40,40,0,50.0,1.0,17.0232,0,0.0,4.8008,0
1407505.6,0,,40,40,0,50.0,1.0,16.9269,0,0.0,4.7768,0
1407578.1,0,,39,39,0,50.0,1.0,16.9232,0,0.0,4.7758,0
1409578.1,0,,39,39,0,50.0,1.0,16.8232,0,0.0,4.7508,0
1411578.1,0,,39,39,0,50.0,1.0,16.7232,0,0.0,4.7258,0
1413578.1,0,,39,39,0,50.0,1.0,16.6232,0,0.0,4.7008,0
1415578.1,0,,39,39,0,50.0,1.0,16.5232,0,0.0,4.6758,0
1417578.1,0,,39,39,0,50.0,1.0,16.4232,0,0.0,4.6508,0
1419578.1,0,,39,39,0,50.0,1.0,16.3232,0,0.0,4.6258,0
1421578.1,0,,39,39,0,50.0,1.0,16.2232,0,0.0,4.6008,0
1423578.1,0,,39,39,0,50.0,1.0,16.1232,0,0.0,4.5758,0
1425578.1,0,,39,39,0,50.0,1.0,16.0232,0,0.0,4.5508,0
1427578.1,0,,39,39,0,50.0,1.0,15.9232,0,0.0,4.5258,0
1429578.1,0,,39,39,0,50.0,1.0,15.8232,0,0.0,4.5008,0
1431578.1,0,,39,39,0,50.0,1.0,15.7232,0,0.0,4.4758,0
1433578.1,0,,39,39,0,50.0,1.0,15.6232,0,0.0,4.4508,0
1435578.1,0,,39,39,0,50.0,1.0,15.5232,0,0.0,4.4258,0
1436597.4,0,,39,39,0,50.0,1.0,15.4723,0,0.0,4.4131,0
1437578.1,0,,38,38,0,50.0,1.0,15.4232,0,0.0,4.4008,0
1439578.1,0,,38,38,0,50.0,1.0,15.3232,0,0.0,4.3758,0
1441578.1,0,,38,38,0,50.0,1.0,15.2232,0,0.0,4.3508,0
1443578.1,0,,38,38,0,50.0,1.0,15.1232,0,0.0,4.3258,0
1445578.1,0,,38,38,0,50.0,1.0,15.0232,0,0.0,4.3008,0
1447578.1,0,,38,38,0,50.0,1.0,14.9232,0,0.0,4.2758,0
1449578.1,0,,38,38,0,50.0,1.0,14.8232,0,0.0,4.2508,0
1451578.1,0,,38,38,0,50.0,1.0,14.7232,0,0.0,4.2258,0
1452579.7,0,,38,38,0,50.0,1.0,14.6732,0,0.0,4.2133,0
1453578.1,0,,36,36,0,50.0,1.0,14.6232,0,0.0,4.2008,0
1455578.1,0,,36,36,0,50.0,1.0,14.5232,0,0.0,4.1758,0
1457568.9,0,,36,36,0,50.0,1.0,14.4237,0,0.0,4.151,0
1457578.1,0,,35,35,0,50.0,1.0,14.4232,0,0.0,4.1508,0
1459578.1,0,,35,35,0,50.0,1.0,14.3232,0,0.0,4.1258,0
1461578.1,0,,35,35,0,50.0,1.0,14.2232,0,0.0,4.1008,0
1463578.1,0,,35,35,0,50.0,1.0,14.1232,0,0.0,4.0758,0
1465578.1,0,,35,35,0,50.0,1.0,14.0232,0,0.0,4.0508,0
1467208.5,0,,35,35,0,50.0,1.0,13.9417,0,0.0,4.0305,0
1467578.1,0,,34,34,0,50.0,1.0,13.9232,0,0.0,4.0258,0
1469037.7,0,,34,34,0,50.0,1.0,13.8503,0,0.0,4.0076,0
1469578.1,0,,33,33,0,50.0,1.0,13.8232,0,0.0,4.0008,0
1469764.8,0,,33,33,0,50.0,1.0,13.8139,0,0.0,3.9985,0
1470929.7,0,,32,32,0,50.0,1.0,13.7557,0,0.0,3.9839,0
1471003.8,0,,31,31,0,50.0,1.0,13.752,0,0.0,3.983,0
1471578.1,0,,30,30,0,50.0,1.0,13.7232,0,0.0,3.9758,0
1473578.1,0,,30,30,0,50.0,1.0,13.6232,0,0.0,3.9508,0
1475578.1,0,,30,30,0,50.0,1.0,13.5232,0,0.0,3.9258,0
1476055.9,0,,30,30,0,50.0,1.0,13.4993,0,0.0,3.9199,0
1477578.1,0,,29,29,0,50.0,1.0,13.4232,0,0.0,3.9008,0
1478612.1,0,,29,29,0,50.0,1.0,13.3715,0,0.0,3.8879,0
1479578.1,0,,28,28,0,50.0,1.0,13.3232,0,0.0,3.8758,0
1481578.1,0,,28,28,0,50.0,1.0,13.2232,0,0.0,3.8508,0
1483578.1,0,,28,28,0,50.0,1.0,13.1232,0,0.0,3.8258,0
1485578.1,0,,28,28,0,50.0,1.0,13.0232,0,0.0,3.8008,0
1487578.1,0,,28,28,0,50.0,1.0,12.9232,0,0.0,3.7758,0
1489163.1,0,,28,28,0,50.0,1.0,12.844,0,0.0,3.756,0
1489578.1,0,,27,27,0,50.0,1.0,12.8232,0,0.0,3.7508,0
1491573.6,0,,27,27,0,50.0,1.0,12.7235,0,0.0,3.7259,0
1491578.1,0,,26,26,0,50.0,1.0,12.7232,0,0.0,3.7258,0
1493578.1,0,,26,26,0,50.0,1.0,12.6232,0,0.0,3.7008,0
1493750.6,0,,26,26,0,50.0,1.0,12.6146,0,0.0,3.6987,0
1495578.1,0,,25,25,0,50.0,1.0,12.5232,0,0.0,3.6758,0
1497578.1,0,,25,25,0,50.0,1.0,12.4232,0,0.0,3.6508,0
1499578.1,0,,25,25,0,50.0,1.0,12.3232,0,0.0,3.6258,0
1501578.1,0,,25,25,0,50.0,1.0,12.2232,0,0.0,3.6008,0
1503578.1,0,,25,25,0,50.0,1.0,12.1232,0,0.0,3.5758,0
1505578.1,0,,25,25,0,50.0,1.0,12.0232,0,0.0,3.5508,0
1507578.1,0,,25,25,0,50.0,1.0,11.9232,0,0.0,3.5258,0
1509578.1,0,,25,25,0,50.0,1.0,11.8232,0,0.0,3.5008,0
1511578.1,0,,25,25,0,50.0,1.0,11.7232,0,0.0,3.4758,0
1512690.9,0,,25,25,0,50.0,1.0,11.6676,0,0.0,3.4619,0
1513578.1,0,,24,24,0,50.0,1.0,11.6232,0,0.0,3.4508,0
1515578.1,0,,24,24,0,50.0,1.0,11.5232,0,0.0,3.4258,0
1517278.4,0,,24,24,0,50.0,1.0,11.4382,0,0.0,3.4046,0
1517578.1,0,,23,23,0,50.0,1.0,11.4232,0,0.0,3.4008,0
1519578.1,0,,23,23,0,50.0,1.0,11.3232,0,0.0,3.3758,0
1521578.1,0,,23,23,0,50.0,1.0,11.2232,0,0.0,3.3508,0
1523578.1,0,,23,23,0,50.0,1.0,11.1232,0,0.0,3.3258,0
1525578.1,0,,23,23,0,50.0,1.0,11.0232,0,0.0,3.3008,0
1527578.1,0,,23,23,0,50.0,1.0,10.9232,0,0.0,3.2758,0
1529578.1,0,,23,23,0,50.0,1.0,10.8232,0,0.0,3.2508,0
1531578.1,0,,23,23,0,50.0,1.0,10.7232,0,0.0,3.2258,0
1533578.1,0,,23,23,0,50.0,1.0,10.6232,0,0.0,3.2008,0
1535578.1,0,,23,23,0,50.0,1.0,10.5232,0,0.0,3.1758,0
1537578.1,0,,23,23,0,50.0,1.0,10.4232,0,0.0,3.1508,0
1539578.1,0,,23,23,0,50.0,1.0,10.3232,0,0.0,3.1258,0
1539816.6,0,,23,23,0,50.0,1.0,10.3113,0,0.0,3.1229,0
1541578.1,0,,22,22,0,50.0,1.0,10.2232,0,0.0,3.1008,0
1543578.1,0,,22,22,0,50.0,1.0,10.1232,0,0.0,3.0758,0
1545578.1,0,,22,22,0,50.0,1.0,10.0232,0,0.0,3.0508,0
1546769.6,0,,22,22,0,50.0,1.0,9.9637,0,0.0,3.036,0
1547578.1,0,,21,21,0,50.0,1.0,9.9232,0,0.0,3.0258,0
1549578.1,0,,21,21,0,50.0,1.0,9.8232,0,0.0,3.0008,0
1551578.1,0,,21,21,0,50.0,1.0,9.7232,0,0.0,2.9758,0
1553578.1,0,,21,21,0,50.0,1.0,9.6232,0,0.0,2.9508,0
1555578.1,0,,21,21,0,50.0,1.0,9.5232,0,0.0,2.9258,0
1557578.1,0,,21,21,0,50.0,1.0,9.4232,0,0.0,2.9008,0
1559578.1,0,,21,21,0,50.0,1.0,9.3232,0,0.0,2.8758,0
1560386.4,0,,21,21,0,50.0,1.0,9.2828,0,0.0,2.8657,0
1561578.1,0,,20,20,0,50.0,1.0,9.2232,0,0.0,2.8508,0
1563578.1,0,,20,20,0,50.0,1.0,9.1232,0,0.0,2.8258,0
1565578.1,0,,20,20,0,50.0,1.0,9.0232,0,0.0,2.8008,0
1567578.1,0,,20,20,0,50.0,1.0,8.9232,0,0.0,2.7758,0
1568461.7,0,,20,20,0,50.0,1.0,8.8791,0,0.0,2.7648,0
1569578.1,0,,19,19,0,50.0,1.0,8.8232,0,0.0,2.7508,0
1571578.1,0,,19,19,0,50.0,1.0,8.7232,0,0.0,2.7258,0
1573578.1,0,,19,19,0,50.0,1.0,8.6232,0,0.0,2.7008,0
1575578.1,0,,19,19,0,50.0,1.0,8.5232,0,0.0,2.6758,0
1577578.1,0,,19,19,0,50.0,1.0,8.4232,0,0.0,2.6508,0
1579578.1,0,,19,19,0,50.0,1.0,8.3232,0,0.0,2.6258,0
1581578.1,0,,19,19,0,50.0,1.0,8.2232,0,0.0,2.6008,0
1583578.1,0,,19,19,0,50.0,1.0,8.1232,0,0.0,2.5758,0
1585578.1,0,,19,19,0,50.0,1.0,8.0232,0,0.0,2.5508,0
1587578.1,0,,19,19,0,50.0,1.0,7.9232,0,0.0,2.5258,0
1589578.1,0,,19,19,0,50.0,1.0,7.8232,0,0.0,2.5008,0
1591578.1,0,,19,19,0,50.0,1.0,7.7232,0,0.0,2.4758,0
1593578.1,0,,19,19,0,50.0,1.0,7.6232,0,0.0,2.4508,0
1594866.9,0,,19,19,0,50.0,1.0,7.5588,0,0.0,2.4347,0
1595578.1,0,,17,17,0,50.0,1.0,7.5232,0,0.0,2.4246,0
1597578.1,0,,17,17,0,50.0,1.0,7.4232,0,0.0,2.396,0
1599578.1,0,,17,17,0,50.0,1.0,7.3232,0,0.0,2.3674,0
1601578.1,0,,17,17,0,50.0,1.0,7.2232,0,0.0,2.3389,0
1603578.1,0,,17,17,0,50.0,1.0,7.1232,0,0.0,2.3103,0
1605578.1,0,,17,17,0,50.0,1.0,7.0232,0,0.0,2.2817,0
1607578.1,0,,17,17,0,50.0,1.0,6.9232,0,0.0,2.2531,0
1609578.1,0,,17,17,0,50.0,1.0,6.8232,0,0.0,2.2246,0
1611578.1,0,,17,17,0,50.0,1.0,6.7232,0,0.0,2.196,0
1612992.9,0,,17,17,0,50.0,1.0,6.6525,0,0.0,2.1758,0
1613578.1,0,,16,16,0,50.0,1.0,6.6232,0,0.0,2.1674,0
1615578.1,0,,16,16,0,50.0,1.0,6.5232,0,0.0,2.1389,0
1617578.1,0,,16,16,0,50.0,1.0,6.4232,0,0.0,2.1103,0
1619578.1,0,,16,16,0,50.0,1.0,6.3232,0,0.0,2.0817,0
1621578.1,0,,16,16,0,50.0,1.0,6.2232,0,0.0,2.0531,0
1623578.1,0,,16,16,0,50.0,1.0,6.1232,0,0.0,2.0246,0
1625578.1,0,,16,16,0,50.0,1.0,6.0232,0,0.0,1.996,0
1627578.1,0,,16,16,0,50.0,1.0,5.9232,0,0.0,1.9674,0
1629578.1,0,,16,16,0,50.0,1.0,5.8232,0,0.0,1.9389,0
1631578.1,0,,16,16,0,50.0,1.0,5.7232,0,0.0,1.9103,0
1633578.1,0,,16,16,0,50.0,1.0,5.6232,0,0.0,1.8817,0
1635578.1,0,,16,16,0,50.0,1.0,5.5232,0,0.0,1.8531,0
1637578.1,0,,16,16,0,50.0,1.0,5.4232,0,0.0,1.8246,0
1639578.1,0,,16,16,0,50.0,1.0,5.3232,0,0.0,1.796,0
1640677.2,0,,16,16,0,50.0,1.0,5.2683,0,0.0,1.7803,0
1641578.1,0,,15,15,0,50.0,1.0,5.2232,0,0.0,1.7674,0
1643578.1,0,,15,15,0,50.0,1.0,5.1232,0,0.0,1.7389,0
1645578.1,0,,15,15,0,50.0,1.0,5.0232,0,0.0,1.7103,0
1647578.1,0,,15,15,0,50.0,1.0,4.9232,0,0.0,1.6817,0
1649176.7,0,,15,15,0,50.0,1.0,4.8433,0,0.0,1.6589,0
1649578.1,0,,14,14,0,50.0,1.0,4.8232,0,0.0,1.6531,0
1651578.1,0,,14,14,0,50.0,1.0,4.7232,0,0.0,1.6246,0
1653578.1,0,,14,14,0,50.0,1.0,4.6232,0,0.0,1.596,0
1655578.1,0,,14,14,0,50.0,1.0,4.5232,0,0.0,1.5674,0
1657578.1,0,,14,14,0,50.0,1.0,4.4232,0,0.0,1.5389,0
1659092.1,0,,14,14,0,50.0,1.0,4.3475,0,0.0,1.5172,0
1659578.1,0,,13,13,0,50.0,1.0,4.3232,0,0.0,1.5098,0
1661578.1,0,,13,13,0,50.0,1.0,4.2232,0,0.0,1.479,0
1663578.1,0,,13,13,0,50.0,1.0,4.1232,0,0.0,1.4482,0
1665578.1,0,,13,13,0,50.0,1.0,4.0232,0,0.0,1.4174,0
1667578.1,0,,13,13,0,50.0,1.0,3.9232,0,0.0,1.3867,0
1669578.1,0,,13,13,0,50.0,1.0,3.8232,0,0.0,1.3559,0
1671578.1,0,,13,13,0,50.0,1.0,3.7232,0,0.0,1.3251,0
1672728.6,0,,13,13,0,50.0,1.0,3.6657,0,0.0,1.3074,0
1672872.6,0,,12,12,0,50.0,1.0,3.6585,0,0.0,1.3052,0
1673578.1,0,,11,11,0,50.0,1.0,3.6232,0,0.0,1.2937,0
1675578.1,0,,11,11,0,50.0,1.0,3.5232,0,0.0,1.2613,0
1677578.1,0,,11,11,0,50.0,1.0,3.4232,0,0.0,1.2289,0
1678177.0,0,,11,11,0,50.0,1.0,3.3933,0,0.0,1.2191,0
1679223.1,0,,10,10,0,50.0,1.0,3.341,0,0.0,1.2001,0
1679398.1,0,,9,9,0,50.0,1.0,3.3322,0,0.0,1.1971,0
1679578.1,0,,8,8,0,50.0,1.0,3.3232,0,0.0,1.1936,0
1681578.1,0,,8,8,0,50.0,1.0,3.2232,0,0.0,1.1543,0
1683578.1,0,,8,8,0,50.0,1.0,3.1232,0,0.0,1.115,0
1685552.8,0,,8,8,0,50.0,1.0,3.0245,0,0.0,1.0762,0
1685578.1,0,,7,7,0,50.0,1.0,3.0232,0,0.0,1.0759,0
1687578.1,0,,7,7,0,50.0,1.0,2.9232,0,0.0,1.0467,0
1689578.1,0,,7,7,0,50.0,1.0,2.8232,0,0.0,1.0175,0
1689707.2,0,,7,7,0,50.0,1.0,2.8168,0,0.0,1.0156,0
1691578.1,0,,6,6,0,50.0,1.0,2.7232,0,0.0,0.9806,0
1693578.1,0,,6,6,0,50.0,1.0,2.6232,0,0.0,0.9431,0
1695578.1,0,,6,6,0,50.0,1.0,2.5232,0,0.0,0.9056,0
1695872.5,0,,6,6,0,50.0,1.0,2.5085,0,0.0,0.9,0
1697578.1,0,,5,5,0,50.0,1.0,2.4232,0,0.0,0.8574,0
1698756.0,0,,5,5,0,50.0,1.0,2.3643,0,0.0,0.828,0
1699578.1,0,,4,4,0,50.0,1.0,2.3232,0,0.0,0.8177,0
1701578.1,0,,4,4,0,50.0,1.0,2.2232,0,0.0,0.7927,0
1703578.1,0,,4,4,0,50.0,1.0,2.1232,0,0.0,0.7677,0
1705578.1,0,,4,4,0,50.0,1.0,2.0232,0,0.0,0.7427,0
1707578.1,0,,4,4,0,50.0,1.0,1.9232,0,0.0,0.7177,0
1709578.1,0,,4,4,0,50.0,1.0,1.8232,0,0.0,0.6927,0
1711578.1,0,,4,4,0,50.0,1.0,1.7232,0,0.0,0.6677,0
1713578.1,0,,4,4,0,50.0,1.0,1.6232,0,0.0,0.6427,0
1715578.1,0,,4,4,0,50.0,1.0,1.5232,0,0.0,0.6177,0
1717578.1,0,,4,4,0,50.0,1.0,1.4232,0,0.0,0.5927,0
1717690.2,0,,4,4,0,50.0,1.0,1.4176,0,0.0,0.5913,0
1719578.1,0,,3,3,0,50.0,1.0,1.3232,0,0.0,0.5598,0
1721578.1,0,,3,3,0,50.0,1.0,1.2232,0,0.0,0.5265,0
1723578.1,0,,3,3,0,50.0,1.0,1.1232,0,0.0,0.4931,0
1725578.1,0,,3,3,0,50.0,1.0,1.0232,0,0.0,0.4598,0
1727578.1,0,,3,3,0,50.0,1.0,0.9232,0,0.0,0.4265,0
1729578.1,0,,3,3,0,50.0,1.0,0.8232,0,0.0,0.3931,0
1731578.1,0,,3,3,0,50.0,1.0,0.7232,0,0.0,0.3598,0
1733578.1,0,,3,3,0,50.0,1.0,0.6232,0,0.0,0.3265,0
1735578.1,0,,3,3,0,50.0,1.0,0.5232,0,0.0,0.2931,0
1737578.1,0,,3,3,0,50.0,1.0,0.4232,0,0.0,0.2598,0
1739578.1,0,,3,3,0,50.0,1.0,0.3232,0,0.0,0.2265,0
1739760.6,0,,3,3,0,50.0,1.0,0.3141,0,0.0,0.2234,0
1741578.1,0,,2,2,0,50.0,1.0,0.2232,0,0.0,0.178,0
1743387.8,0,,2,2,0,50.0,1.0,0.1328,0,0.0,0.1328,0
1743578.1,0,,1,1,0,50.0,1.0,0.1232,0,0.0,0.1232,0
1745578.1,0,,1,1,0,50.0,1.0,0.0232,0,0.0,0.0232,0
1746042.9,0,,1,1,0,50.0,1.0,0.0,0,0.0,0.0,0
1747578.1,1,,124,64,0,50.0,1.0,87.2254,0,0.0,10.1287,0
1749578.1,1,,124,64,0,50.0,1.0,87.1254,0,0.0,10.1225,0
1751578.1,1,,124,64,0,50.0,1.0,87.0254,0,0.0,10.1162,0
1753578.1,1,,124,64,0,50.0,1.0,86.9254,0,0.0,10.11,0
1755578.1,1,,124,64,0,50.0,1.0,86.8254,0,0.0,10.1037,0
1757578.1,1,,124,64,0,50.0,1.0,86.7254,0,0.0,10.0975,0
1759578.1,1,,124,64,0,50.0,1.0,86.6254,0,0.0,10.0912,0
1761578.1,1,,124,64,0,50.0,1.0,86.5254,0,0.0,10.085,0
1763578.1,1,,124,64,0,50.0,1.0,86.4254,0,0.0,10.0787,0
1765578.1,1,,124,64,0,50.0,1.0,86.3254,0,0.0,10.0725,0
1767578.1,1,,124,64,0,50.0,1.0,86.2254,0,0.0,10.0662,0
1769578.1,1,,124,64,0,50.0,1.0,86.1254,0,0.0,10.06,0
1771578.1,1,,124,64,0,50.0,1.0,86.0254,0,0.0,10.0537,0
1773578.1,1,,124,64,0,50.0,1.0,85.9254,0,0.0,10.0475,0
1775578.1,1,,124,64,0,50.0,1.0,85.8254,0,0.0,10.0412,0
1777578.1,1,,124,64,0,50.0,1.0,85.7254,0,0.0,10.035,0
1779578.1,1,,124,64,0,50.0,1.0,85.6254,0,0.0,10.0287,0
1779621.0,1,,124,64,0,50.0,1.0,85.6232,0,0.0,10.0286,0
1781314.0,1,,123,64,0,50.0,1.0,85.5386,0,0.0,10.0233,0
1781578.1,1,,122,64,0,50.0,1.0,85.5254,0,0.0,10.0225,0
1783289.2,1,,122,64,0,50.0,1.0,85.4398,0,0.0,10.0171,0
1783578.1,1,,121,64,0,50.0,1.0,85.4254,0,0.0,10.0162,0
1785578.1,1,,121,64,0,50.0,1.0,85.3254,0,0.0,10.01,0
1787578.1,1,,121,64,0,50.0,1.0,85.2254,0,0.0,10.0037,0
1789578.1,1,,121,64,0,50.0,1.0,85.1254,0,0.0,9.9975,0
1789779.1,1,,121,64,0,50.0,1.0,85.1153,0,0.0,9.9968,0
1790907.7,1,,120,64,0,50.0,1.0,85.0589,0,0.0,9.9933,0
1791578.1,1,,119,64,0,50.0,1.0,85.0254,0,0.0,9.9912,0
1793119.6,1,,119,64,0,50.0,1.0,84.9483,0,0.0,9.9864,0
1793578.1,1,,118,64,0,50.0,1.0,84.9254,0,0.0,9.985,0
1795578.1,1,,118,64,0,50.0,1.0,84.8254,0,0.0,9.9787,0
1797578.1,1,,118,64,0,50.0,1.0,84.7254,0,0.0,9.9725,0
1799578.1,1,,118,64,0,50.0,1.0,84.6254,0,0.0,9.9662,0
1801578.1,1,,118,64,0,50.0,1.0,84.5254,0,0.0,9.96,0
1803578.1,1,,118,64,0,50.0,1.0,84.4254,0,0.0,9.9537,0
1805578.1,1,,118,64,0,50.0,1.0,84.3254,0,0.0,9.9475,0
1807578.1,1,,118,64,0,50.0,1.0,84.2254,0,0.0,9.9412,0
1809578.1,1,,118,64,0,50.0,1.0,84.1254,0,0.0,9.935,0
1810022.4,1,,118,64,0,50.0,1.0,84.1032,0,0.0,9.9336,0
1811578.1,1,,117,64,0,50.0,1.0,84.0254,0,0.0,9.9287,0
1812125.0,1,,117,64,0,50.0,1.0,83.998,0,0.0,9.927,0
1813535.9,1,,116,64,0,50.0,1.0,83.9275,0,0.0,9.9226,0
1813578.1,1,,115,64,0,50.0,1.0,83.9254,0,0.0,9.9225,0
1813654.2,1,,115,64,0,50.0,1.0,83.9216,0,0.0,9.9222,0
1815578.1,1,,114,64,0,50.0,1.0,83.8254,0,0.0,9.9162,0
1817578.1,1,,114,64,0,50.0,1.0,83.7254,0,0.0,9.91,0
1819578.1,1,,114,64,0,50.0,1.0,83.6254,0,0.0,9.9037,0
1820034.8,1,,114,64,0,50.0,1.0,83.6025,0,0.0,9.9023,0
1821578.1,1,,113,64,0,50.0,1.0,83.5254,0,0.0,9.8975,0
1822956.7,1,,113,64,0,50.0,1.0,83.4565,0,0.0,9.8931,0
1823578.1,1,,112,64,0,50.0,1.0,83.4254,0,0.0,9.8912,0
1824749.8,1,,112,64,0,50.0,1.0,83.3668,0,0.0,9.8875,0
1825578.1,1,,111,64,0,50.0,1.0,83.3254,0,0.0,9.885,0
1826106.0,1,,111,64,0,50.0,1.0,83.299,0,0.0,9.8833,0
1826433.7,1,,110,64,0,50.0,1.0,83.2826,0,0.0,9.8823,0
1827578.1,1,,109,64,0,50.0,1.0,83.2254,0,0.0,9.8787,0
1829578.1,1,,109,64,0,50.0,1.0,83.1254,0,0.0,9.8725,0
1831578.1,1,,109,64,0,50.0,1.0,83.0254,0,0.0,9.8662,0
1831876.8,1,,109,64,0,50.0,1.0,83.0104,0,0.0,9.8653,0
1833151.1,1,,108,64,0,50.0,1.0,82.9467,0,0.0,9.8613,0
1833578.1,1,,107,64,0,50.0,1.0,82.9254,0,0.0,9.86,0
1835535.9,1,,107,64,0,50.0,1.0,82.8275,0,0.0,9.8538,0
1835578.1,1,,106,64,0,50.0,1.0,82.8254,0,0.0,9.8537,0
1837578.1,1,,106,64,0,50.0,1.0,82.7254,0,0.0,9.8475,0
1839578.1,1,,106,64,0,50.0,1.0,82.6254,0,0.0,9.8412,0
1840451.1,1,,106,64,0,50.0,1.0,82.5817,0,0.0,9.8385,0
1841578.1,1,,105,64,0,50.0,1.0,82.5254,0,0.0,9.835,0
1842289.8,1,,105,64,0,50.0,1.0,82.4898,0,0.0,9.8327,0
1843578.1,1,,104,64,0,50.0,1.0,82.4254,0,0.0,9.8287,0
1845578.1,1,,104,64,0,50.0,1.0,82.3254,0,0.0,9.8225,0
1847578.1,1,,104,64,0,50.0,1.0,82.2254,0,0.0,9.8162,0
1848634.0,1,,104,64,0,50.0,1.0,82.1726,0,0.0,9.8129,0
1849578.1,1,,103,64,0,50.0,1.0,82.1254,0,0.0,9.81,0
1851578.1,1,,103,64,0,50.0,1.0,82.0254,0,0.0,9.8037,0
1852183.9,1,,103,64,0,50.0,1.0,81.9951,0,0.0,9.8018,0
1852984.9,1,,102,64,0,50.0,1.0,81.955,0,0.0,9.7993,0
1853578.1,1,,101,64,0,50.0,1.0,81.9254,0,0.0,9.7975,0
1854359.3,1,,101,64,0,50.0,1.0,81.8863,0,0.0,9.795,0
1855578.1,1,,100,64,0,50.0,1.0,81.8254,0,0.0,9.7912,0
1857578.1,1,,100,64,0,50.0,1.0,81.7254,0,0.0,9.785,0
1858200.5,1,,100,64,0,50.0,1.0,81.6943,0,0.0,9.783,0
1859578.1,1,,99,64,0,50.0,1.0,81.6254,0,0.0,9.7787,0
1860048.2,1,,99,64,0,50.0,1.0,81.6019,0,0.0,9.7772,0
1861578.1,1,,98,64,0,50.0,1.0,81.5254,0,0.0,9.7725,0
1863578.1,1,,98,64,0,50.0,1.0,81.4254,0,0.0,9.7662,0
1863789.2,1,,98,64,0,50.0,1.0,81.4148,0,0.0,9.7655,0
1865027.1,1,,97,64,0,50.0,1.0,81.3529,0,0.0,9.7617,0
1865578.1,1,,96,64,0,50.0,1.0,81.3254,0,0.0,9.76,0
1867578.1,1,,96,64,0,50.0,1.0,81.2254,0,0.0,9.7537,0
1869578.1,1,,96,64,0,50.0,1.0,81.1254,0,0.0,9.7475,0
1871578.1,1,,96,64,0,50.0,1.0,81.0254,0,0.0,9.7412,0
1873578.1,1,,96,64,0,50.0,1.0,80.9254,0,0.0,9.735,0
1875578.1,1,,96,64,0,50.0,1.0,80.8254,0,0.0,9.7287,0
1877578.1,1,,96,64,0,50.0,1.0,80.7254,0,0.0,9.7225,0
1879578.1,1,,96,64,0,50.0,1.0,80.6254,0,0.0,9.7162,0
1881578.1,1,,96,64,0,50.0,1.0,80.5254,0,0.0,9.71,0
1883578.1,1,,96,64,0,50.0,1.0,80.4254,0,0.0,9.7037,0
1885578.1,1,,96,64,0,50.0,1.0,80.3254,0,0.0,9.6975,0
1887578.1,1,,96,64,0,50.0,1.0,80.2254,0,0.0,9.6912,0
1889578.1,1,,96,64,0,50.0,1.0,80.1254,0,0.0,9.685,0
1891578.1,1,,96,64,0,50.0,1.0,80.0254,0,0.0,9.6787,0
1893578.1,1,,96,64,0,50.0,1.0,79.9254,0,0.0,9.6725,0
1895578.1,1,,96,64,0,50.0,1.0,79.8254,0,0.0,9.6662,0
1897578.1,1,,96,64,0,50.0,1.0,79.7254,0,0.0,9.66,0
1899578.1,1,,96,64,0,50.0,1.0,79.6254,0,0.0,9.6537,0
1901578.1,1,,96,64,0,50.0,1.0,79.5254,0,0.0,9.6475,0
1903578.1,1,,96,64,0,50.0,1.0,79.4254,0,0.0,9.6412,0
1905578.1,1,,96,64,0,50.0,1.0,79.3254,0,0.0,9.635,0
1907578.1,1,,96,64,0,50.0,1.0,79.2254,0,0.0,9.6287,0
1909578.1,1,,96,64,0,50.0,1.0,79.1254,0,0.0,9.6225,0
1911578.1,1,,96,64,0,50.0,1.0,79.0254,0,0.0,9.6162,0
1913578.1,1,,96,64,0,50.0,1.0,78.9254,0,0.0,9.61,0
1915578.1,1,,96,64,0,50.0,1.0,78.8254,0,0.0,9.6037,0
1917578.1,1,,96,64,0,50.0,1.0,78.7254,0,0.0,9.5975,0
1919578.1,1,,96,64,0,50.0,1.0,78.6254,0,0.0,9.5912,0
1921578.1,1,,96,64,0,50.0,1.0,78.5254,0,0.0,9.585,0
1923578.1,1,,96,64,0,50.0,1.0,78.4254,0,0.0,9.5787,0
1925578.1,1,,96,64,0,50.0,1.0,78.3254,0,0.0,9.5725,0
1927578.1,1,,96,64,0,50.0,1.0,78.2254,0,0.0,9.5662,0
1929578.1,1,,96,64,0,50.0,1.0,78.1254,0,0.0,9.56,0
1931578.1,1,,96,64,0,50.0,1.0,78.0254,0,0.0,9.5537,0
1933578.1,1,,96,64,0,50.0,1.0,77.9254,0,0.0,9.5475,0
1935578.1,1,,96,64,0,50.0,1.0,77.8254,0,0.0,9.5412,0
1937578.1,1,,96,64,0,50.0,1.0,77.7254,0,0.0,9.535,0
1939578.1,1,,96,64,0,50.0,1.0,77.6254,0,0.0,9.5287,0
1941578.1,1,,96,64,0,50.0,1.0,77.5254,0,0.0,9.5225,0
1943578.1,1,,96,64,0,50.0,1.0,77.4254,0,0.0,9.5162,0
1945578.1,1,,96,64,0,50.0,1.0,77.3254,0,0.0,9.51,0
1947578.1,1,,96,64,0,50.0,1.0,77.2254,0,0.0,9.5037,0
1949578.1,1,,96,64,0,50.0,1.0,77.1254,0,0.0,9.4975,0
1951578.1,1,,96,64,0,50.0,1.0,77.0254,0,0.0,9.4912,0
1953578.1,1,,96,64,0,50.0,1.0,76.9254,0,0.0,9.485,0
1955578.1,1,,96,64,0,50.0,1.0,76.8254,0,0.0,9.4787,0
1957578.1,1,,96,64,0,50.0,1.0,76.7254,0,0.0,9.4725,0
1959578.1,1,,96,64,0,50.0,1.0,76.6254,0,0.0,9.4662,0
1961578.1,1,,96,64,0,50.0,1.0,76.5254,0,0.0,9.46,0
1963578.1,1,,96,64,0,50.0,1.0,76.4254,0,0.0,9.4537,0
1965578.1,1,,96,64,0,50.0,1.0,76.3254,0,0.0,9.4475,0
1967578.1,1,,96,64,0,50.0,1.0,76.2254,0,0.0,9.4412,0
1969578.1,1,,96,64,0,50.0,1.0,76.1254,0,0.0,9.435,0
1971578.1,1,,96,64,0,50.0,1.0,76.0254,0,0.0,9.4287,0
1973578.1,1,,96,64,0,50.0,1.0,75.9254,0,0.0,9.4225,0
1975578.1,1,,96,64,0,50.0,1.0,75.8254,0,0.0,9.4162,0
1977578.1,1,,96,64,0,50.0,1.0,75.7254,0,0.0,9.41,0
1979578.1,1,,96,64,0,50.0,1.0,75.6254,0,0.0,9.4037,0
1981578.1,1,,96,64,0,50.0,1.0,75.5254,0,0.0,9.3975,0
1983578.1,1,,96,64,0,50.0,1.0,75.4254,0,0.0,9.3912,0
1985578.1,1,,96,64,0,50.0,1.0,75.3254,0,0.0,9.385,0
1987578.1,1,,96,64,0,50.0,1.0,75.2254,0,0.0,9.3787,0
1989578.1,1,,96,64,0,50.0,1.0,75.1254,0,0.0,9.3725,0
1991578.1,1,,96,64,0,50.0,1.0,75.0254,0,0.0,9.3662,0
1993578.1,1,,96,64,0,50.0,1.0,74.9254,0,0.0,9.36,0
1995578.1,1,,96,64,0,50.0,1.0,74.8254,0,0.0,9.3537,0
1997578.1,1,,96,64,0,50.0,1.0,74.7254,0,0.0,9.3475,0
1999578.1,1,,96,64,0,50.0,1.0,74.6254,0,0.0,9.3412,0
2001578.1,1,,96,64,0,50.0,1.0,74.5254,0,0.0,9.335,0
2003578.1,1,,96,64,0,50.0,1.0,74.4254,0,0.0,9.3287,0
2005578.1,1,,96,64,0,50.0,1.0,74.3254,0,0.0,9.3225,0
2007578.1,1,,96,64,0,50.0,1.0,74.2254,0,0.0,9.3162,0
2009578.1,1,,96,64,0,50.0,1.0,74.1254,0,0.0,9.31,0
2011578.1,1,,96,64,0,50.0,1.0,74.0254,0,0.0,9.3037,0
2013578.1,1,,96,64,0,50.0,1.0,73.9254,0,0.0,9.2975,0
2015578.1,1,,96,64,0,50.0,1.0,73.8254,0,0.0,9.2912,0
2017578.1,1,,96,64,0,50.0,1.0,73.7254,0,0.0,9.285,0
2019578.1,1,,96,64,0,50.0,1.0,73.6254,0,0.0,9.2787,0
2021578.1,1,,96,64,0,50.0,1.0,73.5254,0,0.0,9.2725,0
2023578.1,1,,96,64,0,50.0,1.0,73.4254,0,0.0,9.2662,0
2025578.1,1,,96,64,0,50.0,1.0,73.3254,0,0.0,9.26,0
2027578.1,1,,96,64,0,50.0,1.0,73.2254,0,0.0,9.2537,0
2029578.1,1,,96,64,0,50.0,1.0,73.1254,0,0.0,9.2475,0
2031578.1,1,,96,64,0,50.0,1.0,73.0254,0,0.0,9.2412,0
2033578.1,1,,96,64,0,50.0,1.0,72.9254,0,0.0,9.235,0
2035578.1,1,,96,64,0,50.0,1.0,72.8254,0,0.0,9.2287,0
2037578.1,1,,96,64,0,50.0,1.0,72.7254,0,0.0,9.2225,0
2039578.1,1,,96,64,0,50.0,1.0,72.6254,0,0.0,9.2162,0
2041578.1,1,,96,64,0,50.0,1.0,72.5254,0,0.0,9.21,0
2043578.1,1,,96,64,0,50.0,1.0,72.4254,0,0.0,9.2037,0
2045578.1,1,,96,64,0,50.0,1.0,72.3254,0,0.0,9.1975,0
2047578.1,1,,96,64,0,50.0,1.0,72.2254,0,0.0,9.1912,0
2049578.1,1,,96,64,0,50.0,1.0,72.1254,0,0.0,9.185,0
2051578.1,1,,96,64,0,50.0,1.0,72.0254,0,0.0,9.1787,0
2053578.1,1,,96,64,0,50.0,1.0,71.9254,0,0.0,9.1725,0
2055578.1,1,,96,64,0,50.0,1.0,71.8254,0,0.0,9.1662,0
2057578.1,1,,96,64,0,50.0,1.0,71.7254,0,0.0,9.16,0
2059578.1,1,,96,64,0,50.0,1.0,71.6254,0,0.0,9.1537,0
2061578.1,1,,96,64,0,50.0,1.0,71.5254,0,0.0,9.1475,0
2063578.1,1,,96,64,0,50.0,1.0,71.4254,0,0.0,9.1412,0
2065578.1,1,,96,64,0,50.0,1.0,71.3254,0,0.0,9.135,0
2067578.1,1,,96,64,0,50.0,1.0,71.2254,0,0.0,9.1287,0
2069578.1,1,,96,64,0,50.0,1.0,71.1254,0,0.0,9.1225,0
2071578.1,1,,96,64,0,50.0,1.0,71.0254,0,0.0,9.1162,0
2073578.1,1,,96,64,0,50.0,1.0,70.9254,0,0.0,9.11,0
2075578.1,1,,96,64,0,50.0,1.0,70.8254,0,0.0,9.1037,0
2077578.1,1,,96,64,0,50.0,1.0,70.7254,0,0.0,9.0975,0
2079578.1,1,,96,64,0,50.0,1.0,70.6254,0,0.0,9.0912,0
2081578.1,1,,96,64,0,50.0,1.0,70.5254,0,0.0,9.085,0
2083578.1,1,,96,64,0,50.0,1.0,70.4254,0,0.0,9.0787,0
2085578.1,1,,96,64,0,50.0,1.0,70.3254,0,0.0,9.0725,0
2087578.1,1,,96,64,0,50.0,1.0,70.2254,0,0.0,9.0662,0
2089578.1,1,,96,64,0,50.0,1.0,70.1254,0,0.0,9.06,0
2091578.1,1,,96,64,0,50.0,1.0,70.0254,0,0.0,9.0537,0
2093578.1,1,,96,64,0,50.0,1.0,69.9254,0,0.0,9.0475,0
2095578.1,1,,96,64,0,50.0,1.0,69.8254,0,0.0,9.0412,0
2097578.1,1,,96,64,0,50.0,1.0,69.7254,0,0.0,9.035,0
2099578.1,1,,96,64,0,50.0,1.0,69.6254,0,0.0,9.0287,0
2101578.1,1,,96,64,0,50.0,1.0,69.5254,0,0.0,9.0225,0
2103578.1,1,,96,64,0,50.0,1.0,69.4254,0,0.0,9.0162,0
2105578.1,1,,96,64,0,50.0,1.0,69.3254,0,0.0,9.01,0
2107578.1,1,,96,64,0,50.0,1.0,69.2254,0,0.0,9.0037,0
2109578.1,1,,96,64,0,50.0,1.0,69.1254,0,0.0,8.9975,0
2111578.1,1,,96,64,0,50.0,1.0,69.0254,0,0.0,8.9912,0
2113578.1,1,,96,64,0,50.0,1.0,68.9254,0,0.0,8.985,0
2115578.1,1,,96,64,0,50.0,1.0,68.8254,0,0.0,8.9787,0
2117578.1,1,,96,64,0,50.0,1.0,68.7254,0,0.0,8.9725,0
2119578.1,1,,96,64,0,50.0,1.0,68.6254,0,0.0,8.9662,0
2121578.1,1,,96,64,0,50.0,1.0,68.5254,0,0.0,8.96,0
2123578.1,1,,96,64,0,50.0,1.0,68.4254,0,0.0,8.9537,0
2125578.1,1,,96,64,0,50.0,1.0,68.3254,0,0.0,8.9475,0
2127578.1,1,,96,64,0,50.0,1.0,68.2254,0,0.0,8.9412,0
2129578.1,1,,96,64,0,50.0,1.0,68.1254,0,0.0,8.935,0
2131578.1,1,,96,64,0,50.0,1.0,68.0254,0,0.0,8.9287,0
2133578.1,1,,96,64,0,50.0,1.0,67.9254,0,0.0,8.9225,0
2135578.1,1,,96,64,0,50.0,1.0,67.8254,0,0.0,8.9162,0
2137578.1,1,,96,64,0,50.0,1.0,67.7254,0,0.0,8.91,0
2139578.1,1,,96,64,0,50.0,1.0,67.6254,0,0.0,8.9037,0
2141578.1,1,,96,64,0,50.0,1.0,67.5254,0,0.0,8.8975,0
2143578.1,1,,96,64,0,50.0,1.0,67.4254,0,0.0,8.8912,0
2145578.1,1,,96,64,0,50.0,1.0,67.3254,0,0.0,8.885,0
2147578.1,1,,96,64,0,50.0,1.0,67.2254,0,0.0,8.8787,0
2149578.1,1,,96,64,0,50.0,1.0,67.1254,0,0.0,8.8725,0
2151578.1,1,,96,64,0,50.0,1.0,67.0254,0,0.0,8.8662,0
2153578.1,1,,96,64,0,50.0,1.0,66.9254,0,0.0,8.86,0
2155578.1,1,,96,64,0,50.0,1.0,66.8254,0,0.0,8.8537,0
2157578.1,1,,96,64,0,50.0,1.0,66.7254,0,0.0,8.8475,0
2159578.1,1,,96,64,0,50.0,1.0,66.6254,0,0.0,8.8412,0
2161578.1,1,,96,64,0,50.0,1.0,66.5254,0,0.0,8.835,0
2163578.1,1,,96,64,0,50.0,1.0,66.4254,0,0.0,8.8287,0
2165578.1,1,,96,64,0,50.0,1.0,66.3254,0,0.0,8.8225,0
2167578.1,1,,96,64,0,50.0,1.0,66.2254,0,0.0,8.8162,0
2169578.1,1,,96,64,0,50.0,1.0,66.1254,0,0.0,8.81,0
2171578.1,1,,96,64,0,50.0,1.0,66.0254,0,0.0,8.8037,0
2173578.1,1,,96,64,0,50.0,1.0,65.9254,0,0.0,8.7975,0
2175578.1,1,,96,64,0,50.0,1.0,65.8254,0,0.0,8.7912,0
2177578.1,1,,96,64,0,50.0,1.0,65.7254,0,0.0,8.785,0
2179578.1,1,,96,64,0,50.0,1.0,65.6254,0,0.0,8.7787,0
2181578.1,1,,96,64,0,50.0,1.0,65.5254,0,0.0,8.7725,0
2183578.1,1,,96,64,0,50.0,1.0,65.4254,0,0.0,8.7662,0
2185578.1,1,,96,64,0,50.0,1.0,65.3254,0,0.0,8.76,0
2187578.1,1,,96,64,0,50.0,1.0,65.2254,0,0.0,8.7537,0
2189578.1,1,,96,64,0,50.0,1.0,65.1254,0,0.0,8.7475,0
2191578.1,1,,96,64,0,50.0,1.0,65.0254,0,0.0,8.7412,0
2193578.1,1,,96,64,0,50.0,1.0,64.9254,0,0.0,8.735,0
2195578.1,1,,96,64,0,50.0,1.0,64.8254,0,0.0,8.7287,0
2197578.1,1,,96,64,0,50.0,1.0,64.7254,0,0.0,8.7225,0
2199578.1,1,,96,64,0,50.0,1.0,64.6254,0,0.0,8.7162,0
2201578.1,1,,96,64,0,50.0,1.0,64.5254,0,0.0,8.71,0
2203578.1,1,,96,64,0,50.0,1.0,64.4254,0,0.0,8.7037,0
2205578.1,1,,96,64,0,50.0,1.0,64.3254,0,0.0,8.6975,0
2207578.1,1,,96,64,0,50.0,1.0,64.2254,0,0.0,8.6912,0
2209578.1,1,,96,64,0,50.0,1.0,64.1254,0,0.0,8.685,0
2211578.1,1,,96,64,0,50.0,1.0,64.0254,0,0.0,8.6787,0
2213578.1,1,,96,64,0,50.0,1.0,63.9254,0,0.0,8.6725,0
2215578.1,1,,96,64,0,50.0,1.0,63.8254,0,0.0,8.6662,0
2217578.1,1,,96,64,0,50.0,1.0,63.7254,0,0.0,8.66,0
2219578.1,1,,96,64,0,50.0,1.0,63.6254,0,0.0,8.6537,0
2221578.1,1,,96,64,0,50.0,1.0,63.5254,0,0.0,8.6475,0
2223578.1,1,,96,64,0,50.0,1.0,63.4254,0,0.0,8.6412,0
2225578.1,1,,96,64,0,50.0,1.0,63.3254,0,0.0,8.635,0
2227578.1,1,,96,64,0,50.0,1.0,63.2254,0,0.0,8.6287,0
2229578.1,1,,96,64,0,50.0,1.0,63.1254,0,0.0,8.6225,0
2231578.1,1,,96,64,0,50.0,1.0,63.0254,0,0.0,8.6162,0
2233578.1,1,,96,64,0,50.0,1.0,62.9254,0,0.0,8.61,0
2235578.1,1,,96,64,0,50.0,1.0,62.8254,0,0.0,8.6037,0
2237578.1,1,,96,64,0,50.0,1.0,62.7254,0,0.0,8.5975,0
2239578.1,1,,96,64,0,50.0,1.0,62.6254,0,0.0,8.5912,0
2241578.1,1,,96,64,0,50.0,1.0,62.5254,0,0.0,8.585,0
2243578.1,1,,96,64,0,50.0,1.0,62.4254,0,0.0,8.5787,0
2245578.1,1,,96,64,0,50.0,1.0,62.3254,0,0.0,8.5725,0
2246009.7,1,,96,64,0,50.0,1.0,62.3038,0,0.0,8.5711,0
2247578.1,1,,95,64,0,50.0,1.0,62.2254,0,0.0,8.5662,0
2249578.1,1,,95,64,0,50.0,1.0,62.1254,0,0.0,8.56,0
2251578.1,1,,95,64,0,50.0,1.0,62.0254,0,0.0,8.5537,0
2253578.1,1,,95,64,0,50.0,1.0,61.9254,0,0.0,8.5475,0
2255578.1,1,,95,64,0,50.0,1.0,61.8254,0,0.0,8.5412,0
2257578.1,1,,95,64,0,50.0,1.0,61.7254,0,0.0,8.535,0
2259578.1,1,,95,64,0,50.0,1.0,61.6254,0,0.0,8.5287,0
2261578.1,1,,95,64,0,50.0,1.0,61.5254,0,0.0,8.5225,0
2262967.2,1,,95,64,0,50.0,1.0,61.4559,0,0.0,8.5181,0
2263578.1,1,,94,64,0,50.0,1.0,61.4254,0,0.0,8.5162,0
2265578.1,1,,94,64,0,50.0,1.0,61.3254,0,0.0,8.51,0
2267578.1,1,,94,64,0,50.0,1.0,61.2254,0,0.0,8.5037,0
2269578.1,1,,94,64,0,50.0,1.0,61.1254,0,0.0,8.4975,0
2271578.1,1,,94,64,0,50.0,1.0,61.0254,0,0.0,8.4912,0
2273578.1,1,,94,64,0,50.0,1.0,60.9254,0,0.0,8.485,0
2275578.1,1,,94,64,0,50.0,1.0,60.8254,0,0.0,8.4787,0
2277578.1,1,,94,64,0,50.0,1.0,60.7254,0,0.0,8.4725,0
2279578.1,1,,94,64,0,50.0,1.0,60.6254,0,0.0,8.4662,0
2281578.1,1,,94,64,0,50.0,1.0,60.5254,0,0.0,8.46,0
2283578.1,1,,94,64,0,50.0,1.0,60.4254,0,0.0,8.4537,0
2285578.1,1,,94,64,0,50.0,1.0,60.3254,0,0.0,8.4475,0
2287578.1,1,,94,64,0,50.0,1.0,60.2254,0,0.0,8.4412,0
2289578.1,1,,94,64,0,50.0,1.0,60.1254,0,0.0,8.435,0
2291578.1,1,,94,64,0,50.0,1.0,60.0254,0,0.0,8.4287,0
2293578.1,1,,94,64,0,50.0,1.0,59.9254,0,0.0,8.4225,0
2295578.1,1,,94,64,0,50.0,1.0,59.8254,0,0.0,8.4162,0
2297578.1,1,,94,64,0,50.0,1.0,59.7254,0,0.0,8.41,0
2299578.1,1,,94,64,0,50.0,1.0,59.6254,0,0.0,8.4037,0
2300814.2,1,,94,64,0,50.0,1.0,59.5636,0,0.0,8.3998,0
2301578.1,1,,93,64,0,50.0,1.0,59.5254,0,0.0,8.3975,0
2303578.1,1,,93,64,0,50.0,1.0,59.4254,0,0.0,8.3912,0
2305578.1,1,,93,64,0,50.0,1.0,59.3254,0,0.0,8.385,0
2307578.1,1,,93,64,0,50.0,1.0,59.2254,0,0.0,8.3787,0
2308778.7,1,,93,64,0,50.0,1.0,59.1654,0,0.0,8.375,0
2309578.1,1,,92,64,0,50.0,1.0,59.1254,0,0.0,8.3725,0
2311578.1,1,,92,64,0,50.0,1.0,59.0254,0,0.0,8.3662,0
2313578.1,1,,92,64,0,50.0,1.0,58.9254,0,0.0,8.36,0
2315450.6,1,,92,64,0,50.0,1.0,58.8318,0,0.0,8.3541,0
2315578.1,1,,91,64,0,50.0,1.0,58.8254,0,0.0,8.3537,0
2316615.7,1,,91,64,0,50.0,1.0,58.7735,0,0.0,8.3505,0
2317578.1,1,,90,64,0,50.0,1.0,58.7254,0,0.0,8.3475,0
2319218.9,1,,90,64,0,50.0,1.0,58.6433,0,0.0,8.3423,0
2319578.1,1,,89,64,0,50.0,1.0,58.6254,0,0.0,8.3412,0
2321578.1,1,,89,64,0,50.0,1.0,58.5254,0,0.0,8.335,0
2323578.1,1,,89,64,0,50.0,1.0,58.4254,0,0.0,8.3287,0
2324152.3,1,,89,64,0,50.0,1.0,58.3967,0,0.0,8.3269,0
2324625.6,1,,88,64,0,50.0,1.0,58.373,0,0.0,8.3254,0
2325578.1,1,,87,64,0,50.0,1.0,58.3254,0,0.0,8.3225,0
2327578.1,1,,87,64,0,50.0,1.0,58.2254,0,0.0,8.3162,0
2329504.4,1,,87,64,0,50.0,1.0,58.1291,0,0.0,8.3102,0
2329559.0,1,,86,64,0,50.0,1.0,58.1263,0,0.0,8.31,0
2329578.1,1,,85,64,0,50.0,1.0,58.1254,0,0.0,8.31,0
2331578.1,1,,85,64,0,50.0,1.0,58.0254,0,0.0,8.3037,0
2333578.1,1,,85,64,0,50.0,1.0,57.9254,0,0.0,8.2975,0
2335578.1,1,,85,64,0,50.0,1.0,57.8254,0,0.0,8.2912,0
2337578.1,1,,85,64,0,50.0,1.0,57.7254,0,0.0,8.285,0
2339578.1,1,,85,64,0,50.0,1.0,57.6254,0,0.0,8.2787,0
2340108.5,1,,85,64,0,50.0,1.0,57.5989,0,0.0,8.277,0
2341578.1,1,,84,64,0,50.0,1.0,57.5254,0,0.0,8.2725,0
2343578.1,1,,84,64,0,50.0,1.0,57.4254,0,0.0,8.2662,0
2345578.1,1,,84,64,0,50.0,1.0,57.3254,0,0.0,8.26,0
2347578.1,1,,84,64,0,50.0,1.0,57.2254,0,0.0,8.2537,0
2349578.1,1,,84,64,0,50.0,1.0,57.1254,0,0.0,8.2475,0
2350703.5,1,,84,64,0,50.0,1.0,57.0691,0,0.0,8.2439,0
2351578.1,1,,83,64,0,50.0,1.0,57.0254,0,0.0,8.2412,0
2353578.1,1,,83,64,0,50.0,1.0,56.9254,0,0.0,8.235,0
2353980.3,1,,83,64,0,50.0,1.0,56.9053,0,0.0,8.2337,0
2354735.8,1,,82,64,0,50.0,1.0,56.8675,0,0.0,8.2313,0
2355578.1,1,,81,64,0,50.0,1.0,56.8254,0,0.0,8.2287,0
2357578.1,1,,81,64,0,50.0,1.0,56.7254,0,0.0,8.2225,0
2358130.9,1,,81,64,0,50.0,1.0,56.6977,0,0.0,8.2207,0
2359578.1,1,,80,64,0,50.0,1.0,56.6254,0,0.0,8.2162,0
2361578.1,1,,80,64,0,50.0,1.0,56.5254,0,0.0,8.21,0
2363578.1,1,,80,64,0,50.0,1.0,56.4254,0,0.0,8.2037,0
2365578.1,1,,80,64,0,50.0,1.0,56.3254,0,0.0,8.1975,0
2367578.1,1,,80,64,0,50.0,1.0,56.2254,0,0.0,8.1912,0
2369578.1,1,,80,64,0,50.0,1.0,56.1254,0,0.0,8.185,0
2371578.1,1,,80,64,0,50.0,1.0,56.0254,0,0.0,8.1787,0
2373578.1,1,,80,64,0,50.0,1.0,55.9254,0,0.0,8.1725,0
2375578.1,1,,80,64,0,50.0,1.0,55.8254,0,0.0,8.1662,0
2377578.1,1,,80,64,0,50.0,1.0,55.7254,0,0.0,8.16,0
2377728.0,1,,80,64,0,50.0,1.0,55.7179,0,0.0,8.1595,0
2379578.1,1,,79,64,0,50.0,1.0,55.6254,0,0.0,8.1537,0
2381578.1,1,,79,64,0,50.0,1.0,55.5254,0,0.0,8.1475,0
2383578.1,1,,79,64,0,50.0,1.0,55.4254,0,0.0,8.1412,0
2385578.1,1,,79,64,0,50.0,1.0,55.3254,0,0.0,8.135,0
2387578.1,1,,79,64,0,50.0,1.0,55.2254,0,0.0,8.1287,0
2389142.2,1,,79,64,0,50.0,1.0,55.1472,0,0.0,8.1238,0
2389578.1,1,,78,64,0,50.0,1.0,55.1254,0,0.0,8.1225,0
2391578.1,1,,78,64,0,50.0,1.0,55.0254,0,0.0,8.1162,0
2393578.1,1,,78,64,0,50.0,1.0,54.9254,0,0.0,8.11,0
2395578.1,1,,78,64,0,50.0,1.0,54.8254,0,0.0,8.1037,0
2397578.1,1,,78,64,0,50.0,1.0,54.7254,0,0.0,8.0975,0
2398972.6,1,,78,64,0,50.0,1.0,54.6557,0,0.0,8.0931,0
2399578.1,1,,77,64,0,50.0,1.0,54.6254,0,0.0,8.0912,0
2401578.1,1,,77,64,0,50.0,1.0,54.5254,0,0.0,8.085,0
2402304.0,1,,77,64,0,50.0,1.0,54.4891,0,0.0,8.0827,0
2403578.1,1,,76,64,0,50.0,1.0,54.4254,0,0.0,8.0787,0
2405578.1,1,,76,64,0,50.0,1.0,54.3254,0,0.0,8.0725,0
2407578.1,1,,76,64,0,50.0,1.0,54.2254,0,0.0,8.0662,0
2409578.1,1,,76,64,0,50.0,1.0,54.1254,0,0.0,8.06,0
2411578.1,1,,76,64,0,50.0,1.0,54.0254,0,0.0,8.0537,0
2413578.1,1,,76,64,0,50.0,1.0,53.9254,0,0.0,8.0475,0
2415578.1,1,,76,64,0,50.0,1.0,53.8254,0,0.0,8.0412,0
2417578.1,1,,76,64,0,50.0,1.0,53.7254,0,0.0,8.035,0
2419578.1,1,,76,64,0,50.0,1.0,53.6254,0,0.0,8.0287,0
2421578.1,1,,76,64,0,50.0,1.0,53.5254,0,0.0,8.0225,0
2423503.1,1,,76,64,0,50.0,1.0,53.4291,0,0.0,8.0164,0
2423578.1,1,,75,64,0,50.0,1.0,53.4254,0,0.0,8.0162,0
2425578.1,1,,75,64,0,50.0,1.0,53.3254,0,0.0,8.01,0
2427578.1,1,,75,64,0,50.0,1.0,53.2254,0,0.0,8.0037,0
2429578.1,1,,75,64,0,50.0,1.0,53.1254,0,0.0,7.9975,0
2431578.1,1,,75,64,0,50.0,1.0,53.0254,0,0.0,7.9912,0
2431658.7,1,,75,64,0,50.0,1.0,53.0214,0,0.0,7.991,0
2433578.1,1,,74,64,0,50.0,1.0,52.9254,0,0.0,7.985,0
2434917.3,1,,74,64,0,50.0,1.0,52.8584,0,0.0,7.9808,0
2435578.1,1,,73,64,0,50.0,1.0,52.8254,0,0.0,7.9787,0
2437578.1,1,,73,64,0,50.0,1.0,52.7254,0,0.0,7.9725,0
2439578.1,1,,73,64,0,50.0,1.0,52.6254,0,0.0,7.9662,0
2441578.1,1,,73,64,0,50.0,1.0,52.5254,0,0.0,7.96,0
2442772.5,1,,73,64,0,50.0,1.0,52.4657,0,0.0,7.9562,0
2443578.1,1,,72,64,0,50.0,1.0,52.4254,0,0.0,7.9537,0
2445578.1,1,,72,64,0,50.0,1.0,52.3254,0,0.0,7.9475,0
2447578.1,1,,72,64,0,50.0,1.0,52.2254,0,0.0,7.9412,0
2448570.6,1,,72,64,0,50.0,1.0,52.1758,0,0.0,7.9381,0
2449578.1,1,,71,64,0,50.0,1.0,52.1254,0,0.0,7.935,0
2451578.1,1,,71,64,0,50.0,1.0,52.0254,0,0.0,7.9287,0
2453578.1,1,,71,64,0,50.0,1.0,51.9254,0,0.0,7.9225,0
2455578.1,1,,71,64,0,50.0,1.0,51.8254,0,0.0,7.9162,0
2457578.1,1,,71,64,0,50.0,1.0,51.7254,0,0.0,7.91,0
2459578.1,1,,71,64,0,50.0,1.0,51.6254,0,0.0,7.9037,0
2461578.1,1,,71,64,0,50.0,1.0,51.5254,0,0.0,7.8975,0
2463578.1,1,,71,64,0,50.0,1.0,51.4254,0,0.0,7.8912,0
2465578.1,1,,71,64,0,50.0,1.0,51.3254,0,0.0,7.885,0
2467578.1,1,,71,64,0,50.0,1.0,51.2254,0,0.0,7.8787,0
2469578.1,1,,71,64,0,50.0,1.0,51.1254,0,0.0,7.8725,0
2471578.1,1,,71,64,0,50.0,1.0,51.0254,0,0.0,7.8662,0
2473578.1,1,,71,64,0,50.0,1.0,50.9254,0,0.0,7.86,0
2475578.1,1,,71,64,0,50.0,1.0,50.8254,0,0.0,7.8537,0
2477578.1,1,,71,64,0,50.0,1.0,50.7254,0,0.0,7.8475,0
2479578.1,1,,71,64,0,50.0,1.0,50.6254,0,0.0,7.8412,0
2481578.1,1,,71,64,0,50.0,1.0,50.5254,0,0.0,7.835,0
2483578.1,1,,71,64,0,50.0,1.0,50.4254,0,0.0,7.8287,0
2485578.1,1,,71,64,0,50.0,1.0,50.3254,0,0.0,7.8225,0
2487578.1,1,,71,64,0,50.0,1.0,50.2254,0,0.0,7.8162,0
2489578.1,1,,71,64,0,50.0,1.0,50.1254,0,0.0,7.81,0
2490641.1,1,,71,64,0,50.0,1.0,50.0722,0,0.0,7.8066,0
2491578.1,1,,70,64,0,50.0,1.0,50.0254,0,0.0,7.8037,0
2493578.1,1,,70,64,0,50.0,1.0,49.9254,0,0.0,7.7975,0
2495578.1,1,,70,64,0,50.0,1.0,49.8254,0,0.0,7.7912,0
2497578.1,1,,70,64,0,50.0,1.0,49.7254,0,0.0,7.785,0
2499578.1,1,,70,64,0,50.0,1.0,49.6254,0,0.0,7.7787,0
2501578.1,1,,70,64,0,50.0,1.0,49.5254,0,0.0,7.7725,0
2503229.4,1,,70,64,0,50.0,1.0,49.4428,0,0.0,7.7673,0
2503578.1,1,,69,64,0,50.0,1.0,49.4254,0,0.0,7.7662,0
2505578.1,1,,69,64,0,50.0,1.0,49.3254,0,0.0,7.76,0
2507578.1,1,,69,64,0,50.0,1.0,49.2254,0,0.0,7.7537,0
2509578.1,1,,69,64,0,50.0,1.0,49.1254,0,0.0,7.7475,0
2511578.1,1,,69,64,0,50.0,1.0,49.0254,0,0.0,7.7412,0
2513578.1,1,,69,64,0,50.0,1.0,48.9254,0,0.0,7.735,0
2515578.1,1,,69,64,0,50.0,1.0,48.8254,0,0.0,7.7287,0
2517578.1,1,,69,64,0,50.0,1.0,48.7254,0,0.0,7.7225,0
2519578.1,1,,69,64,0,50.0,1.0,48.6254,0,0.0,7.7162,0
2521578.1,1,,69,64,0,50.0,1.0,48.5254,0,0.0,7.71,0
2523578.1,1,,69,64,0,50.0,1.0,48.4254,0,0.0,7.7037,0
2525578.1,1,,69,64,0,50.0,1.0,48.3254,0,0.0,7.6975,0
2527578.1,1,,69,64,0,50.0,1.0,48.2254,0,0.0,7.6912,0
2529578.1,1,,69,64,0,50.0,1.0,48.1254,0,0.0,7.685,0
2531578.1,1,,69,64,0,50.0,1.0,48.0254,0,0.0,7.6787,0
2533578.1,1,,69,64,0,50.0,1.0,47.9254,0,0.0,7.6725,0
2535187.3,1,,69,64,0,50.0,1.0,47.8449,0,0.0,7.6674,0
2535578.1,1,,68,64,0,50.0,1.0,47.8254,0,0.0,7.6662,0
2537578.1,1,,68,64,0,50.0,1.0,47.7254,0,0.0,7.66,0
2539578.1,1,,68,64,0,50.0,1.0,47.6254,0,0.0,7.6537,0
2541578.1,1,,68,64,0,50.0,1.0,47.5254,0,0.0,7.6475,0
2543578.1,1,,68,64,0,50.0,1.0,47.4254,0,0.0,7.6412,0
2545578.1,1,,68,64,0,50.0,1.0,47.3254,0,0.0,7.635,0
2546055.4,1,,68,64,0,50.0,1.0,47.3015,0,0.0,7.6335,0
2547578.1,1,,67,64,0,50.0,1.0,47.2254,0,0.0,7.6287,0
2549578.1,1,,67,64,0,50.0,1.0,47.1254,0,0.0,7.6225,0
2551578.1,1,,67,64,0,50.0,1.0,47.0254,0,0.0,7.6162,0
2553578.1,1,,67,64,0,50.0,1.0,46.9254,0,0.0,7.61,0
2555578.1,1,,67,64,0,50.0,1.0,46.8254,0,0.0,7.6037,0
2557578.1,1,,67,64,0,50.0,1.0,46.7254,0,0.0,7.5975,0
2559578.1,1,,67,64,0,50.0,1.0,46.6254,0,0.0,7.5912,0
2561578.1,1,,67,64,0,50.0,1.0,46.5254,0,0.0,7.585,0
2563578.1,1,,67,64,0,50.0,1.0,46.4254,0,0.0,7.5787,0
2565578.1,1,,67,64,0,50.0,1.0,46.3254,0,0.0,7.5725,0
2567578.1,1,,67,64,0,50.0,1.0,46.2254,0,0.0,7.5662,0
2569578.1,1,,67,64,0,50.0,1.0,46.1254,0,0.0,7.56,0
2571578.1,1,,67,64,0,50.0,1.0,46.0254,0,0.0,7.5537,0
2573578.1,1,,67,64,0,50.0,1.0,45.9254,0,0.0,7.5475,0
2575578.1,1,,67,64,0,50.0,1.0,45.8254,0,0.0,7.5412,0
2577578.1,1,,67,64,0,50.0,1.0,45.7254,0,0.0,7.535,0
2579578.1,1,,67,64,0,50.0,1.0,45.6254,0,0.0,7.5287,0
2581578.1,1,,67,64,0,50.0,1.0,45.5254,0,0.0,7.5225,0
2583578.1,1,,67,64,0,50.0,1.0,45.4254,0,0.0,7.5162,0
2585578.1,1,,67,64,0,50.0,1.0,45.3254,0,0.0,7.51,0
2587578.1,1,,67,64,0,50.0,1.0,45.2254,0,0.0,7.5037,0
2589578.1,1,,67,64,0,50.0,1.0,45.1254,0,0.0,7.4975,0
2591578.1,1,,67,64,0,50.0,1.0,45.0254,0,0.0,7.4912,0
2593578.1,1,,67,64,0,50.0,1.0,44.9254,0,0.0,7.485,0
2595578.1,1,,67,64,0,50.0,1.0,44.8254,0,0.0,7.4787,0
2597578.1,1,,67,64,0,50.0,1.0,44.7254,0,0.0,7.4725,0
2599321.6,1,,67,64,0,50.0,1.0,44.6382,0,0.0,7.467,0
2599578.1,1,,66,64,0,50.0,1.0,44.6254,0,0.0,7.4662,0
2601578.1,1,,66,64,0,50.0,1.0,44.5254,0,0.0,7.46,0
2603578.1,1,,66,64,0,50.0,1.0,44.4254,0,0.0,7.4537,0
2604837.5,1,,66,64,0,50.0,1.0,44.3624,0,0.0,7.4498,0
2605578.1,1,,65,64,0,50.0,1.0,44.3254,0,0.0,7.4475,0
2607578.1,1,,65,64,0,50.0,1.0,44.2254,0,0.0,7.4412,0
2609578.1,1,,65,64,0,50.0,1.0,44.1254,0,0.0,7.435,0
2611578.1,1,,65,64,0,50.0,1.0,44.0254,0,0.0,7.4287,0
2613175.2,1,,65,64,0,50.0,1.0,43.9455,0,0.0,7.4237,0
2613578.1,1,,64,64,0,50.0,1.0,43.9254,0,0.0,7.4225,0
2615578.1,1,,64,64,0,50.0,1.0,43.8254,0,0.0,7.4162,0
2617578.1,1,,64,64,0,50.0,1.0,43.7254,0,0.0,7.41,0
2619578.1,1,,64,64,0,50.0,1.0,43.6254,0,0.0,7.4037,0
2621578.1,1,,64,64,0,50.0,1.0,43.5254,0,0.0,7.3975,0
2623578.1,1,,64,64,0,50.0,1.0,43.4254,0,0.0,7.3912,0
2625578.1,1,,64,64,0,50.0,1.0,43.3254,0,0.0,7.385,0
2627578.1,1,,64,64,0,50.0,1.0,43.2254,0,0.0,7.3787,0
2629578.1,1,,64,64,0,50.0,1.0,43.1254,0,0.0,7.3725,0
2631578.1,1,,64,64,0,50.0,1.0,43.0254,0,0.0,7.3662,0
2633578.1,1,,64,64,0,50.0,1.0,42.9254,0,0.0,7.36,0
2635578.1,1,,64,64,0,50.0,1.0,42.8254,0,0.0,7.3537,0
2637578.1,1,,64,64,0,50.0,1.0,42.7254,0,0.0,7.3475,0
2639578.1,1,,64,64,0,50.0,1.0,42.6254,0,0.0,7.3412,0
2641578.1,1,,64,64,0,50.0,1.0,42.5254,0,0.0,7.335,0
2643578.1,1,,64,64,0,50.0,1.0,42.4254,0,0.0,7.3287,0
2645578.1,1,,64,64,0,50.0,1.0,42.3254,0,0.0,7.3225,0
2647578.1,1,,64,64,0,50.0,1.0,42.2254,0,0.0,7.3162,0
2649578.1,1,,64,64,0,50.0,1.0,42.1254,0,0.0,7.31,0
2651578.1,1,,64,64,0,50.0,1.0,42.0254,0,0.0,7.3037,0
2653578.1,1,,64,64,0,50.0,1.0,41.9254,0,0.0,7.2975,0
2655578.1,1,,64,64,0,50.0,1.0,41.8254,0,0.0,7.2912,0
2657578.1,1,,64,64,0,50.0,1.0,41.7254,0,0.0,7.285,0
2659578.1,1,,64,64,0,50.0,1.0,41.6254,0,0.0,7.2787,0
2661578.1,1,,64,64,0,50.0,1.0,41.5254,0,0.0,7.2725,0
2663578.1,1,,64,64,0,50.0,1.0,41.4254,0,0.0,7.2662,0
2665578.1,1,,64,64,0,50.0,1.0,41.3254,0,0.0,7.26,0
2667578.1,1,,64,64,0,50.0,1.0,41.2254,0,0.0,7.2537,0
2669578.1,1,,64,64,0,50.0,1.0,41.1254,0,0.0,7.2475,0
2671578.1,1,,64,64,0,50.0,1.0,41.0254,0,0.0,7.2412,0
2673578.1,1,,64,64,0,50.0,1.0,40.9254,0,0.0,7.235,0
2675578.1,1,,64,64,0,50.0,1.0,40.8254,0,0.0,7.2287,0
2677578.1,1,,64,64,0,50.0,1.0,40.7254,0,0.0,7.2225,0
2679578.1,1,,64,64,0,50.0,1.0,40.6254,0,0.0,7.2162,0
2681578.1,1,,64,64,0,50.0,1.0,40.5254,0,0.0,7.21,0
2683578.1,1,,64,64,0,50.0,1.0,40.4254,0,0.0,7.2037,0
2685578.1,1,,64,64,0,50.0,1.0,40.3254,0,0.0,7.1975,0
2687578.1,1,,64,64,0,50.0,1.0,40.2254,0,0.0,7.1912,0
2689578.1,1,,64,64,0,50.0,1.0,40.1254,0,0.0,7.185,0
2691578.1,1,,64,64,0,50.0,1.0,40.0254,0,0.0,7.1787,0
2693578.1,1,,64,64,0,50.0,1.0,39.9254,0,0.0,7.1725,0
2695578.1,1,,64,64,0,50.0,1.0,39.8254,0,0.0,7.1662,0
2697578.1,1,,64,64,0,50.0,1.0,39.7254,0,0.0,7.16,0
2699578.1,1,,64,64,0,50.0,1.0,39.6254,0,0.0,7.1537,0
2701578.1,1,,64,64,0,50.0,1.0,39.5254,0,0.0,7.1475,0
2703578.1,1,,64,64,0,50.0,1.0,39.4254,0,0.0,7.1412,0
2705578.1,1,,64,64,0,50.0,1.0,39.3254,0,0.0,7.135,0
2707578.1,1,,64,64,0,50.0,1.0,39.2254,0,0.0,7.1287,0
2709578.1,1,,64,64,0,50.0,1.0,39.1254,0,0.0,7.1225,0
2711578.1,1,,64,64,0,50.0,1.0,39.0254,0,0.0,7.1162,0
2712091.8,1,,64,64,0,50.0,1.0,38.9997,0,0.0,7.1146,0
2713578.1,1,,63,63,0,50.0,1.0,38.9254,0,0.0,7.1099,0
2715578.1,1,,63,63,0,50.0,1.0,38.8254,0,0.0,7.1035,0
2717578.1,1,,63,63,0,50.0,1.0,38.7254,0,0.0,7.0972,0
2719578.1,1,,63,63,0,50.0,1.0,38.6254,0,0.0,7.0908,0
2721578.1,1,,63,63,0,50.0,1.0,38.5254,0,0.0,7.0845,0
2723578.1,1,,63,63,0,50.0,1.0,38.4254,0,0.0,7.0781,0
2725578.1,1,,63,63,0,50.0,1.0,38.3254,0,0.0,7.0718,0
2727578.1,1,,63,63,0,50.0,1.0,38.2254,0,0.0,7.0654,0
2729578.1,1,,63,63,0,50.0,1.0,38.1254,0,0.0,7.059,0
2731578.1,1,,63,63,0,50.0,1.0,38.0254,0,0.0,7.0527,0
2733578.1,1,,63,63,0,50.0,1.0,37.9254,0,0.0,7.0463,0
2735578.1,1,,63,63,0,50.0,1.0,37.8254,0,0.0,7.04,0
2737578.1,1,,63,63,0,50.0,1.0,37.7254,0,0.0,7.0336,0
2739578.1,1,,63,63,0,50.0,1.0,37.6254,0,0.0,7.0273,0
2741578.1,1,,63,63,0,50.0,1.0,37.5254,0,0.0,7.0209,0
2743578.1,1,,63,63,0,50.0,1.0,37.4254,0,0.0,7.0146,0
2745578.1,1,,63,63,0,50.0,1.0,37.3254,0,0.0,7.0082,0
2746424.1,1,,63,63,0,50.0,1.0,37.2831,0,0.0,7.0055,0
2747578.1,1,,62,62,0,50.0,1.0,37.2254,0,0.0,7.0018,0
2749578.1,1,,62,62,0,50.0,1.0,37.1254,0,0.0,6.9953,0
2751578.1,1,,62,62,0,50.0,1.0,37.0254,0,0.0,6.9889,0
2753578.1,1,,62,62,0,50.0,1.0,36.9254,0,0.0,6.9824,0
2755578.1,1,,62,62,0,50.0,1.0,36.8254,0,0.0,6.976,0
2755810.1,1,,62,62,0,50.0,1.0,36.8138,0,0.0,6.9752,0
2757578.1,1,,61,61,0,50.0,1.0,36.7254,0,0.0,6.9694,0
2759578.1,1,,61,61,0,50.0,1.0,36.6254,0,0.0,6.9629,0
2761578.1,1,,61,61,0,50.0,1.0,36.5254,0,0.0,6.9563,0
2763578.1,1,,61,61,0,50.0,1.0,36.4254,0,0.0,6.9497,0
2765578.1,1,,61,61,0,50.0,1.0,36.3254,0,0.0,6.9432,0
2767578.1,1,,61,61,0,50.0,1.0,36.2254,0,0.0,6.9366,0
2769578.1,1,,61,61,0,50.0,1.0,36.1254,0,0.0,6.93,0
2771578.1,1,,61,61,0,50.0,1.0,36.0254,0,0.0,6.9235,0
2773578.1,1,,61,61,0,50.0,1.0,35.9254,0,0.0,6.9169,0
2775578.1,1,,61,61,0,50.0,1.0,35.8254,0,0.0,6.9104,0
2777578.1,1,,61,61,0,50.0,1.0,35.7254,0,0.0,6.9038,0
2779578.1,1,,61,61,0,50.0,1.0,35.6254,0,0.0,6.8972,0
2781578.1,1,,61,61,0,50.0,1.0,35.5254,0,0.0,6.8907,0
2783578.1,1,,61,61,0,50.0,1.0,35.4254,0,0.0,6.8841,0
2785578.1,1,,61,61,0,50.0,1.0,35.3254,0,0.0,6.8775,0
2787578.1,1,,61,61,0,50.0,1.0,35.2254,0,0.0,6.871,0
2789578.1,1,,61,61,0,50.0,1.0,35.1254,0,0.0,6.8644,0
2791578.1,1,,61,61,0,50.0,1.0,35.0254,0,0.0,6.8579,0
2793578.1,1,,61,61,0,50.0,1.0,34.9254,0,0.0,6.8513,0
2795578.1,1,,61,61,0,50.0,1.0,34.8254,0,0.0,6.8447,0
2797578.1,1,,61,61,0,50.0,1.0,34.7254,0,0.0,6.8382,0
2799578.1,1,,61,61,0,50.0,1.0,34.6254,0,0.0,6.8316,0
2801578.1,1,,61,61,0,50.0,1.0,34.5254,0,0.0,6.825,0
2803578.1,1,,61,61,0,50.0,1.0,34.4254,0,0.0,6.8185,0
2805578.1,1,,61,61,0,50.0,1.0,34.3254,0,0.0,6.8119,0
2807578.1,1,,61,61,0,50.0,1.0,34.2254,0,0.0,6.8054,0
2809578.1,1,,61,61,0,50.0,1.0,34.1254,0,0.0,6.7988,0
2811578.1,1,,61,61,0,50.0,1.0,34.0254,0,0.0,6.7922,0
2813578.1,1,,61,61,0,50.0,1.0,33.9254,0,0.0,6.7857,0
2815578.1,1,,61,61,0,50.0,1.0,33.8254,0,0.0,6.7791,0
2817578.1,1,,61,61,0,50.0,1.0,33.7254,0,0.0,6.7725,0
2819578.1,1,,61,61,0,50.0,1.0,33.6254,0,0.0,6.766,0
2821578.1,1,,61,61,0,50.0,1.0,33.5254,0,0.0,6.7594,0
2823578.1,1,,61,61,0,50.0,1.0,33.4254,0,0.0,6.7529,0
2825578.1,1,,61,61,0,50.0,1.0,33.3254,0,0.0,6.7463,0
2827578.1,1,,61,61,0,50.0,1.0,33.2254,0,0.0,6.7397,0
2829578.1,1,,61,61,0,50.0,1.0,33.1254,0,0.0,6.7332,0
2831578.1,1,,61,61,0,50.0,1.0,33.0254,0,0.0,6.7266,0
2833578.1,1,,61,61,0,50.0,1.0,32.9254,0,0.0,6.72,0
2835578.1,1,,61,61,0,50.0,1.0,32.8254,0,0.0,6.7135,0
2837578.1,1,,61,61,0,50.0,1.0,32.7254,0,0.0,6.7069,0
2839578.1,1,,61,61,0,50.0,1.0,32.6254,0,0.0,6.7004,0
2841578.1,1,,61,61,0,50.0,1.0,32.5254,0,0.0,6.6938,0
2843578.1,1,,61,61,0,50.0,1.0,32.4254,0,0.0,6.6872,0
2845578.1,1,,61,61,0,50.0,1.0,32.3254,0,0.0,6.6807,0
2847578.1,1,,61,61,0,50.0,1.0,32.2254,0,0.0,6.6741,0
2849578.1,1,,61,61,0,50.0,1.0,32.1254,0,0.0,6.6675,0
2851578.1,1,,61,61,0,50.0,1.0,32.0254,0,0.0,6.661,0
2853578.1,1,,61,61,0,50.0,1.0,31.9254,0,0.0,6.6544,0
2855578.1,1,,61,61,0,50.0,1.0,31.8254,0,0.0,6.6479,0
2857578.1,1,,61,61,0,50.0,1.0,31.7254,0,0.0,6.6413,0
2859291.8,1,,61,61,0,50.0,1.0,31.6397,0,0.0,6.6357,0
2859578.1,1,,60,60,0,50.0,1.0,31.6254,0,0.0,6.6347,0
2861578.1,1,,60,60,0,50.0,1.0,31.5254,0,0.0,6.628,0
2863578.1,1,,60,60,0,50.0,1.0,31.4254,0,0.0,6.6214,0
2865578.1,1,,60,60,0,50.0,1.0,31.3254,0,0.0,6.6147,0
2867578.1,1,,60,60,0,50.0,1.0,31.2254,0,0.0,6.608,0
2869578.1,1,,60,60,0,50.0,1.0,31.1254,0,0.0,6.6014,0
2871578.1,1,,60,60,0,50.0,1.0,31.0254,0,0.0,6.5947,0
2873578.1,1,,60,60,0,50.0,1.0,30.9254,0,0.0,6.588,0
2875578.1,1,,60,60,0,50.0,1.0,30.8254,0,0.0,6.5814,0
2877578.1,1,,60,60,0,50.0,1.0,30.7254,0,0.0,6.5747,0
2879578.1,1,,60,60,0,50.0,1.0,30.6254,0,0.0,6.568,0
2881578.1,1,,60,60,0,50.0,1.0,30.5254,0,0.0,6.5614,0
2883578.1,1,,60,60,0,50.0,1.0,30.4254,0,0.0,6.5547,0
2885578.1,1,,60,60,0,50.0,1.0,30.3254,0,0.0,6.548,0
2887578.1,1,,60,60,0,50.0,1.0,30.2254,0,0.0,6.5414,0
2889578.1,1,,60,60,0,50.0,1.0,30.1254,0,0.0,6.5347,0
2891578.1,1,,60,60,0,50.0,1.0,30.0254,0,0.0,6.528,0
2893578.1,1,,60,60,0,50.0,1.0,29.9254,0,0.0,6.5214,0
2893954.2,1,,60,60,0,50.0,1.0,29.9066,0,0.0,6.5201,0
2895578.1,1,,59,59,0,50.0,1.0,29.8254,0,0.0,6.5146,0
2897578.1,1,,59,59,0,50.0,1.0,29.7254,0,0.0,6.5078,0
2899578.1,1,,59,59,0,50.0,1.0,29.6254,0,0.0,6.501,0
2901578.1,1,,59,59,0,50.0,1.0,29.5254,0,0.0,6.4943,0
2903578.1,1,,59,59,0,50.0,1.0,29.4254,0,0.0,6.4875,0
2905578.1,1,,59,59,0,50.0,1.0,29.3254,0,0.0,6.4807,0
2907578.1,1,,59,59,0,50.0,1.0,29.2254,0,0.0,6.4739,0
2909578.1,1,,59,59,0,50.0,1.0,29.1254,0,0.0,6.4671,0
2911578.1,1,,59,59,0,50.0,1.0,29.0254,0,0.0,6.4603,0
2913578.1,1,,59,59,0,50.0,1.0,28.9254,0,0.0,6.4535,0
2915578.1,1,,59,59,0,50.0,1.0,28.8254,0,0.0,6.4468,0
2917578.1,1,,59,59,0,50.0,1.0,28.7254,0,0.0,6.44,0
2919578.1,1,,59,59,0,50.0,1.0,28.6254,0,0.0,6.4332,0
2921578.1,1,,59,59,0,50.0,1.0,28.5254,0,0.0,6.4264,0
2923578.1,1,,59,59,0,50.0,1.0,28.4254,0,0.0,6.4196,0
2925578.1,1,,59,59,0,50.0,1.0,28.3254,0,0.0,6.4128,0
2927578.1,1,,59,59,0,50.0,1.0,28.2254,0,0.0,6.406,0
2929578.1,1,,59,59,0,50.0,1.0,28.1254,0,0.0,6.3993,0
2931578.1,1,,59,59,0,50.0,1.0,28.0254,0,0.0,6.3925,0
2933578.1,1,,59,59,0,50.0,1.0,27.9254,0,0.0,6.3857,0
2935578.1,1,,59,59,0,50.0,1.0,27.8254,0,0.0,6.3789,0
2937578.1,1,,59,59,0,50.0,1.0,27.7254,0,0.0,6.3721,0
2939578.1,1,,59,59,0,50.0,1.0,27.6254,0,0.0,6.3653,0
2941578.1,1,,59,59,0,50.0,1.0,27.5254,0,0.0,6.3585,0
2943578.1,1,,59,59,0,50.0,1.0,27.4254,0,0.0,6.3518,0
2945578.1,1,,59,59,0,50.0,1.0,27.3254,0,0.0,6.345,0
2947578.1,1,,59,59,0,50.0,1.0,27.2254,0,0.0,6.3382,0
2949578.1,1,,59,59,0,50.0,1.0,27.1254,0,0.0,6.3314,0
2951578.1,1,,59,59,0,50.0,1.0,27.0254,0,0.0,6.3246,0
2952862.5,1,,59,59,0,50.0,1.0,26.9612,0,0.0,6.3203,0
2953578.1,1,,58,58,0,50.0,1.0,26.9254,0,0.0,6.3178,0
2953592.0,1,,58,58,0,50.0,1.0,26.9247,0,0.0,6.3177,0
2955578.1,1,,57,57,0,50.0,1.0,26.8254,0,0.0,6.3107,0
2957578.1,1,,57,57,0,50.0,1.0,26.7254,0,0.0,6.3037,0
2959578.1,1,,57,57,0,50.0,1.0,26.6254,0,0.0,6.2967,0
2961578.1,1,,57,57,0,50.0,1.0,26.5254,0,0.0,6.2896,0
2962037.6,1,,57,57,0,50.0,1.0,26.5024,0,0.0,6.288,0
2963578.1,1,,56,56,0,50.0,1.0,26.4254,0,0.0,6.2825,0
2965578.1,1,,56,56,0,50.0,1.0,26.3254,0,0.0,6.2753,0
2967578.1,1,,56,56,0,50.0,1.0,26.2254,0,0.0,6.2681,0
2969578.1,1,,56,56,0,50.0,1.0,26.1254,0,0.0,6.2609,0
2971578.1,1,,56,56,0,50.0,1.0,26.0254,0,0.0,6.2538,0
2973578.1,1,,56,56,0,50.0,1.0,25.9254,0,0.0,6.2466,0
2975578.1,1,,56,56,0,50.0,1.0,25.8254,0,0.0,6.2394,0
2976994.1,1,,56,56,0,50.0,1.0,25.7546,0,0.0,6.2343,0
2977578.1,1,,55,55,0,50.0,1.0,25.7254,0,0.0,6.2322,0
2979578.1,1,,55,55,0,50.0,1.0,25.6254,0,0.0,6.2249,0
2981578.1,1,,55,55,0,50.0,1.0,25.5254,0,0.0,6.2176,0
2983578.1,1,,55,55,0,50.0,1.0,25.4254,0,0.0,6.2103,0
2985578.1,1,,55,55,0,50.0,1.0,25.3254,0,0.0,6.203,0
2987578.1,1,,55,55,0,50.0,1.0,25.2254,0,0.0,6.1957,0
2989578.1,1,,55,55,0,50.0,1.0,25.1254,0,0.0,6.1884,0
2990756.7,1,,55,55,0,50.0,1.0,25.0665,0,0.0,6.1841,0
2991578.1,1,,54,54,0,50.0,1.0,25.0254,0,0.0,6.181,0
2991930.5,1,,54,54,0,50.0,1.0,25.0078,0,0.0,6.1797,0
2993578.1,1,,53,53,0,50.0,1.0,24.9254,0,0.0,6.1735,0
2995578.1,1,,53,53,0,50.0,1.0,24.8254,0,0.0,6.1659,0
2997578.1,1,,53,53,0,50.0,1.0,24.7254,0,0.0,6.1583,0
2999578.1,1,,53,53,0,50.0,1.0,24.6254,0,0.0,6.1507,0
2999794.9,1,,53,53,0,50.0,1.0,24.6145,0,0.0,6.1499,0
3001578.1,1,,52,52,0,50.0,1.0,24.5254,0,0.0,6.1429,0
3003578.1,1,,52,52,0,50.0,1.0,24.4254,0,0.0,6.1351,0
3005578.1,1,,52,52,0,50.0,1.0,24.3254,0,0.0,6.1273,0
3006747.8,1,,52,52,0,50.0,1.0,24.2669,0,0.0,6.1228,0
3007578.1,1,,51,51,0,50.0,1.0,24.2254,0,0.0,6.1195,0
3009578.1,1,,51,51,0,50.0,1.0,24.1254,0,0.0,6.1116,0
3011578.1,1,,51,51,0,50.0,1.0,24.0254,0,0.0,6.1037,0
3013578.1,1,,51,51,0,50.0,1.0,23.9254,0,0.0,6.0958,0
3015578.1,1,,51,51,0,50.0,1.0,23.8254,0,0.0,6.0879,0
3017578.1,1,,51,51,0,50.0,1.0,23.7254,0,0.0,6.08,0
3017817.3,1,,51,51,0,50.0,1.0,23.7134,0,0.0,6.079,0
3019578.1,1,,50,50,0,50.0,1.0,23.6254,0,0.0,6.0719,0
3021578.1,1,,50,50,0,50.0,1.0,23.5254,0,0.0,6.0637,0
3023578.1,1,,50,50,0,50.0,1.0,23.4254,0,0.0,6.0556,0
3025578.1,1,,50,50,0,50.0,1.0,23.3254,0,0.0,6.0475,0
3027578.1,1,,50,50,0,50.0,1.0,23.2254,0,0.0,6.0394,0
3029578.1,1,,50,50,0,50.0,1.0,23.1254,0,0.0,6.0312,0
3031578.1,1,,50,50,0,50.0,1.0,23.0254,0,0.0,6.0231,0
3033355.1,1,,50,50,0,50.0,1.0,22.9365,0,0.0,6.0159,0
3033578.1,1,,49,49,0,50.0,1.0,22.9254,0,0.0,6.0149,0
3035578.1,1,,49,49,0,50.0,1.0,22.8254,0,0.0,6.0066,0
3037578.1,1,,49,49,0,50.0,1.0,22.7254,0,0.0,5.9984,0
3039578.1,1,,49,49,0,50.0,1.0,22.6254,0,0.0,5.9901,0
3041578.1,1,,49,49,0,50.0,1.0,22.5254,0,0.0,5.9818,0
3043448.0,1,,49,49,0,50.0,1.0,22.4319,0,0.0,5.974,0
3043578.1,1,,48,48,0,50.0,1.0,22.4254,0,0.0,5.9735,0
3045578.1,1,,48,48,0,50.0,1.0,22.3254,0,0.0,5.965,0
3047234.4,1,,48,48,0,50.0,1.0,22.2426,0,0.0,5.9581,0
3047578.1,1,,47,47,0,50.0,1.0,22.2254,0,0.0,5.9566,0
3049578.1,1,,47,47,0,50.0,1.0,22.1254,0,0.0,5.948,0
3051578.1,1,,47,47,0,50.0,1.0,22.0254,0,0.0,5.9394,0
3053578.1,1,,47,47,0,50.0,1.0,21.9254,0,0.0,5.9308,0
3055578.1,1,,47,47,0,50.0,1.0,21.8254,0,0.0,5.9222,0
3056948.1,1,,47,47,0,50.0,1.0,21.7569,0,0.0,5.9163,0
3057578.1,1,,46,46,0,50.0,1.0,21.7254,0,0.0,5.9136,0
3059578.1,1,,46,46,0,50.0,1.0,21.6254,0,0.0,5.9048,0
3061578.1,1,,46,46,0,50.0,1.0,21.5254,0,0.0,5.896,0
3063578.1,1,,46,46,0,50.0,1.0,21.4254,0,0.0,5.8872,0
3065578.1,1,,46,46,0,50.0,1.0,21.3254,0,0.0,5.8785,0
3067578.1,1,,46,46,0,50.0,1.0,21.2254,0,0.0,5.8697,0
3069578.1,1,,46,46,0,50.0,1.0,21.1254,0,0.0,5.8609,0
3071578.1,1,,46,46,0,50.0,1.0,21.0254,0,0.0,5.8521,0
3073578.1,1,,46,46,0,50.0,1.0,20.9254,0,0.0,5.8433,0
3075578.1,1,,46,46,0,50.0,1.0,20.8254,0,0.0,5.8346,0
3077578.1,1,,46,46,0,50.0,1.0,20.7254,0,0.0,5.8258,0
3079578.1,1,,46,46,0,50.0,1.0,20.6254,0,0.0,5.817,0
3081578.1,1,,46,46,0,50.0,1.0,20.5254,0,0.0,5.8082,0
3082179.4,1,,46,46,0,50.0,1.0,20.4953,0,0.0,5.8056,0
3083578.1,1,,45,45,0,50.0,1.0,20.4254,0,0.0,5.7993,0
3085578.1,1,,45,45,0,50.0,1.0,20.3254,0,0.0,5.7903,0
3087578.1,1,,45,45,0,50.0,1.0,20.2254,0,0.0,5.7813,0
3089578.1,1,,45,45,0,50.0,1.0,20.1254,0,0.0,5.7723,0
3091578.1,1,,45,45,0,50.0,1.0,20.0254,0,0.0,5.7633,0
3093578.1,1,,45,45,0,50.0,1.0,19.9254,0,0.0,5.7543,0
3095578.1,1,,45,45,0,50.0,1.0,19.8254,0,0.0,5.7452,0
3097578.1,1,,45,45,0,50.0,1.0,19.7254,0,0.0,5.7362,0
3098352.5,1,,45,45,0,50.0,1.0,19.6867,0,0.0,5.7328,0
3099578.1,1,,44,44,0,50.0,1.0,19.6254,0,0.0,5.7271,0
3101578.1,1,,44,44,0,50.0,1.0,19.5254,0,0.0,5.7179,0
3103578.1,1,,44,44,0,50.0,1.0,19.4254,0,0.0,5.7087,0
3105578.1,1,,44,44,0,50.0,1.0,19.3254,0,0.0,5.6995,0
3107578.1,1,,44,44,0,50.0,1.0,19.2254,0,0.0,5.6903,0
3109578.1,1,,44,44,0,50.0,1.0,19.1254,0,0.0,5.6811,0
3111578.1,1,,44,44,0,50.0,1.0,19.0254,0,0.0,5.6719,0
3111605.4,1,,44,44,0,50.0,1.0,19.024,0,0.0,5.6718,0
3113578.1,1,,43,43,0,50.0,1.0,18.9254,0,0.0,5.6626,0
3115578.1,1,,43,43,0,50.0,1.0,18.8254,0,0.0,5.6532,0
3117578.1,1,,43,43,0,50.0,1.0,18.7254,0,0.0,5.6439,0
3119578.1,1,,43,43,0,50.0,1.0,18.6254,0,0.0,5.6345,0
3119979.3,1,,43,43,0,50.0,1.0,18.6053,0,0.0,5.6326,0
3121578.1,1,,42,42,0,50.0,1.0,18.5254,0,0.0,5.625,0
3123578.1,1,,42,42,0,50.0,1.0,18.4254,0,0.0,5.6154,0
3125578.1,1,,42,42,0,50.0,1.0,18.3254,0,0.0,5.6058,0
3127578.1,1,,42,42,0,50.0,1.0,18.2254,0,0.0,5.5962,0
3129578.1,1,,42,42,0,50.0,1.0,18.1254,0,0.0,5.5867,0
3131578.1,1,,42,42,0,50.0,1.0,18.0254,0,0.0,5.5771,0
3132505.3,1,,42,42,0,50.0,1.0,17.979,0,0.0,5.5726,0
3133578.1,1,,41,41,0,50.0,1.0,17.9254,0,0.0,5.5673,0
3135578.1,1,,41,41,0,50.0,1.0,17.8254,0,0.0,5.5575,0
3137578.1,1,,41,41,0,50.0,1.0,17.7254,0,0.0,5.5476,0
3139130.5,1,,41,41,0,50.0,1.0,17.6478,0,0.0,5.54,0
3139578.1,1,,40,40,0,50.0,1.0,17.6254,0,0.0,5.5377,0
3141578.1,1,,40,40,0,50.0,1.0,17.5254,0,0.0,5.5277,0
3143578.1,1,,40,40,0,50.0,1.0,17.4254,0,0.0,5.5176,0
3145578.1,1,,40,40,0,50.0,1.0,17.3254,0,0.0,5.5076,0
3147578.1,1,,40,40,0,50.0,1.0,17.2254,0,0.0,5.4975,0
3149578.1,1,,40,40,0,50.0,1.0,17.1254,0,0.0,5.4875,0
3151578.1,1,,40,40,0,50.0,1.0,17.0254,0,0.0,5.4774,0
3153548.5,1,,40,40,0,50.0,1.0,16.9269,0,0.0,5.4675,0
3153578.1,1,,39,39,0,50.0,1.0,16.9254,0,0.0,5.4674,0
3155578.1,1,,39,39,0,50.0,1.0,16.8254,0,0.0,5.4571,0
3157578.1,1,,39,39,0,50.0,1.0,16.7254,0,0.0,5.4468,0
3159578.1,1,,39,39,0,50.0,1.0,16.6254,0,0.0,5.4365,0
3161578.1,1,,39,39,0,50.0,1.0,16.5254,0,0.0,5.4262,0
3163578.1,1,,39,39,0,50.0,1.0,16.4254,0,0.0,5.416,0
3165578.1,1,,39,39,0,50.0,1.0,16.3254,0,0.0,5.4057,0
3167578.1,1,,39,39,0,50.0,1.0,16.2254,0,0.0,5.3954,0
3169578.1,1,,39,39,0,50.0,1.0,16.1254,0,0.0,5.3851,0
3171578.1,1,,39,39,0,50.0,1.0,16.0254,0,0.0,5.3749,0
3173578.1,1,,39,39,0,50.0,1.0,15.9254,0,0.0,5.3646,0
3175578.1,1,,39,39,0,50.0,1.0,15.8254,0,0.0,5.3543,0
3177578.1,1,,39,39,0,50.0,1.0,15.7254,0,0.0,5.344,0
3179578.1,1,,39,39,0,50.0,1.0,15.6254,0,0.0,5.3337,0
3181578.1,1,,39,39,0,50.0,1.0,15.5254,0,0.0,5.3235,0
3182640.3,1,,39,39,0,50.0,1.0,15.4723,0,0.0,5.318,0
3183578.1,1,,38,38,0,50.0,1.0,15.4254,0,0.0,5.313,0
3185578.1,1,,38,38,0,50.0,1.0,15.3254,0,0.0,5.3024,0
3187578.1,1,,38,38,0,50.0,1.0,15.2254,0,0.0,5.2918,0
3189578.1,1,,38,38,0,50.0,1.0,15.1254,0,0.0,5.2811,0
3191578.1,1,,38,38,0,50.0,1.0,15.0254,0,0.0,5.2705,0
3193578.1,1,,38,38,0,50.0,1.0,14.9254,0,0.0,5.2599,0
3195578.1,1,,38,38,0,50.0,1.0,14.8254,0,0.0,5.2493,0
3197578.1,1,,38,38,0,50.0,1.0,14.7254,0,0.0,5.2386,0
3198622.5,1,,38,38,0,50.0,1.0,14.6732,0,0.0,5.2331,0
3199578.1,1,,36,36,0,50.0,1.0,14.6254,0,0.0,5.2277,0
3201578.1,1,,36,36,0,50.0,1.0,14.5254,0,0.0,5.2165,0
3203578.1,1,,36,36,0,50.0,1.0,14.4254,0,0.0,5.2052,0
3203611.8,1,,36,36,0,50.0,1.0,14.4237,0,0.0,5.205,0
3205578.1,1,,35,35,0,50.0,1.0,14.3254,0,0.0,5.1935,0
3207578.1,1,,35,35,0,50.0,1.0,14.2254,0,0.0,5.1818,0
3209578.1,1,,35,35,0,50.0,1.0,14.1254,0,0.0,5.1701,0
3211578.1,1,,35,35,0,50.0,1.0,14.0254,0,0.0,5.1584,0
3213251.4,1,,35,35,0,50.0,1.0,13.9417,0,0.0,5.1487,0
3213578.1,1,,34,34,0,50.0,1.0,13.9254,0,0.0,5.1467,0
3215080.6,1,,34,34,0,50.0,1.0,13.8503,0,0.0,5.1377,0
3215578.1,1,,33,33,0,50.0,1.0,13.8254,0,0.0,5.1346,0
3215807.7,1,,33,33,0,50.0,1.0,13.8139,0,0.0,5.1331,0
3216972.6,1,,32,32,0,50.0,1.0,13.7557,0,0.0,5.1257,0
3217046.7,1,,31,31,0,50.0,1.0,13.752,0,0.0,5.1252,0
3217578.1,1,,30,30,0,50.0,1.0,13.7254,0,0.0,5.1214,0
3219578.1,1,,30,30,0,50.0,1.0,13.6254,0,0.0,5.1073,0
3221578.1,1,,30,30,0,50.0,1.0,13.5254,0,0.0,5.0932,0
3222098.8,1,,30,30,0,50.0,1.0,13.4993,0,0.0,5.0895,0
3223578.1,1,,29,29,0,50.0,1.0,13.4254,0,0.0,5.0788,0
3224655.0,1,,29,29,0,50.0,1.0,13.3715,0,0.0,5.071,0
3225578.1,1,,28,28,0,50.0,1.0,13.3254,0,0.0,5.0641,0
3227578.1,1,,28,28,0,50.0,1.0,13.2254,0,0.0,5.0493,0
3229578.1,1,,28,28,0,50.0,1.0,13.1254,0,0.0,5.0345,0
3231578.1,1,,28,28,0,50.0,1.0,13.0254,0,0.0,5.0197,0
3233578.1,1,,28,28,0,50.0,1.0,12.9254,0,0.0,5.0049,0
3235206.0,1,,28,28,0,50.0,1.0,12.844,0,0.0,4.9928,0
3235578.1,1,,27,27,0,50.0,1.0,12.8254,0,0.0,4.9899,0
3237578.1,1,,27,27,0,50.0,1.0,12.7254,0,0.0,4.9747,0
3237616.5,1,,27,27,0,50.0,1.0,12.7235,0,0.0,4.9744,0
3239578.1,1,,26,26,0,50.0,1.0,12.6254,0,0.0,4.9588,0
3239793.5,1,,26,26,0,50.0,1.0,12.6146,0,0.0,4.9571,0
3241578.1,1,,25,25,0,50.0,1.0,12.5254,0,0.0,4.9424,0
3243578.1,1,,25,25,0,50.0,1.0,12.4254,0,0.0,4.926,0
3245578.1,1,,25,25,0,50.0,1.0,12.3254,0,0.0,4.9095,0
3247578.1,1,,25,25,0,50.0,1.0,12.2254,0,0.0,4.8931,0
3249578.1,1,,25,25,0,50.0,1.0,12.1254,0,0.0,4.8766,0
3251578.1,1,,25,25,0,50.0,1.0,12.0254,0,0.0,4.8601,0
3253578.1,1,,25,25,0,50.0,1.0,11.9254,0,0.0,4.8437,0
3255578.1,1,,25,25,0,50.0,1.0,11.8254,0,0.0,4.8272,0
3257578.1,1,,25,25,0,50.0,1.0,11.7254,0,0.0,4.8108,0
3258733.7,1,,25,25,0,50.0,1.0,11.6676,0,0.0,4.8013,0
3259578.1,1,,24,24,0,50.0,1.0,11.6254,0,0.0,4.7941,0
3261578.1,1,,24,24,0,50.0,1.0,11.5254,0,0.0,4.7772,0
3263321.3,1,,24,24,0,50.0,1.0,11.4382,0,0.0,4.7625,0
3263578.1,1,,23,23,0,50.0,1.0,11.4254,0,0.0,4.7602,0
3265578.1,1,,23,23,0,50.0,1.0,11.3254,0,0.0,4.7427,0
3267578.1,1,,23,23,0,50.0,1.0,11.2254,0,0.0,4.7252,0
3269578.1,1,,23,23,0,50.0,1.0,11.1254,0,0.0,4.7077,0
3271578.1,1,,23,23,0,50.0,1.0,11.0254,0,0.0,4.6902,0
3273578.1,1,,23,23,0,50.0,1.0,10.9254,0,0.0,4.6727,0
3275578.1,1,,23,23,0,50.0,1.0,10.8254,0,0.0,4.6552,0
3277578.1,1,,23,23,0,50.0,1.0,10.7254,0,0.0,4.6377,0
3279578.1,1,,23,23,0,50.0,1.0,10.6254,0,0.0,4.6202,0
3281578.1,1,,23,23,0,50.0,1.0,10.5254,0,0.0,4.6027,0
3283578.1,1,,23,23,0,50.0,1.0,10.4254,0,0.0,4.5852,0
3285578.1,1,,23,23,0,50.0,1.0,10.3254,0,0.0,4.5677,0
3285859.5,1,,23,23,0,50.0,1.0,10.3113,0,0.0,4.5653,0
3287578.1,1,,22,22,0,50.0,1.0,10.2254,0,0.0,4.5492,0
3289578.1,1,,22,22,0,50.0,1.0,10.1254,0,0.0,4.5304,0
3291578.1,1,,22,22,0,50.0,1.0,10.0254,0,0.0,4.5117,0
3292812.5,1,,22,22,0,50.0,1.0,9.9637,0,0.0,4.5001,0
3293578.1,1,,21,21,0,50.0,1.0,9.9254,0,0.0,4.4926,0
3295578.1,1,,21,21,0,50.0,1.0,9.8254,0,0.0,4.473,0
3297578.1,1,,21,21,0,50.0,1.0,9.7254,0,0.0,4.4534,0
3299578.1,1,,21,21,0,50.0,1.0,9.6254,0,0.0,4.4338,0
3301578.1,1,,21,21,0,50.0,1.0,9.5254,0,0.0,4.4143,0
3303578.1,1,,21,21,0,50.0,1.0,9.4254,0,0.0,4.3947,0
3305578.1,1,,21,21,0,50.0,1.0,9.3254,0,0.0,4.3751,0
3306429.3,1,,21,21,0,50.0,1.0,9.2828,0,0.0,4.3668,0
3307578.1,1,,20,20,0,50.0,1.0,9.2254,0,0.0,4.355,0
3309578.1,1,,20,20,0,50.0,1.0,9.1254,0,0.0,4.3346,0
3311578.1,1,,20,20,0,50.0,1.0,9.0254,0,0.0,4.3142,0
3313578.1,1,,20,20,0,50.0,1.0,8.9254,0,0.0,4.2938,0
3314504.5,1,,20,20,0,50.0,1.0,8.8791,0,0.0,4.2843,0
3315578.1,1,,19,19,0,50.0,1.0,8.8254,0,0.0,4.2729,0
3317578.1,1,,19,19,0,50.0,1.0,8.7254,0,0.0,4.2517,0
3319578.1,1,,19,19,0,50.0,1.0,8.6254,0,0.0,4.2304,0
3321578.1,1,,19,19,0,50.0,1.0,8.5254,0,0.0,4.2092,0
3323578.1,1,,19,19,0,50.0,1.0,8.4254,0,0.0,4.1879,0
3325578.1,1,,19,19,0,50.0,1.0,8.3254,0,0.0,4.1667,0
3327578.1,1,,19,19,0,50.0,1.0,8.2254,0,0.0,4.1454,0
3329578.1,1,,19,19,0,50.0,1.0,8.1254,0,0.0,4.1242,0
3331578.1,1,,19,19,0,50.0,1.0,8.0254,0,0.0,4.1029,0
3333578.1,1,,19,19,0,50.0,1.0,7.9254,0,0.0,4.0817,0
3335578.1,1,,19,19,0,50.0,1.0,7.8254,0,0.0,4.0604,0
3337578.1,1,,19,19,0,50.0,1.0,7.7254,0,0.0,4.0392,0
3339578.1,1,,19,19,0,50.0,1.0,7.6254,0,0.0,4.0179,0
3340909.7,1,,19,19,0,50.0,1.0,7.5588,0,0.0,4.0038,0
3341578.1,1,,17,17,0,50.0,1.0,7.5254,0,0.0,3.9957,0
3343578.1,1,,17,17,0,50.0,1.0,7.4254,0,0.0,3.9714,0
3345578.1,1,,17,17,0,50.0,1.0,7.3254,0,0.0,3.9471,0
3347578.1,1,,17,17,0,50.0,1.0,7.2254,0,0.0,3.9228,0
3349578.1,1,,17,17,0,50.0,1.0,7.1254,0,0.0,3.8985,0
3351578.1,1,,17,17,0,50.0,1.0,7.0254,0,0.0,3.8742,0
3353578.1,1,,17,17,0,50.0,1.0,6.9254,0,0.0,3.8499,0
3355578.1,1,,17,17,0,50.0,1.0,6.8254,0,0.0,3.8257,0
3357578.1,1,,17,17,0,50.0,1.0,6.7254,0,0.0,3.8014,0
3359035.8,1,,17,17,0,50.0,1.0,6.6525,0,0.0,3.7837,0
3359578.1,1,,16,16,0,50.0,1.0,6.6254,0,0.0,3.7767,0
3361578.1,1,,16,16,0,50.0,1.0,6.5254,0,0.0,3.751,0
3363578.1,1,,16,16,0,50.0,1.0,6.4254,0,0.0,3.7253,0
3365578.1,1,,16,16,0,50.0,1.0,6.3254,0,0.0,3.6995,0
3367578.1,1,,16,16,0,50.0,1.0,6.2254,0,0.0,3.6738,0
3369578.1,1,,16,16,0,50.0,1.0,6.1254,0,0.0,3.6481,0
3371578.1,1,,16,16,0,50.0,1.0,6.0254,0,0.0,3.6224,0
3373578.1,1,,16,16,0,50.0,1.0,5.9254,0,0.0,3.5967,0
3375578.1,1,,16,16,0,50.0,1.0,5.8254,0,0.0,3.571,0
3377578.1,1,,16,16,0,50.0,1.0,5.7254,0,0.0,3.5453,0
3379578.1,1,,16,16,0,50.0,1.0,5.6254,0,0.0,3.5195,0
3381578.1,1,,16,16,0,50.0,1.0,5.5254,0,0.0,3.4938,0
3383578.1,1,,16,16,0,50.0,1.0,5.4254,0,0.0,3.4681,0
3385578.1,1,,16,16,0,50.0,1.0,5.3254,0,0.0,3.4424,0
3386720.1,1,,16,16,0,50.0,1.0,5.2683,0,0.0,3.4277,0
3387578.1,1,,15,15,0,50.0,1.0,5.2254,0,0.0,3.4161,0
3389578.1,1,,15,15,0,50.0,1.0,5.1254,0,0.0,3.3889,0
3391578.1,1,,15,15,0,50.0,1.0,5.0254,0,0.0,3.3618,0
3393578.1,1,,15,15,0,50.0,1.0,4.9254,0,0.0,3.3347,0
3395219.6,1,,15,15,0,50.0,1.0,4.8433,0,0.0,3.3124,0
3395578.1,1,,14,14,0,50.0,1.0,4.8254,0,0.0,3.3073,0
3397578.1,1,,14,14,0,50.0,1.0,4.7254,0,0.0,3.2787,0
3399578.1,1,,14,14,0,50.0,1.0,4.6254,0,0.0,3.2501,0
3401578.1,1,,14,14,0,50.0,1.0,4.5254,0,0.0,3.2215,0
3403578.1,1,,14,14,0,50.0,1.0,4.4254,0,0.0,3.193,0
3405135.0,1,,14,14,0,50.0,1.0,4.3475,0,0.0,3.1707,0
3405578.1,1,,13,13,0,50.0,1.0,4.3254,0,0.0,3.1639,0
3407578.1,1,,13,13,0,50.0,1.0,4.2254,0,0.0,3.1331,0
3409578.1,1,,13,13,0,50.0,1.0,4.1254,0,0.0,3.1024,0
3411578.1,1,,13,13,0,50.0,1.0,4.0254,0,0.0,3.0716,0
3413578.1,1,,13,13,0,50.0,1.0,3.9254,0,0.0,3.0408,0
3415578.1,1,,13,13,0,50.0,1.0,3.8254,0,0.0,3.0101,0
3417578.1,1,,13,13,0,50.0,1.0,3.7254,0,0.0,2.9793,0
3418771.5,1,,13,13,0,50.0,1.0,3.6657,0,0.0,2.9609,0
3418915.5,1,,12,12,0,50.0,1.0,3.6585,0,0.0,2.9587,0
3419578.1,1,,11,11,0,50.0,1.0,3.6254,0,0.0,2.9479,0
3421578.1,1,,11,11,0,50.0,1.0,3.5254,0,0.0,2.9155,0
3423578.1,1,,11,11,0,50.0,1.0,3.4254,0,0.0,2.883,0
3424219.8,1,,11,11,0,50.0,1.0,3.3933,0,0.0,2.8726,0
3425266.0,1,,10,10,0,50.0,1.0,3.341,0,0.0,2.8536,0
3425441.0,1,,9,9,0,50.0,1.0,3.3322,0,0.0,2.8503,0
3425578.1,1,,8,8,0,50.0,1.0,3.3254,0,0.0,2.8474,0
3427578.1,1,,8,8,0,50.0,1.0,3.2254,0,0.0,2.8045,0
3429578.1,1,,8,8,0,50.0,1.0,3.1254,0,0.0,2.7617,0
3431578.1,1,,8,8,0,50.0,1.0,3.0254,0,0.0,2.7188,0
3431595.7,1,,8,8,0,50.0,1.0,3.0245,0,0.0,2.7185,0
3433578.1,1,,7,7,0,50.0,1.0,2.9254,0,0.0,2.6689,0
3435578.1,1,,7,7,0,50.0,1.0,2.8254,0,0.0,2.6189,0
3435750.1,1,,7,7,0,50.0,1.0,2.8168,0,0.0,2.6146,0
3437578.1,1,,6,6,0,50.0,1.0,2.7254,0,0.0,2.5689,0
3439578.1,1,,6,6,0,50.0,1.0,2.6254,0,0.0,2.5189,0
3441578.1,1,,6,6,0,50.0,1.0,2.5254,0,0.0,2.4689,0
3441915.3,1,,6,6,0,50.0,1.0,2.5085,0,0.0,2.4605,0
3443578.1,1,,5,5,0,50.0,1.0,2.4254,0,0.0,2.405,0
3444798.8,1,,5,5,0,50.0,1.0,2.3643,0,0.0,2.3643,0
3445578.1,1,,4,4,0,50.0,1.0,2.3254,0,0.0,2.3254,0
3447578.1,1,,4,4,0,50.0,1.0,2.2254,0,0.0,2.2254,0
3449578.1,1,,4,4,0,50.0,1.0,2.1254,0,0.0,2.1254,0
3451578.1,1,,4,4,0,50.0,1.0,2.0254,0,0.0,2.0254,0
3453578.1,1,,4,4,0,50.0,1.0,1.9254,0,0.0,1.9254,0
3455578.1,1,,4,4,0,50.0,1.0,1.8254,0,0.0,1.8254,0
3457578.1,1,,4,4,0,50.0,1.0,1.7254,0,0.0,1.7254,0
3459578.1,1,,4,4,0,50.0,1.0,1.6254,0,0.0,1.6254,0
3461578.1,1,,4,4,0,50.0,1.0,1.5254,0,0.0,1.5254,0
3463578.1,1,,4,4,0,50.0,1.0,1.4254,0,0.0,1.4254,0
3463733.0,1,,4,4,0,50.0,1.0,1.4176,0,0.0,1.4176,0
3465578.1,1,,3,3,0,50.0,1.0,1.3254,0,0.0,1.3254,0
3467578.1,1,,3,3,0,50.0,1.0,1.2254,0,0.0,1.2254,0
3469578.1,1,,3,3,0,50.0,1.0,1.1254,0,0.0,1.1254,0
3471578.1,1,,3,3,0,50.0,1.0,1.0254,0,0.0,1.0254,0
3473578.1,1,,3,3,0,50.0,1.0,0.9254,0,0.0,0.9254,0
3475578.1,1,,3,3,0,50.0,1.0,0.8254,0,0.0,0.8254,0
3477578.1,1,,3,3,0,50.0,1.0,0.7254,0,0.0,0.7254,0
3479578.1,1,,3,3,0,50.0,1.0,0.6254,0,0.0,0.6254,0
3481578.1,1,,3,3,0,50.0,1.0,0.5254,0,0.0,0.5254,0
3483578.1,1,,3,3,0,50.0,1.0,0.4254,0,0.0,0.4254,0
3485578.1,1,,3,3,0,50.0,1.0,0.3254,0,0.0,0.3254,0
3485803.4,1,,3,3,0,50.0,1.0,0.3141,0,0.0,0.3141,0
3487578.1,1,,2,2,0,50.0,1.0,0.2254,0,0.0,0.2254,0
3489430.7,1,,2,2,0,50.0,1.0,0.1328,0,0.0,0.1328,0
3489578.1,1,,1,1,0,50.0,1.0,0.1254,0,0.0,0.1254,0
3491578.1,1,,1,1,0,50.0,1.0,0.0254,0,0.0,0.0254,0
3492085.8,1,,1,1,0,50.0,1.0,0.0,0,0.0,0.0,0
3493578.1,2,,124,64,0,50.0,1.0,85.2205,0,0.0,41.8272,0
3495578.1,2,,124,64,0,50.0,1.0,85.1205,0,0.0,41.5732,0
3497578.1,2,,124,64,0,50.0,1.0,85.0205,0,0.0,41.3192,0
3499578.1,2,,124,64,0,50.0,1.0,84.9205,0,0.0,41.0651,0
3501578.1,2,,124,64,0,50.0,1.0,84.8205,0,0.0,40.8111,0
3503578.1,2,,124,64,0,50.0,1.0,84.7205,0,0.0,40.5571,0
3505578.1,2,,124,64,0,50.0,1.0,84.6205,0,0.0,40.303,0
3507578.1,2,,124,64,0,50.0,1.0,84.5205,0,0.0,40.049,0
3509578.1,2,,124,64,0,50.0,1.0,84.4205,0,0.0,39.795,0
3511578.1,2,,124,64,0,50.0,1.0,84.3205,0,0.0,39.5409,0
3513578.1,2,,124,64,0,50.0,1.0,84.2205,0,0.0,39.2869,0
3515578.1,2,,124,64,0,50.0,1.0,84.1205,0,0.0,39.0329,0
3517578.1,2,,124,64,0,50.0,1.0,84.0205,0,0.0,38.7788,0
3519578.1,2,,124,64,0,50.0,1.0,83.9205,0,0.0,38.5248,0
3521578.1,2,,124,64,0,50.0,1.0,83.8205,0,0.0,38.2708,0
3523578.1,2,,124,64,0,50.0,1.0,83.7205,0,0.0,38.0167,0
3525578.1,2,,124,64,0,50.0,1.0,83.6205,0,0.0,37.7627,0
3527578.1,2,,124,64,0,50.0,1.0,83.5205,0,0.0,37.5087,0
3529578.1,2,,124,64,0,50.0,1.0,83.4205,0,0.0,37.2546,0
3531578.1,2,,124,64,0,50.0,1.0,83.3205,0,0.0,37.0006,0
3533578.1,2,,124,64,0,50.0,1.0,83.2205,0,0.0,36.7466,0
3535578.1,2,,124,64,0,50.0,1.0,83.1205,0,0.0,36.4925,0
3537578.1,2,,124,64,0,50.0,1.0,83.0205,0,0.0,36.2385,0
3539578.1,2,,124,64,0,50.0,1.0,82.9205,0,0.0,35.9845,0
3541578.1,2,,124,64,0,50.0,1.0,82.8205,0,0.0,35.7304,0
3541747.5,2,,124,64,0,50.0,1.0,82.812,0,0.0,35.7089,0
3543578.1,2,,123,64,0,50.0,1.0,82.7205,0,0.0,35.4963,0
3545578.1,2,,123,64,0,50.0,1.0,82.6205,0,0.0,35.264,0
3546544.4,2,,123,64,0,50.0,1.0,82.5722,0,0.0,35.1518,0
3547578.1,2,,122,64,0,50.0,1.0,82.5205,0,0.0,35.0319,0
3547955.2,2,,122,64,0,50.0,1.0,82.5016,0,0.0,34.9881,0
3548237.4,2,,121,64,0,50.0,1.0,82.4875,0,0.0,34.9554,0
3549578.1,2,,120,64,0,50.0,1.0,82.4205,0,0.0,34.8001,0
3549666.4,2,,120,64,0,50.0,1.0,82.4161,0,0.0,34.7898,0
3551459.6,2,,119,64,0,50.0,1.0,82.3264,0,0.0,34.603,0
3551578.1,2,,118,64,0,50.0,1.0,82.3205,0,0.0,34.5907,0
3552333.4,2,,118,64,0,50.0,1.0,82.2827,0,0.0,34.512,0
3553578.1,2,,116,64,0,50.0,1.0,82.2205,0,0.0,34.3828,0
3555578.1,2,,116,64,0,50.0,1.0,82.1205,0,0.0,34.175,0
3556147.2,2,,116,64,0,50.0,1.0,82.092,0,0.0,34.1159,0
3556474.9,2,,115,64,0,50.0,1.0,82.0756,0,0.0,34.0819,0
3557578.1,2,,114,64,0,50.0,1.0,82.0205,0,0.0,33.9675,0
3559578.1,2,,114,64,0,50.0,1.0,81.9205,0,0.0,33.7602,0
3561578.1,2,,114,64,0,50.0,1.0,81.8205,0,0.0,33.5529,0
3563578.1,2,,114,64,0,50.0,1.0,81.7205,0,0.0,33.3456,0
3565578.1,2,,114,64,0,50.0,1.0,81.6205,0,0.0,33.1383,0
3567578.1,2,,114,64,0,50.0,1.0,81.5205,0,0.0,32.9309,0
3569578.1,2,,114,64,0,50.0,1.0,81.4205,0,0.0,32.7236,0
3571578.1,2,,114,64,0,50.0,1.0,81.3205,0,0.0,32.5163,0
3573578.1,2,,114,64,0,50.0,1.0,81.2205,0,0.0,32.309,0
3575578.1,2,,114,64,0,50.0,1.0,81.1205,0,0.0,32.1017,0
3575944.5,2,,114,64,0,50.0,1.0,81.1022,0,0.0,32.0637,0
3577578.1,2,,113,64,0,50.0,1.0,81.0205,0,0.0,31.8945,0
3578438.5,2,,113,64,0,50.0,1.0,80.9775,0,0.0,31.8054,0
3579578.1,2,,112,64,0,50.0,1.0,80.9205,0,0.0,31.7016,0
3581578.1,2,,112,64,0,50.0,1.0,80.8205,0,0.0,31.5195,0
3582725.7,2,,112,64,0,50.0,1.0,80.7631,0,0.0,31.415,0
3583578.1,2,,111,64,0,50.0,1.0,80.7205,0,0.0,31.3374,0
3584191.1,2,,111,64,0,50.0,1.0,80.6898,0,0.0,31.2817,0
3585578.1,2,,110,64,0,50.0,1.0,80.6205,0,0.0,31.1557,0
3587578.1,2,,110,64,0,50.0,1.0,80.5205,0,0.0,30.974,0
3589197.4,2,,110,64,0,50.0,1.0,80.4395,0,0.0,30.8269,0
3589578.1,2,,109,64,0,50.0,1.0,80.4205,0,0.0,30.7923,0
3589607.0,2,,109,64,0,50.0,1.0,80.419,0,0.0,30.7897,0
3591578.1,2,,108,64,0,50.0,1.0,80.3205,0,0.0,30.6111,0
3593578.1,2,,108,64,0,50.0,1.0,80.2205,0,0.0,30.4299,0
3593630.2,2,,108,64,0,50.0,1.0,80.2179,0,0.0,30.4252,0
3593985.1,2,,107,64,0,50.0,1.0,80.2001,0,0.0,30.393,0
3594267.3,2,,106,64,0,50.0,1.0,80.186,0,0.0,30.3713,0
3594849.8,2,,105,64,0,50.0,1.0,80.1569,0,0.0,30.3265,0
3595459.7,2,,104,64,0,50.0,1.0,80.1264,0,0.0,30.2796,0
3595578.1,2,,103,64,0,50.0,1.0,80.1205,0,0.0,30.2722,0
3597578.1,2,,103,64,0,50.0,1.0,80.0205,0,0.0,30.1475,0
3599578.1,2,,103,64,0,50.0,1.0,79.9205,0,0.0,30.0227,0
3601578.1,2,,103,64,0,50.0,1.0,79.8205,0,0.0,29.898,0
3603578.1,2,,103,64,0,50.0,1.0,79.7205,0,0.0,29.7732,0
3604316.2,2,,103,64,0,50.0,1.0,79.6836,0,0.0,29.7272,0
3605578.1,2,,102,64,0,50.0,1.0,79.6205,0,0.0,29.6486,0
3606346.0,2,,102,64,0,50.0,1.0,79.5821,0,0.0,29.6008,0
3607578.1,2,,101,64,0,50.0,1.0,79.5205,0,0.0,29.5434,0
3608184.6,2,,101,64,0,50.0,1.0,79.4902,0,0.0,29.5151,0
3608876.4,2,,100,64,0,50.0,1.0,79.4556,0,0.0,29.4829,0
3608940.1,2,,99,64,0,50.0,1.0,79.4524,0,0.0,29.48,0
3609578.1,2,,98,64,0,50.0,1.0,79.4205,0,0.0,29.4505,0
3611578.1,2,,98,64,0,50.0,1.0,79.3205,0,0.0,29.358,0
3613578.1,2,,98,64,0,50.0,1.0,79.2205,0,0.0,29.2655,0
3615578.1,2,,98,64,0,50.0,1.0,79.1205,0,0.0,29.173,0
3616221.9,2,,98,64,0,50.0,1.0,79.0883,0,0.0,29.1432,0
3617578.1,2,,97,64,0,50.0,1.0,79.0205,0,0.0,29.0807,0
3619578.1,2,,97,64,0,50.0,1.0,78.9205,0,0.0,28.9884,0
3621578.1,2,,97,64,0,50.0,1.0,78.8205,0,0.0,28.8962,0
3623578.1,2,,97,64,0,50.0,1.0,78.7205,0,0.0,28.8039,0
3625578.1,2,,97,64,0,50.0,1.0,78.6205,0,0.0,28.73,0
3626143.3,2,,97,64,0,50.0,1.0,78.5922,0,0.0,28.7135,0
3627578.1,2,,96,64,0,50.0,1.0,78.5205,0,0.0,28.6716,0
3629578.1,2,,96,64,0,50.0,1.0,78.4205,0,0.0,28.6133,0
3631578.1,2,,96,64,0,50.0,1.0,78.3205,0,0.0,28.555,0
3633578.1,2,,96,64,0,50.0,1.0,78.2205,0,0.0,28.4966,0
3635578.1,2,,96,64,0,50.0,1.0,78.1205,0,0.0,28.4383,0
3637578.1,2,,96,64,0,50.0,1.0,78.0205,0,0.0,28.38,0
3639578.1,2,,96,64,0,50.0,1.0,77.9205,0,0.0,28.3216,0
3641578.1,2,,96,64,0,50.0,1.0,77.8205,0,0.0,28.2633,0
3643578.1,2,,96,64,0,50.0,1.0,77.7205,0,0.0,28.205,0
3645578.1,2,,96,64,0,50.0,1.0,77.6205,0,0.0,28.1466,0
3647578.1,2,,96,64,0,50.0,1.0,77.5205,0,0.0,28.0883,0
3649578.1,2,,96,64,0,50.0,1.0,77.4205,0,0.0,28.03,0
3651578.1,2,,96,64,0,50.0,1.0,77.3205,0,0.0,27.9716,0
3653578.1,2,,96,64,0,50.0,1.0,77.2205,0,0.0,27.9133,0
3655578.1,2,,96,64,0,50.0,1.0,77.1205,0,0.0,27.855,0
3657578.1,2,,96,64,0,50.0,1.0,77.0205,0,0.0,27.7966,0
3659578.1,2,,96,64,0,50.0,1.0,76.9205,0,0.0,27.7383,0
3661578.1,2,,96,64,0,50.0,1.0,76.8205,0,0.0,27.68,0
3663578.1,2,,96,64,0,50.0,1.0,76.7205,0,0.0,27.6216,0
3665578.1,2,,96,64,0,50.0,1.0,76.6205,0,0.0,27.5633,0
3667578.1,2,,96,64,0,50.0,1.0,76.5205,0,0.0,27.505,0
3669578.1,2,,96,64,0,50.0,1.0,76.4205,0,0.0,27.4466,0
3671578.1,2,,96,64,0,50.0,1.0,76.3205,0,0.0,27.3883,0
3673578.1,2,,96,64,0,50.0,1.0,76.2205,0,0.0,27.33,0
3675578.1,2,,96,64,0,50.0,1.0,76.1205,0,0.0,27.2716,0
3677578.1,2,,96,64,0,50.0,1.0,76.0205,0,0.0,27.2133,0
3679578.1,2,,96,64,0,50.0,1.0,75.9205,0,0.0,27.155,0
3681578.1,2,,96,64,0,50.0,1.0,75.8205,0,0.0,27.0966,0
3683578.1,2,,96,64,0,50.0,1.0,75.7205,0,0.0,27.0383,0
3685578.1,2,,96,64,0,50.0,1.0,75.6205,0,0.0,26.98,0
3687578.1,2,,96,64,0,50.0,1.0,75.5205,0,0.0,26.9216,0
3689578.1,2,,96,64,0,50.0,1.0,75.4205,0,0.0,26.8633,0
3691578.1,2,,96,64,0,50.0,1.0,75.3205,0,0.0,26.805,0
3693578.1,2,,96,64,0,50.0,1.0,75.2205,0,0.0,26.7466,0
3695578.1,2,,96,64,0,50.0,1.0,75.1205,0,0.0,26.6883,0
3697578.1,2,,96,64,0,50.0,1.0,75.0205,0,0.0,26.63,0
3699578.1,2,,96,64,0,50.0,1.0,74.9205,0,0.0,26.5716,0
3701578.1,2,,96,64,0,50.0,1.0,74.8205,0,0.0,26.5133,0
3703578.1,2,,96,64,0,50.0,1.0,74.7205,0,0.0,26.455,0
3705578.1,2,,96,64,0,50.0,1.0,74.6205,0,0.0,26.3966,0
3707578.1,2,,96,64,0,50.0,1.0,74.5205,0,0.0,26.3383,0
3709578.1,2,,96,64,0,50.0,1.0,74.4205,0,0.0,26.28,0
3711578.1,2,,96,64,0,50.0,1.0,74.3205,0,0.0,26.2216,0
3713578.1,2,,96,64,0,50.0,1.0,74.2205,0,0.0,26.1633,0
3715578.1,2,,96,64,0,50.0,1.0,74.1205,0,0.0,26.105,0
3717578.1,2,,96,64,0,50.0,1.0,74.0205,0,0.0,26.0466,0
3719578.1,2,,96,64,0,50.0,1.0,73.9205,0,0.0,25.9883,0
3721578.1,2,,96,64,0,50.0,1.0,73.8205,0,0.0,25.93,0
3723578.1,2,,96,64,0,50.0,1.0,73.7205,0,0.0,25.8716,0
3725578.1,2,,96,64,0,50.0,1.0,73.6205,0,0.0,25.8133,0
3727578.1,2,,96,64,0,50.0,1.0,73.5205,0,0.0,25.755,0
3729578.1,2,,96,64,0,50.0,1.0,73.4205,0,0.0,25.6966,0
3731578.1,2,,96,64,0,50.0,1.0,73.3205,0,0.0,25.6383,0
3733578.1,2,,96,64,0,50.0,1.0,73.2205,0,0.0,25.58,0
3735578.1,2,,96,64,0,50.0,1.0,73.1205,0,0.0,25.5216,0
3737578.1,2,,96,64,0,50.0,1.0,73.0205,0,0.0,25.4633,0
3739578.1,2,,96,64,0,50.0,1.0,72.9205,0,0.0,25.405,0
3741578.1,2,,96,64,0,50.0,1.0,72.8205,0,0.0,25.3466,0
3743578.1,2,,96,64,0,50.0,1.0,72.7205,0,0.0,25.2883,0
3745578.1,2,,96,64,0,50.0,1.0,72.6205,0,0.0,25.23,0
3747578.1,2,,96,64,0,50.0,1.0,72.5205,0,0.0,25.1716,0
3749578.1,2,,96,64,0,50.0,1.0,72.4205,0,0.0,25.1133,0
3751578.1,2,,96,64,0,50.0,1.0,72.3205,0,0.0,25.055,0
3753578.1,2,,96,64,0,50.0,1.0,72.2205,0,0.0,24.9966,0
3755578.1,2,,96,64,0,50.0,1.0,72.1205,0,0.0,24.9383,0
3757578.1,2,,96,64,0,50.0,1.0,72.0205,0,0.0,24.88,0
3759578.1,2,,96,64,0,50.0,1.0,71.9205,0,0.0,24.8216,0
3761578.1,2,,96,64,0,50.0,1.0,71.8205,0,0.0,24.7633,0
3763578.1,2,,96,64,0,50.0,1.0,71.7205,0,0.0,24.705,0
3765578.1,2,,96,64,0,50.0,1.0,71.6205,0,0.0,24.6466,0
3767578.1,2,,96,64,0,50.0,1.0,71.5205,0,0.0,24.5883,0
3769578.1,2,,96,64,0,50.0,1.0,71.4205,0,0.0,24.53,0
3771578.1,2,,96,64,0,50.0,1.0,71.3205,0,0.0,24.4716,0
3773578.1,2,,96,64,0,50.0,1.0,71.2205,0,0.0,24.4133,0
3775578.1,2,,96,64,0,50.0,1.0,71.1205,0,0.0,24.355,0
3777578.1,2,,96,64,0,50.0,1.0,71.0205,0,0.0,24.2966,0
3779578.1,2,,96,64,0,50.0,1.0,70.9205,0,0.0,24.2383,0
3781578.1,2,,96,64,0,50.0,1.0,70.8205,0,0.0,24.18,0
3783578.1,2,,96,64,0,50.0,1.0,70.7205,0,0.0,24.1216,0
3785578.1,2,,96,64,0,50.0,1.0,70.6205,0,0.0,24.0633,0
3787578.1,2,,96,64,0,50.0,1.0,70.5205,0,0.0,24.005,0
3789578.1,2,,96,64,0,50.0,1.0,70.4205,0,0.0,23.9466,0
3791578.1,2,,96,64,0,50.0,1.0,70.3205,0,0.0,23.8883,0
3793578.1,2,,96,64,0,50.0,1.0,70.2205,0,0.0,23.83,0
3795578.1,2,,96,64,0,50.0,1.0,70.1205,0,0.0,23.7716,0
3797578.1,2,,96,64,0,50.0,1.0,70.0205,0,0.0,23.7133,0
3799578.1,2,,96,64,0,50.0,1.0,69.9205,0,0.0,23.655,0
3801578.1,2,,96,64,0,50.0,1.0,69.8205,0,0.0,23.5966,0
3803578.1,2,,96,64,0,50.0,1.0,69.7205,0,0.0,23.5383,0
3805578.1,2,,96,64,0,50.0,1.0,69.6205,0,0.0,23.48,0
3807578.1,2,,96,64,0,50.0,1.0,69.5205,0,0.0,23.4216,0
3809578.1,2,,96,64,0,50.0,1.0,69.4205,0,0.0,23.3633,0
3810736.4,2,,96,64,0,50.0,1.0,69.3626,0,0.0,23.3295,0
3811578.1,2,,95,64,0,50.0,1.0,69.3205,0,0.0,23.3051,0
3813578.1,2,,95,64,0,50.0,1.0,69.2205,0,0.0,23.247,0
3815578.1,2,,95,64,0,50.0,1.0,69.1205,0,0.0,23.1889,0
3817578.1,2,,95,64,0,50.0,1.0,69.0205,0,0.0,23.1309,0
3819578.1,2,,95,64,0,50.0,1.0,68.9205,0,0.0,23.0728,0
3821578.1,2,,95,64,0,50.0,1.0,68.8205,0,0.0,23.0147,0
3823578.1,2,,95,64,0,50.0,1.0,68.7205,0,0.0,22.9567,0
3825578.1,2,,95,64,0,50.0,1.0,68.6205,0,0.0,22.8986,0
3827578.1,2,,95,64,0,50.0,1.0,68.5205,0,0.0,22.8405,0
3829578.1,2,,95,64,0,50.0,1.0,68.4205,0,0.0,22.7825,0
3831578.1,2,,95,64,0,50.0,1.0,68.3205,0,0.0,22.7244,0
3833578.1,2,,95,64,0,50.0,1.0,68.2205,0,0.0,22.6664,0
3835578.1,2,,95,64,0,50.0,1.0,68.1205,0,0.0,22.6083,0
3837078.2,2,,95,64,0,50.0,1.0,68.0455,0,0.0,22.5647,0
3837578.1,2,,94,64,0,50.0,1.0,68.0205,0,0.0,22.5503,0
3839578.1,2,,94,64,0,50.0,1.0,67.9205,0,0.0,22.4925,0
3841578.1,2,,94,64,0,50.0,1.0,67.8205,0,0.0,22.435,0
3843578.1,2,,94,64,0,50.0,1.0,67.7205,0,0.0,22.379,0
3845578.1,2,,94,64,0,50.0,1.0,67.6205,0,0.0,22.3231,0
3847578.1,2,,94,64,0,50.0,1.0,67.5205,0,0.0,22.2671,0
3849357.1,2,,94,64,0,50.0,1.0,67.4315,0,0.0,22.2173,0
3849578.1,2,,93,64,0,50.0,1.0,67.4205,0,0.0,22.2112,0
3851578.1,2,,93,64,0,50.0,1.0,67.3205,0,0.0,22.1555,0
3853578.1,2,,93,64,0,50.0,1.0,67.2205,0,0.0,22.0998,0
3855578.1,2,,93,64,0,50.0,1.0,67.1205,0,0.0,22.0441,0
3857578.1,2,,93,64,0,50.0,1.0,67.0205,0,0.0,21.9884,0
3859578.1,2,,93,64,0,50.0,1.0,66.9205,0,0.0,21.9327,0
3861578.1,2,,93,64,0,50.0,1.0,66.8205,0,0.0,21.877,0
3863578.1,2,,93,64,0,50.0,1.0,66.7205,0,0.0,21.8213,0
3865578.1,2,,93,64,0,50.0,1.0,66.6205,0,0.0,21.7656,0
3867578.1,2,,93,64,0,50.0,1.0,66.5205,0,0.0,21.7099,0
3869578.1,2,,93,64,0,50.0,1.0,66.4205,0,0.0,21.6542,0
3871457.3,2,,93,64,0,50.0,1.0,66.3265,0,0.0,21.6018,0
3871578.1,2,,92,64,0,50.0,1.0,66.3205,0,0.0,21.5985,0
3873578.1,2,,92,64,0,50.0,1.0,66.2205,0,0.0,21.5431,0
3875578.1,2,,92,64,0,50.0,1.0,66.1205,0,0.0,21.4876,0
3877578.1,2,,92,64,0,50.0,1.0,66.0205,0,0.0,21.4322,0
3879578.1,2,,92,64,0,50.0,1.0,65.9205,0,0.0,21.3768,0
3881578.1,2,,92,64,0,50.0,1.0,65.8205,0,0.0,21.3213,0
3883578.1,2,,92,64,0,50.0,1.0,65.7205,0,0.0,21.2659,0
3885578.1,2,,92,64,0,50.0,1.0,65.6205,0,0.0,21.2105,0
3887578.1,2,,92,64,0,50.0,1.0,65.5205,0,0.0,21.155,0
3889578.1,2,,92,64,0,50.0,1.0,65.4205,0,0.0,21.0996,0
3891578.1,2,,92,64,0,50.0,1.0,65.3205,0,0.0,21.0441,0
3893578.1,2,,92,64,0,50.0,1.0,65.2205,0,0.0,20.9887,0
3895578.1,2,,92,64,0,50.0,1.0,65.1205,0,0.0,20.9333,0
3897578.1,2,,92,64,0,50.0,1.0,65.0205,0,0.0,20.8778,0
3899578.1,2,,92,64,0,50.0,1.0,64.9205,0,0.0,20.8224,0
3901578.1,2,,92,64,0,50.0,1.0,64.8205,0,0.0,20.767,0
3903578.1,2,,92,64,0,50.0,1.0,64.7205,0,0.0,20.7115,0
3905578.1,2,,92,64,0,50.0,1.0,64.6205,0,0.0,20.6561,0
3907578.1,2,,92,64,0,50.0,1.0,64.5205,0,0.0,20.6007,0
3909578.1,2,,92,64,0,50.0,1.0,64.4205,0,0.0,20.5452,0
3911578.1,2,,92,64,0,50.0,1.0,64.3205,0,0.0,20.4898,0
3913578.1,2,,92,64,0,50.0,1.0,64.2205,0,0.0,20.4344,0
3915578.1,2,,92,64,0,50.0,1.0,64.1205,0,0.0,20.3789,0
3917578.1,2,,92,64,0,50.0,1.0,64.0205,0,0.0,20.3235,0
3919578.1,2,,92,64,0,50.0,1.0,63.9205,0,0.0,20.2681,0
3921578.1,2,,92,64,0,50.0,1.0,63.8205,0,0.0,20.2126,0
3923578.1,2,,92,64,0,50.0,1.0,63.7205,0,0.0,20.1572,0
3925578.1,2,,92,64,0,50.0,1.0,63.6205,0,0.0,20.1018,0
3927578.1,2,,92,64,0,50.0,1.0,63.5205,0,0.0,20.0463,0
3929578.1,2,,92,64,0,50.0,1.0,63.4205,0,0.0,19.9909,0
3931578.1,2,,92,64,0,50.0,1.0,63.3205,0,0.0,19.9355,0
3933578.1,2,,92,64,0,50.0,1.0,63.2205,0,0.0,19.88,0
3935578.1,2,,92,64,0,50.0,1.0,63.1205,0,0.0,19.8246,0
3937578.1,2,,92,64,0,50.0,1.0,63.0205,0,0.0,19.7691,0
3939578.1,2,,92,64,0,50.0,1.0,62.9205,0,0.0,19.7137,0
3941578.1,2,,92,64,0,50.0,1.0,62.8205,0,0.0,19.6583,0
3943578.1,2,,92,64,0,50.0,1.0,62.7205,0,0.0,19.6028,0
3945578.1,2,,92,64,0,50.0,1.0,62.6205,0,0.0,19.5474,0
3947578.1,2,,92,64,0,50.0,1.0,62.5205,0,0.0,19.492,0
3948280.0,2,,92,64,0,50.0,1.0,62.4854,0,0.0,19.4725,0
3949578.1,2,,91,64,0,50.0,1.0,62.4205,0,0.0,19.438,0
3951578.1,2,,91,64,0,50.0,1.0,62.3205,0,0.0,19.3849,0
3953578.1,2,,91,64,0,50.0,1.0,62.2205,0,0.0,19.3318,0
3955578.1,2,,91,64,0,50.0,1.0,62.1205,0,0.0,19.2787,0
3957578.1,2,,91,64,0,50.0,1.0,62.0205,0,0.0,19.2256,0
3959578.1,2,,91,64,0,50.0,1.0,61.9205,0,0.0,19.1725,0
3961578.1,2,,91,64,0,50.0,1.0,61.8205,0,0.0,19.1194,0
3962406.7,2,,91,64,0,50.0,1.0,61.7791,0,0.0,19.0973,0
3963578.1,2,,90,64,0,50.0,1.0,61.7205,0,0.0,19.0664,0
3965578.1,2,,90,64,0,50.0,1.0,61.6205,0,0.0,19.0136,0
3967578.1,2,,90,64,0,50.0,1.0,61.5205,0,0.0,18.9607,0
3969578.1,2,,90,64,0,50.0,1.0,61.4205,0,0.0,18.9079,0
3969906.9,2,,90,64,0,50.0,1.0,61.404,0,0.0,18.8992,0
3971578.1,2,,89,64,0,50.0,1.0,61.3205,0,0.0,18.8572,0
3973578.1,2,,89,64,0,50.0,1.0,61.2205,0,0.0,18.807,0
3975578.1,2,,89,64,0,50.0,1.0,61.1205,0,0.0,18.7567,0
3977578.1,2,,89,64,0,50.0,1.0,61.0205,0,0.0,18.7065,0
3979578.1,2,,89,64,0,50.0,1.0,60.9205,0,0.0,18.6562,0
3981578.1,2,,89,64,0,50.0,1.0,60.8205,0,0.0,18.6059,0
3983578.1,2,,89,64,0,50.0,1.0,60.7205,0,0.0,18.5557,0
3985578.1,2,,89,64,0,50.0,1.0,60.6205,0,0.0,18.5054,0
3985835.8,2,,89,64,0,50.0,1.0,60.6076,0,0.0,18.4989,0
3986391.0,2,,88,64,0,50.0,1.0,60.5798,0,0.0,18.4851,0
3987578.1,2,,87,64,0,50.0,1.0,60.5205,0,0.0,18.4556,0
3989578.1,2,,87,64,0,50.0,1.0,60.4205,0,0.0,18.4059,0
3991578.1,2,,87,64,0,50.0,1.0,60.3205,0,0.0,18.3563,0
3993578.1,2,,87,64,0,50.0,1.0,60.2205,0,0.0,18.3066,0
3995578.1,2,,87,64,0,50.0,1.0,60.1205,0,0.0,18.2569,0
3997578.1,2,,87,64,0,50.0,1.0,60.0205,0,0.0,18.2073,0
3999006.7,2,,87,64,0,50.0,1.0,59.9491,0,0.0,18.1718,0
3999115.9,2,,86,64,0,50.0,1.0,59.9436,0,0.0,18.1691,0
3999578.1,2,,85,64,0,50.0,1.0,59.9205,0,0.0,18.1578,0
4001318.7,2,,85,64,0,50.0,1.0,59.8335,0,0.0,18.115,0
4001578.1,2,,84,64,0,50.0,1.0,59.8205,0,0.0,18.1087,0
4003578.1,2,,84,64,0,50.0,1.0,59.7205,0,0.0,18.0599,0
4005578.1,2,,84,64,0,50.0,1.0,59.6205,0,0.0,18.0111,0
4007578.1,2,,84,64,0,50.0,1.0,59.5205,0,0.0,17.9624,0
4009578.1,2,,84,64,0,50.0,1.0,59.4205,0,0.0,17.9136,0
4011578.1,2,,84,64,0,50.0,1.0,59.3205,0,0.0,17.8648,0
4011731.6,2,,84,64,0,50.0,1.0,59.3128,0,0.0,17.861,0
4013578.1,2,,83,64,0,50.0,1.0,59.2205,0,0.0,17.8163,0
4015578.1,2,,83,64,0,50.0,1.0,59.1205,0,0.0,17.7678,0
4017578.1,2,,83,64,0,50.0,1.0,59.0205,0,0.0,17.7193,0
4019578.1,2,,83,64,0,50.0,1.0,58.9205,0,0.0,17.6708,0
4021578.1,2,,83,64,0,50.0,1.0,58.8205,0,0.0,17.6223,0
4023578.1,2,,83,64,0,50.0,1.0,58.7205,0,0.0,17.5738,0
4025578.1,2,,83,64,0,50.0,1.0,58.6205,0,0.0,17.5253,0
4027578.1,2,,83,64,0,50.0,1.0,58.5205,0,0.0,17.4768,0
4029578.1,2,,83,64,0,50.0,1.0,58.4205,0,0.0,17.4283,0
4031578.1,2,,83,64,0,50.0,1.0,58.3205,0,0.0,17.3798,0
4033578.1,2,,83,64,0,50.0,1.0,58.2205,0,0.0,17.3313,0
4035578.1,2,,83,64,0,50.0,1.0,58.1205,0,0.0,17.2828,0
4035816.1,2,,83,64,0,50.0,1.0,58.1086,0,0.0,17.277,0
4036853.8,2,,82,64,0,50.0,1.0,58.0567,0,0.0,17.252,0
4037578.1,2,,81,64,0,50.0,1.0,58.0205,0,0.0,17.2346,0
4039578.1,2,,81,64,0,50.0,1.0,57.9205,0,0.0,17.1867,0
4041578.1,2,,81,64,0,50.0,1.0,57.8205,0,0.0,17.1388,0
4043578.1,2,,81,64,0,50.0,1.0,57.7205,0,0.0,17.0909,0
4045578.1,2,,81,64,0,50.0,1.0,57.6205,0,0.0,17.043,0
4047578.1,2,,81,64,0,50.0,1.0,57.5205,0,0.0,16.9951,0
4049578.1,2,,81,64,0,50.0,1.0,57.4205,0,0.0,16.9472,0
4051578.1,2,,81,64,0,50.0,1.0,57.3205,0,0.0,16.8993,0
4053578.1,2,,81,64,0,50.0,1.0,57.2205,0,0.0,16.8514,0
4055578.1,2,,81,64,0,50.0,1.0,57.1205,0,0.0,16.8035,0
4057578.1,2,,81,64,0,50.0,1.0,57.0205,0,0.0,16.7556,0
4058753.7,2,,81,64,0,50.0,1.0,56.9617,0,0.0,16.7274,0
4059578.1,2,,80,64,0,50.0,1.0,56.9205,0,0.0,16.7078,0
4061578.1,2,,80,64,0,50.0,1.0,56.8205,0,0.0,16.6602,0
4063578.1,2,,80,64,0,50.0,1.0,56.7205,0,0.0,16.6126,0
4064706.6,2,,80,64,0,50.0,1.0,56.6641,0,0.0,16.5858,0
4065578.1,2,,79,64,0,50.0,1.0,56.6205,0,0.0,16.5652,0
4067578.1,2,,79,64,0,50.0,1.0,56.5205,0,0.0,16.5179,0
4067965.2,2,,79,64,0,50.0,1.0,56.5011,0,0.0,16.5087,0
4069578.1,2,,78,64,0,50.0,1.0,56.4205,0,0.0,16.473,0
4071578.1,2,,78,64,0,50.0,1.0,56.3205,0,0.0,16.4286,0
4073578.1,2,,78,64,0,50.0,1.0,56.2205,0,0.0,16.3842,0
4075578.1,2,,78,64,0,50.0,1.0,56.1205,0,0.0,16.3399,0
4077578.1,2,,78,64,0,50.0,1.0,56.0205,0,0.0,16.2955,0
4079578.1,2,,78,64,0,50.0,1.0,55.9205,0,0.0,16.2512,0
4081578.1,2,,78,64,0,50.0,1.0,55.8205,0,0.0,16.2068,0
4083578.1,2,,78,64,0,50.0,1.0,55.7205,0,0.0,16.1624,0
4085578.1,2,,78,64,0,50.0,1.0,55.6205,0,0.0,16.1181,0
4087578.1,2,,78,64,0,50.0,1.0,55.5205,0,0.0,16.0737,0
4087626.0,2,,78,64,0,50.0,1.0,55.5181,0,0.0,16.0727,0
4089578.1,2,,77,64,0,50.0,1.0,55.4205,0,0.0,16.0325,0
4089792.3,2,,77,64,0,50.0,1.0,55.4098,0,0.0,16.0281,0
4091578.1,2,,76,64,0,50.0,1.0,55.3205,0,0.0,15.9917,0
4093578.1,2,,76,64,0,50.0,1.0,55.2205,0,0.0,15.9509,0
4095578.1,2,,76,64,0,50.0,1.0,55.1205,0,0.0,15.9101,0
4097578.1,2,,76,64,0,50.0,1.0,55.0205,0,0.0,15.8694,0
4099578.1,2,,76,64,0,50.0,1.0,54.9205,0,0.0,15.8286,0
4101578.1,2,,76,64,0,50.0,1.0,54.8205,0,0.0,15.7878,0
4103578.1,2,,76,64,0,50.0,1.0,54.7205,0,0.0,15.747,0
4105578.1,2,,76,64,0,50.0,1.0,54.6205,0,0.0,15.7062,0
4107578.1,2,,76,64,0,50.0,1.0,54.5205,0,0.0,15.6654,0
4109578.1,2,,76,64,0,50.0,1.0,54.4205,0,0.0,15.6246,0
4111578.1,2,,76,64,0,50.0,1.0,54.3205,0,0.0,15.5838,0
4113578.1,2,,76,64,0,50.0,1.0,54.2205,0,0.0,15.543,0
4115578.1,2,,76,64,0,50.0,1.0,54.1205,0,0.0,15.5022,0
4117578.1,2,,76,64,0,50.0,1.0,54.0205,0,0.0,15.4615,0
4119578.1,2,,76,64,0,50.0,1.0,53.9205,0,0.0,15.4207,0
4121578.1,2,,76,64,0,50.0,1.0,53.8205,0,0.0,15.3799,0
4123578.1,2,,76,64,0,50.0,1.0,53.7205,0,0.0,15.3391,0
4125578.1,2,,76,64,0,50.0,1.0,53.6205,0,0.0,15.2983,0
4127578.1,2,,76,64,0,50.0,1.0,53.5205,0,0.0,15.2575,0
4129578.1,2,,76,64,0,50.0,1.0,53.4205,0,0.0,15.2167,0
4131578.1,2,,76,64,0,50.0,1.0,53.3205,0,0.0,15.1759,0
4133578.1,2,,76,64,0,50.0,1.0,53.2205,0,0.0,15.1351,0
4135578.1,2,,76,64,0,50.0,1.0,53.1205,0,0.0,15.0944,0
4137578.1,2,,76,64,0,50.0,1.0,53.0205,0,0.0,15.0536,0
4139578.1,2,,76,64,0,50.0,1.0,52.9205,0,0.0,15.0128,0
4141578.1,2,,76,64,0,50.0,1.0,52.8205,0,0.0,14.972,0
4143578.1,2,,76,64,0,50.0,1.0,52.7205,0,0.0,14.9312,0
4145578.1,2,,76,64,0,50.0,1.0,52.6205,0,0.0,14.8904,0
4147578.1,2,,76,64,0,50.0,1.0,52.5205,0,0.0,14.8496,0
4149578.1,2,,76,64,0,50.0,1.0,52.4205,0,0.0,14.8088,0
4151578.1,2,,76,64,0,50.0,1.0,52.3205,0,0.0,14.768,0
4153578.1,2,,76,64,0,50.0,1.0,52.2205,0,0.0,14.7272,0
4155578.1,2,,76,64,0,50.0,1.0,52.1205,0,0.0,14.6865,0
4157578.1,2,,76,64,0,50.0,1.0,52.0205,0,0.0,14.6457,0
4159578.1,2,,76,64,0,50.0,1.0,51.9205,0,0.0,14.6049,0
4161578.1,2,,76,64,0,50.0,1.0,51.8205,0,0.0,14.5641,0
4163578.1,2,,76,64,0,50.0,1.0,51.7205,0,0.0,14.5233,0
4165578.1,2,,76,64,0,50.0,1.0,51.6205,0,0.0,14.4825,0
4167578.1,2,,76,64,0,50.0,1.0,51.5205,0,0.0,14.4417,0
4169578.1,2,,76,64,0,50.0,1.0,51.4205,0,0.0,14.4009,0
4171578.1,2,,76,64,0,50.0,1.0,51.3205,0,0.0,14.3601,0
4173578.1,2,,76,64,0,50.0,1.0,51.2205,0,0.0,14.3194,0
4175578.1,2,,76,64,0,50.0,1.0,51.1205,0,0.0,14.2786,0
4177578.1,2,,76,64,0,50.0,1.0,51.0205,0,0.0,14.2378,0
4179578.1,2,,76,64,0,50.0,1.0,50.9205,0,0.0,14.197,0
4181578.1,2,,76,64,0,50.0,1.0,50.8205,0,0.0,14.1562,0
4183578.1,2,,76,64,0,50.0,1.0,50.7205,0,0.0,14.1154,0
4185578.1,2,,76,64,0,50.0,1.0,50.6205,0,0.0,14.0746,0
4187578.1,2,,76,64,0,50.0,1.0,50.5205,0,0.0,14.0338,0
4189578.1,2,,76,64,0,50.0,1.0,50.4205,0,0.0,13.993,0
4191578.1,2,,76,64,0,50.0,1.0,50.3205,0,0.0,13.9522,0
4193578.1,2,,76,64,0,50.0,1.0,50.2205,0,0.0,13.9115,0
4195578.1,2,,76,64,0,50.0,1.0,50.1205,0,0.0,13.8707,0
4197578.1,2,,76,64,0,50.0,1.0,50.0205,0,0.0,13.8299,0
4199578.1,2,,76,64,0,50.0,1.0,49.9205,0,0.0,13.7891,0
4201578.1,2,,76,64,0,50.0,1.0,49.8205,0,0.0,13.7483,0
4203578.1,2,,76,64,0,50.0,1.0,49.7205,0,0.0,13.7075,0
4205578.1,2,,76,64,0,50.0,1.0,49.6205,0,0.0,13.6667,0
4207578.1,2,,76,64,0,50.0,1.0,49.5205,0,0.0,13.6259,0
4209578.1,2,,76,64,0,50.0,1.0,49.4205,0,0.0,13.5851,0
4211578.1,2,,76,64,0,50.0,1.0,49.3205,0,0.0,13.5444,0
4213578.1,2,,76,64,0,50.0,1.0,49.2205,0,0.0,13.5036,0
4215578.1,2,,76,64,0,50.0,1.0,49.1205,0,0.0,13.4628,0
4217578.1,2,,76,64,0,50.0,1.0,49.0205,0,0.0,13.422,0
4219578.1,2,,76,64,0,50.0,1.0,48.9205,0,0.0,13.3812,0
4221578.1,2,,76,64,0,50.0,1.0,48.8205,0,0.0,13.3404,0
4223578.1,2,,76,64,0,50.0,1.0,48.7205,0,0.0,13.2996,0
4225578.1,2,,76,64,0,50.0,1.0,48.6205,0,0.0,13.2588,0
4227578.1,2,,76,64,0,50.0,1.0,48.5205,0,0.0,13.218,0
4229578.1,2,,76,64,0,50.0,1.0,48.4205,0,0.0,13.1772,0
4231578.1,2,,76,64,0,50.0,1.0,48.3205,0,0.0,13.1365,0
4233578.1,2,,76,64,0,50.0,1.0,48.2205,0,0.0,13.0957,0
4235578.1,2,,76,64,0,50.0,1.0,48.1205,0,0.0,13.0549,0
4237578.1,2,,76,64,0,50.0,1.0,48.0205,0,0.0,13.0141,0
4239578.1,2,,76,64,0,50.0,1.0,47.9205,0,0.0,12.9733,0
4241578.1,2,,76,64,0,50.0,1.0,47.8205,0,0.0,12.9325,0
4243578.1,2,,76,64,0,50.0,1.0,47.7205,0,0.0,12.8917,0
4245578.1,2,,76,64,0,50.0,1.0,47.6205,0,0.0,12.8509,0
4246996.8,2,,76,64,0,50.0,1.0,47.5496,0,0.0,12.822,0
4247578.1,2,,75,64,0,50.0,1.0,47.5205,0,0.0,12.8102,0
4249578.1,2,,75,64,0,50.0,1.0,47.4205,0,0.0,12.7698,0
4251578.1,2,,75,64,0,50.0,1.0,47.3205,0,0.0,12.7293,0
4253578.1,2,,75,64,0,50.0,1.0,47.2205,0,0.0,12.6889,0
4255578.1,2,,75,64,0,50.0,1.0,47.1205,0,0.0,12.6485,0
4257578.1,2,,75,64,0,50.0,1.0,47.0205,0,0.0,12.608,0
4259578.1,2,,75,64,0,50.0,1.0,46.9205,0,0.0,12.5676,0
4261578.1,2,,75,64,0,50.0,1.0,46.8205,0,0.0,12.5271,0
4263578.1,2,,75,64,0,50.0,1.0,46.7205,0,0.0,12.4867,0
4265578.1,2,,75,64,0,50.0,1.0,46.6205,0,0.0,12.4462,0
4266166.0,2,,75,64,0,50.0,1.0,46.5911,0,0.0,12.4343,0
4267578.1,2,,74,64,0,50.0,1.0,46.5205,0,0.0,12.406,0
4269578.1,2,,74,64,0,50.0,1.0,46.4205,0,0.0,12.366,0
4271578.1,2,,74,64,0,50.0,1.0,46.3205,0,0.0,12.3259,0
4273578.1,2,,74,64,0,50.0,1.0,46.2205,0,0.0,12.2858,0
4275578.1,2,,74,64,0,50.0,1.0,46.1205,0,0.0,12.2457,0
4277307.2,2,,74,64,0,50.0,1.0,46.034,0,0.0,12.2111,0
4277578.1,2,,73,64,0,50.0,1.0,46.0205,0,0.0,12.2057,0
4279578.1,2,,73,64,0,50.0,1.0,45.9205,0,0.0,12.166,0
4281057.3,2,,73,64,0,50.0,1.0,45.8465,0,0.0,12.1367,0
4281578.1,2,,72,64,0,50.0,1.0,45.8205,0,0.0,12.1265,0
4283578.1,2,,72,64,0,50.0,1.0,45.7205,0,0.0,12.0871,0
4284443.3,2,,72,64,0,50.0,1.0,45.6772,0,0.0,12.0701,0
4285578.1,2,,71,64,0,50.0,1.0,45.6205,0,0.0,12.0479,0
4287578.1,2,,71,64,0,50.0,1.0,45.5205,0,0.0,12.0089,0
4289578.1,2,,71,64,0,50.0,1.0,45.4205,0,0.0,11.9698,0
4291578.1,2,,71,64,0,50.0,1.0,45.3205,0,0.0,11.9308,0
4293578.1,2,,71,64,0,50.0,1.0,45.2205,0,0.0,11.8917,0
4295578.1,2,,71,64,0,50.0,1.0,45.1205,0,0.0,11.8526,0
4297578.1,2,,71,64,0,50.0,1.0,45.0205,0,0.0,11.8157,0
4299578.1,2,,71,64,0,50.0,1.0,44.9205,0,0.0,11.78,0
4301578.1,2,,71,64,0,50.0,1.0,44.8205,0,0.0,11.7443,0
4303578.1,2,,71,64,0,50.0,1.0,44.7205,0,0.0,11.7087,0
4303612.6,2,,71,64,0,50.0,1.0,44.7188,0,0.0,11.7081,0
4305533.2,2,,70,64,0,50.0,1.0,44.6227,0,0.0,11.6741,0
4305578.1,2,,69,64,0,50.0,1.0,44.6205,0,0.0,11.6734,0
4307578.1,2,,69,64,0,50.0,1.0,44.5205,0,0.0,11.6383,0
4309578.1,2,,69,64,0,50.0,1.0,44.4205,0,0.0,11.6033,0
4311431.4,2,,69,64,0,50.0,1.0,44.3278,0,0.0,11.5709,0
4311578.1,2,,68,64,0,50.0,1.0,44.3205,0,0.0,11.5683,0
4313578.1,2,,68,64,0,50.0,1.0,44.2205,0,0.0,11.5337,0
4315578.1,2,,68,64,0,50.0,1.0,44.1205,0,0.0,11.499,0
4317578.1,2,,68,64,0,50.0,1.0,44.0205,0,0.0,11.4643,0
4318394.6,2,,68,64,0,50.0,1.0,43.9797,0,0.0,11.4501,0
4319578.1,2,,67,64,0,50.0,1.0,43.9205,0,0.0,11.4325,0
4321578.1,2,,67,64,0,50.0,1.0,43.8205,0,0.0,11.4064,0
4323578.1,2,,67,64,0,50.0,1.0,43.7205,0,0.0,11.3803,0
4325578.1,2,,67,64,0,50.0,1.0,43.6205,0,0.0,11.3542,0
4327578.1,2,,67,64,0,50.0,1.0,43.5205,0,0.0,11.3281,0
4329578.1,2,,67,64,0,50.0,1.0,43.4205,0,0.0,11.302,0
4331578.1,2,,67,64,0,50.0,1.0,43.3205,0,0.0,11.2758,0
4332666.9,2,,67,64,0,50.0,1.0,43.266,0,0.0,11.2616,0
4333578.1,2,,66,64,0,50.0,1.0,43.2205,0,0.0,11.2499,0
4335578.1,2,,66,64,0,50.0,1.0,43.1205,0,0.0,11.2241,0
4337578.1,2,,66,64,0,50.0,1.0,43.0205,0,0.0,11.1984,0
4339578.1,2,,66,64,0,50.0,1.0,42.9205,0,0.0,11.1726,0
4341578.1,2,,66,64,0,50.0,1.0,42.8205,0,0.0,11.1469,0
4343578.1,2,,66,64,0,50.0,1.0,42.7205,0,0.0,11.1211,0
4345578.1,2,,66,64,0,50.0,1.0,42.6205,0,0.0,11.0954,0
4346784.4,2,,66,64,0,50.0,1.0,42.5602,0,0.0,11.0798,0
4347578.1,2,,65,64,0,50.0,1.0,42.5205,0,0.0,11.0697,0
4349578.1,2,,65,64,0,50.0,1.0,42.4205,0,0.0,11.0444,0
4351578.1,2,,65,64,0,50.0,1.0,42.3205,0,0.0,11.019,0
4353556.5,2,,65,64,0,50.0,1.0,42.2216,0,0.0,10.9939,0
4353578.1,2,,64,64,0,50.0,1.0,42.2205,0,0.0,10.9936,0
4355578.1,2,,64,64,0,50.0,1.0,42.1205,0,0.0,10.9686,0
4357578.1,2,,64,64,0,50.0,1.0,42.0205,0,0.0,10.9436,0
4359578.1,2,,64,64,0,50.0,1.0,41.9205,0,0.0,10.9186,0
4361578.1,2,,64,64,0,50.0,1.0,41.8205,0,0.0,10.8936,0
4363578.1,2,,64,64,0,50.0,1.0,41.7205,0,0.0,10.8686,0
4365578.1,2,,64,64,0,50.0,1.0,41.6205,0,0.0,10.8436,0
4367578.1,2,,64,64,0,50.0,1.0,41.5205,0,0.0,10.8186,0
4369578.1,2,,64,64,0,50.0,1.0,41.4205,0,0.0,10.7936,0
4371578.1,2,,64,64,0,50.0,1.0,41.3205,0,0.0,10.7686,0
4373578.1,2,,64,64,0,50.0,1.0,41.2205,0,0.0,10.7436,0
4375578.1,2,,64,64,0,50.0,1.0,41.1205,0,0.0,10.7186,0
4377578.1,2,,64,64,0,50.0,1.0,41.0205,0,0.0,10.6936,0
4379578.1,2,,64,64,0,50.0,1.0,40.9205,0,0.0,10.6686,0
4381578.1,2,,64,64,0,50.0,1.0,40.8205,0,0.0,10.6436,0
4383578.1,2,,64,64,0,50.0,1.0,40.7205,0,0.0,10.6186,0
4385578.1,2,,64,64,0,50.0,1.0,40.6205,0,0.0,10.5936,0
4387578.1,2,,64,64,0,50.0,1.0,40.5205,0,0.0,10.5686,0
4389578.1,2,,64,64,0,50.0,1.0,40.4205,0,0.0,10.5436,0
4391578.1,2,,64,64,0,50.0,1.0,40.3205,0,0.0,10.5186,0
4393578.1,2,,64,64,0,50.0,1.0,40.2205,0,0.0,10.4936,0
4395578.1,2,,64,64,0,50.0,1.0,40.1205,0,0.0,10.4686,0
4397578.1,2,,64,64,0,50.0,1.0,40.0205,0,0.0,10.4436,0
4399578.1,2,,64,64,0,50.0,1.0,39.9205,0,0.0,10.4186,0
4401578.1,2,,64,64,0,50.0,1.0,39.8205,0,0.0,10.3936,0
4403578.1,2,,64,64,0,50.0,1.0,39.7205,0,0.0,10.3686,0
4405578.1,2,,64,64,0,50.0,1.0,39.6205,0,0.0,10.3436,0
4407578.1,2,,64,64,0,50.0,1.0,39.5205,0,0.0,10.3186,0
4409578.1,2,,64,64,0,50.0,1.0,39.4205,0,0.0,10.2936,0
4411578.1,2,,64,64,0,50.0,1.0,39.3205,0,0.0,10.2686,0
4413578.1,2,,64,64,0,50.0,1.0,39.2205,0,0.0,10.2436,0
4415578.1,2,,64,64,0,50.0,1.0,39.1205,0,0.0,10.2186,0
4417357.6,2,,64,64,0,50.0,1.0,39.0315,0,0.0,10.1964,0
4417578.1,2,,63,63,0,50.0,1.0,39.0205,0,0.0,10.1936,0
4419578.1,2,,63,63,0,50.0,1.0,38.9205,0,0.0,10.1686,0
4421578.1,2,,63,63,0,50.0,1.0,38.8205,0,0.0,10.1436,0
4423578.1,2,,63,63,0,50.0,1.0,38.7205,0,0.0,10.1186,0
4425578.1,2,,63,63,0,50.0,1.0,38.6205,0,0.0,10.0936,0
4427578.1,2,,63,63,0,50.0,1.0,38.5205,0,0.0,10.0686,0
4429578.1,2,,63,63,0,50.0,1.0,38.4205,0,0.0,10.0436,0
4431578.1,2,,63,63,0,50.0,1.0,38.3205,0,0.0,10.0186,0
4433578.1,2,,63,63,0,50.0,1.0,38.2205,0,0.0,9.9936,0
4435578.1,2,,63,63,0,50.0,1.0,38.1205,0,0.0,9.9686,0
4437578.1,2,,63,63,0,50.0,1.0,38.0205,0,0.0,9.9436,0
4438459.7,2,,63,63,0,50.0,1.0,37.9764,0,0.0,9.9326,0
4439578.1,2,,62,62,0,50.0,1.0,37.9205,0,0.0,9.9186,0
4439779.6,2,,62,62,0,50.0,1.0,37.9104,0,0.0,9.9161,0
4441578.1,2,,61,61,0,50.0,1.0,37.8205,0,0.0,9.8936,0
4443578.1,2,,61,61,0,50.0,1.0,37.7205,0,0.0,9.8686,0
4445578.1,2,,61,61,0,50.0,1.0,37.6205,0,0.0,9.8436,0
4447578.1,2,,61,61,0,50.0,1.0,37.5205,0,0.0,9.8186,0
4449578.1,2,,61,61,0,50.0,1.0,37.4205,0,0.0,9.7936,0
4451578.1,2,,61,61,0,50.0,1.0,37.3205,0,0.0,9.7686,0
4453578.1,2,,61,61,0,50.0,1.0,37.2205,0,0.0,9.7436,0
4455578.1,2,,61,61,0,50.0,1.0,37.1205,0,0.0,9.7186,0
4457578.1,2,,61,61,0,50.0,1.0,37.0205,0,0.0,9.6936,0
4459578.1,2,,61,61,0,50.0,1.0,36.9205,0,0.0,9.6686,0
4461578.1,2,,61,61,0,50.0,1.0,36.8205,0,0.0,9.6436,0
4463578.1,2,,61,61,0,50.0,1.0,36.7205,0,0.0,9.6186,0
4465578.1,2,,61,61,0,50.0,1.0,36.6205,0,0.0,9.5936,0
4467578.1,2,,61,61,0,50.0,1.0,36.5205,0,0.0,9.5686,0
4469578.1,2,,61,61,0,50.0,1.0,36.4205,0,0.0,9.5436,0
4471578.1,2,,61,61,0,50.0,1.0,36.3205,0,0.0,9.5186,0
4473578.1,2,,61,61,0,50.0,1.0,36.2205,0,0.0,9.4936,0
4475578.1,2,,61,61,0,50.0,1.0,36.1205,0,0.0,9.4686,0
4477578.1,2,,61,61,0,50.0,1.0,36.0205,0,0.0,9.4436,0
4479578.1,2,,61,61,0,50.0,1.0,35.9205,0,0.0,9.4186,0
4481578.1,2,,61,61,0,50.0,1.0,35.8205,0,0.0,9.3936,0
4483578.1,2,,61,61,0,50.0,1.0,35.7205,0,0.0,9.3686,0
4485578.1,2,,61,61,0,50.0,1.0,35.6205,0,0.0,9.3436,0
4487578.1,2,,61,61,0,50.0,1.0,35.5205,0,0.0,9.3186,0
4489578.1,2,,61,61,0,50.0,1.0,35.4205,0,0.0,9.2936,0
4491578.1,2,,61,61,0,50.0,1.0,35.3205,0,0.0,9.2686,0
4493578.1,2,,61,61,0,50.0,1.0,35.2205,0,0.0,9.2436,0
4495578.1,2,,61,61,0,50.0,1.0,35.1205,0,0.0,9.2186,0
4497578.1,2,,61,61,0,50.0,1.0,35.0205,0,0.0,9.1936,0
4499578.1,2,,61,61,0,50.0,1.0,34.9205,0,0.0,9.1686,0
4501578.1,2,,61,61,0,50.0,1.0,34.8205,0,0.0,9.1436,0
4503578.1,2,,61,61,0,50.0,1.0,34.7205,0,0.0,9.1186,0
4505291.3,2,,61,61,0,50.0,1.0,34.6348,0,0.0,9.0972,0
4505578.1,2,,60,60,0,50.0,1.0,34.6205,0,0.0,9.0936,0
4507578.1,2,,60,60,0,50.0,1.0,34.5205,0,0.0,9.0686,0
4509578.1,2,,60,60,0,50.0,1.0,34.4205,0,0.0,9.0436,0
4511578.1,2,,60,60,0,50.0,1.0,34.3205,0,0.0,9.0186,0
4512187.7,2,,60,60,0,50.0,1.0,34.29,0,0.0,9.011,0
4513578.1,2,,59,59,0,50.0,1.0,34.2205,0,0.0,8.9936,0
4515121.7,2,,59,59,0,50.0,1.0,34.1433,0,0.0,8.9743,0
4515578.1,2,,58,58,0,50.0,1.0,34.1205,0,0.0,8.9686,0
4516775.3,2,,58,58,0,50.0,1.0,34.0606,0,0.0,8.9537,0
4517578.1,2,,57,57,0,50.0,1.0,34.0205,0,0.0,8.9436,0
4519578.1,2,,57,57,0,50.0,1.0,33.9205,0,0.0,8.9186,0
4521578.1,2,,57,57,0,50.0,1.0,33.8205,0,0.0,8.8936,0
4523578.1,2,,57,57,0,50.0,1.0,33.7205,0,0.0,8.8686,0
4525492.0,2,,57,57,0,50.0,1.0,33.6248,0,0.0,8.8447,0
4525578.1,2,,56,56,0,50.0,1.0,33.6205,0,0.0,8.8436,0
4527578.1,2,,56,56,0,50.0,1.0,33.5205,0,0.0,8.8186,0
4529578.1,2,,56,56,0,50.0,1.0,33.4205,0,0.0,8.7936,0
4531578.1,2,,56,56,0,50.0,1.0,33.3205,0,0.0,8.7686,0
4533578.1,2,,56,56,0,50.0,1.0,33.2205,0,0.0,8.7436,0
4535578.1,2,,56,56,0,50.0,1.0,33.1205,0,0.0,8.7186,0
4537578.1,2,,56,56,0,50.0,1.0,33.0205,0,0.0,8.6936,0
4539578.1,2,,56,56,0,50.0,1.0,32.9205,0,0.0,8.6686,0
4541578.1,2,,56,56,0,50.0,1.0,32.8205,0,0.0,8.6436,0
4542998.8,2,,56,56,0,50.0,1.0,32.7495,0,0.0,8.6259,0
4543578.1,2,,55,55,0,50.0,1.0,32.7205,0,0.0,8.6186,0
4545578.1,2,,55,55,0,50.0,1.0,32.6205,0,0.0,8.5936,0
4547578.1,2,,55,55,0,50.0,1.0,32.5205,0,0.0,8.5686,0
4549578.1,2,,55,55,0,50.0,1.0,32.4205,0,0.0,8.5436,0
4551578.1,2,,55,55,0,50.0,1.0,32.3205,0,0.0,8.5186,0
4551821.9,2,,55,55,0,50.0,1.0,32.3083,0,0.0,8.5156,0
4553578.1,2,,53,53,0,50.0,1.0,32.2205,0,0.0,8.4936,0
4555578.1,2,,53,53,0,50.0,1.0,32.1205,0,0.0,8.4686,0
4557578.1,2,,53,53,0,50.0,1.0,32.0205,0,0.0,8.4436,0
4559578.1,2,,53,53,0,50.0,1.0,31.9205,0,0.0,8.4186,0
4561578.1,2,,53,53,0,50.0,1.0,31.8205,0,0.0,8.3936,0
4563578.1,2,,53,53,0,50.0,1.0,31.7205,0,0.0,8.3686,0
4565578.1,2,,53,53,0,50.0,1.0,31.6205,0,0.0,8.3436,0
4567578.1,2,,53,53,0,50.0,1.0,31.5205,0,0.0,8.3186,0
4569578.1,2,,53,53,0,50.0,1.0,31.4205,0,0.0,8.2936,0
4571578.1,2,,53,53,0,50.0,1.0,31.3205,0,0.0,8.2686,0
4573578.1,2,,53,53,0,50.0,1.0,31.2205,0,0.0,8.2436,0
4575578.1,2,,53,53,0,50.0,1.0,31.1205,0,0.0,8.2186,0
4577578.1,2,,53,53,0,50.0,1.0,31.0205,0,0.0,8.1936,0
4579578.1,2,,53,53,0,50.0,1.0,30.9205,0,0.0,8.1686,0
4581578.1,2,,53,53,0,50.0,1.0,30.8205,0,0.0,8.1436,0
4583578.1,2,,53,53,0,50.0,1.0,30.7205,0,0.0,8.1186,0
4584286.5,2,,53,53,0,50.0,1.0,30.6851,0,0.0,8.1098,0
4585578.1,2,,52,52,0,50.0,1.0,30.6205,0,0.0,8.0936,0
4587578.1,2,,52,52,0,50.0,1.0,30.5205,0,0.0,8.0686,0
4588546.3,2,,52,52,0,50.0,1.0,30.4721,0,0.0,8.0565,0
4589578.1,2,,51,51,0,50.0,1.0,30.4205,0,0.0,8.0436,0
4589717.3,2,,51,51,0,50.0,1.0,30.4135,0,0.0,8.0419,0
4591578.1,2,,50,50,0,50.0,1.0,30.3205,0,0.0,8.0186,0
4593578.1,2,,50,50,0,50.0,1.0,30.2205,0,0.0,7.9936,0
4595578.1,2,,50,50,0,50.0,1.0,30.1205,0,0.0,7.9686,0
4597578.1,2,,50,50,0,50.0,1.0,30.0205,0,0.0,7.9436,0
4599578.1,2,,50,50,0,50.0,1.0,29.9205,0,0.0,7.9186,0
4601578.1,2,,50,50,0,50.0,1.0,29.8205,0,0.0,7.8936,0
4603578.1,2,,50,50,0,50.0,1.0,29.7205,0,0.0,7.8686,0
4605578.1,2,,50,50,0,50.0,1.0,29.6205,0,0.0,7.8436,0
4607578.1,2,,50,50,0,50.0,1.0,29.5205,0,0.0,7.8186,0
4609578.1,2,,50,50,0,50.0,1.0,29.4205,0,0.0,7.7936,0
4611016.5,2,,50,50,0,50.0,1.0,29.3486,0,0.0,7.7757,0
4611578.1,2,,49,49,0,50.0,1.0,29.3205,0,0.0,7.7686,0
4613578.1,2,,49,49,0,50.0,1.0,29.2205,0,0.0,7.7436,0
4615578.1,2,,49,49,0,50.0,1.0,29.1205,0,0.0,7.7186,0
4617578.1,2,,49,49,0,50.0,1.0,29.0205,0,0.0,7.6936,0
4619578.1,2,,49,49,0,50.0,1.0,28.9205,0,0.0,7.6686,0
4621578.1,2,,49,49,0,50.0,1.0,28.8205,0,0.0,7.6436,0
4623271.3,2,,49,49,0,50.0,1.0,28.7358,0,0.0,7.6225,0
4623578.1,2,,48,48,0,50.0,1.0,28.7205,0,0.0,7.6186,0
4625578.1,2,,48,48,0,50.0,1.0,28.6205,0,0.0,7.5936,0
4627578.1,2,,48,48,0,50.0,1.0,28.5205,0,0.0,7.5686,0
4629578.1,2,,48,48,0,50.0,1.0,28.4205,0,0.0,7.5436,0
4631578.1,2,,48,48,0,50.0,1.0,28.3205,0,0.0,7.5186,0
4633578.1,2,,48,48,0,50.0,1.0,28.2205,0,0.0,7.4936,0
4635578.1,2,,48,48,0,50.0,1.0,28.1205,0,0.0,7.4686,0
4637578.1,2,,48,48,0,50.0,1.0,28.0205,0,0.0,7.4436,0
4639578.1,2,,48,48,0,50.0,1.0,27.9205,0,0.0,7.4186,0
4641578.1,2,,48,48,0,50.0,1.0,27.8205,0,0.0,7.3936,0
4643578.1,2,,48,48,0,50.0,1.0,27.7205,0,0.0,7.3686,0
4645578.1,2,,48,48,0,50.0,1.0,27.6205,0,0.0,7.3436,0
4647578.1,2,,48,48,0,50.0,1.0,27.5205,0,0.0,7.3186,0
4649578.1,2,,48,48,0,50.0,1.0,27.4205,0,0.0,7.2936,0
4651578.1,2,,48,48,0,50.0,1.0,27.3205,0,0.0,7.2686,0
4653578.1,2,,48,48,0,50.0,1.0,27.2205,0,0.0,7.2436,0
4655578.1,2,,48,48,0,50.0,1.0,27.1205,0,0.0,7.2186,0
4657578.1,2,,48,48,0,50.0,1.0,27.0205,0,0.0,7.1936,0
4659578.1,2,,48,48,0,50.0,1.0,26.9205,0,0.0,7.1686,0
4661578.1,2,,48,48,0,50.0,1.0,26.8205,0,0.0,7.1436,0
4661922.4,2,,48,48,0,50.0,1.0,26.8033,0,0.0,7.1393,0
4663578.1,2,,47,47,0,50.0,1.0,26.7205,0,0.0,7.1186,0
4665578.1,2,,47,47,0,50.0,1.0,26.6205,0,0.0,7.0936,0
4667578.1,2,,47,47,0,50.0,1.0,26.5205,0,0.0,7.0686,0
4669578.1,2,,47,47,0,50.0,1.0,26.4205,0,0.0,7.0436,0
4671578.1,2,,47,47,0,50.0,1.0,26.3205,0,0.0,7.0186,0
4673578.1,2,,47,47,0,50.0,1.0,26.2205,0,0.0,6.9936,0
4673931.1,2,,47,47,0,50.0,1.0,26.2028,0,0.0,6.9892,0
4674389.3,2,,46,46,0,50.0,1.0,26.1799,0,0.0,6.9835,0
4675578.1,2,,45,45,0,50.0,1.0,26.1205,0,0.0,6.9686,0
4677578.1,2,,45,45,0,50.0,1.0,26.0205,0,0.0,6.9436,0
4679578.1,2,,45,45,0,50.0,1.0,25.9205,0,0.0,6.9186,0
4681578.1,2,,45,45,0,50.0,1.0,25.8205,0,0.0,6.8936,0
4683578.1,2,,45,45,0,50.0,1.0,25.7205,0,0.0,6.8686,0
4685578.1,2,,45,45,0,50.0,1.0,25.6205,0,0.0,6.8436,0
4687578.1,2,,45,45,0,50.0,1.0,25.5205,0,0.0,6.8186,0
4689578.1,2,,45,45,0,50.0,1.0,25.4205,0,0.0,6.7936,0
4691578.1,2,,45,45,0,50.0,1.0,25.3205,0,0.0,6.7686,0
4693578.1,2,,45,45,0,50.0,1.0,25.2205,0,0.0,6.7436,0
4695578.1,2,,45,45,0,50.0,1.0,25.1205,0,0.0,6.7186,0
4696016.2,2,,45,45,0,50.0,1.0,25.0986,0,0.0,6.7132,0
4697578.1,2,,44,44,0,50.0,1.0,25.0205,0,0.0,6.6936,0
4699578.1,2,,44,44,0,50.0,1.0,24.9205,0,0.0,6.6686,0
4701578.1,2,,44,44,0,50.0,1.0,24.8205,0,0.0,6.6436,0
4702569.8,2,,44,44,0,50.0,1.0,24.7709,0,0.0,6.6312,0
4703578.1,2,,43,43,0,50.0,1.0,24.7205,0,0.0,6.6186,0
4705578.1,2,,43,43,0,50.0,1.0,24.6205,0,0.0,6.5936,0
4707578.1,2,,43,43,0,50.0,1.0,24.5205,0,0.0,6.5686,0
4709578.1,2,,43,43,0,50.0,1.0,24.4205,0,0.0,6.5436,0
4711578.1,2,,43,43,0,50.0,1.0,24.3205,0,0.0,6.5186,0
4713578.1,2,,43,43,0,50.0,1.0,24.2205,0,0.0,6.4936,0
4715578.1,2,,43,43,0,50.0,1.0,24.1205,0,0.0,6.4686,0
4717578.1,2,,43,43,0,50.0,1.0,24.0205,0,0.0,6.4436,0
4719578.1,2,,43,43,0,50.0,1.0,23.9205,0,0.0,6.4186,0
4721578.1,2,,43,43,0,50.0,1.0,23.8205,0,0.0,6.3936,0
4723578.1,2,,43,43,0,50.0,1.0,23.7205,0,0.0,6.3686,0
4725578.1,2,,43,43,0,50.0,1.0,23.6205,0,0.0,6.3436,0
4727578.1,2,,43,43,0,50.0,1.0,23.5205,0,0.0,6.3186,0
4729578.1,2,,43,43,0,50.0,1.0,23.4205,0,0.0,6.2936,0
4731578.1,2,,43,43,0,50.0,1.0,23.3205,0,0.0,6.2686,0
4733578.1,2,,43,43,0,50.0,1.0,23.2205,0,0.0,6.2436,0
4734012.0,2,,43,43,0,50.0,1.0,23.1988,0,0.0,6.2382,0
4735578.1,2,,42,42,0,50.0,1.0,23.1205,0,0.0,6.2186,0
4737578.1,2,,42,42,0,50.0,1.0,23.0205,0,0.0,6.1936,0
4739578.1,2,,42,42,0,50.0,1.0,22.9205,0,0.0,6.1686,0
4741578.1,2,,42,42,0,50.0,1.0,22.8205,0,0.0,6.1436,0
4743578.1,2,,42,42,0,50.0,1.0,22.7205,0,0.0,6.1186,0
4745578.1,2,,42,42,0,50.0,1.0,22.6205,0,0.0,6.0936,0
4747578.1,2,,42,42,0,50.0,1.0,22.5205,0,0.0,6.0686,0
4749578.1,2,,42,42,0,50.0,1.0,22.4205,0,0.0,6.0436,0
4749625.1,2,,42,42,0,50.0,1.0,22.4181,0,0.0,6.043,0
4751578.1,2,,41,41,0,50.0,1.0,22.3205,0,0.0,6.0186,0
4752901.9,2,,41,41,0,50.0,1.0,22.2543,0,0.0,6.0021,0
4753578.1,2,,40,40,0,50.0,1.0,22.2205,0,0.0,5.9936,0
4755578.1,2,,40,40,0,50.0,1.0,22.1205,0,0.0,5.9686,0
4757578.1,2,,40,40,0,50.0,1.0,22.0205,0,0.0,5.9436,0
4757629.2,2,,40,40,0,50.0,1.0,22.0179,0,0.0,5.943,0
4759578.1,2,,39,39,0,50.0,1.0,21.9205,0,0.0,5.9186,0
4761578.1,2,,39,39,0,50.0,1.0,21.8205,0,0.0,5.8936,0
4763578.1,2,,39,39,0,50.0,1.0,21.7205,0,0.0,5.8686,0
4765578.1,2,,39,39,0,50.0,1.0,21.6205,0,0.0,5.8436,0
4767450.5,2,,39,39,0,50.0,1.0,21.5269,0,0.0,5.8202,0
4767578.1,2,,38,38,0,50.0,1.0,21.5205,0,0.0,5.8186,0
4769578.1,2,,38,38,0,50.0,1.0,21.4205,0,0.0,5.7936,0
4771578.1,2,,38,38,0,50.0,1.0,21.3205,0,0.0,5.7686,0
4773333.6,2,,38,38,0,50.0,1.0,21.2327,0,0.0,5.7467,0
4773578.1,2,,37,37,0,50.0,1.0,21.2205,0,0.0,5.7436,0
4775578.1,2,,37,37,0,50.0,1.0,21.1205,0,0.0,5.7186,0
4777578.1,2,,37,37,0,50.0,1.0,21.0205,0,0.0,5.6936,0
4779578.1,2,,37,37,0,50.0,1.0,20.9205,0,0.0,5.6686,0
4781578.1,2,,37,37,0,50.0,1.0,20.8205,0,0.0,5.6436,0
4783578.1,2,,37,37,0,50.0,1.0,20.7205,0,0.0,5.6186,0
4785578.1,2,,37,37,0,50.0,1.0,20.6205,0,0.0,5.5936,0
4787578.1,2,,37,37,0,50.0,1.0,20.5205,0,0.0,5.5686,0
4789578.1,2,,37,37,0,50.0,1.0,20.4205,0,0.0,5.5436,0
4791578.1,2,,37,37,0,50.0,1.0,20.3205,0,0.0,5.5186,0
4793578.1,2,,37,37,0,50.0,1.0,20.2205,0,0.0,5.4936,0
4795578.1,2,,37,37,0,50.0,1.0,20.1205,0,0.0,5.4686,0
4797278.5,2,,37,37,0,50.0,1.0,20.0355,0,0.0,5.4474,0
4797578.1,2,,36,36,0,50.0,1.0,20.0205,0,0.0,5.4436,0
4799578.1,2,,36,36,0,50.0,1.0,19.9205,0,0.0,5.4186,0
4801578.1,2,,36,36,0,50.0,1.0,19.8205,0,0.0,5.3936,0
4803578.1,2,,36,36,0,50.0,1.0,19.7205,0,0.0,5.3686,0
4805578.1,2,,36,36,0,50.0,1.0,19.6205,0,0.0,5.3436,0
4807578.1,2,,36,36,0,50.0,1.0,19.5205,0,0.0,5.3186,0
4809578.1,2,,36,36,0,50.0,1.0,19.4205,0,0.0,5.2936,0
4811578.1,2,,36,36,0,50.0,1.0,19.3205,0,0.0,5.2686,0
4813578.1,2,,36,36,0,50.0,1.0,19.2205,0,0.0,5.2436,0
4815578.1,2,,36,36,0,50.0,1.0,19.1205,0,0.0,5.2186,0
4817578.1,2,,36,36,0,50.0,1.0,19.0205,0,0.0,5.1936,0
4819578.1,2,,36,36,0,50.0,1.0,18.9205,0,0.0,5.1686,0
4821578.1,2,,36,36,0,50.0,1.0,18.8205,0,0.0,5.1436,0
4823578.1,2,,36,36,0,50.0,1.0,18.7205,0,0.0,5.1186,0
4825578.1,2,,36,36,0,50.0,1.0,18.6205,0,0.0,5.0936,0
4827578.1,2,,36,36,0,50.0,1.0,18.5205,0,0.0,5.0686,0
4829578.1,2,,36,36,0,50.0,1.0,18.4205,0,0.0,5.0436,0
4831578.1,2,,36,36,0,50.0,1.0,18.3205,0,0.0,5.0186,0
4833578.1,2,,36,36,0,50.0,1.0,18.2205,0,0.0,4.9936,0
4835265.1,2,,36,36,0,50.0,1.0,18.1361,0,0.0,4.9725,0
4835578.1,2,,35,35,0,50.0,1.0,18.1205,0,0.0,4.9686,0
4837578.1,2,,35,35,0,50.0,1.0,18.0205,0,0.0,4.9436,0
4839578.1,2,,35,35,0,50.0,1.0,17.9205,0,0.0,4.9186,0
4841578.1,2,,35,35,0,50.0,1.0,17.8205,0,0.0,4.8936,0
4843578.1,2,,35,35,0,50.0,1.0,17.7205,0,0.0,4.8686,0
4845578.1,2,,35,35,0,50.0,1.0,17.6205,0,0.0,4.8436,0
4847578.1,2,,35,35,0,50.0,1.0,17.5205,0,0.0,4.8186,0
4849578.1,2,,35,35,0,50.0,1.0,17.4205,0,0.0,4.7936,0
4851578.1,2,,35,35,0,50.0,1.0,17.3205,0,0.0,4.7686,0
4853578.1,2,,35,35,0,50.0,1.0,17.2205,0,0.0,4.7436,0
4855578.1,2,,35,35,0,50.0,1.0,17.1205,0,0.0,4.7186,0
4856121.1,2,,35,35,0,50.0,1.0,17.0933,0,0.0,4.7118,0
4857578.1,2,,34,34,0,50.0,1.0,17.0205,0,0.0,4.6936,0
4859578.1,2,,34,34,0,50.0,1.0,16.9205,0,0.0,4.6686,0
4861578.1,2,,34,34,0,50.0,1.0,16.8205,0,0.0,4.6436,0
4863578.1,2,,34,34,0,50.0,1.0,16.7205,0,0.0,4.6186,0
4865578.1,2,,34,34,0,50.0,1.0,16.6205,0,0.0,4.5936,0
4867578.1,2,,34,34,0,50.0,1.0,16.5205,0,0.0,4.5686,0
4869578.1,2,,34,34,0,50.0,1.0,16.4205,0,0.0,4.5436,0
4871578.1,2,,34,34,0,50.0,1.0,16.3205,0,0.0,4.5186,0
4872644.9,2,,34,34,0,50.0,1.0,16.2671,0,0.0,4.5053,0
4873578.1,2,,33,33,0,50.0,1.0,16.2205,0,0.0,4.4936,0
4875578.1,2,,33,33,0,50.0,1.0,16.1205,0,0.0,4.4686,0
4877578.1,2,,33,33,0,50.0,1.0,16.0205,0,0.0,4.4436,0
4879578.1,2,,33,33,0,50.0,1.0,15.9205,0,0.0,4.4186,0
4881578.1,2,,33,33,0,50.0,1.0,15.8205,0,0.0,4.3936,0
4883578.1,2,,33,33,0,50.0,1.0,15.7205,0,0.0,4.3686,0
4885578.1,2,,33,33,0,50.0,1.0,15.6205,0,0.0,4.3436,0
4887578.1,2,,33,33,0,50.0,1.0,15.5205,0,0.0,4.3186,0
4889578.1,2,,33,33,0,50.0,1.0,15.4205,0,0.0,4.2936,0
4891578.1,2,,33,33,0,50.0,1.0,15.3205,0,0.0,4.2686,0
4893578.1,2,,33,33,0,50.0,1.0,15.2205,0,0.0,4.2436,0
4895578.1,2,,33,33,0,50.0,1.0,15.1205,0,0.0,4.2186,0
4897578.1,2,,33,33,0,50.0,1.0,15.0205,0,0.0,4.1936,0
4899578.1,2,,33,33,0,50.0,1.0,14.9205,0,0.0,4.1686,0
4901578.1,2,,33,33,0,50.0,1.0,14.8205,0,0.0,4.1436,0
4903578.1,2,,33,33,0,50.0,1.0,14.7205,0,0.0,4.1186,0
4905578.1,2,,33,33,0,50.0,1.0,14.6205,0,0.0,4.0936,0
4907578.1,2,,33,33,0,50.0,1.0,14.5205,0,0.0,4.0686,0
4909578.1,2,,33,33,0,50.0,1.0,14.4205,0,0.0,4.0436,0
4911578.1,2,,33,33,0,50.0,1.0,14.3205,0,0.0,4.0186,0
4913578.1,2,,33,33,0,50.0,1.0,14.2205,0,0.0,3.9936,0
4915578.1,2,,33,33,0,50.0,1.0,14.1205,0,0.0,3.9686,0
4916872.5,2,,33,33,0,50.0,1.0,14.0558,0,0.0,3.9525,0
4917578.1,2,,32,32,0,50.0,1.0,14.0205,0,0.0,3.9436,0
4919578.1,2,,32,32,0,50.0,1.0,13.9205,0,0.0,3.9186,0
4921578.1,2,,32,32,0,50.0,1.0,13.8205,0,0.0,3.8936,0
4923578.1,2,,32,32,0,50.0,1.0,13.7205,0,0.0,3.8686,0
4925578.1,2,,32,32,0,50.0,1.0,13.6205,0,0.0,3.8436,0
4927578.1,2,,32,32,0,50.0,1.0,13.5205,0,0.0,3.8186,0
4929578.1,2,,32,32,0,50.0,1.0,13.4205,0,0.0,3.7936,0
4931578.1,2,,32,32,0,50.0,1.0,13.3205,0,0.0,3.7686,0
4933578.1,2,,32,32,0,50.0,1.0,13.2205,0,0.0,3.7436,0
4935578.1,2,,32,32,0,50.0,1.0,13.1205,0,0.0,3.7186,0
4937525.5,2,,32,32,0,50.0,1.0,13.0231,0,0.0,3.6943,0
4937578.1,2,,31,31,0,50.0,1.0,13.0205,0,0.0,3.6936,0
4939578.1,2,,31,31,0,50.0,1.0,12.9205,0,0.0,3.6686,0
4941578.1,2,,31,31,0,50.0,1.0,12.8205,0,0.0,3.6436,0
4943578.1,2,,31,31,0,50.0,1.0,12.7205,0,0.0,3.6186,0
4945578.1,2,,31,31,0,50.0,1.0,12.6205,0,0.0,3.5936,0
4947578.1,2,,31,31,0,50.0,1.0,12.5205,0,0.0,3.5686,0
4949578.1,2,,31,31,0,50.0,1.0,12.4205,0,0.0,3.5436,0
4951578.1,2,,31,31,0,50.0,1.0,12.3205,0,0.0,3.5186,0
4953578.1,2,,31,31,0,50.0,1.0,12.2205,0,0.0,3.4936,0
4955578.1,2,,31,31,0,50.0,1.0,12.1205,0,0.0,3.4686,0
4957578.1,2,,31,31,0,50.0,1.0,12.0205,0,0.0,3.4436,0
4959578.1,2,,31,31,0,50.0,1.0,11.9205,0,0.0,3.4186,0
4961578.1,2,,31,31,0,50.0,1.0,11.8205,0,0.0,3.3936,0
4963578.1,2,,31,31,0,50.0,1.0,11.7205,0,0.0,3.3686,0
4965578.1,2,,31,31,0,50.0,1.0,11.6205,0,0.0,3.3436,0
4967578.1,2,,31,31,0,50.0,1.0,11.5205,0,0.0,3.3186,0
4969578.1,2,,31,31,0,50.0,1.0,11.4205,0,0.0,3.2936,0
4971578.1,2,,31,31,0,50.0,1.0,11.3205,0,0.0,3.2686,0
4973578.1,2,,31,31,0,50.0,1.0,11.2205,0,0.0,3.2436,0
4975578.1,2,,31,31,0,50.0,1.0,11.1205,0,0.0,3.2186,0
4977578.1,2,,31,31,0,50.0,1.0,11.0205,0,0.0,3.1936,0
4979578.1,2,,31,31,0,50.0,1.0,10.9205,0,0.0,3.1686,0
4981578.1,2,,31,31,0,50.0,1.0,10.8205,0,0.0,3.1436,0
4983578.1,2,,31,31,0,50.0,1.0,10.7205,0,0.0,3.1186,0
4985578.1,2,,31,31,0,50.0,1.0,10.6205,0,0.0,3.0936,0
4987578.1,2,,31,31,0,50.0,1.0,10.5205,0,0.0,3.0686,0
4989578.1,2,,31,31,0,50.0,1.0,10.4205,0,0.0,3.0436,0
4991578.1,2,,31,31,0,50.0,1.0,10.3205,0,0.0,3.0186,0
4993578.1,2,,31,31,0,50.0,1.0,10.2205,0,0.0,2.9936,0
4995578.1,2,,31,31,0,50.0,1.0,10.1205,0,0.0,2.9686,0
4997578.1,2,,31,31,0,50.0,1.0,10.0205,0,0.0,2.9436,0
4999578.1,2,,31,31,0,50.0,1.0,9.9205,0,0.0,2.9186,0
5001578.1,2,,31,31,0,50.0,1.0,9.8205,0,0.0,2.8936,0
5003578.1,2,,31,31,0,50.0,1.0,9.7205,0,0.0,2.8686,0
5005578.1,2,,31,31,0,50.0,1.0,9.6205,0,0.0,2.8436,0
5006329.2,2,,31,31,0,50.0,1.0,9.5829,0,0.0,2.8342,0
5007578.1,2,,30,30,0,50.0,1.0,9.5205,0,0.0,2.8186,0
5009578.1,2,,30,30,0,50.0,1.0,9.4205,0,0.0,2.7936,0
5011578.1,2,,30,30,0,50.0,1.0,9.3205,0,0.0,2.7686,0
5013523.0,2,,30,30,0,50.0,1.0,9.2232,0,0.0,2.7443,0
5013578.1,2,,29,29,0,50.0,1.0,9.2205,0,0.0,2.7436,0
5015578.1,2,,29,29,0,50.0,1.0,9.1205,0,0.0,2.7186,0
5017578.1,2,,29,29,0,50.0,1.0,9.0205,0,0.0,2.6936,0
5018125.7,2,,29,29,0,50.0,1.0,8.9931,0,0.0,2.6868,0
5019578.1,2,,28,28,0,50.0,1.0,8.9205,0,0.0,2.6686,0
5021402.5,2,,28,28,0,50.0,1.0,8.8293,0,0.0,2.6458,0
5021578.1,2,,27,27,0,50.0,1.0,8.8205,0,0.0,2.6436,0
5023578.1,2,,27,27,0,50.0,1.0,8.7205,0,0.0,2.6186,0
5025578.1,2,,27,27,0,50.0,1.0,8.6205,0,0.0,2.5936,0
5027578.1,2,,27,27,0,50.0,1.0,8.5205,0,0.0,2.5686,0
5029578.1,2,,27,27,0,50.0,1.0,8.4205,0,0.0,2.5436,0
5031578.1,2,,27,27,0,50.0,1.0,8.3205,0,0.0,2.5186,0
5033578.1,2,,27,27,0,50.0,1.0,8.2205,0,0.0,2.4936,0
5035578.1,2,,27,27,0,50.0,1.0,8.1205,0,0.0,2.4686,0
5037578.1,2,,27,27,0,50.0,1.0,8.0205,0,0.0,2.4436,0
5039578.1,2,,27,27,0,50.0,1.0,7.9205,0,0.0,2.4186,0
5041578.1,2,,27,27,0,50.0,1.0,7.8205,0,0.0,2.3936,0
5042243.4,2,,27,27,0,50.0,1.0,7.7872,0,0.0,2.3853,0
5043578.1,2,,26,26,0,50.0,1.0,7.7205,0,0.0,2.3686,0
5045578.1,2,,26,26,0,50.0,1.0,7.6205,0,0.0,2.3436,0
5047578.1,2,,26,26,0,50.0,1.0,7.5205,0,0.0,2.3186,0
5049578.1,2,,26,26,0,50.0,1.0,7.4205,0,0.0,2.2936,0
5051578.1,2,,26,26,0,50.0,1.0,7.3205,0,0.0,2.2686,0
5053578.1,2,,26,26,0,50.0,1.0,7.2205,0,0.0,2.2436,0
5055578.1,2,,26,26,0,50.0,1.0,7.1205,0,0.0,2.2186,0
5057578.1,2,,26,26,0,50.0,1.0,7.0205,0,0.0,2.1936,0
5059578.1,2,,26,26,0,50.0,1.0,6.9205,0,0.0,2.1686,0
5061578.1,2,,26,26,0,50.0,1.0,6.8205,0,0.0,2.1436,0
5063354.7,2,,26,26,0,50.0,1.0,6.7317,0,0.0,2.1214,0
5063578.1,2,,25,25,0,50.0,1.0,6.7205,0,0.0,2.1186,0
5065578.1,2,,25,25,0,50.0,1.0,6.6205,0,0.0,2.0936,0
5067578.1,2,,25,25,0,50.0,1.0,6.5205,0,0.0,2.0686,0
5069578.1,2,,25,25,0,50.0,1.0,6.4205,0,0.0,2.0436,0
5071578.1,2,,25,25,0,50.0,1.0,6.3205,0,0.0,2.0186,0
5072062.3,2,,25,25,0,50.0,1.0,6.2963,0,0.0,2.0126,0
5073578.1,2,,24,24,0,50.0,1.0,6.2205,0,0.0,1.9936,0
5075142.0,2,,24,24,0,50.0,1.0,6.1423,0,0.0,1.9741,0
5075578.1,2,,23,23,0,50.0,1.0,6.1205,0,0.0,1.9683,0
5076993.8,2,,23,23,0,50.0,1.0,6.0497,0,0.0,1.9494,0
5077578.1,2,,21,21,0,50.0,1.0,6.0205,0,0.0,1.9416,0
5077599.6,2,,21,21,0,50.0,1.0,6.0194,0,0.0,1.9413,0
5079578.1,2,,20,20,0,50.0,1.0,5.9205,0,0.0,1.9131,0
5079593.4,2,,20,20,0,50.0,1.0,5.9197,0,0.0,1.9128,0
5081578.1,2,,19,19,0,50.0,1.0,5.8205,0,0.0,1.8845,0
5083578.1,2,,19,19,0,50.0,1.0,5.7205,0,0.0,1.8559,0
5084653.3,2,,19,19,0,50.0,1.0,5.6667,0,0.0,1.8405,0
5085578.1,2,,18,18,0,50.0,1.0,5.6205,0,0.0,1.8273,0
5087578.1,2,,18,18,0,50.0,1.0,5.5205,0,0.0,1.7988,0
5089578.1,2,,18,18,0,50.0,1.0,5.4205,0,0.0,1.7702,0
5091578.1,2,,18,18,0,50.0,1.0,5.3205,0,0.0,1.7416,0
5091635.6,2,,18,18,0,50.0,1.0,5.3176,0,0.0,1.7408,0
5093578.1,2,,17,17,0,50.0,1.0,5.2205,0,0.0,1.7131,0
5095578.1,2,,17,17,0,50.0,1.0,5.1205,0,0.0,1.6845,0
5097578.1,2,,17,17,0,50.0,1.0,5.0205,0,0.0,1.6559,0
5099578.1,2,,17,17,0,50.0,1.0,4.9205,0,0.0,1.6273,0
5101578.1,2,,17,17,0,50.0,1.0,4.8205,0,0.0,1.5988,0
5103104.4,2,,17,17,0,50.0,1.0,4.7442,0,0.0,1.577,0
5103578.1,2,,16,16,0,50.0,1.0,4.7205,0,0.0,1.5702,0
5105578.1,2,,16,16,0,50.0,1.0,4.6205,0,0.0,1.5416,0
5107578.1,2,,16,16,0,50.0,1.0,4.5205,0,0.0,1.5131,0
5109578.1,2,,16,16,0,50.0,1.0,4.4205,0,0.0,1.4845,0
5111578.1,2,,16,16,0,50.0,1.0,4.3205,0,0.0,1.4559,0
5113578.1,2,,16,16,0,50.0,1.0,4.2205,0,0.0,1.4273,0
5115578.1,2,,16,16,0,50.0,1.0,4.1205,0,0.0,1.3988,0
5117578.1,2,,16,16,0,50.0,1.0,4.0205,0,0.0,1.3702,0
5119059.7,2,,16,16,0,50.0,1.0,3.9464,0,0.0,1.349,0
5119578.1,2,,15,15,0,50.0,1.0,3.9205,0,0.0,1.3416,0
5121578.1,2,,15,15,0,50.0,1.0,3.8205,0,0.0,1.3131,0
5123578.1,2,,15,15,0,50.0,1.0,3.7205,0,0.0,1.2845,0
5123647.2,2,,15,15,0,50.0,1.0,3.717,0,0.0,1.2835,0
5125578.1,2,,14,14,0,50.0,1.0,3.6205,0,0.0,1.2545,0
5127578.1,2,,14,14,0,50.0,1.0,3.5205,0,0.0,1.2245,0
5129578.1,2,,14,14,0,50.0,1.0,3.4205,0,0.0,1.1945,0
5131389.3,2,,14,14,0,50.0,1.0,3.3299,0,0.0,1.1674,0
5131578.1,2,,13,13,0,50.0,1.0,3.3205,0,0.0,1.1649,0
5132446.2,2,,13,13,0,50.0,1.0,3.2771,0,0.0,1.1535,0
5133578.1,2,,12,12,0,50.0,1.0,3.2205,0,0.0,1.1386,0
5135578.1,2,,12,12,0,50.0,1.0,3.1205,0,0.0,1.1122,0
5135707.9,2,,12,12,0,50.0,1.0,3.114,0,0.0,1.1105,0
5137193.1,2,,11,11,0,50.0,1.0,3.0397,0,0.0,1.0887,0
5137578.1,2,,10,10,0,50.0,1.0,3.0205,0,0.0,1.0823,0
5139435.5,2,,10,10,0,50.0,1.0,2.9276,0,0.0,1.0513,0
5139578.1,2,,9,9,0,50.0,1.0,2.9205,0,0.0,1.0496,0
5140836.0,2,,9,9,0,50.0,1.0,2.8576,0,0.0,1.0344,0
5141578.1,2,,8,8,0,50.0,1.0,2.8205,0,0.0,1.0251,0
5143578.1,2,,8,8,0,50.0,1.0,2.7205,0,0.0,1.0001,0
5145578.1,2,,8,8,0,50.0,1.0,2.6205,0,0.0,0.9751,0
5147578.1,2,,8,8,0,50.0,1.0,2.5205,0,0.0,0.9501,0
5149578.1,2,,8,8,0,50.0,1.0,2.4205,0,0.0,0.9251,0
5150584.4,2,,8,8,0,50.0,1.0,2.3702,0,0.0,0.9126,0
5151578.1,2,,7,7,0,50.0,1.0,2.3205,0,0.0,0.8981,0
5153578.1,2,,7,7,0,50.0,1.0,2.2205,0,0.0,0.8689,0
5155578.1,2,,7,7,0,50.0,1.0,2.1205,0,0.0,0.8397,0
5157578.1,2,,7,7,0,50.0,1.0,2.0205,0,0.0,0.8106,0
5159578.1,2,,7,7,0,50.0,1.0,1.9205,0,0.0,0.7814,0
5161578.1,2,,7,7,0,50.0,1.0,1.8205,0,0.0,0.7522,0
5163578.1,2,,7,7,0,50.0,1.0,1.7205,0,0.0,0.7231,0
5165563.2,2,,7,7,0,50.0,1.0,1.6212,0,0.0,0.6941,0
5165578.1,2,,6,6,0,50.0,1.0,1.6205,0,0.0,0.6938,0
5167578.1,2,,6,6,0,50.0,1.0,1.5205,0,0.0,0.6563,0
5169578.1,2,,6,6,0,50.0,1.0,1.4205,0,0.0,0.6188,0
5171306.0,2,,6,6,0,50.0,1.0,1.3341,0,0.0,0.5864,0
5171578.1,2,,5,5,0,50.0,1.0,1.3205,0,0.0,0.5796,0
5173578.1,2,,5,5,0,50.0,1.0,1.2205,0,0.0,0.5296,0
5173901.8,2,,5,5,0,50.0,1.0,1.2043,0,0.0,0.5216,0
5173932.4,2,,4,4,0,50.0,1.0,1.2028,0,0.0,0.5212,0
5175578.1,2,,3,3,0,50.0,1.0,1.1205,0,0.0,0.4937,0
5177578.1,2,,3,3,0,50.0,1.0,1.0205,0,0.0,0.4604,0
5179578.1,2,,3,3,0,50.0,1.0,0.9205,0,0.0,0.4271,0
5181578.1,2,,3,3,0,50.0,1.0,0.8205,0,0.0,0.3937,0
5183578.1,2,,3,3,0,50.0,1.0,0.7205,0,0.0,0.3604,0
5185578.1,2,,3,3,0,50.0,1.0,0.6205,0,0.0,0.3271,0
5187578.1,2,,3,3,0,50.0,1.0,0.5205,0,0.0,0.2937,0
5189578.1,2,,3,3,0,50.0,1.0,0.4205,0,0.0,0.2604,0
5191578.1,2,,3,3,0,50.0,1.0,0.3205,0,0.0,0.2271,0
5193138.6,2,,3,3,0,50.0,1.0,0.2425,0,0.0,0.2011,0
5193578.1,2,,2,2,0,50.0,1.0,0.2205,0,0.0,0.1901,0
5194794.5,2,,2,2,0,50.0,1.0,0.1597,0,0.0,0.1597,0
5195578.1,2,,1,1,0,50.0,1.0,0.1205,0,0.0,0.1205,0
5197578.1,2,,1,1,0,50.0,1.0,0.0205,0,0.0,0.0205,0
5197987.8,2,,1,1,0,50.0,1.0,0.0,0,0.0,0.0,0
5199578.1,3,,124,64,0,50.0,1.0,85.2156,0,0.0,9.1373,0
5201578.1,3,,124,64,0,50.0,1.0,85.1156,0,0.0,9.1311,0
5203578.1,3,,124,64,0,50.0,1.0,85.0156,0,0.0,9.1248,0
5205578.1,3,,124,64,0,50.0,1.0,84.9156,0,0.0,9.1186,0
5207578.1,3,,124,64,0,50.0,1.0,84.8156,0,0.0,9.1123,0
5209578.1,3,,124,64,0,50.0,1.0,84.7156,0,0.0,9.1061,0
5211578.1,3,,124,64,0,50.0,1.0,84.6156,0,0.0,9.0998,0
5213578.1,3,,124,64,0,50.0,1.0,84.5156,0,0.0,9.0936,0
5215578.1,3,,124,64,0,50.0,1.0,84.4156,0,0.0,9.0873,0
5217578.1,3,,124,64,0,50.0,1.0,84.3156,0,0.0,9.0811,0
5219578.1,3,,124,64,0,50.0,1.0,84.2156,0,0.0,9.0748,0
5221578.1,3,,124,64,0,50.0,1.0,84.1156,0,0.0,9.0686,0
5223578.1,3,,124,64,0,50.0,1.0,84.0156,0,0.0,9.0623,0
5225578.1,3,,124,64,0,50.0,1.0,83.9156,0,0.0,9.0561,0
5227578.1,3,,124,64,0,50.0,1.0,83.8156,0,0.0,9.0498,0
5229578.1,3,,124,64,0,50.0,1.0,83.7156,0,0.0,9.0436,0
5231578.1,3,,124,64,0,50.0,1.0,83.6156,0,0.0,9.0373,0
5233578.1,3,,124,64,0,50.0,1.0,83.5156,0,0.0,9.0311,0
5235578.1,3,,124,64,0,50.0,1.0,83.4156,0,0.0,9.0248,0
5237578.1,3,,124,64,0,50.0,1.0,83.3156,0,0.0,9.0186,0
5239578.1,3,,124,64,0,50.0,1.0,83.2156,0,0.0,9.0123,0
5241578.1,3,,124,64,0,50.0,1.0,83.1156,0,0.0,9.0061,0
5243578.1,3,,124,64,0,50.0,1.0,83.0156,0,0.0,8.9998,0
5245578.1,3,,124,64,0,50.0,1.0,82.9156,0,0.0,8.9936,0
5247578.1,3,,124,64,0,50.0,1.0,82.8156,0,0.0,8.9873,0
5247649.6,3,,124,64,0,50.0,1.0,82.812,0,0.0,8.9871,0
5249578.1,3,,123,64,0,50.0,1.0,82.7156,0,0.0,8.9811,0
5251578.1,3,,123,64,0,50.0,1.0,82.6156,0,0.0,8.9748,0
5252446.4,3,,123,64,0,50.0,1.0,82.5722,0,0.0,8.9721,0
5253578.1,3,,122,64,0,50.0,1.0,82.5156,0,0.0,8.9686,0
5253857.3,3,,122,64,0,50.0,1.0,82.5016,0,0.0,8.9677,0
5254139.4,3,,121,64,0,50.0,1.0,82.4875,0,0.0,8.9668,0
5255568.5,3,,120,64,0,50.0,1.0,82.4161,0,0.0,8.9623,0
5255578.1,3,,119,64,0,50.0,1.0,82.4156,0,0.0,8.9623,0
5257361.6,3,,119,64,0,50.0,1.0,82.3264,0,0.0,8.9567,0
5257578.1,3,,118,64,0,50.0,1.0,82.3156,0,0.0,8.9561,0
5258235.4,3,,118,64,0,50.0,1.0,82.2827,0,0.0,8.954,0
5259578.1,3,,116,64,0,50.0,1.0,82.2156,0,0.0,8.9498,0
5261578.1,3,,116,64,0,50.0,1.0,82.1156,0,0.0,8.9436,0
5262049.3,3,,116,64,0,50.0,1.0,82.092,0,0.0,8.9421,0
5262377.0,3,,115,64,0,50.0,1.0,82.0756,0,0.0,8.9411,0
5263578.1,3,,114,64,0,50.0,1.0,82.0156,0,0.0,8.9373,0
5265578.1,3,,114,64,0,50.0,1.0,81.9156,0,0.0,8.9311,0
5267578.1,3,,114,64,0,50.0,1.0,81.8156,0,0.0,8.9248,0
5269578.1,3,,114,64,0,50.0,1.0,81.7156,0,0.0,8.9186,0
5271578.1,3,,114,64,0,50.0,1.0,81.6156,0,0.0,8.9123,0
5273578.1,3,,114,64,0,50.0,1.0,81.5156,0,0.0,8.9061,0
5275578.1,3,,114,64,0,50.0,1.0,81.4156,0,0.0,8.8998,0
5277578.1,3,,114,64,0,50.0,1.0,81.3156,0,0.0,8.8936,0
5279578.1,3,,114,64,0,50.0,1.0,81.2156,0,0.0,8.8873,0
5281578.1,3,,114,64,0,50.0,1.0,81.1156,0,0.0,8.8811,0
5281846.6,3,,114,64,0,50.0,1.0,81.1022,0,0.0,8.8802,0
5283578.1,3,,113,64,0,50.0,1.0,81.0156,0,0.0,8.8748,0
5284340.6,3,,113,64,0,50.0,1.0,80.9775,0,0.0,8.8724,0
5285578.1,3,,112,64,0,50.0,1.0,80.9156,0,0.0,8.8686,0
5287578.1,3,,112,64,0,50.0,1.0,80.8156,0,0.0,8.8623,0
5288627.8,3,,112,64,0,50.0,1.0,80.7631,0,0.0,8.859,0
5289578.1,3,,111,64,0,50.0,1.0,80.7156,0,0.0,8.8561,0
5290093.2,3,,111,64,0,50.0,1.0,80.6898,0,0.0,8.8544,0
5291578.1,3,,110,64,0,50.0,1.0,80.6156,0,0.0,8.8498,0
5293578.1,3,,110,64,0,50.0,1.0,80.5156,0,0.0,8.8436,0
5295099.4,3,,110,64,0,50.0,1.0,80.4395,0,0.0,8.8388,0
5295509.0,3,,109,64,0,50.0,1.0,80.419,0,0.0,8.8375,0
5295578.1,3,,108,64,0,50.0,1.0,80.4156,0,0.0,8.8373,0
5297578.1,3,,108,64,0,50.0,1.0,80.3156,0,0.0,8.8311,0
5299532.2,3,,108,64,0,50.0,1.0,80.2179,0,0.0,8.8249,0
5299578.1,3,,107,64,0,50.0,1.0,80.2156,0,0.0,8.8248,0
5299887.2,3,,107,64,0,50.0,1.0,80.2001,0,0.0,8.8238,0
5300169.4,3,,106,64,0,50.0,1.0,80.186,0,0.0,8.823,0
5300751.9,3,,105,64,0,50.0,1.0,80.1569,0,0.0,8.8211,0
5301361.8,3,,104,64,0,50.0,1.0,80.1264,0,0.0,8.8192,0
5301578.1,3,,103,64,0,50.0,1.0,80.1156,0,0.0,8.8186,0
5303578.1,3,,103,64,0,50.0,1.0,80.0156,0,0.0,8.8123,0
5305578.1,3,,103,64,0,50.0,1.0,79.9156,0,0.0,8.8061,0
5307578.1,3,,103,64,0,50.0,1.0,79.8156,0,0.0,8.7998,0
5309578.1,3,,103,64,0,50.0,1.0,79.7156,0,0.0,8.7936,0
5310218.2,3,,103,64,0,50.0,1.0,79.6836,0,0.0,8.7916,0
5311578.1,3,,102,64,0,50.0,1.0,79.6156,0,0.0,8.7873,0
5312248.0,3,,102,64,0,50.0,1.0,79.5821,0,0.0,8.7852,0
5313578.1,3,,101,64,0,50.0,1.0,79.5156,0,0.0,8.7811,0
5314086.7,3,,101,64,0,50.0,1.0,79.4902,0,0.0,8.7795,0
5314778.5,3,,100,64,0,50.0,1.0,79.4556,0,0.0,8.7773,0
5314842.2,3,,99,64,0,50.0,1.0,79.4524,0,0.0,8.7771,0
5315578.1,3,,98,64,0,50.0,1.0,79.4156,0,0.0,8.7748,0
5317578.1,3,,98,64,0,50.0,1.0,79.3156,0,0.0,8.7686,0
5319578.1,3,,98,64,0,50.0,1.0,79.2156,0,0.0,8.7623,0
5321578.1,3,,98,64,0,50.0,1.0,79.1156,0,0.0,8.7561,0
5322123.9,3,,98,64,0,50.0,1.0,79.0883,0,0.0,8.7543,0
5323578.1,3,,97,64,0,50.0,1.0,79.0156,0,0.0,8.7498,0
5325578.1,3,,97,64,0,50.0,1.0,78.9156,0,0.0,8.7436,0
5327578.1,3,,97,64,0,50.0,1.0,78.8156,0,0.0,8.7373,0
5329578.1,3,,97,64,0,50.0,1.0,78.7156,0,0.0,8.7311,0
5331578.1,3,,97,64,0,50.0,1.0,78.6156,0,0.0,8.7248,0
5332045.4,3,,97,64,0,50.0,1.0,78.5922,0,0.0,8.7233,0
5333578.1,3,,96,64,0,50.0,1.0,78.5156,0,0.0,8.7186,0
5335578.1,3,,96,64,0,50.0,1.0,78.4156,0,0.0,8.7123,0
5337578.1,3,,96,64,0,50.0,1.0,78.3156,0,0.0,8.7061,0
5339578.1,3,,96,64,0,50.0,1.0,78.2156,0,0.0,8.6998,0
5341578.1,3,,96,64,0,50.0,1.0,78.1156,0,0.0,8.6936,0
5343578.1,3,,96,64,0,50.0,1.0,78.0156,0,0.0,8.6873,0
5345578.1,3,,96,64,0,50.0,1.0,77.9156,0,0.0,8.6811,0
5347578.1,3,,96,64,0,50.0,1.0,77.8156,0,0.0,8.6748,0
5349578.1,3,,96,64,0,50.0,1.0,77.7156,0,0.0,8.6686,0
5351578.1,3,,96,64,0,50.0,1.0,77.6156,0,0.0,8.6623,0
5353578.1,3,,96,64,0,50.0,1.0,77.5156,0,0.0,8.6561,0
5355578.1,3,,96,64,0,50.0,1.0,77.4156,0,0.0,8.6498,0
5357578.1,3,,96,64,0,50.0,1.0,77.3156,0,0.0,8.6436,0
5359578.1,3,,96,64,0,50.0,1.0,77.2156,0,0.0,8.6373,0
5361578.1,3,,96,64,0,50.0,1.0,77.1156,0,0.0,8.6311,0
5363578.1,3,,96,64,0,50.0,1.0,77.0156,0,0.0,8.6248,0
5365578.1,3,,96,64,0,50.0,1.0,76.9156,0,0.0,8.6186,0
5367578.1,3,,96,64,0,50.0,1.0,76.8156,0,0.0,8.6123,0
5369578.1,3,,96,64,0,50.0,1.0,76.7156,0,0.0,8.6061,0
5371578.1,3,,96,64,0,50.0,1.0,76.6156,0,0.0,8.5998,0
5373578.1,3,,96,64,0,50.0,1.0,76.5156,0,0.0,8.5936,0
5375578.1,3,,96,64,0,50.0,1.0,76.4156,0,0.0,8.5873,0
5377578.1,3,,96,64,0,50.0,1.0,76.3156,0,0.0,8.5811,0
5379578.1,3,,96,64,0,50.0,1.0,76.2156,0,0.0,8.5748,0
5381578.1,3,,96,64,0,50.0,1.0,76.1156,0,0.0,8.5686,0
5383578.1,3,,96,64,0,50.0,1.0,76.0156,0,0.0,8.5623,0
5385578.1,3,,96,64,0,50.0,1.0,75.9156,0,0.0,8.5561,0
5387578.1,3,,96,64,0,50.0,1.0,75.8156,0,0.0,8.5498,0
5389578.1,3,,96,64,0,50.0,1.0,75.7156,0,0.0,8.5436,0
5391578.1,3,,96,64,0,50.0,1.0,75.6156,0,0.0,8.5373,0
5393578.1,3,,96,64,0,50.0,1.0,75.5156,0,0.0,8.5311,0
5395578.1,3,,96,64,0,50.0,1.0,75.4156,0,0.0,8.5248,0
5397578.1,3,,96,64,0,50.0,1.0,75.3156,0,0.0,8.5186,0
5399578.1,3,,96,64,0,50.0,1.0,75.2156,0,0.0,8.5123,0
5401578.1,3,,96,64,0,50.0,1.0,75.1156,0,0.0,8.5061,0
5403578.1,3,,96,64,0,50.0,1.0,75.0156,0,0.0,8.4998,0
5405578.1,3,,96,64,0,50.0,1.0,74.9156,0,0.0,8.4936,0
5407578.1,3,,96,64,0,50.0,1.0,74.8156,0,0.0,8.4873,0
5409578.1,3,,96,64,0,50.0,1.0,74.7156,0,0.0,8.4811,0
5411578.1,3,,96,64,0,50.0,1.0,74.6156,0,0.0,8.4748,0
5413578.1,3,,96,64,0,50.0,1.0,74.5156,0,0.0,8.4686,0
5415578.1,3,,96,64,0,50.0,1.0,74.4156,0,0.0,8.4623,0
5417578.1,3,,96,64,0,50.0,1.0,74.3156,0,0.0,8.4561,0
5419578.1,3,,96,64,0,50.0,1.0,74.2156,0,0.0,8.4498,0
5421578.1,3,,96,64,0,50.0,1.0,74.1156,0,0.0,8.4436,0
5423578.1,3,,96,64,0,50.0,1.0,74.0156,0,0.0,8.4373,0
5425578.1,3,,96,64,0,50.0,1.0,73.9156,0,0.0,8.4311,0
5427578.1,3,,96,64,0,50.0,1.0,73.8156,0,0.0,8.4248,0
5429578.1,3,,96,64,0,50.0,1.0,73.7156,0,0.0,8.4186,0
5431578.1,3,,96,64,0,50.0,1.0,73.6156,0,0.0,8.4123,0
5433578.1,3,,96,64,0,50.0,1.0,73.5156,0,0.0,8.4061,0
5435578.1,3,,96,64,0,50.0,1.0,73.4156,0,0.0,8.3998,0
5437578.1,3,,96,64,0,50.0,1.0,73.3156,0,0.0,8.3936,0
5439578.1,3,,96,64,0,50.0,1.0,73.2156,0,0.0,8.3873,0
5441578.1,3,,96,64,0,50.0,1.0,73.1156,0,0.0,8.3811,0
5443578.1,3,,96,64,0,50.0,1.0,73.0156,0,0.0,8.3748,0
5445578.1,3,,96,64,0,50.0,1.0,72.9156,0,0.0,8.3686,0
5447578.1,3,,96,64,0,50.0,1.0,72.8156,0,0.0,8.3623,0
5449578.1,3,,96,64,0,50.0,1.0,72.7156,0,0.0,8.3561,0
5451578.1,3,,96,64,0,50.0,1.0,72.6156,0,0.0,8.3498,0
5453578.1,3,,96,64,0,50.0,1.0,72.5156,0,0.0,8.3436,0
5455578.1,3,,96,64,0,50.0,1.0,72.4156,0,0.0,8.3373,0
5457578.1,3,,96,64,0,50.0,1.0,72.3156,0,0.0,8.3311,0
5459578.1,3,,96,64,0,50.0,1.0,72.2156,0,0.0,8.3248,0
5461578.1,3,,96,64,0,50.0,1.0,72.1156,0,0.0,8.3186,0
5463578.1,3,,96,64,0,50.0,1.0,72.0156,0,0.0,8.3123,0
5465578.1,3,,96,64,0,50.0,1.0,71.9156,0,0.0,8.3061,0
5467578.1,3,,96,64,0,50.0,1.0,71.8156,0,0.0,8.2998,0
5469578.1,3,,96,64,0,50.0,1.0,71.7156,0,0.0,8.2936,0
5471578.1,3,,96,64,0,50.0,1.0,71.6156,0,0.0,8.2873,0
5473578.1,3,,96,64,0,50.0,1.0,71.5156,0,0.0,8.2811,0
5475578.1,3,,96,64,0,50.0,1.0,71.4156,0,0.0,8.2748,0
5477578.1,3,,96,64,0,50.0,1.0,71.3156,0,0.0,8.2686,0
5479578.1,3,,96,64,0,50.0,1.0,71.2156,0,0.0,8.2623,0
5481578.1,3,,96,64,0,50.0,1.0,71.1156,0,0.0,8.2561,0
5483578.1,3,,96,64,0,50.0,1.0,71.0156,0,0.0,8.2498,0
5485578.1,3,,96,64,0,50.0,1.0,70.9156,0,0.0,8.2436,0
5487578.1,3,,96,64,0,50.0,1.0,70.8156,0,0.0,8.2373,0
5489578.1,3,,96,64,0,50.0,1.0,70.7156,0,0.0,8.2311,0
5491578.1,3,,96,64,0,50.0,1.0,70.6156,0,0.0,8.2248,0
5493578.1,3,,96,64,0,50.0,1.0,70.5156,0,0.0,8.2186,0
5495578.1,3,,96,64,0,50.0,1.0,70.4156,0,0.0,8.2123,0
5497578.1,3,,96,64,0,50.0,1.0,70.3156,0,0.0,8.2061,0
5499578.1,3,,96,64,0,50.0,1.0,70.2156,0,0.0,8.1998,0
5501578.1,3,,96,64,0,50.0,1.0,70.1156,0,0.0,8.1936,0
5503578.1,3,,96,64,0,50.0,1.0,70.0156,0,0.0,8.1873,0
5505578.1,3,,96,64,0,50.0,1.0,69.9156,0,0.0,8.1811,0
5507578.1,3,,96,64,0,50.0,1.0,69.8156,0,0.0,8.1748,0
5509578.1,3,,96,64,0,50.0,1.0,69.7156,0,0.0,8.1686,0
5511578.1,3,,96,64,0,50.0,1.0,69.6156,0,0.0,8.1623,0
5513578.1,3,,96,64,0,50.0,1.0,69.5156,0,0.0,8.1561,0
5515578.1,3,,96,64,0,50.0,1.0,69.4156,0,0.0,8.1498,0
5516638.4,3,,96,64,0,50.0,1.0,69.3626,0,0.0,8.1465,0
5517578.1,3,,95,64,0,50.0,1.0,69.3156,0,0.0,8.1436,0
5519578.1,3,,95,64,0,50.0,1.0,69.2156,0,0.0,8.1373,0
5521578.1,3,,95,64,0,50.0,1.0,69.1156,0,0.0,8.1311,0
5523578.1,3,,95,64,0,50.0,1.0,69.0156,0,0.0,8.1248,0
5525578.1,3,,95,64,0,50.0,1.0,68.9156,0,0.0,8.1186,0
5527578.1,3,,95,64,0,50.0,1.0,68.8156,0,0.0,8.1123,0
5529578.1,3,,95,64,0,50.0,1.0,68.7156,0,0.0,8.1061,0
5531578.1,3,,95,64,0,50.0,1.0,68.6156,0,0.0,8.0998,0
5533578.1,3,,95,64,0,50.0,1.0,68.5156,0,0.0,8.0936,0
5535578.1,3,,95,64,0,50.0,1.0,68.4156,0,0.0,8.0873,0
5537578.1,3,,95,64,0,50.0,1.0,68.3156,0,0.0,8.0811,0
5539578.1,3,,95,64,0,50.0,1.0,68.2156,0,0.0,8.0748,0
5541578.1,3,,95,64,0,50.0,1.0,68.1156,0,0.0,8.0686,0
5542980.3,3,,95,64,0,50.0,1.0,68.0455,0,0.0,8.0642,0
5543578.1,3,,94,64,0,50.0,1.0,68.0156,0,0.0,8.0623,0
5545578.1,3,,94,64,0,50.0,1.0,67.9156,0,0.0,8.0561,0
5547578.1,3,,94,64,0,50.0,1.0,67.8156,0,0.0,8.0498,0
5549578.1,3,,94,64,0,50.0,1.0,67.7156,0,0.0,8.0436,0
5551578.1,3,,94,64,0,50.0,1.0,67.6156,0,0.0,8.0373,0
5553578.1,3,,94,64,0,50.0,1.0,67.5156,0,0.0,8.0311,0
5555259.2,3,,94,64,0,50.0,1.0,67.4315,0,0.0,8.0258,0
5555578.1,3,,93,64,0,50.0,1.0,67.4156,0,0.0,8.0248,0
5557578.1,3,,93,64,0,50.0,1.0,67.3156,0,0.0,8.0186,0
5559578.1,3,,93,64,0,50.0,1.0,67.2156,0,0.0,8.0123,0
5561578.1,3,,93,64,0,50.0,1.0,67.1156,0,0.0,8.0061,0
5563578.1,3,,93,64,0,50.0,1.0,67.0156,0,0.0,7.9998,0
5565578.1,3,,93,64,0,50.0,1.0,66.9156,0,0.0,7.9936,0
5567578.1,3,,93,64,0,50.0,1.0,66.8156,0,0.0,7.9873,0
5569578.1,3,,93,64,0,50.0,1.0,66.7156,0,0.0,7.9811,0
5571578.1,3,,93,64,0,50.0,1.0,66.6156,0,0.0,7.9748,0
5573578.1,3,,93,64,0,50.0,1.0,66.5156,0,0.0,7.9686,0
5575578.1,3,,93,64,0,50.0,1.0,66.4156,0,0.0,7.9623,0
5577359.4,3,,93,64,0,50.0,1.0,66.3265,0,0.0,7.9567,0
5577578.1,3,,92,64,0,50.0,1.0,66.3156,0,0.0,7.9561,0
5579578.1,3,,92,64,0,50.0,1.0,66.2156,0,0.0,7.9498,0
5581578.1,3,,92,64,0,50.0,1.0,66.1156,0,0.0,7.9436,0
5583578.1,3,,92,64,0,50.0,1.0,66.0156,0,0.0,7.9373,0
5585578.1,3,,92,64,0,50.0,1.0,65.9156,0,0.0,7.9311,0
5587578.1,3,,92,64,0,50.0,1.0,65.8156,0,0.0,7.9248,0
5589578.1,3,,92,64,0,50.0,1.0,65.7156,0,0.0,7.9186,0
5591578.1,3,,92,64,0,50.0,1.0,65.6156,0,0.0,7.9123,0
5593578.1,3,,92,64,0,50.0,1.0,65.5156,0,0.0,7.9061,0
5595578.1,3,,92,64,0,50.0,1.0,65.4156,0,0.0,7.8998,0
5597578.1,3,,92,64,0,50.0,1.0,65.3156,0,0.0,7.8936,0
5599578.1,3,,92,64,0,50.0,1.0,65.2156,0,0.0,7.8873,0
5601578.1,3,,92,64,0,50.0,1.0,65.1156,0,0.0,7.8811,0
5603578.1,3,,92,64,0,50.0,1.0,65.0156,0,0.0,7.8748,0
5605578.1,3,,92,64,0,50.0,1.0,64.9156,0,0.0,7.8686,0
5607578.1,3,,92,64,0,50.0,1.0,64.8156,0,0.0,7.8623,0
5609578.1,3,,92,64,0,50.0,1.0,64.7156,0,0.0,7.8561,0
5611578.1,3,,92,64,0,50.0,1.0,64.6156,0,0.0,7.8498,0
5613578.1,3,,92,64,0,50.0,1.0,64.5156,0,0.0,7.8436,0
5615578.1,3,,92,64,0,50.0,1.0,64.4156,0,0.0,7.8373,0
5617578.1,3,,92,64,0,50.0,1.0,64.3156,0,0.0,7.8311,0
5619578.1,3,,92,64,0,50.0,1.0,64.2156,0,0.0,7.8248,0
5621578.1,3,,92,64,0,50.0,1.0,64.1156,0,0.0,7.8186,0
5623578.1,3,,92,64,0,50.0,1.0,64.0156,0,0.0,7.8123,0
5625578.1,3,,92,64,0,50.0,1.0,63.9156,0,0.0,7.8061,0
5627578.1,3,,92,64,0,50.0,1.0,63.8156,0,0.0,7.7998,0
5629578.1,3,,92,64,0,50.0,1.0,63.7156,0,0.0,7.7936,0
5631578.1,3,,92,64,0,50.0,1.0,63.6156,0,0.0,7.7873,0
5633578.1,3,,92,64,0,50.0,1.0,63.5156,0,0.0,7.7811,0
5635578.1,3,,92,64,0,50.0,1.0,63.4156,0,0.0,7.7748,0
5637578.1,3,,92,64,0,50.0,1.0,63.3156,0,0.0,7.7686,0
5639578.1,3,,92,64,0,50.0,1.0,63.2156,0,0.0,7.7623,0
5641578.1,3,,92,64,0,50.0,1.0,63.1156,0,0.0,7.7561,0
5643578.1,3,,92,64,0,50.0,1.0,63.0156,0,0.0,7.7498,0
5645578.1,3,,92,64,0,50.0,1.0,62.9156,0,0.0,7.7436,0
5647578.1,3,,92,64,0,50.0,1.0,62.8156,0,0.0,7.7373,0
5649578.1,3,,92,64,0,50.0,1.0,62.7156,0,0.0,7.7311,0
5651578.1,3,,92,64,0,50.0,1.0,62.6156,0,0.0,7.7248,0
5653578.1,3,,92,64,0,50.0,1.0,62.5156,0,0.0,7.7186,0
5654182.1,3,,92,64,0,50.0,1.0,62.4854,0,0.0,7.7167,0
5655578.1,3,,91,64,0,50.0,1.0,62.4156,0,0.0,7.7123,0
5657578.1,3,,91,64,0,50.0,1.0,62.3156,0,0.0,7.7061,0
5659578.1,3,,91,64,0,50.0,1.0,62.2156,0,0.0,7.6998,0
5661578.1,3,,91,64,0,50.0,1.0,62.1156,0,0.0,7.6936,0
5663578.1,3,,91,64,0,50.0,1.0,62.0156,0,0.0,7.6873,0
5665578.1,3,,91,64,0,50.0,1.0,61.9156,0,0.0,7.6811,0
5667578.1,3,,91,64,0,50.0,1.0,61.8156,0,0.0,7.6748,0
5668308.8,3,,91,64,0,50.0,1.0,61.7791,0,0.0,7.6725,0
5669578.1,3,,90,64,0,50.0,1.0,61.7156,0,0.0,7.6686,0
5671578.1,3,,90,64,0,50.0,1.0,61.6156,0,0.0,7.6623,0
5673578.1,3,,90,64,0,50.0,1.0,61.5156,0,0.0,7.6561,0
5675578.1,3,,90,64,0,50.0,1.0,61.4156,0,0.0,7.6498,0
5675809.0,3,,90,64,0,50.0,1.0,61.404,0,0.0,7.6491,0
5677578.1,3,,89,64,0,50.0,1.0,61.3156,0,0.0,7.6436,0
5679578.1,3,,89,64,0,50.0,1.0,61.2156,0,0.0,7.6373,0
5681578.1,3,,89,64,0,50.0,1.0,61.1156,0,0.0,7.6311,0
5683578.1,3,,89,64,0,50.0,1.0,61.0156,0,0.0,7.6248,0
5685578.1,3,,89,64,0,50.0,1.0,60.9156,0,0.0,7.6186,0
5687578.1,3,,89,64,0,50.0,1.0,60.8156,0,0.0,7.6123,0
5689578.1,3,,89,64,0,50.0,1.0,60.7156,0,0.0,7.6061,0
5691578.1,3,,89,64,0,50.0,1.0,60.6156,0,0.0,7.5998,0
5691737.9,3,,89,64,0,50.0,1.0,60.6076,0,0.0,7.5993,0
5692293.1,3,,88,64,0,50.0,1.0,60.5798,0,0.0,7.5976,0
5693578.1,3,,87,64,0,50.0,1.0,60.5156,0,0.0,7.5936,0
5695578.1,3,,87,64,0,50.0,1.0,60.4156,0,0.0,7.5873,0
5697578.1,3,,87,64,0,50.0,1.0,60.3156,0,0.0,7.5811,0
5699578.1,3,,87,64,0,50.0,1.0,60.2156,0,0.0,7.5748,0
5701578.1,3,,87,64,0,50.0,1.0,60.1156,0,0.0,7.5686,0
5703578.1,3,,87,64,0,50.0,1.0,60.0156,0,0.0,7.5623,0
5704908.8,3,,87,64,0,50.0,1.0,59.9491,0,0.0,7.5581,0
5705018.0,3,,86,64,0,50.0,1.0,59.9436,0,0.0,7.5578,0
5705578.1,3,,85,64,0,50.0,1.0,59.9156,0,0.0,7.5561,0
5707220.8,3,,85,64,0,50.0,1.0,59.8335,0,0.0,7.5509,0
5707578.1,3,,84,64,0,50.0,1.0,59.8156,0,0.0,7.5498,0
5709578.1,3,,84,64,0,50.0,1.0,59.7156,0,0.0,7.5436,0
5711578.1,3,,84,64,0,50.0,1.0,59.6156,0,0.0,7.5373,0
5713578.1,3,,84,64,0,50.0,1.0,59.5156,0,0.0,7.5311,0
5715578.1,3,,84,64,0,50.0,1.0,59.4156,0,0.0,7.5248,0
5717578.1,3,,84,64,0,50.0,1.0,59.3156,0,0.0,7.5186,0
5717633.7,3,,84,64,0,50.0,1.0,59.3128,0,0.0,7.5184,0
5719578.1,3,,83,64,0,50.0,1.0,59.2156,0,0.0,7.5123,0
5721578.1,3,,83,64,0,50.0,1.0,59.1156,0,0.0,7.5061,0
5723578.1,3,,83,64,0,50.0,1.0,59.0156,0,0.0,7.4998,0
5725578.1,3,,83,64,0,50.0,1.0,58.9156,0,0.0,7.4936,0
5727578.1,3,,83,64,0,50.0,1.0,58.8156,0,0.0,7.4873,0
5729578.1,3,,83,64,0,50.0,1.0,58.7156,0,0.0,7.4811,0
5731578.1,3,,83,64,0,50.0,1.0,58.6156,0,0.0,7.4748,0
5733578.1,3,,83,64,0,50.0,1.0,58.5156,0,0.0,7.4686,0
5735578.1,3,,83,64,0,50.0,1.0,58.4156,0,0.0,7.4623,0
5737578.1,3,,83,64,0,50.0,1.0,58.3156,0,0.0,7.4561,0
5739578.1,3,,83,64,0,50.0,1.0,58.2156,0,0.0,7.4498,0
5741578.1,3,,83,64,0,50.0,1.0,58.1156,0,0.0,7.4436,0
5741718.2,3,,83,64,0,50.0,1.0,58.1086,0,0.0,7.4431,0
5742755.8,3,,82,64,0,50.0,1.0,58.0567,0,0.0,7.4399,0
5743578.1,3,,81,64,0,50.0,1.0,58.0156,0,0.0,7.4373,0
5745578.1,3,,81,64,0,50.0,1.0,57.9156,0,0.0,7.4311,0
5747578.1,3,,81,64,0,50.0,1.0,57.8156,0,0.0,7.4248,0
5749578.1,3,,81,64,0,50.0,1.0,57.7156,0,0.0,7.4186,0
5751578.1,3,,81,64,0,50.0,1.0,57.6156,0,0.0,7.4123,0
5753578.1,3,,81,64,0,50.0,1.0,57.5156,0,0.0,7.4061,0
5755578.1,3,,81,64,0,50.0,1.0,57.4156,0,0.0,7.3998,0
5757578.1,3,,81,64,0,50.0,1.0,57.3156,0,0.0,7.3936,0
5759578.1,3,,81,64,0,50.0,1.0,57.2156,0,0.0,7.3873,0
5761578.1,3,,81,64,0,50.0,1.0,57.1156,0,0.0,7.3811,0
5763578.1,3,,81,64,0,50.0,1.0,57.0156,0,0.0,7.3748,0
5764655.8,3,,81,64,0,50.0,1.0,56.9617,0,0.0,7.3714,0
5765578.1,3,,80,64,0,50.0,1.0,56.9156,0,0.0,7.3686,0
5767578.1,3,,80,64,0,50.0,1.0,56.8156,0,0.0,7.3623,0
5769578.1,3,,80,64,0,50.0,1.0,56.7156,0,0.0,7.3561,0
5770608.6,3,,80,64,0,50.0,1.0,56.6641,0,0.0,7.3528,0
5771578.1,3,,79,64,0,50.0,1.0,56.6156,0,0.0,7.3498,0
5773578.1,3,,79,64,0,50.0,1.0,56.5156,0,0.0,7.3436,0
5773867.2,3,,79,64,0,50.0,1.0,56.5011,0,0.0,7.3426,0
5775578.1,3,,78,64,0,50.0,1.0,56.4156,0,0.0,7.3373,0
5777578.1,3,,78,64,0,50.0,1.0,56.3156,0,0.0,7.3311,0
5779578.1,3,,78,64,0,50.0,1.0,56.2156,0,0.0,7.3248,0
5781578.1,3,,78,64,0,50.0,1.0,56.1156,0,0.0,7.3186,0
5783578.1,3,,78,64,0,50.0,1.0,56.0156,0,0.0,7.3123,0
5785578.1,3,,78,64,0,50.0,1.0,55.9156,0,0.0,7.3061,0
5787578.1,3,,78,64,0,50.0,1.0,55.8156,0,0.0,7.2998,0
5789578.1,3,,78,64,0,50.0,1.0,55.7156,0,0.0,7.2936,0
5791578.1,3,,78,64,0,50.0,1.0,55.6156,0,0.0,7.2873,0
5793528.0,3,,78,64,0,50.0,1.0,55.5181,0,0.0,7.2812,0
5793578.1,3,,77,64,0,50.0,1.0,55.5156,0,0.0,7.2811,0
5795578.1,3,,77,64,0,50.0,1.0,55.4156,0,0.0,7.2748,0
5795694.4,3,,77,64,0,50.0,1.0,55.4098,0,0.0,7.2744,0
5797578.1,3,,76,64,0,50.0,1.0,55.3156,0,0.0,7.2686,0
5799578.1,3,,76,64,0,50.0,1.0,55.2156,0,0.0,7.2623,0
5801578.1,3,,76,64,0,50.0,1.0,55.1156,0,0.0,7.2561,0
5803578.1,3,,76,64,0,50.0,1.0,55.0156,0,0.0,7.2498,0
5805578.1,3,,76,64,0,50.0,1.0,54.9156,0,0.0,7.2436,0
5807578.1,3,,76,64,0,50.0,1.0,54.8156,0,0.0,7.2373,0
5809578.1,3,,76,64,0,50.0,1.0,54.7156,0,0.0,7.2311,0
5811578.1,3,,76,64,0,50.0,1.0,54.6156,0,0.0,7.2248,0
5813578.1,3,,76,64,0,50.0,1.0,54.5156,0,0.0,7.2186,0
5815578.1,3,,76,64,0,50.0,1.0,54.4156,0,0.0,7.2123,0
5817578.1,3,,76,64,0,50.0,1.0,54.3156,0,0.0,7.2061,0
5819578.1,3,,76,64,0,50.0,1.0,54.2156,0,0.0,7.1998,0
5821578.1,3,,76,64,0,50.0,1.0,54.1156,0,0.0,7.1936,0
5823578.1,3,,76,64,0,50.0,1.0,54.0156,0,0.0,7.1873,0
5825578.1,3,,76,64,0,50.0,1.0,53.9156,0,0.0,7.1811,0
5827578.1,3,,76,64,0,50.0,1.0,53.8156,0,0.0,7.1748,0
5829578.1,3,,76,64,0,50.0,1.0,53.7156,0,0.0,7.1686,0
5831578.1,3,,76,64,0,50.0,1.0,53.6156,0,0.0,7.1623,0
5833578.1,3,,76,64,0,50.0,1.0,53.5156,0,0.0,7.1561,0
5835578.1,3,,76,64,0,50.0,1.0,53.4156,0,0.0,7.1498,0
5837578.1,3,,76,64,0,50.0,1.0,53.3156,0,0.0,7.1436,0
5839578.1,3,,76,64,0,50.0,1.0,53.2156,0,0.0,7.1373,0
5841578.1,3,,76,64,0,50.0,1.0,53.1156,0,0.0,7.1311,0
5843578.1,3,,76,64,0,50.0,1.0,53.0156,0,0.0,7.1248,0
5845578.1,3,,76,64,0,50.0,1.0,52.9156,0,0.0,7.1186,0
5847578.1,3,,76,64,0,50.0,1.0,52.8156,0,0.0,7.1123,0
5849578.1,3,,76,64,0,50.0,1.0,52.7156,0,0.0,7.1061,0
5851578.1,3,,76,64,0,50.0,1.0,52.6156,0,0.0,7.0998,0
5853578.1,3,,76,64,0,50.0,1.0,52.5156,0,0.0,7.0936,0
5855578.1,3,,76,64,0,50.0,1.0,52.4156,0,0.0,7.0873,0
5857578.1,3,,76,64,0,50.0,1.0,52.3156,0,0.0,7.0811,0
5859578.1,3,,76,64,0,50.0,1.0,52.2156,0,0.0,7.0748,0
5861578.1,3,,76,64,0,50.0,1.0,52.1156,0,0.0,7.0686,0
5863578.1,3,,76,64,0,50.0,1.0,52.0156,0,0.0,7.0623,0
5865578.1,3,,76,64,0,50.0,1.0,51.9156,0,0.0,7.0561,0
5867578.1,3,,76,64,0,50.0,1.0,51.8156,0,0.0,7.0498,0
5869578.1,3,,76,64,0,50.0,1.0,51.7156,0,0.0,7.0436,0
5871578.1,3,,76,64,0,50.0,1.0,51.6156,0,0.0,7.0373,0
5873578.1,3,,76,64,0,50.0,1.0,51.5156,0,0.0,7.0311,0
5875578.1,3,,76,64,0,50.0,1.0,51.4156,0,0.0,7.0248,0
5877578.1,3,,76,64,0,50.0,1.0,51.3156,0,0.0,7.0186,0
5879578.1,3,,76,64,0,50.0,1.0,51.2156,0,0.0,7.0123,0
5881578.1,3,,76,64,0,50.0,1.0,51.1156,0,0.0,7.0061,0
5883578.1,3,,76,64,0,50.0,1.0,51.0156,0,0.0,6.9998,0
5885578.1,3,,76,64,0,50.0,1.0,50.9156,0,0.0,6.9936,0
5887578.1,3,,76,64,0,50.0,1.0,50.8156,0,0.0,6.9873,0
5889578.1,3,,76,64,0,50.0,1.0,50.7156,0,0.0,6.9811,0
5891578.1,3,,76,64,0,50.0,1.0,50.6156,0,0.0,6.9748,0
5893578.1,3,,76,64,0,50.0,1.0,50.5156,0,0.0,6.9686,0
5895578.1,3,,76,64,0,50.0,1.0,50.4156,0,0.0,6.9623,0
5897578.1,3,,76,64,0,50.0,1.0,50.3156,0,0.0,6.9561,0
5899578.1,3,,76,64,0,50.0,1.0,50.2156,0,0.0,6.9498,0
5901578.1,3,,76,64,0,50.0,1.0,50.1156,0,0.0,6.9436,0
5903578.1,3,,76,64,0,50.0,1.0,50.0156,0,0.0,6.9373,0
5905578.1,3,,76,64,0,50.0,1.0,49.9156,0,0.0,6.9311,0
5907578.1,3,,76,64,0,50.0,1.0,49.8156,0,0.0,6.9248,0
5909578.1,3,,76,64,0,50.0,1.0,49.7156,0,0.0,6.9186,0
5911578.1,3,,76,64,0,50.0,1.0,49.6156,0,0.0,6.9123,0
5913578.1,3,,76,64,0,50.0,1.0,49.5156,0,0.0,6.9061,0
5915578.1,3,,76,64,0,50.0,1.0,49.4156,0,0.0,6.8998,0
5917578.1,3,,76,64,0,50.0,1.0,49.3156,0,0.0,6.8936,0
5919578.1,3,,76,64,0,50.0,1.0,49.2156,0,0.0,6.8873,0
5921578.1,3,,76,64,0,50.0,1.0,49.1156,0,0.0,6.8811,0
5923578.1,3,,76,64,0,50.0,1.0,49.0156,0,0.0,6.8748,0
5925578.1,3,,76,64,0,50.0,1.0,48.9156,0,0.0,6.8686,0
5927578.1,3,,76,64,0,50.0,1.0,48.8156,0,0.0,6.8623,0
5929578.1,3,,76,64,0,50.0,1.0,48.7156,0,0.0,6.8561,0
5931578.1,3,,76,64,0,50.0,1.0,48.6156,0,0.0,6.8498,0
5933578.1,3,,76,64,0,50.0,1.0,48.5156,0,0.0,6.8436,0
5935578.1,3,,76,64,0,50.0,1.0,48.4156,0,0.0,6.8373,0
5937578.1,3,,76,64,0,50.0,1.0,48.3156,0,0.0,6.8311,0
5939578.1,3,,76,64,0,50.0,1.0,48.2156,0,0.0,6.8248,0
5941578.1,3,,76,64,0,50.0,1.0,48.1156,0,0.0,6.8186,0
5943578.1,3,,76,64,0,50.0,1.0,48.0156,0,0.0,6.8123,0
5945578.1,3,,76,64,0,50.0,1.0,47.9156,0,0.0,6.8061,0
5947578.1,3,,76,64,0,50.0,1.0,47.8156,0,0.0,6.7998,0
5949578.1,3,,76,64,0,50.0,1.0,47.7156,0,0.0,6.7936,0
5951578.1,3,,76,64,0,50.0,1.0,47.6156,0,0.0,6.7873,0
5952898.8,3,,76,64,0,50.0,1.0,47.5496,0,0.0,6.7832,0
5953578.1,3,,75,64,0,50.0,1.0,47.5156,0,0.0,6.7811,0
5955578.1,3,,75,64,0,50.0,1.0,47.4156,0,0.0,6.7748,0
5957578.1,3,,75,64,0,50.0,1.0,47.3156,0,0.0,6.7686,0
5959578.1,3,,75,64,0,50.0,1.0,47.2156,0,0.0,6.7623,0
5961578.1,3,,75,64,0,50.0,1.0,47.1156,0,0.0,6.7561,0
5963578.1,3,,75,64,0,50.0,1.0,47.0156,0,0.0,6.7498,0
5965578.1,3,,75,64,0,50.0,1.0,46.9156,0,0.0,6.7436,0
5967578.1,3,,75,64,0,50.0,1.0,46.8156,0,0.0,6.7373,0
5969578.1,3,,75,64,0,50.0,1.0,46.7156,0,0.0,6.7311,0
5971578.1,3,,75,64,0,50.0,1.0,46.6156,0,0.0,6.7248,0
5972068.1,3,,75,64,0,50.0,1.0,46.5911,0,0.0,6.7233,0
5973578.1,3,,74,64,0,50.0,1.0,46.5156,0,0.0,6.7186,0
5975578.1,3,,74,64,0,50.0,1.0,46.4156,0,0.0,6.7123,0
5977578.1,3,,74,64,0,50.0,1.0,46.3156,0,0.0,6.7061,0
5979578.1,3,,74,64,0,50.0,1.0,46.2156,0,0.0,6.6998,0
5981578.1,3,,74,64,0,50.0,1.0,46.1156,0,0.0,6.6936,0
5983209.2,3,,74,64,0,50.0,1.0,46.034,0,0.0,6.6885,0
5983578.1,3,,73,64,0,50.0,1.0,46.0156,0,0.0,6.6873,0
5985578.1,3,,73,64,0,50.0,1.0,45.9156,0,0.0,6.6811,0
5986959.4,3,,73,64,0,50.0,1.0,45.8465,0,0.0,6.6767,0
5987578.1,3,,72,64,0,50.0,1.0,45.8156,0,0.0,6.6748,0
5989578.1,3,,72,64,0,50.0,1.0,45.7156,0,0.0,6.6686,0
5990345.4,3,,72,64,0,50.0,1.0,45.6772,0,0.0,6.6662,0
5991578.1,3,,71,64,0,50.0,1.0,45.6156,0,0.0,6.6623,0
5993578.1,3,,71,64,0,50.0,1.0,45.5156,0,0.0,6.6561,0
5995578.1,3,,71,64,0,50.0,1.0,45.4156,0,0.0,6.6498,0
5997578.1,3,,71,64,0,50.0,1.0,45.3156,0,0.0,6.6436,0
5999578.1,3,,71,64,0,50.0,1.0,45.2156,0,0.0,6.6373,0
6001578.1,3,,71,64,0,50.0,1.0,45.1156,0,0.0,6.6311,0
6003578.1,3,,71,64,0,50.0,1.0,45.0156,0,0.0,6.6248,0
6005578.1,3,,71,64,0,50.0,1.0,44.9156,0,0.0,6.6186,0
6007578.1,3,,71,64,0,50.0,1.0,44.8156,0,0.0,6.6123,0
6009514.7,3,,71,64,0,50.0,1.0,44.7188,0,0.0,6.6063,0
6009578.1,3,,70,64,0,50.0,1.0,44.7156,0,0.0,6.6061,0
6011435.2,3,,70,64,0,50.0,1.0,44.6227,0,0.0,6.6002,0
6011578.1,3,,69,64,0,50.0,1.0,44.6156,0,0.0,6.5998,0
6013578.1,3,,69,64,0,50.0,1.0,44.5156,0,0.0,6.5936,0
6015578.1,3,,69,64,0,50.0,1.0,44.4156,0,0.0,6.5873,0
6017333.5,3,,69,64,0,50.0,1.0,44.3278,0,0.0,6.5818,0
6017578.1,3,,68,64,0,50.0,1.0,44.3156,0,0.0,6.5811,0
6019578.1,3,,68,64,0,50.0,1.0,44.2156,0,0.0,6.5748,0
6021578.1,3,,68,64,0,50.0,1.0,44.1156,0,0.0,6.5686,0
6023578.1,3,,68,64,0,50.0,1.0,44.0156,0,0.0,6.5623,0
6024296.7,3,,68,64,0,50.0,1.0,43.9797,0,0.0,6.5601,0
6025578.1,3,,67,64,0,50.0,1.0,43.9156,0,0.0,6.5561,0
6027578.1,3,,67,64,0,50.0,1.0,43.8156,0,0.0,6.5498,0
6029578.1,3,,67,64,0,50.0,1.0,43.7156,0,0.0,6.5436,0
6031578.1,3,,67,64,0,50.0,1.0,43.6156,0,0.0,6.5373,0
6033578.1,3,,67,64,0,50.0,1.0,43.5156,0,0.0,6.5311,0
6035578.1,3,,67,64,0,50.0,1.0,43.4156,0,0.0,6.5248,0
6037578.1,3,,67,64,0,50.0,1.0,43.3156,0,0.0,6.5186,0
6038569.0,3,,67,64,0,50.0,1.0,43.266,0,0.0,6.5155,0
6039578.1,3,,66,64,0,50.0,1.0,43.2156,0,0.0,6.5123,0
6041578.1,3,,66,64,0,50.0,1.0,43.1156,0,0.0,6.5061,0
6043578.1,3,,66,64,0,50.0,1.0,43.0156,0,0.0,6.4998,0
6045578.1,3,,66,64,0,50.0,1.0,42.9156,0,0.0,6.4936,0
6047578.1,3,,66,64,0,50.0,1.0,42.8156,0,0.0,6.4873,0
6049578.1,3,,66,64,0,50.0,1.0,42.7156,0,0.0,6.4811,0
6051578.1,3,,66,64,0,50.0,1.0,42.6156,0,0.0,6.4748,0
6052686.5,3,,66,64,0,50.0,1.0,42.5602,0,0.0,6.4713,0
6053578.1,3,,65,64,0,50.0,1.0,42.5156,0,0.0,6.4686,0
6055578.1,3,,65,64,0,50.0,1.0,42.4156,0,0.0,6.4623,0
6057578.1,3,,65,64,0,50.0,1.0,42.3156,0,0.0,6.4561,0
6059458.6,3,,65,64,0,50.0,1.0,42.2216,0,0.0,6.4502,0
6059578.1,3,,64,64,0,50.0,1.0,42.2156,0,0.0,6.4498,0
6061578.1,3,,64,64,0,50.0,1.0,42.1156,0,0.0,6.4436,0
6063578.1,3,,64,64,0,50.0,1.0,42.0156,0,0.0,6.4373,0
6065578.1,3,,64,64,0,50.0,1.0,41.9156,0,0.0,6.4311,0
6067578.1,3,,64,64,0,50.0,1.0,41.8156,0,0.0,6.4248,0
6069578.1,3,,64,64,0,50.0,1.0,41.7156,0,0.0,6.4186,0
6071578.1,3,,64,64,0,50.0,1.0,41.6156,0,0.0,6.4123,0
6073578.1,3,,64,64,0,50.0,1.0,41.5156,0,0.0,6.4061,0
6075578.1,3,,64,64,0,50.0,1.0,41.4156,0,0.0,6.3998,0
6077578.1,3,,64,64,0,50.0,1.0,41.3156,0,0.0,6.3936,0
6079578.1,3,,64,64,0,50.0,1.0,41.2156,0,0.0,6.3873,0
6081578.1,3,,64,64,0,50.0,1.0,41.1156,0,0.0,6.3811,0
6083578.1,3,,64,64,0,50.0,1.0,41.0156,0,0.0,6.3748,0
6085578.1,3,,64,64,0,50.0,1.0,40.9156,0,0.0,6.3686,0
6087578.1,3,,64,64,0,50.0,1.0,40.8156,0,0.0,6.3623,0
6089578.1,3,,64,64,0,50.0,1.0,40.7156,0,0.0,6.3561,0
6091578.1,3,,64,64,0,50.0,1.0,40.6156,0,0.0,6.3498,0
6093578.1,3,,64,64,0,50.0,1.0,40.5156,0,0.0,6.3436,0
6095578.1,3,,64,64,0,50.0,1.0,40.4156,0,0.0,6.3373,0
6097578.1,3,,64,64,0,50.0,1.0,40.3156,0,0.0,6.3311,0
6099578.1,3,,64,64,0,50.0,1.0,40.2156,0,0.0,6.3248,0
6101578.1,3,,64,64,0,50.0,1.0,40.1156,0,0.0,6.3186,0
6103578.1,3,,64,64,0,50.0,1.0,40.0156,0,0.0,6.3123,0
6105578.1,3,,64,64,0,50.0,1.0,39.9156,0,0.0,6.3061,0
6107578.1,3,,64,64,0,50.0,1.0,39.8156,0,0.0,6.2998,0
6109578.1,3,,64,64,0,50.0,1.0,39.7156,0,0.0,6.2936,0
6111578.1,3,,64,64,0,50.0,1.0,39.6156,0,0.0,6.2873,0
6113578.1,3,,64,64,0,50.0,1.0,39.5156,0,0.0,6.2811,0
6115578.1,3,,64,64,0,50.0,1.0,39.4156,0,0.0,6.2748,0
6117578.1,3,,64,64,0,50.0,1.0,39.3156,0,0.0,6.2686,0
6119578.1,3,,64,64,0,50.0,1.0,39.2156,0,0.0,6.2623,0
6121578.1,3,,64,64,0,50.0,1.0,39.1156,0,0.0,6.2561,0
6123259.7,3,,64,64,0,50.0,1.0,39.0315,0,0.0,6.2508,0
6123578.1,3,,63,63,0,50.0,1.0,39.0156,0,0.0,6.2498,0
6125578.1,3,,63,63,0,50.0,1.0,38.9156,0,0.0,6.2434,0
6127578.1,3,,63,63,0,50.0,1.0,38.8156,0,0.0,6.2371,0
6129578.1,3,,63,63,0,50.0,1.0,38.7156,0,0.0,6.2307,0
6131578.1,3,,63,63,0,50.0,1.0,38.6156,0,0.0,6.2244,0
6133578.1,3,,63,63,0,50.0,1.0,38.5156,0,0.0,6.218,0
6135578.1,3,,63,63,0,50.0,1.0,38.4156,0,0.0,6.2117,0
6137578.1,3,,63,63,0,50.0,1.0,38.3156,0,0.0,6.2053,0
6139578.1,3,,63,63,0,50.0,1.0,38.2156,0,0.0,6.199,0
6141578.1,3,,63,63,0,50.0,1.0,38.1156,0,0.0,6.1926,0
6143578.1,3,,63,63,0,50.0,1.0,38.0156,0,0.0,6.1862,0
6144361.8,3,,63,63,0,50.0,1.0,37.9764,0,0.0,6.1838,0
6145578.1,3,,62,62,0,50.0,1.0,37.9156,0,0.0,6.1798,0
6145681.7,3,,62,62,0,50.0,1.0,37.9104,0,0.0,6.1795,0
6147578.1,3,,61,61,0,50.0,1.0,37.8156,0,0.0,6.1733,0
6149578.1,3,,61,61,0,50.0,1.0,37.7156,0,0.0,6.1667,0
6151578.1,3,,61,61,0,50.0,1.0,37.6156,0,0.0,6.1601,0
6153578.1,3,,61,61,0,50.0,1.0,37.5156,0,0.0,6.1536,0
6155578.1,3,,61,61,0,50.0,1.0,37.4156,0,0.0,6.147,0
6157578.1,3,,61,61,0,50.0,1.0,37.3156,0,0.0,6.1405,0
6159578.1,3,,61,61,0,50.0,1.0,37.2156,0,0.0,6.1339,0
6161578.1,3,,61,61,0,50.0,1.0,37.1156,0,0.0,6.1273,0
6163578.1,3,,61,61,0,50.0,1.0,37.0156,0,0.0,6.1208,0
6165578.1,3,,61,61,0,50.0,1.0,36.9156,0,0.0,6.1142,0
6167578.1,3,,61,61,0,50.0,1.0,36.8156,0,0.0,6.1076,0
6169578.1,3,,61,61,0,50.0,1.0,36.7156,0,0.0,6.1011,0
6171578.1,3,,61,61,0,50.0,1.0,36.6156,0,0.0,6.0945,0
6173578.1,3,,61,61,0,50.0,1.0,36.5156,0,0.0,6.088,0
6175578.1,3,,61,61,0,50.0,1.0,36.4156,0,0.0,6.0814,0
6177578.1,3,,61,61,0,50.0,1.0,36.3156,0,0.0,6.0748,0
6179578.1,3,,61,61,0,50.0,1.0,36.2156,0,0.0,6.0683,0
6181578.1,3,,61,61,0,50.0,1.0,36.1156,0,0.0,6.0617,0
6183578.1,3,,61,61,0,50.0,1.0,36.0156,0,0.0,6.0551,0
6185578.1,3,,61,61,0,50.0,1.0,35.9156,0,0.0,6.0486,0
6187578.1,3,,61,61,0,50.0,1.0,35.8156,0,0.0,6.042,0
6189578.1,3,,61,61,0,50.0,1.0,35.7156,0,0.0,6.0355,0
6191578.1,3,,61,61,0,50.0,1.0,35.6156,0,0.0,6.0289,0
6193578.1,3,,61,61,0,50.0,1.0,35.5156,0,0.0,6.0223,0
6195578.1,3,,61,61,0,50.0,1.0,35.4156,0,0.0,6.0158,0
6197578.1,3,,61,61,0,50.0,1.0,35.3156,0,0.0,6.0092,0
6199578.1,3,,61,61,0,50.0,1.0,35.2156,0,0.0,6.0026,0
6201578.1,3,,61,61,0,50.0,1.0,35.1156,0,0.0,5.9961,0
6203578.1,3,,61,61,0,50.0,1.0,35.0156,0,0.0,5.9895,0
6205578.1,3,,61,61,0,50.0,1.0,34.9156,0,0.0,5.983,0
6207578.1,3,,61,61,0,50.0,1.0,34.8156,0,0.0,5.9764,0
6209578.1,3,,61,61,0,50.0,1.0,34.7156,0,0.0,5.9698,0
6211193.4,3,,61,61,0,50.0,1.0,34.6348,0,0.0,5.9645,0
6211578.1,3,,60,60,0,50.0,1.0,34.6156,0,0.0,5.9632,0
6213578.1,3,,60,60,0,50.0,1.0,34.5156,0,0.0,5.9566,0
6215578.1,3,,60,60,0,50.0,1.0,34.4156,0,0.0,5.9499,0
6217578.1,3,,60,60,0,50.0,1.0,34.3156,0,0.0,5.9432,0
6218089.8,3,,60,60,0,50.0,1.0,34.29,0,0.0,5.9415,0
6219578.1,3,,59,59,0,50.0,1.0,34.2156,0,0.0,5.9365,0
6221023.8,3,,59,59,0,50.0,1.0,34.1433,0,0.0,5.9316,0
6221578.1,3,,58,58,0,50.0,1.0,34.1156,0,0.0,5.9297,0
6222677.3,3,,58,58,0,50.0,1.0,34.0606,0,0.0,5.9259,0
6223578.1,3,,57,57,0,50.0,1.0,34.0156,0,0.0,5.9227,0
6225578.1,3,,57,57,0,50.0,1.0,33.9156,0,0.0,5.9157,0
6227578.1,3,,57,57,0,50.0,1.0,33.8156,0,0.0,5.9086,0
6229578.1,3,,57,57,0,50.0,1.0,33.7156,0,0.0,5.9016,0
6231394.1,3,,57,57,0,50.0,1.0,33.6248,0,0.0,5.8952,0
6231578.1,3,,56,56,0,50.0,1.0,33.6156,0,0.0,5.8945,0
6233578.1,3,,56,56,0,50.0,1.0,33.5156,0,0.0,5.8874,0
6235578.1,3,,56,56,0,50.0,1.0,33.4156,0,0.0,5.8802,0
6237578.1,3,,56,56,0,50.0,1.0,33.3156,0,0.0,5.873,0
6239578.1,3,,56,56,0,50.0,1.0,33.2156,0,0.0,5.8659,0
6241578.1,3,,56,56,0,50.0,1.0,33.1156,0,0.0,5.8587,0
6243578.1,3,,56,56,0,50.0,1.0,33.0156,0,0.0,5.8516,0
6245578.1,3,,56,56,0,50.0,1.0,32.9156,0,0.0,5.8444,0
6247578.1,3,,56,56,0,50.0,1.0,32.8156,0,0.0,5.8372,0
6248900.9,3,,56,56,0,50.0,1.0,32.7495,0,0.0,5.8325,0
6249578.1,3,,55,55,0,50.0,1.0,32.7156,0,0.0,5.83,0
6251578.1,3,,55,55,0,50.0,1.0,32.6156,0,0.0,5.8228,0
6253578.1,3,,55,55,0,50.0,1.0,32.5156,0,0.0,5.8155,0
6255578.1,3,,55,55,0,50.0,1.0,32.4156,0,0.0,5.8082,0
6257578.1,3,,55,55,0,50.0,1.0,32.3156,0,0.0,5.8009,0
6257724.0,3,,55,55,0,50.0,1.0,32.3083,0,0.0,5.8004,0
6259578.1,3,,53,53,0,50.0,1.0,32.2156,0,0.0,5.7934,0
6261578.1,3,,53,53,0,50.0,1.0,32.1156,0,0.0,5.7858,0
6263578.1,3,,53,53,0,50.0,1.0,32.0156,0,0.0,5.7782,0
6265578.1,3,,53,53,0,50.0,1.0,31.9156,0,0.0,5.7706,0
6267578.1,3,,53,53,0,50.0,1.0,31.8156,0,0.0,5.7631,0
6269578.1,3,,53,53,0,50.0,1.0,31.7156,0,0.0,5.7555,0
6271578.1,3,,53,53,0,50.0,1.0,31.6156,0,0.0,5.7479,0
6273578.1,3,,53,53,0,50.0,1.0,31.5156,0,0.0,5.7403,0
6275578.1,3,,53,53,0,50.0,1.0,31.4156,0,0.0,5.7327,0
6277578.1,3,,53,53,0,50.0,1.0,31.3156,0,0.0,5.7252,0
6279578.1,3,,53,53,0,50.0,1.0,31.2156,0,0.0,5.7176,0
6281578.1,3,,53,53,0,50.0,1.0,31.1156,0,0.0,5.71,0
6283578.1,3,,53,53,0,50.0,1.0,31.0156,0,0.0,5.7024,0
6285578.1,3,,53,53,0,50.0,1.0,30.9156,0,0.0,5.6948,0
6287578.1,3,,53,53,0,50.0,1.0,30.8156,0,0.0,5.6873,0
6289578.1,3,,53,53,0,50.0,1.0,30.7156,0,0.0,5.6797,0
6290188.6,3,,53,53,0,50.0,1.0,30.6851,0,0.0,5.6774,0
6291578.1,3,,52,52,0,50.0,1.0,30.6156,0,0.0,5.672,0
6293578.1,3,,52,52,0,50.0,1.0,30.5156,0,0.0,5.6643,0
6294448.4,3,,52,52,0,50.0,1.0,30.4721,0,0.0,5.6609,0
6295578.1,3,,51,51,0,50.0,1.0,30.4156,0,0.0,5.6565,0
6295619.4,3,,51,51,0,50.0,1.0,30.4135,0,0.0,5.6563,0
6297578.1,3,,50,50,0,50.0,1.0,30.3156,0,0.0,5.6485,0
6299578.1,3,,50,50,0,50.0,1.0,30.2156,0,0.0,5.6405,0
6301578.1,3,,50,50,0,50.0,1.0,30.1156,0,0.0,5.6325,0
6303578.1,3,,50,50,0,50.0,1.0,30.0156,0,0.0,5.6245,0
6305578.1,3,,50,50,0,50.0,1.0,29.9156,0,0.0,5.6164,0
6307578.1,3,,50,50,0,50.0,1.0,29.8156,0,0.0,5.6084,0
6309578.1,3,,50,50,0,50.0,1.0,29.7156,0,0.0,5.6004,0
6311578.1,3,,50,50,0,50.0,1.0,29.6156,0,0.0,5.5924,0
6313578.1,3,,50,50,0,50.0,1.0,29.5156,0,0.0,5.5844,0
6315578.1,3,,50,50,0,50.0,1.0,29.4156,0,0.0,5.5764,0
6316918.6,3,,50,50,0,50.0,1.0,29.3486,0,0.0,5.571,0
6317578.1,3,,49,49,0,50.0,1.0,29.3156,0,0.0,5.5683,0
6319578.1,3,,49,49,0,50.0,1.0,29.2156,0,0.0,5.5601,0
6321578.1,3,,49,49,0,50.0,1.0,29.1156,0,0.0,5.552,0
6323578.1,3,,49,49,0,50.0,1.0,29.0156,0,0.0,5.5438,0
6325578.1,3,,49,49,0,50.0,1.0,28.9156,0,0.0,5.5356,0
6327578.1,3,,49,49,0,50.0,1.0,28.8156,0,0.0,5.5274,0
6329173.3,3,,49,49,0,50.0,1.0,28.7358,0,0.0,5.5209,0
6329578.1,3,,48,48,0,50.0,1.0,28.7156,0,0.0,5.5192,0
6331578.1,3,,48,48,0,50.0,1.0,28.6156,0,0.0,5.5109,0
6333578.1,3,,48,48,0,50.0,1.0,28.5156,0,0.0,5.5026,0
6335578.1,3,,48,48,0,50.0,1.0,28.4156,0,0.0,5.4942,0
6337578.1,3,,48,48,0,50.0,1.0,28.3156,0,0.0,5.4859,0
6339578.1,3,,48,48,0,50.0,1.0,28.2156,0,0.0,5.4776,0
6341578.1,3,,48,48,0,50.0,1.0,28.1156,0,0.0,5.4692,0
6343578.1,3,,48,48,0,50.0,1.0,28.0156,0,0.0,5.4609,0
6345578.1,3,,48,48,0,50.0,1.0,27.9156,0,0.0,5.4526,0
6347578.1,3,,48,48,0,50.0,1.0,27.8156,0,0.0,5.4442,0
6349578.1,3,,48,48,0,50.0,1.0,27.7156,0,0.0,5.4359,0
6351578.1,3,,48,48,0,50.0,1.0,27.6156,0,0.0,5.4276,0
6353578.1,3,,48,48,0,50.0,1.0,27.5156,0,0.0,5.4192,0
6355578.1,3,,48,48,0,50.0,1.0,27.4156,0,0.0,5.4109,0
6357578.1,3,,48,48,0,50.0,1.0,27.3156,0,0.0,5.4026,0
6359578.1,3,,48,48,0,50.0,1.0,27.2156,0,0.0,5.3942,0
6361578.1,3,,48,48,0,50.0,1.0,27.1156,0,0.0,5.3859,0
6363578.1,3,,48,48,0,50.0,1.0,27.0156,0,0.0,5.3776,0
6365578.1,3,,48,48,0,50.0,1.0,26.9156,0,0.0,5.3692,0
6367578.1,3,,48,48,0,50.0,1.0,26.8156,0,0.0,5.3609,0
6367824.5,3,,48,48,0,50.0,1.0,26.8033,0,0.0,5.3599,0
6369578.1,3,,47,47,0,50.0,1.0,26.7156,0,0.0,5.3524,0
6371578.1,3,,47,47,0,50.0,1.0,26.6156,0,0.0,5.3439,0
6373578.1,3,,47,47,0,50.0,1.0,26.5156,0,0.0,5.3354,0
6375578.1,3,,47,47,0,50.0,1.0,26.4156,0,0.0,5.3268,0
6377578.1,3,,47,47,0,50.0,1.0,26.3156,0,0.0,5.3183,0
6379578.1,3,,47,47,0,50.0,1.0,26.2156,0,0.0,5.3098,0
6379833.1,3,,47,47,0,50.0,1.0,26.2028,0,0.0,5.3087,0
6380291.4,3,,46,46,0,50.0,1.0,26.1799,0,0.0,5.3067,0
6381578.1,3,,45,45,0,50.0,1.0,26.1156,0,0.0,5.301,0
6383578.1,3,,45,45,0,50.0,1.0,26.0156,0,0.0,5.2921,0
6385578.1,3,,45,45,0,50.0,1.0,25.9156,0,0.0,5.2832,0
6387578.1,3,,45,45,0,50.0,1.0,25.8156,0,0.0,5.2743,0
6389578.1,3,,45,45,0,50.0,1.0,25.7156,0,0.0,5.2654,0
6391578.1,3,,45,45,0,50.0,1.0,25.6156,0,0.0,5.2565,0
6393578.1,3,,45,45,0,50.0,1.0,25.5156,0,0.0,5.2476,0
6395578.1,3,,45,45,0,50.0,1.0,25.4156,0,0.0,5.2387,0
6397578.1,3,,45,45,0,50.0,1.0,25.3156,0,0.0,5.2298,0
6399578.1,3,,45,45,0,50.0,1.0,25.2156,0,0.0,5.2209,0
6401578.1,3,,45,45,0,50.0,1.0,25.1156,0,0.0,5.212,0
6401918.3,3,,45,45,0,50.0,1.0,25.0986,0,0.0,5.2105,0
6403578.1,3,,44,44,0,50.0,1.0,25.0156,0,0.0,5.2029,0
6405578.1,3,,44,44,0,50.0,1.0,24.9156,0,0.0,5.1937,0
6407578.1,3,,44,44,0,50.0,1.0,24.8156,0,0.0,5.1846,0
6408471.9,3,,44,44,0,50.0,1.0,24.7709,0,0.0,5.1805,0
6409578.1,3,,43,43,0,50.0,1.0,24.7156,0,0.0,5.1753,0
6411578.1,3,,43,43,0,50.0,1.0,24.6156,0,0.0,5.1659,0
6413578.1,3,,43,43,0,50.0,1.0,24.5156,0,0.0,5.1565,0
6415578.1,3,,43,43,0,50.0,1.0,24.4156,0,0.0,5.1471,0
6417578.1,3,,43,43,0,50.0,1.0,24.3156,0,0.0,5.1377,0
6419578.1,3,,43,43,0,50.0,1.0,24.2156,0,0.0,5.1283,0
6421578.1,3,,43,43,0,50.0,1.0,24.1156,0,0.0,5.1189,0
6423578.1,3,,43,43,0,50.0,1.0,24.0156,0,0.0,5.1095,0
6425578.1,3,,43,43,0,50.0,1.0,23.9156,0,0.0,5.1001,0
6427578.1,3,,43,43,0,50.0,1.0,23.8156,0,0.0,5.0907,0
6429578.1,3,,43,43,0,50.0,1.0,23.7156,0,0.0,5.0813,0
6431578.1,3,,43,43,0,50.0,1.0,23.6156,0,0.0,5.0719,0
6433578.1,3,,43,43,0,50.0,1.0,23.5156,0,0.0,5.0625,0
6435578.1,3,,43,43,0,50.0,1.0,23.4156,0,0.0,5.0531,0
6437578.1,3,,43,43,0,50.0,1.0,23.3156,0,0.0,5.0436,0
6439578.1,3,,43,43,0,50.0,1.0,23.2156,0,0.0,5.0342,0
6439914.1,3,,43,43,0,50.0,1.0,23.1988,0,0.0,5.0327,0
6441578.1,3,,42,42,0,50.0,1.0,23.1156,0,0.0,5.0246,0
6443578.1,3,,42,42,0,50.0,1.0,23.0156,0,0.0,5.015,0
6445578.1,3,,42,42,0,50.0,1.0,22.9156,0,0.0,5.0054,0
6447578.1,3,,42,42,0,50.0,1.0,22.8156,0,0.0,4.9957,0
6449578.1,3,,42,42,0,50.0,1.0,22.7156,0,0.0,4.9861,0
6451578.1,3,,42,42,0,50.0,1.0,22.6156,0,0.0,4.9765,0
6453578.1,3,,42,42,0,50.0,1.0,22.5156,0,0.0,4.9668,0
6455527.2,3,,42,42,0,50.0,1.0,22.4181,0,0.0,4.9575,0
6455578.1,3,,41,41,0,50.0,1.0,22.4156,0,0.0,4.9572,0
6457578.1,3,,41,41,0,50.0,1.0,22.3156,0,0.0,4.9473,0
6458804.0,3,,41,41,0,50.0,1.0,22.2543,0,0.0,4.9413,0
6459578.1,3,,40,40,0,50.0,1.0,22.2156,0,0.0,4.9374,0
6461578.1,3,,40,40,0,50.0,1.0,22.1156,0,0.0,4.9272,0
6463531.3,3,,40,40,0,50.0,1.0,22.0179,0,0.0,4.9173,0
6463578.1,3,,39,39,0,50.0,1.0,22.0156,0,0.0,4.9171,0
6465578.1,3,,39,39,0,50.0,1.0,21.9156,0,0.0,4.9068,0
6467578.1,3,,39,39,0,50.0,1.0,21.8156,0,0.0,4.8964,0
6469578.1,3,,39,39,0,50.0,1.0,21.7156,0,0.0,4.8861,0
6471578.1,3,,39,39,0,50.0,1.0,21.6156,0,0.0,4.8758,0
6473352.5,3,,39,39,0,50.0,1.0,21.5269,0,0.0,4.8666,0
6473578.1,3,,38,38,0,50.0,1.0,21.5156,0,0.0,4.8654,0
6475578.1,3,,38,38,0,50.0,1.0,21.4156,0,0.0,4.8547,0
6477578.1,3,,38,38,0,50.0,1.0,21.3156,0,0.0,4.8441,0
6479235.7,3,,38,38,0,50.0,1.0,21.2327,0,0.0,4.8352,0
6479578.1,3,,37,37,0,50.0,1.0,21.2156,0,0.0,4.8333,0
6481578.1,3,,37,37,0,50.0,1.0,21.1156,0,0.0,4.8224,0
6483578.1,3,,37,37,0,50.0,1.0,21.0156,0,0.0,4.8114,0
6485578.1,3,,37,37,0,50.0,1.0,20.9156,0,0.0,4.8005,0
6487578.1,3,,37,37,0,50.0,1.0,20.8156,0,0.0,4.7895,0
6489578.1,3,,37,37,0,50.0,1.0,20.7156,0,0.0,4.7786,0
6491578.1,3,,37,37,0,50.0,1.0,20.6156,0,0.0,4.7676,0
6493578.1,3,,37,37,0,50.0,1.0,20.5156,0,0.0,4.7567,0
6495578.1,3,,37,37,0,50.0,1.0,20.4156,0,0.0,4.7457,0
6497578.1,3,,37,37,0,50.0,1.0,20.3156,0,0.0,4.7348,0
6499578.1,3,,37,37,0,50.0,1.0,20.2156,0,0.0,4.7238,0
6501578.1,3,,37,37,0,50.0,1.0,20.1156,0,0.0,4.7128,0
6503180.6,3,,37,37,0,50.0,1.0,20.0355,0,0.0,4.7041,0
6503578.1,3,,36,36,0,50.0,1.0,20.0156,0,0.0,4.7018,0
6505578.1,3,,36,36,0,50.0,1.0,19.9156,0,0.0,4.6907,0
6507578.1,3,,36,36,0,50.0,1.0,19.8156,0,0.0,4.6795,0
6509578.1,3,,36,36,0,50.0,1.0,19.7156,0,0.0,4.6683,0
6511578.1,3,,36,36,0,50.0,1.0,19.6156,0,0.0,4.6571,0
6513578.1,3,,36,36,0,50.0,1.0,19.5156,0,0.0,4.6459,0
6515578.1,3,,36,36,0,50.0,1.0,19.4156,0,0.0,4.6348,0
6517578.1,3,,36,36,0,50.0,1.0,19.3156,0,0.0,4.6236,0
6519578.1,3,,36,36,0,50.0,1.0,19.2156,0,0.0,4.6124,0
6521578.1,3,,36,36,0,50.0,1.0,19.1156,0,0.0,4.6012,0
6523578.1,3,,36,36,0,50.0,1.0,19.0156,0,0.0,4.59,0
6525578.1,3,,36,36,0,50.0,1.0,18.9156,0,0.0,4.5789,0
6527578.1,3,,36,36,0,50.0,1.0,18.8156,0,0.0,4.5677,0
6529578.1,3,,36,36,0,50.0,1.0,18.7156,0,0.0,4.5565,0
6531578.1,3,,36,36,0,50.0,1.0,18.6156,0,0.0,4.5453,0
6533578.1,3,,36,36,0,50.0,1.0,18.5156,0,0.0,4.5341,0
6535578.1,3,,36,36,0,50.0,1.0,18.4156,0,0.0,4.523,0
6537578.1,3,,36,36,0,50.0,1.0,18.3156,0,0.0,4.5118,0
6539578.1,3,,36,36,0,50.0,1.0,18.2156,0,0.0,4.5006,0
6541167.2,3,,36,36,0,50.0,1.0,18.1361,0,0.0,4.4917,0
6541578.1,3,,35,35,0,50.0,1.0,18.1156,0,0.0,4.4893,0
6543578.1,3,,35,35,0,50.0,1.0,18.0156,0,0.0,4.4778,0
6545578.1,3,,35,35,0,50.0,1.0,17.9156,0,0.0,4.4663,0
6547578.1,3,,35,35,0,50.0,1.0,17.8156,0,0.0,4.4548,0
6549578.1,3,,35,35,0,50.0,1.0,17.7156,0,0.0,4.4432,0
6551578.1,3,,35,35,0,50.0,1.0,17.6156,0,0.0,4.4317,0
6553578.1,3,,35,35,0,50.0,1.0,17.5156,0,0.0,4.4202,0
6555578.1,3,,35,35,0,50.0,1.0,17.4156,0,0.0,4.4087,0
6557578.1,3,,35,35,0,50.0,1.0,17.3156,0,0.0,4.3971,0
6559578.1,3,,35,35,0,50.0,1.0,17.2156,0,0.0,4.3856,0
6561578.1,3,,35,35,0,50.0,1.0,17.1156,0,0.0,4.3741,0
6562023.2,3,,35,35,0,50.0,1.0,17.0933,0,0.0,4.3715,0
6563578.1,3,,34,34,0,50.0,1.0,17.0156,0,0.0,4.3623,0
6565578.1,3,,34,34,0,50.0,1.0,16.9156,0,0.0,4.3504,0
6567578.1,3,,34,34,0,50.0,1.0,16.8156,0,0.0,4.3385,0
6569578.1,3,,34,34,0,50.0,1.0,16.7156,0,0.0,4.3266,0
6571578.1,3,,34,34,0,50.0,1.0,16.6156,0,0.0,4.3148,0
6573578.1,3,,34,34,0,50.0,1.0,16.5156,0,0.0,4.3029,0
6575578.1,3,,34,34,0,50.0,1.0,16.4156,0,0.0,4.291,0
6577578.1,3,,34,34,0,50.0,1.0,16.3156,0,0.0,4.2791,0
6578547.0,3,,34,34,0,50.0,1.0,16.2671,0,0.0,4.2734,0
6579578.1,3,,33,33,0,50.0,1.0,16.2156,0,0.0,4.2671,0
6581578.1,3,,33,33,0,50.0,1.0,16.1156,0,0.0,4.255,0
6583578.1,3,,33,33,0,50.0,1.0,16.0156,0,0.0,4.2428,0
6585578.1,3,,33,33,0,50.0,1.0,15.9156,0,0.0,4.2307,0
6587578.1,3,,33,33,0,50.0,1.0,15.8156,0,0.0,4.2185,0
6589578.1,3,,33,33,0,50.0,1.0,15.7156,0,0.0,4.2064,0
6591578.1,3,,33,33,0,50.0,1.0,15.6156,0,0.0,4.1942,0
6593578.1,3,,33,33,0,50.0,1.0,15.5156,0,0.0,4.1821,0
6595578.1,3,,33,33,0,50.0,1.0,15.4156,0,0.0,4.1699,0
6597578.1,3,,33,33,0,50.0,1.0,15.3156,0,0.0,4.1578,0
6599578.1,3,,33,33,0,50.0,1.0,15.2156,0,0.0,4.1456,0
6601578.1,3,,33,33,0,50.0,1.0,15.1156,0,0.0,4.1334,0
6603578.1,3,,33,33,0,50.0,1.0,15.0156,0,0.0,4.1213,0
6605578.1,3,,33,33,0,50.0,1.0,14.9156,0,0.0,4.1091,0
6607578.1,3,,33,33,0,50.0,1.0,14.8156,0,0.0,4.097,0
6609578.1,3,,33,33,0,50.0,1.0,14.7156,0,0.0,4.0848,0
6611578.1,3,,33,33,0,50.0,1.0,14.6156,0,0.0,4.0727,0
6613578.1,3,,33,33,0,50.0,1.0,14.5156,0,0.0,4.0605,0
6615578.1,3,,33,33,0,50.0,1.0,14.4156,0,0.0,4.0484,0
6617578.1,3,,33,33,0,50.0,1.0,14.3156,0,0.0,4.0362,0
6619578.1,3,,33,33,0,50.0,1.0,14.2156,0,0.0,4.0241,0
6621578.1,3,,33,33,0,50.0,1.0,14.1156,0,0.0,4.0119,0
6622774.6,3,,33,33,0,50.0,1.0,14.0558,0,0.0,4.0046,0
6623578.1,3,,32,32,0,50.0,1.0,14.0156,0,0.0,3.9996,0
6625578.1,3,,32,32,0,50.0,1.0,13.9156,0,0.0,3.987,0
6627578.1,3,,32,32,0,50.0,1.0,13.8156,0,0.0,3.9744,0
6629578.1,3,,32,32,0,50.0,1.0,13.7156,0,0.0,3.9618,0
6631578.1,3,,32,32,0,50.0,1.0,13.6156,0,0.0,3.9492,0
6633578.1,3,,32,32,0,50.0,1.0,13.5156,0,0.0,3.9366,0
6635578.1,3,,32,32,0,50.0,1.0,13.4156,0,0.0,3.924,0
6637578.1,3,,32,32,0,50.0,1.0,13.3156,0,0.0,3.9114,0
6639578.1,3,,32,32,0,50.0,1.0,13.2156,0,0.0,3.8988,0
6641578.1,3,,32,32,0,50.0,1.0,13.1156,0,0.0,3.8862,0
6643427.6,3,,32,32,0,50.0,1.0,13.0231,0,0.0,3.8745,0
6643578.1,3,,31,31,0,50.0,1.0,13.0156,0,0.0,3.8736,0
6645578.1,3,,31,31,0,50.0,1.0,12.9156,0,0.0,3.8606,0
6647578.1,3,,31,31,0,50.0,1.0,12.8156,0,0.0,3.8477,0
6649578.1,3,,31,31,0,50.0,1.0,12.7156,0,0.0,3.8347,0
6651578.1,3,,31,31,0,50.0,1.0,12.6156,0,0.0,3.8218,0
6653578.1,3,,31,31,0,50.0,1.0,12.5156,0,0.0,3.8088,0
6655578.1,3,,31,31,0,50.0,1.0,12.4156,0,0.0,3.7959,0
6657578.1,3,,31,31,0,50.0,1.0,12.3156,0,0.0,3.7829,0
6659578.1,3,,31,31,0,50.0,1.0,12.2156,0,0.0,3.77,0
6661578.1,3,,31,31,0,50.0,1.0,12.1156,0,0.0,3.7571,0
6663578.1,3,,31,31,0,50.0,1.0,12.0156,0,0.0,3.7441,0
6665578.1,3,,31,31,0,50.0,1.0,11.9156,0,0.0,3.7312,0
6667578.1,3,,31,31,0,50.0,1.0,11.8156,0,0.0,3.7182,0
6669578.1,3,,31,31,0,50.0,1.0,11.7156,0,0.0,3.7053,0
6671578.1,3,,31,31,0,50.0,1.0,11.6156,0,0.0,3.6923,0
6673578.1,3,,31,31,0,50.0,1.0,11.5156,0,0.0,3.6794,0
6675578.1,3,,31,31,0,50.0,1.0,11.4156,0,0.0,3.6664,0
6677578.1,3,,31,31,0,50.0,1.0,11.3156,0,0.0,3.6535,0
6679578.1,3,,31,31,0,50.0,1.0,11.2156,0,0.0,3.6405,0
6681578.1,3,,31,31,0,50.0,1.0,11.1156,0,0.0,3.6276,0
6683578.1,3,,31,31,0,50.0,1.0,11.0156,0,0.0,3.6146,0
6685578.1,3,,31,31,0,50.0,1.0,10.9156,0,0.0,3.6017,0
6687578.1,3,,31,31,0,50.0,1.0,10.8156,0,0.0,3.5887,0
6689578.1,3,,31,31,0,50.0,1.0,10.7156,0,0.0,3.5758,0
6691578.1,3,,31,31,0,50.0,1.0,10.6156,0,0.0,3.5629,0
6693578.1,3,,31,31,0,50.0,1.0,10.5156,0,0.0,3.5499,0
6695578.1,3,,31,31,0,50.0,1.0,10.4156,0,0.0,3.537,0
6697578.1,3,,31,31,0,50.0,1.0,10.3156,0,0.0,3.524,0
6699578.1,3,,31,31,0,50.0,1.0,10.2156,0,0.0,3.5111,0
6701578.1,3,,31,31,0,50.0,1.0,10.1156,0,0.0,3.4981,0
6703578.1,3,,31,31,0,50.0,1.0,10.0156,0,0.0,3.4852,0
6705578.1,3,,31,31,0,50.0,1.0,9.9156,0,0.0,3.4722,0
6707578.1,3,,31,31,0,50.0,1.0,9.8156,0,0.0,3.4593,0
6709578.1,3,,31,31,0,50.0,1.0,9.7156,0,0.0,3.4463,0
6711578.1,3,,31,31,0,50.0,1.0,9.6156,0,0.0,3.4334,0
6712231.3,3,,31,31,0,50.0,1.0,9.5829,0,0.0,3.4292,0
6713578.1,3,,30,30,0,50.0,1.0,9.5156,0,0.0,3.42,0
6715578.1,3,,30,30,0,50.0,1.0,9.4156,0,0.0,3.4065,0
6717578.1,3,,30,30,0,50.0,1.0,9.3156,0,0.0,3.393,0
6719425.1,3,,30,30,0,50.0,1.0,9.2232,0,0.0,3.3805,0
6719578.1,3,,29,29,0,50.0,1.0,9.2156,0,0.0,3.3794,0
6721578.1,3,,29,29,0,50.0,1.0,9.1156,0,0.0,3.3654,0
6723578.1,3,,29,29,0,50.0,1.0,9.0156,0,0.0,3.3514,0
6724027.7,3,,29,29,0,50.0,1.0,8.9931,0,0.0,3.3483,0
6725578.1,3,,28,28,0,50.0,1.0,8.9156,0,0.0,3.3368,0
6727304.5,3,,28,28,0,50.0,1.0,8.8293,0,0.0,3.324,0
6727578.1,3,,27,27,0,50.0,1.0,8.8156,0,0.0,3.3218,0
6729578.1,3,,27,27,0,50.0,1.0,8.7156,0,0.0,3.3057,0
6731578.1,3,,27,27,0,50.0,1.0,8.6156,0,0.0,3.2896,0
6733578.1,3,,27,27,0,50.0,1.0,8.5156,0,0.0,3.2736,0
6735578.1,3,,27,27,0,50.0,1.0,8.4156,0,0.0,3.2575,0
6737578.1,3,,27,27,0,50.0,1.0,8.3156,0,0.0,3.2414,0
6739578.1,3,,27,27,0,50.0,1.0,8.2156,0,0.0,3.2254,0
6741578.1,3,,27,27,0,50.0,1.0,8.1156,0,0.0,3.2093,0
6743578.1,3,,27,27,0,50.0,1.0,8.0156,0,0.0,3.1932,0
6745578.1,3,,27,27,0,50.0,1.0,7.9156,0,0.0,3.1771,0
6747578.1,3,,27,27,0,50.0,1.0,7.8156,0,0.0,3.1611,0
6748145.5,3,,27,27,0,50.0,1.0,7.7872,0,0.0,3.1565,0
6749578.1,3,,26,26,0,50.0,1.0,7.7156,0,0.0,3.1447,0
6751578.1,3,,26,26,0,50.0,1.0,7.6156,0,0.0,3.1282,0
6753578.1,3,,26,26,0,50.0,1.0,7.5156,0,0.0,3.1116,0
6755578.1,3,,26,26,0,50.0,1.0,7.4156,0,0.0,3.0951,0
6757578.1,3,,26,26,0,50.0,1.0,7.3156,0,0.0,3.0786,0
6759578.1,3,,26,26,0,50.0,1.0,7.2156,0,0.0,3.0621,0
6761578.1,3,,26,26,0,50.0,1.0,7.1156,0,0.0,3.0456,0
6763578.1,3,,26,26,0,50.0,1.0,7.0156,0,0.0,3.0291,0
6765578.1,3,,26,26,0,50.0,1.0,6.9156,0,0.0,3.0125,0
6767578.1,3,,26,26,0,50.0,1.0,6.8156,0,0.0,2.996,0
6769256.7,3,,26,26,0,50.0,1.0,6.7317,0,0.0,2.9822,0
6769578.1,3,,25,25,0,50.0,1.0,6.7156,0,0.0,2.9794,0
6771578.1,3,,25,25,0,50.0,1.0,6.6156,0,0.0,2.9625,0
6773578.1,3,,25,25,0,50.0,1.0,6.5156,0,0.0,2.9455,0
6775578.1,3,,25,25,0,50.0,1.0,6.4156,0,0.0,2.9285,0
6777578.1,3,,25,25,0,50.0,1.0,6.3156,0,0.0,2.9116,0
6777964.3,3,,25,25,0,50.0,1.0,6.2963,0,0.0,2.9083,0
6779578.1,3,,24,24,0,50.0,1.0,6.2156,0,0.0,2.8941,0
6781044.1,3,,24,24,0,50.0,1.0,6.1423,0,0.0,2.8813,0
6781578.1,3,,23,23,0,50.0,1.0,6.1156,0,0.0,2.8763,0
6782895.8,3,,23,23,0,50.0,1.0,6.0497,0,0.0,2.8639,0
6783501.7,3,,21,21,0,50.0,1.0,6.0194,0,0.0,2.8578,0
6783578.1,3,,20,20,0,50.0,1.0,6.0156,0,0.0,2.8569,0
6785495.5,3,,20,20,0,50.0,1.0,5.9197,0,0.0,2.8361,0
6785578.1,3,,19,19,0,50.0,1.0,5.9156,0,0.0,2.8352,0
6787578.1,3,,19,19,0,50.0,1.0,5.8156,0,0.0,2.8128,0
6789578.1,3,,19,19,0,50.0,1.0,5.7156,0,0.0,2.7905,0
6790555.4,3,,19,19,0,50.0,1.0,5.6667,0,0.0,2.7795,0
6791578.1,3,,18,18,0,50.0,1.0,5.6156,0,0.0,2.7676,0
6793578.1,3,,18,18,0,50.0,1.0,5.5156,0,0.0,2.7443,0
6795578.1,3,,18,18,0,50.0,1.0,5.4156,0,0.0,2.7209,0
6797537.7,3,,18,18,0,50.0,1.0,5.3176,0,0.0,2.6981,0
6797578.1,3,,17,17,0,50.0,1.0,5.3156,0,0.0,2.6976,0
6799578.1,3,,17,17,0,50.0,1.0,5.2156,0,0.0,2.6733,0
6801578.1,3,,17,17,0,50.0,1.0,5.1156,0,0.0,2.649,0
6803578.1,3,,17,17,0,50.0,1.0,5.0156,0,0.0,2.6247,0
6805578.1,3,,17,17,0,50.0,1.0,4.9156,0,0.0,2.6004,0
6807578.1,3,,17,17,0,50.0,1.0,4.8156,0,0.0,2.5761,0
6809006.5,3,,17,17,0,50.0,1.0,4.7442,0,0.0,2.5588,0
6809578.1,3,,16,16,0,50.0,1.0,4.7156,0,0.0,2.5514,0
6811578.1,3,,16,16,0,50.0,1.0,4.6156,0,0.0,2.5257,0
6813578.1,3,,16,16,0,50.0,1.0,4.5156,0,0.0,2.5,0
6815578.1,3,,16,16,0,50.0,1.0,4.4156,0,0.0,2.4743,0
6817578.1,3,,16,16,0,50.0,1.0,4.3156,0,0.0,2.4486,0
6819578.1,3,,16,16,0,50.0,1.0,4.2156,0,0.0,2.4229,0
6821578.1,3,,16,16,0,50.0,1.0,4.1156,0,0.0,2.3972,0
6823578.1,3,,16,16,0,50.0,1.0,4.0156,0,0.0,2.3714,0
6824961.8,3,,16,16,0,50.0,1.0,3.9464,0,0.0,2.3537,0
6825578.1,3,,15,15,0,50.0,1.0,3.9156,0,0.0,2.3453,0
6827578.1,3,,15,15,0,50.0,1.0,3.8156,0,0.0,2.3181,0
6829549.3,3,,15,15,0,50.0,1.0,3.717,0,0.0,2.2914,0
6829578.1,3,,14,14,0,50.0,1.0,3.7156,0,0.0,2.291,0
6831578.1,3,,14,14,0,50.0,1.0,3.6156,0,0.0,2.2625,0
6833578.1,3,,14,14,0,50.0,1.0,3.5156,0,0.0,2.234,0
6835578.1,3,,14,14,0,50.0,1.0,3.4156,0,0.0,2.2055,0
6837291.4,3,,14,14,0,50.0,1.0,3.3299,0,0.0,2.1811,0
6837578.1,3,,13,13,0,50.0,1.0,3.3156,0,0.0,2.1768,0
6838348.3,3,,13,13,0,50.0,1.0,3.2771,0,0.0,2.1652,0
6839578.1,3,,12,12,0,50.0,1.0,3.2156,0,0.0,2.1458,0
6841578.1,3,,12,12,0,50.0,1.0,3.1156,0,0.0,2.1142,0
6841610.0,3,,12,12,0,50.0,1.0,3.114,0,0.0,2.1137,0
6843095.2,3,,11,11,0,50.0,1.0,3.0397,0,0.0,2.0875,0
6843578.1,3,,10,10,0,50.0,1.0,3.0156,0,0.0,2.0787,0
6845337.6,3,,10,10,0,50.0,1.0,2.9276,0,0.0,2.0467,0
6845578.1,3,,9,9,0,50.0,1.0,2.9156,0,0.0,2.0418,0
6846738.0,3,,9,9,0,50.0,1.0,2.8576,0,0.0,2.0178,0
6847578.1,3,,8,8,0,50.0,1.0,2.8156,0,0.0,1.9998,0
6849578.1,3,,8,8,0,50.0,1.0,2.7156,0,0.0,1.9569,0
6851578.1,3,,8,8,0,50.0,1.0,2.6156,0,0.0,1.914,0
6853578.1,3,,8,8,0,50.0,1.0,2.5156,0,0.0,1.8712,0
6855578.1,3,,8,8,0,50.0,1.0,2.4156,0,0.0,1.8283,0
6856486.5,3,,8,8,0,50.0,1.0,2.3702,0,0.0,1.8089,0
6857578.1,3,,7,7,0,50.0,1.0,2.3156,0,0.0,1.7816,0
6859578.1,3,,7,7,0,50.0,1.0,2.2156,0,0.0,1.7316,0
6861578.1,3,,7,7,0,50.0,1.0,2.1156,0,0.0,1.6816,0
6863578.1,3,,7,7,0,50.0,1.0,2.0156,0,0.0,1.6316,0
6865578.1,3,,7,7,0,50.0,1.0,1.9156,0,0.0,1.5816,0
6867578.1,3,,7,7,0,50.0,1.0,1.8156,0,0.0,1.5316,0
6869578.1,3,,7,7,0,50.0,1.0,1.7156,0,0.0,1.4816,0
6871465.3,3,,7,7,0,50.0,1.0,1.6212,0,0.0,1.4344,0
6871578.1,3,,6,6,0,50.0,1.0,1.6156,0,0.0,1.4316,0
6873578.1,3,,6,6,0,50.0,1.0,1.5156,0,0.0,1.3816,0
6875578.1,3,,6,6,0,50.0,1.0,1.4156,0,0.0,1.3316,0
6877208.1,3,,6,6,0,50.0,1.0,1.3341,0,0.0,1.2908,0
6877578.1,3,,5,5,0,50.0,1.0,1.3156,0,0.0,1.2785,0
6879578.1,3,,5,5,0,50.0,1.0,1.2156,0,0.0,1.2118,0
6879803.9,3,,5,5,0,50.0,1.0,1.2043,0,0.0,1.2043,0
6879834.5,3,,4,4,0,50.0,1.0,1.2028,0,0.0,1.2028,0
6881578.1,3,,3,3,0,50.0,1.0,1.1156,0,0.0,1.1156,0
6883578.1,3,,3,3,0,50.0,1.0,1.0156,0,0.0,1.0156,0
6885578.1,3,,3,3,0,50.0,1.0,0.9156,0,0.0,0.9156,0
6887578.1,3,,3,3,0,50.0,1.0,0.8156,0,0.0,0.8156,0
6889578.1,3,,3,3,0,50.0,1.0,0.7156,0,0.0,0.7156,0
6891578.1,3,,3,3,0,50.0,1.0,0.6156,0,0.0,0.6156,0
6893578.1,3,,3,3,0,50.0,1.0,0.5156,0,0.0,0.5156,0
6895578.1,3,,3,3,0,50.0,1.0,0.4156,0,0.0,0.4156,0
6897578.1,3,,3,3,0,50.0,1.0,0.3156,0,0.0,0.3156,0
6899040.7,3,,3,3,0,50.0,1.0,0.2425,0,0.0,0.2425,0
6899578.1,3,,2,2,0,50.0,1.0,0.2156,0,0.0,0.2156,0
6900696.6,3,,2,2,0,50.0,1.0,0.1597,0,0.0,0.1597,0
6901578.1,3,,1,1,0,50.0,1.0,0.1156,0,0.0,0.1156,0
6903578.1,3,,1,1,0,50.0,1.0,0.0156,0,0.0,0.0156,0
6903889.9,3,,1,1,0,50.0,1.0,0.0,0,0.0,0.0,0
6905578.1,4,,124,56,8,50.0,1.0,66.7009,12.9032,0.0218,40.1585,0
6907578.1,4,,124,56,8,50.0,1.0,66.6009,12.9032,0.0476,39.898,0
6909578.1,4,,124,56,8,50.0,1.0,66.5009,12.9032,0.0734,39.6375,0
6911578.1,4,,124,56,8,50.0,1.0,66.4009,12.9032,0.0992,39.377,0
6913578.1,4,,124,56,8,50.0,1.0,66.3009,12.9032,0.125,39.1166,0
6915578.1,4,,124,56,8,50.0,1.0,66.2009,12.9032,0.1508,38.8561,0
6917578.1,4,,124,56,8,50.0,1.0,66.1009,12.9032,0.1766,38.5956,0
6919578.1,4,,124,56,8,50.0,1.0,66.0009,12.9032,0.2024,38.3351,0
6921578.1,4,,124,56,8,50.0,1.0,65.9009,12.9032,0.2282,38.0746,0
6923578.1,4,,124,56,8,50.0,1.0,65.8009,12.9032,0.254,37.8141,0
6925578.1,4,,124,56,8,50.0,1.0,65.7009,12.9032,0.2798,37.5537,0
6927578.1,4,,124,56,8,50.0,1.0,65.6009,12.9032,0.3057,37.2932,0
6929578.1,4,,124,56,8,50.0,1.0,65.5009,12.9032,0.3315,37.0327,0
6931578.1,4,,124,56,8,50.0,1.0,65.4009,12.9032,0.3573,36.7722,0
6933578.1,4,,124,56,8,50.0,1.0,65.3009,12.9032,0.3831,36.5117,0
6935578.1,4,,124,56,8,50.0,1.0,65.2009,12.9032,0.4089,36.2512,0
6937578.1,4,,124,56,8,50.0,1.0,65.1009,12.9032,0.4347,35.9908,0
6939578.1,4,,124,56,8,50.0,1.0,65.0009,12.9032,0.4605,35.7303,0
6941136.2,4,,124,56,8,50.0,1.0,64.923,12.9032,0.4806,35.5273,0
6941418.4,4,,123,56,8,50.0,1.0,64.9089,13.0108,0.4843,35.4906,0
6941578.1,4,,122,56,8,50.0,1.0,64.9009,13.1183,0.4864,35.4698,0
6943578.1,4,,122,56,8,50.0,1.0,64.8009,13.1183,0.5126,35.2098,0
6945578.1,4,,122,56,8,50.0,1.0,64.7009,13.1183,0.5388,34.9497,0
6946779.6,4,,122,56,8,50.0,1.0,64.6408,13.1183,0.5546,34.7935,0
6947578.1,4,,121,56,8,50.0,1.0,64.6009,13.2258,0.5652,34.6982,0
6949578.1,4,,121,56,8,50.0,1.0,64.5009,13.2258,0.5916,34.4597,0
6951578.1,4,,121,56,8,50.0,1.0,64.4009,13.2258,0.6181,34.2212,0
6953578.1,4,,121,56,8,50.0,1.0,64.3009,13.2258,0.6445,33.9826,0
6955578.1,4,,121,56,8,50.0,1.0,64.2009,13.2258,0.671,33.7441,0
6957578.1,4,,121,56,8,50.0,1.0,64.1009,13.2258,0.6974,33.5055,0
6959578.1,4,,121,56,8,50.0,1.0,64.0009,13.2258,0.7239,33.267,0
6961578.1,4,,121,56,8,50.0,1.0,63.9009,13.2258,0.7503,33.0285,0
6963578.1,4,,121,56,8,50.0,1.0,63.8009,13.2258,0.7768,32.7899,0
6965578.1,4,,121,56,8,50.0,1.0,63.7009,13.2258,0.8032,32.5514,0
6967578.1,4,,121,56,8,50.0,1.0,63.6009,13.2258,0.8297,32.3129,0
6969578.1,4,,121,56,8,50.0,1.0,63.5009,13.2258,0.8561,32.0743,0
6971578.1,4,,121,56,8,50.0,1.0,63.4009,13.2258,0.8826,31.8358,0
6973094.1,4,,121,56,8,50.0,1.0,63.3251,13.2258,0.9026,31.655,0
6973578.1,4,,120,56,8,50.0,1.0,63.3009,13.3407,0.9091,31.5973,0
6975451.6,4,,120,56,8,50.0,1.0,63.2072,13.3407,0.9341,31.3741,0
6975578.1,4,,119,56,8,50.0,1.0,63.2009,13.4557,0.9358,31.3604,0
6977578.1,4,,119,56,8,50.0,1.0,63.1009,13.4557,0.9627,31.1452,0
6978382.5,4,,119,56,8,50.0,1.0,63.0607,13.4557,0.9735,31.0586,0
6979578.1,4,,118,56,8,50.0,1.0,63.0009,13.5632,0.9897,30.93,0
6981578.1,4,,118,56,8,50.0,1.0,62.9009,13.5632,1.0169,30.7149,0
6983461.5,4,,118,56,8,50.0,1.0,62.8067,13.5632,1.0424,30.5124,0
6983578.1,4,,117,56,8,50.0,1.0,62.8009,13.6782,1.044,30.4999,0
6985578.1,4,,117,56,8,50.0,1.0,62.7009,13.6782,1.0714,30.285,0
6987578.1,4,,117,56,8,50.0,1.0,62.6009,13.6782,1.0987,30.0701,0
6989578.1,4,,117,56,8,50.0,1.0,62.5009,13.6782,1.1261,29.8553,0
6991578.1,4,,117,56,8,50.0,1.0,62.4009,13.6782,1.1534,29.6404,0
6992700.3,4,,117,56,8,50.0,1.0,62.3448,13.6782,1.1688,29.5198,0
6992855.0,4,,116,56,8,50.0,1.0,62.337,13.8013,1.1709,29.5032,0
6993578.1,4,,115,56,8,50.0,1.0,62.3009,13.9163,1.181,29.4257,0
6995578.1,4,,115,56,8,50.0,1.0,62.2009,13.9163,1.2088,29.2113,0
6997578.1,4,,115,56,8,50.0,1.0,62.1009,13.9163,1.2366,28.9968,0
6999578.1,4,,115,56,8,50.0,1.0,62.0009,13.9163,1.2645,28.7824,0
7001074.3,4,,115,56,8,50.0,1.0,61.9261,13.9163,1.2853,28.622,0
7001578.1,4,,114,56,8,50.0,1.0,61.9009,14.0394,1.2924,28.568,0
7001829.8,4,,114,56,8,50.0,1.0,61.8883,14.0394,1.2959,28.5411,0
7003578.1,4,,113,56,8,50.0,1.0,61.8009,14.1626,1.3207,28.354,0
7004169.1,4,,113,56,8,50.0,1.0,61.7713,14.1626,1.329,28.2907,0
7005578.1,4,,112,56,8,50.0,1.0,61.7009,14.2948,1.3492,28.1401,0
7007127.3,4,,112,56,8,50.0,1.0,61.6234,14.2948,1.3713,27.9745,0
7007578.1,4,,111,56,8,50.0,1.0,61.6009,14.418,1.3778,27.9319,0
7007855.5,4,,111,56,8,50.0,1.0,61.587,14.418,1.3818,27.9057,0
7007955.6,4,,110,56,8,50.0,1.0,61.582,14.5604,1.3833,27.8963,0
7009220.8,4,,109,56,8,50.0,1.0,61.5187,14.6927,1.4019,27.777,0
7009578.1,4,,108,56,8,50.0,1.0,61.5009,14.825,1.4072,27.7433,0
7011578.1,4,,108,56,8,50.0,1.0,61.4009,14.825,1.4368,27.5549,0
7013362.3,4,,108,56,8,50.0,1.0,61.3117,14.825,1.4633,27.3869,0
7013578.1,4,,107,56,8,50.0,1.0,61.3009,14.9674,1.4665,27.369,0
7014873.3,4,,107,56,8,50.0,1.0,61.2361,14.9674,1.4859,27.2826,0
7015578.1,4,,106,56,8,50.0,1.0,61.2009,15.1099,1.4965,27.2357,0
7017321.8,4,,106,56,8,50.0,1.0,61.1137,15.1099,1.5229,27.1196,0
7017578.1,4,,105,56,8,50.0,1.0,61.1009,15.2422,1.5268,27.1026,0
7018186.5,4,,105,56,8,50.0,1.0,61.0704,15.2422,1.5361,27.0621,0
7019578.1,4,,104,56,8,50.0,1.0,61.0009,15.396,1.5575,26.9698,0
7019752.1,4,,104,56,8,50.0,1.0,60.9922,15.396,1.5602,26.9583,0
7021578.1,4,,103,56,8,50.0,1.0,60.9009,15.5499,1.5885,26.8374,0
7022255.2,4,,103,56,8,50.0,1.0,60.867,15.5499,1.5991,26.7925,0
7023578.1,4,,102,56,8,50.0,1.0,60.8009,15.7165,1.6199,26.7051,0
7024203.1,4,,102,56,8,50.0,1.0,60.7696,15.7165,1.6297,26.6638,0
7024558.1,4,,101,56,8,50.0,1.0,60.7519,15.859,1.6353,26.6404,0
7025578.1,4,,100,56,8,50.0,1.0,60.7009,16.0256,1.6517,26.5732,0
7027578.1,4,,100,56,8,50.0,1.0,60.6009,16.0256,1.6837,26.4415,0
7028681.4,4,,100,56,8,50.0,1.0,60.5457,16.0256,1.7014,26.3689,0
7029578.1,4,,99,56,8,50.0,1.0,60.5009,16.1795,1.7159,26.3237,0
7031578.1,4,,99,56,8,50.0,1.0,60.4009,16.1795,1.7483,26.223,0
7033578.1,4,,99,56,8,50.0,1.0,60.3009,16.1795,1.7806,26.1223,0
7034142.7,4,,99,56,8,50.0,1.0,60.2726,16.1795,1.7898,26.1007,0
7035578.1,4,,98,56,8,50.0,1.0,60.2009,16.3462,1.8132,26.0525,0
7036036.0,4,,98,56,8,50.0,1.0,60.178,16.3462,1.8207,26.0371,0
7037578.1,4,,97,56,8,50.0,1.0,60.1009,16.5,1.8462,25.9855,0
7039578.1,4,,97,56,8,50.0,1.0,60.0009,16.5,1.8792,25.9186,0
7041269.8,4,,97,56,8,50.0,1.0,59.9163,16.5,1.9071,25.862,0
7041578.1,4,,96,56,8,50.0,1.0,59.9009,16.6667,1.9122,25.8517,0
7043578.1,4,,96,56,8,50.0,1.0,59.8009,16.6667,1.9455,25.7851,0
7045578.1,4,,96,56,8,50.0,1.0,59.7009,16.6667,1.9789,25.7184,0
7047578.1,4,,96,56,8,50.0,1.0,59.6009,16.6667,2.0122,25.6517,0
7049578.1,4,,96,56,8,50.0,1.0,59.5009,16.6667,2.0455,25.5851,0
7051578.1,4,,96,56,8,50.0,1.0,59.4009,16.6667,2.0789,25.5184,0
7053578.1,4,,96,56,8,50.0,1.0,59.3009,16.6667,2.1122,25.4517,0
7055578.1,4,,96,56,8,50.0,1.0,59.2009,16.6667,2.1455,25.3851,0
7057578.1,4,,96,56,8,50.0,1.0,59.1009,16.6667,2.1789,25.3184,0
7059578.1,4,,96,56,8,50.0,1.0,59.0009,16.6667,2.2122,25.2517,0
7061578.1,4,,96,56,8,50.0,1.0,58.9009,16.6667,2.2455,25.1851,0
7063578.1,4,,96,56,8,50.0,1.0,58.8009,16.6667,2.2789,25.1184,0
7065578.1,4,,96,56,8,50.0,1.0,58.7009,16.6667,2.3122,25.0517,0
7067578.1,4,,96,56,8,50.0,1.0,58.6009,16.6667,2.3455,24.9851,0
7069578.1,4,,96,56,8,50.0,1.0,58.5009,16.6667,2.3789,24.9184,0
7071578.1,4,,96,56,8,50.0,1.0,58.4009,16.6667,2.4122,24.8517,0
7073578.1,4,,96,56,8,50.0,1.0,58.3009,16.6667,2.4455,24.7851,0
7075578.1,4,,96,56,8,50.0,1.0,58.2009,16.6667,2.4789,24.7184,0
7077578.1,4,,96,56,8,50.0,1.0,58.1009,16.6667,2.5122,24.6517,0
7079578.1,4,,96,56,8,50.0,1.0,58.0009,16.6667,2.5455,24.5851,0
7081578.1,4,,96,56,8,50.0,1.0,57.9009,16.6667,2.5789,24.5184,0
7083578.1,4,,96,56,8,50.0,1.0,57.8009,16.6667,2.6122,24.4517,0
7085578.1,4,,96,56,8,50.0,1.0,57.7009,16.6667,2.6455,24.3851,0
7087578.1,4,,96,56,8,50.0,1.0,57.6009,16.6667,2.6789,24.3184,0
7089578.1,4,,96,56,8,50.0,1.0,57.5009,16.6667,2.7122,24.2517,0
7091578.1,4,,96,56,8,50.0,1.0,57.4009,16.6667,2.7455,24.1851,0
7093578.1,4,,96,56,8,50.0,1.0,57.3009,16.6667,2.7789,24.1184,0
7095578.1,4,,96,56,8,50.0,1.0,57.2009,16.6667,2.8122,24.0517,0
7097578.1,4,,96,56,8,50.0,1.0,57.1009,16.6667,2.8455,23.9851,0
7099578.1,4,,96,56,8,50.0,1.0,57.0009,16.6667,2.8789,23.9184,0
7101578.1,4,,96,56,8,50.0,1.0,56.9009,16.6667,2.9122,23.8517,0
7103578.1,4,,96,56,8,50.0,1.0,56.8009,16.6667,2.9455,23.7851,0
7105578.1,4,,96,56,8,50.0,1.0,56.7009,16.6667,2.9789,23.7184,0
7107578.1,4,,96,56,8,50.0,1.0,56.6009,16.6667,3.0122,23.6517,0
7109578.1,4,,96,56,8,50.0,1.0,56.5009,16.6667,3.0455,23.5851,0
7111578.1,4,,96,56,8,50.0,1.0,56.4009,16.6667,3.0789,23.5184,0
7113578.1,4,,96,56,8,50.0,1.0,56.3009,16.6667,3.1122,23.4517,0
7115578.1,4,,96,56,8,50.0,1.0,56.2009,16.6667,3.1455,23.3851,0
7117578.1,4,,96,56,8,50.0,1.0,56.1009,16.6667,3.1789,23.3184,0
7119578.1,4,,96,56,8,50.0,1.0,56.0009,16.6667,3.2122,23.2517,0
7121578.1,4,,96,56,8,50.0,1.0,55.9009,16.6667,3.2455,23.1851,0
7123578.1,4,,96,56,8,50.0,1.0,55.8009,16.6667,3.2789,23.1184,0
7125578.1,4,,96,56,8,50.0,1.0,55.7009,16.6667,3.3122,23.0517,0
7127578.1,4,,96,56,8,50.0,1.0,55.6009,16.6667,3.3455,22.9851,0
7129578.1,4,,96,56,8,50.0,1.0,55.5009,16.6667,3.3789,22.9184,0
7131578.1,4,,96,56,8,50.0,1.0,55.4009,16.6667,3.4122,22.8517,0
7133578.1,4,,96,56,8,50.0,1.0,55.3009,16.6667,3.4455,22.7851,0
7135578.1,4,,96,56,8,50.0,1.0,55.2009,16.6667,3.4789,22.7184,0
7137578.1,4,,96,56,8,50.0,1.0,55.1009,16.6667,3.5122,22.6517,0
7139578.1,4,,96,56,8,50.0,1.0,55.0009,16.6667,3.5455,22.5851,0
7141578.1,4,,96,56,8,50.0,1.0,54.9009,16.6667,3.5789,22.5184,0
7143578.1,4,,96,56,8,50.0,1.0,54.8009,16.6667,3.6122,22.4517,0
7145578.1,4,,96,56,8,50.0,1.0,54.7009,16.6667,3.6455,22.3851,0
7147578.1,4,,96,56,8,50.0,1.0,54.6009,16.6667,3.6789,22.3184,0
7149578.1,4,,96,56,8,50.0,1.0,54.5009,16.6667,3.7122,22.2517,0
7151578.1,4,,96,56,8,50.0,1.0,54.4009,16.6667,3.7455,22.1851,0
7153578.1,4,,96,56,8,50.0,1.0,54.3009,16.6667,3.7789,22.1184,0
7155578.1,4,,96,56,8,50.0,1.0,54.2009,16.6667,3.8122,22.0517,0
7157578.1,4,,96,56,8,50.0,1.0,54.1009,16.6667,3.8455,21.9851,0
7159578.1,4,,96,56,8,50.0,1.0,54.0009,16.6667,3.8789,21.9184,0
7161578.1,4,,96,56,8,50.0,1.0,53.9009,16.6667,3.9122,21.8517,0
7163578.1,4,,96,56,8,50.0,1.0,53.8009,16.6667,3.9455,21.7851,0
7165578.1,4,,96,56,8,50.0,1.0,53.7009,16.6667,3.9789,21.7184,0
7167578.1,4,,96,56,8,50.0,1.0,53.6009,16.6667,4.0122,21.6517,0
7169578.1,4,,96,56,8,50.0,1.0,53.5009,16.6667,4.0455,21.5851,0
7171578.1,4,,96,56,8,50.0,1.0,53.4009,16.6667,4.0789,21.5184,0
7173578.1,4,,96,56,8,50.0,1.0,53.3009,16.6667,4.1122,21.4517,0
7175578.1,4,,96,56,8,50.0,1.0,53.2009,16.6667,4.1455,21.3851,0
7177578.1,4,,96,56,8,50.0,1.0,53.1009,16.6667,4.1789,21.3184,0
7179578.1,4,,96,56,8,50.0,1.0,53.0009,16.6667,4.2122,21.2517,0
7181578.1,4,,96,56,8,50.0,1.0,52.9009,16.6667,4.2455,21.1851,0
7183578.1,4,,96,56,8,50.0,1.0,52.8009,16.6667,4.2789,21.1184,0
7185578.1,4,,96,56,8,50.0,1.0,52.7009,16.6667,4.3122,21.0517,0
7187578.1,4,,96,56,8,50.0,1.0,52.6009,16.6667,4.3455,20.9851,0
7189578.1,4,,96,56,8,50.0,1.0,52.5009,16.6667,4.3789,20.9184,0
7191578.1,4,,96,56,8,50.0,1.0,52.4009,16.6667,4.4122,20.8517,0
7193578.1,4,,96,56,8,50.0,1.0,52.3009,16.6667,4.4455,20.7851,0
7195578.1,4,,96,56,8,50.0,1.0,52.2009,16.6667,4.4789,20.7184,0
7197578.1,4,,96,56,8,50.0,1.0,52.1009,16.6667,4.5122,20.6517,0
7199578.1,4,,96,56,8,50.0,1.0,52.0009,16.6667,4.5455,20.5851,0
7201578.1,4,,96,56,8,50.0,1.0,51.9009,16.6667,4.5789,20.5184,0
7203362.1,4,,96,56,8,50.0,1.0,51.8117,16.6667,4.6086,20.4589,0
7203578.1,4,,95,56,8,50.0,1.0,51.8009,16.8478,4.6122,20.4518,0
7205578.1,4,,95,56,8,50.0,1.0,51.7009,16.8478,4.6459,20.3854,0
7207578.1,4,,95,56,8,50.0,1.0,51.6009,16.8478,4.6796,20.319,0
7209578.1,4,,95,56,8,50.0,1.0,51.5009,16.8478,4.7133,20.2526,0
7211578.1,4,,95,56,8,50.0,1.0,51.4009,16.8478,4.747,20.1862,0
7213578.1,4,,95,56,8,50.0,1.0,51.3009,16.8478,4.7807,20.1198,0
7215578.1,4,,95,56,8,50.0,1.0,51.2009,16.8478,4.8144,20.0534,0
7217578.1,4,,95,56,8,50.0,1.0,51.1009,16.8478,4.8481,19.987,0
7219578.1,4,,95,56,8,50.0,1.0,51.0009,16.8478,4.8818,19.9206,0
7221578.1,4,,95,56,8,50.0,1.0,50.9009,16.8478,4.9155,19.8542,0
7223578.1,4,,95,56,8,50.0,1.0,50.8009,16.8478,4.9492,19.7878,0
7225578.1,4,,95,56,8,50.0,1.0,50.7009,16.8478,4.9829,19.7214,0
7227578.1,4,,95,56,8,50.0,1.0,50.6009,16.8478,5.0166,19.655,0
7229578.1,4,,95,56,8,50.0,1.0,50.5009,16.8478,5.0503,19.5886,0
7231578.1,4,,95,56,8,50.0,1.0,50.4009,16.8478,5.084,19.5222,0
7233578.1,4,,95,56,8,50.0,1.0,50.3009,16.8478,5.1177,19.4558,0
7234901.3,4,,95,56,8,50.0,1.0,50.2347,16.8478,5.14,19.4119,0
7235578.1,4,,94,56,8,50.0,1.0,50.2009,17.029,5.1515,19.3895,0
7237578.1,4,,94,56,8,50.0,1.0,50.1009,17.029,5.1856,19.3234,0
7239578.1,4,,94,56,8,50.0,1.0,50.0009,17.029,5.2196,19.2572,0
7240553.8,4,,94,56,8,50.0,1.0,49.9521,17.029,5.2362,19.225,0
7241045.3,4,,93,56,8,50.0,1.0,49.9275,17.2266,5.2447,19.2088,0
7241578.1,4,,92,56,8,50.0,1.0,49.9009,17.4242,5.254,19.1913,0
7243578.1,4,,92,56,8,50.0,1.0,49.8009,17.4242,5.2888,19.1278,0
7245578.1,4,,92,56,8,50.0,1.0,49.7009,17.4242,5.3237,19.0653,0
7247578.1,4,,92,56,8,50.0,1.0,49.6009,17.4242,5.3585,19.0029,0
7248136.0,4,,92,56,8,50.0,1.0,49.573,17.4242,5.3682,18.9854,0
7249578.1,4,,91,56,8,50.0,1.0,49.5009,17.6054,5.3936,18.9406,0
7249783.5,4,,91,56,8,50.0,1.0,49.4906,17.6054,5.3973,18.9342,0
7251578.1,4,,90,56,8,50.0,1.0,49.4009,17.7866,5.4292,18.8787,0
7253578.1,4,,90,56,8,50.0,1.0,49.3009,17.7866,5.4647,18.8167,0
7255578.1,4,,90,56,8,50.0,1.0,49.2009,17.7866,5.5003,18.7548,0
7257578.1,4,,90,56,8,50.0,1.0,49.1009,17.7866,5.5359,18.6929,0
7259578.1,4,,90,56,8,50.0,1.0,49.0009,17.7866,5.5715,18.631,0
7261578.1,4,,90,56,8,50.0,1.0,48.9009,17.7866,5.607,18.5691,0
7263578.1,4,,90,56,8,50.0,1.0,48.8009,17.7866,5.6426,18.5071,0
7265578.1,4,,90,56,8,50.0,1.0,48.7009,17.7866,5.6782,18.4452,0
7267578.1,4,,90,56,8,50.0,1.0,48.6009,17.7866,5.7138,18.3833,0
7269578.1,4,,90,56,8,50.0,1.0,48.5009,17.7866,5.7493,18.3214,0
7271578.1,4,,90,56,8,50.0,1.0,48.4009,17.7866,5.7849,18.2595,0
7273578.1,4,,90,56,8,50.0,1.0,48.3009,17.7866,5.8205,18.1975,0
7275578.1,4,,90,56,8,50.0,1.0,48.2009,17.7866,5.856,18.1356,0
7277578.1,4,,90,56,8,50.0,1.0,48.1009,17.7866,5.8916,18.0737,0
7279578.1,4,,90,56,8,50.0,1.0,48.0009,17.7866,5.9272,18.0118,0
7281578.1,4,,90,56,8,50.0,1.0,47.9009,17.7866,5.9628,17.9499,0
7281814.2,4,,90,56,8,50.0,1.0,47.8891,17.7866,5.967,17.9426,0
7283578.1,4,,89,56,8,50.0,1.0,47.8009,17.9842,5.9987,17.8882,0
7285578.1,4,,89,56,8,50.0,1.0,47.7009,17.9842,6.0347,17.8266,0
7287578.1,4,,89,56,8,50.0,1.0,47.6009,17.9842,6.0706,17.7649,0
7289578.1,4,,89,56,8,50.0,1.0,47.5009,17.9842,6.1066,17.7033,0
7291578.1,4,,89,56,8,50.0,1.0,47.4009,17.9842,6.1426,17.6416,0
7293578.1,4,,89,56,8,50.0,1.0,47.3009,17.9842,6.1785,17.58,0
7295578.1,4,,89,56,8,50.0,1.0,47.2009,17.9842,6.2145,17.5184,0
7297578.1,4,,89,56,8,50.0,1.0,47.1009,17.9842,6.2505,17.4567,0
7299578.1,4,,89,56,8,50.0,1.0,47.0009,17.9842,6.2864,17.3951,0
7301578.1,4,,89,56,8,50.0,1.0,46.9009,17.9842,6.3224,17.3335,0
7303578.1,4,,89,56,8,50.0,1.0,46.8009,17.9842,6.3584,17.2718,0
7305578.1,4,,89,56,8,50.0,1.0,46.7009,17.9842,6.3943,17.2102,0
7307578.1,4,,89,56,8,50.0,1.0,46.6009,17.9842,6.4303,17.1485,0
7309578.1,4,,89,56,8,50.0,1.0,46.5009,17.9842,6.4663,17.0869,0
7311332.7,4,,89,56,8,50.0,1.0,46.4131,17.9842,6.4978,17.0328,0
7311578.1,4,,88,56,7,50.0,1.0,46.4009,15.8197,5.6866,17.0253,0
7313578.1,4,,88,56,7,50.0,1.0,46.3009,15.8197,5.7183,16.964,0
7314773.3,4,,88,56,7,50.0,1.0,46.2411,15.8197,5.7372,16.9273,0
7315578.1,4,,87,56,7,50.0,1.0,46.2009,15.9387,5.75,16.9027,0
7317578.1,4,,87,56,7,50.0,1.0,46.1009,15.9387,5.7819,16.8417,0
7319578.1,4,,87,56,7,50.0,1.0,46.0009,15.9387,5.8137,16.7807,0
7321578.1,4,,87,56,7,50.0,1.0,45.9009,15.9387,5.8456,16.7197,0
7323578.1,4,,87,56,7,50.0,1.0,45.8009,15.9387,5.8775,16.6587,0
7325578.1,4,,87,56,7,50.0,1.0,45.7009,15.9387,5.9094,16.5977,0
7327578.1,4,,87,56,7,50.0,1.0,45.6009,15.9387,5.9413,16.5367,0
7329578.1,4,,87,56,7,50.0,1.0,45.5009,15.9387,5.9731,16.4756,0
7331578.1,4,,87,56,7,50.0,1.0,45.4009,15.9387,6.005,16.4146,0
7333578.1,4,,87,56,7,50.0,1.0,45.3009,15.9387,6.0369,16.3536,0
7335578.1,4,,87,56,7,50.0,1.0,45.2009,15.9387,6.0688,16.2926,0
7337578.1,4,,87,56,7,50.0,1.0,45.1009,15.9387,6.1006,16.2316,0
7339578.1,4,,87,56,7,50.0,1.0,45.0009,15.9387,6.1325,16.1706,0
7340459.8,4,,87,56,7,50.0,1.0,44.9568,15.9387,6.1466,16.1437,0
7341578.1,4,,86,56,7,50.0,1.0,44.9009,16.1364,6.1646,16.1097,0
7343578.1,4,,86,56,7,50.0,1.0,44.8009,16.1364,6.1969,16.0489,0
7345578.1,4,,86,56,7,50.0,1.0,44.7009,16.1364,6.2292,15.9882,0
7345866.5,4,,86,56,7,50.0,1.0,44.6864,16.1364,6.2338,15.9794,0
7346694.8,4,,85,56,7,50.0,1.0,44.645,16.3528,6.2474,15.9544,0
7347578.1,4,,84,56,7,50.0,1.0,44.6009,16.5693,6.262,15.9278,0
7349578.1,4,,84,56,7,50.0,1.0,44.5009,16.5693,6.2951,15.8676,0
7351578.1,4,,84,56,7,50.0,1.0,44.4009,16.5693,6.3283,15.8074,0
7353578.1,4,,84,56,7,50.0,1.0,44.3009,16.5693,6.3614,15.7472,0
7354094.9,4,,84,56,7,50.0,1.0,44.275,16.5693,6.37,15.7316,0
7355578.1,4,,83,56,7,50.0,1.0,44.2009,16.7857,6.3949,15.6886,0
7357578.1,4,,83,56,7,50.0,1.0,44.1009,16.7857,6.4284,15.6306,0
7359578.1,4,,83,56,7,50.0,1.0,44.0009,16.7857,6.462,15.5726,0
7361578.1,4,,83,56,7,50.0,1.0,43.9009,16.7857,6.4956,15.5145,0
7363578.1,4,,83,56,7,50.0,1.0,43.8009,16.7857,6.5292,15.4565,0
7365578.1,4,,83,56,7,50.0,1.0,43.7009,16.7857,6.5627,15.3985,0
7367578.1,4,,83,56,7,50.0,1.0,43.6009,16.7857,6.5963,15.3405,0
7369578.1,4,,83,56,7,50.0,1.0,43.5009,16.7857,6.6299,15.2824,0
7371578.1,4,,83,56,7,50.0,1.0,43.4009,16.7857,6.6634,15.2244,0
7373578.1,4,,83,56,7,50.0,1.0,43.3009,16.7857,6.697,15.1664,0
7375578.1,4,,83,56,7,50.0,1.0,43.2009,16.7857,6.7306,15.1084,0
7377578.1,4,,83,56,7,50.0,1.0,43.1009,16.7857,6.7642,15.0503,0
7379578.1,4,,83,56,7,50.0,1.0,43.0009,16.7857,6.7977,14.9923,0
7381578.1,4,,83,56,7,50.0,1.0,42.9009,16.7857,6.8313,14.9343,0
7383578.1,4,,83,56,7,50.0,1.0,42.8009,16.7857,6.8649,14.8763,0
7385578.1,4,,83,56,7,50.0,1.0,42.7009,16.7857,6.8984,14.8182,0
7387578.1,4,,83,56,7,50.0,1.0,42.6009,16.7857,6.932,14.7602,0
7389578.1,4,,83,56,7,50.0,1.0,42.5009,16.7857,6.9656,14.7022,0
7389702.8,4,,83,56,7,50.0,1.0,42.4946,16.7857,6.9677,14.6986,0
7391578.1,4,,82,56,6,50.0,1.0,42.4009,14.5238,6.0037,14.6444,0
7392315.2,4,,82,56,6,50.0,1.0,42.364,14.5238,6.0144,14.6232,0
7393578.1,4,,81,56,5,50.0,1.0,42.3009,12.2619,5.0345,14.5869,0
7393953.6,4,,81,56,5,50.0,1.0,42.2821,12.2619,5.0391,14.5761,0
7395578.1,4,,80,56,4,50.0,1.0,42.2009,9.7619,4.0556,14.5297,0
7397578.1,4,,80,56,4,50.0,1.0,42.1009,9.7619,4.0751,14.4726,0
7399578.1,4,,80,56,4,50.0,1.0,42.0009,9.7619,4.0946,14.4155,0
7401578.1,4,,80,56,4,50.0,1.0,41.9009,9.7619,4.1142,14.3584,0
7402810.0,4,,80,56,4,50.0,1.0,41.8393,9.7619,4.1262,14.3232,0
7403578.1,4,,79,56,3,50.0,1.0,41.8009,7.2619,3.1078,14.3014,0
7405578.1,4,,79,56,3,50.0,1.0,41.7009,7.2619,3.1223,14.2446,0
7407578.1,4,,79,56,3,50.0,1.0,41.6009,7.2619,3.1368,14.1878,0
7409578.1,4,,79,56,3,50.0,1.0,41.5009,7.2619,3.1513,14.131,0
7411578.1,4,,79,56,3,50.0,1.0,41.4009,7.2619,3.1659,14.0742,0
7413578.1,4,,79,56,3,50.0,1.0,41.3009,7.2619,3.1804,14.0174,0
7415578.1,4,,79,56,3,50.0,1.0,41.2009,7.2619,3.1949,13.9606,0
7417578.1,4,,79,56,3,50.0,1.0,41.1009,7.2619,3.2094,13.9038,0
7419578.1,4,,79,56,3,50.0,1.0,41.0009,7.2619,3.2239,13.847,0
7421578.1,4,,79,56,3,50.0,1.0,40.9009,7.2619,3.2385,13.7902,0
7423578.1,4,,79,56,3,50.0,1.0,40.8009,7.2619,3.253,13.7334,0
7425578.1,4,,79,56,3,50.0,1.0,40.7009,7.2619,3.2675,13.6766,0
7426157.2,4,,79,56,3,50.0,1.0,40.6719,7.2619,3.2717,13.6601,0
7427578.1,4,,78,56,3,50.0,1.0,40.6009,7.2619,3.282,13.62,0
7429578.1,4,,78,56,3,50.0,1.0,40.5009,7.2619,3.2966,13.5676,0
7431578.1,4,,78,56,3,50.0,1.0,40.4009,7.2619,3.3111,13.5158,0
7433578.1,4,,78,56,3,50.0,1.0,40.3009,7.2619,3.3256,13.4639,0
7435578.1,4,,78,56,3,50.0,1.0,40.2009,7.2619,3.3401,13.412,0
7437578.1,4,,78,56,3,50.0,1.0,40.1009,7.2619,3.3547,13.3601,0
7439578.1,4,,78,56,3,50.0,1.0,40.0009,7.2619,3.3692,13.3082,0
7441578.1,4,,78,56,3,50.0,1.0,39.9009,7.2619,3.3837,13.2563,0
7443578.1,4,,78,56,3,50.0,1.0,39.8009,7.2619,3.3982,13.2044,0
7445578.1,4,,78,56,3,50.0,1.0,39.7009,7.2619,3.4128,13.1525,0
7447578.1,4,,78,56,3,50.0,1.0,39.6009,7.2619,3.4273,13.1006,0
7449578.1,4,,78,56,3,50.0,1.0,39.5009,7.2619,3.4418,13.0488,0
7451578.1,4,,78,56,3,50.0,1.0,39.4009,7.2619,3.4563,12.9969,0
7453578.1,4,,78,56,3,50.0,1.0,39.3009,7.2619,3.4709,12.945,0
7454037.3,4,,78,56,3,50.0,1.0,39.2779,7.2619,3.4742,12.9331,0
7455578.1,4,,77,56,3,50.0,1.0,39.2009,7.3935,3.4856,12.8933,0
7457578.1,4,,77,56,3,50.0,1.0,39.1009,7.3935,3.5004,12.8418,0
7459578.1,4,,77,56,3,50.0,1.0,39.0009,7.3935,3.5152,12.7902,0
7461578.1,4,,77,56,3,50.0,1.0,38.9009,7.3935,3.5299,12.7386,0
7463578.1,4,,77,56,3,50.0,1.0,38.8009,7.3935,3.5447,12.6871,0
7465578.1,4,,77,56,3,50.0,1.0,38.7009,7.3935,3.5595,12.6355,0
7467578.1,4,,77,56,3,50.0,1.0,38.6009,7.3935,3.5743,12.5839,0
7469578.1,4,,77,56,3,50.0,1.0,38.5009,7.3935,3.5891,12.5324,0
7471578.1,4,,77,56,3,50.0,1.0,38.4009,7.3935,3.6039,12.4808,0
7472504.1,4,,77,56,3,50.0,1.0,38.3546,7.3935,3.6107,12.4569,0
7473578.1,4,,76,55,3,50.0,1.0,38.3009,7.5397,3.6188,12.4292,0
7475578.1,4,,76,55,3,50.0,1.0,38.2009,7.5397,3.6339,12.3775,0
7475675.0,4,,76,55,3,50.0,1.0,38.196,7.5397,3.6346,12.375,0
7477578.1,4,,75,54,3,50.0,1.0,38.1009,7.5397,3.649,12.3257,0
7479578.1,4,,75,54,3,50.0,1.0,38.0009,7.5397,3.6641,12.2739,0
7481578.1,4,,75,54,3,50.0,1.0,37.9009,7.5397,3.6791,12.2221,0
7483578.1,4,,75,54,3,50.0,1.0,37.8009,7.5397,3.6942,12.1703,0
7485578.1,4,,75,54,3,50.0,1.0,37.7009,7.5397,3.7093,12.1184,0
7487578.1,4,,75,54,3,50.0,1.0,37.6009,7.5397,3.7244,12.0666,0
7489578.1,4,,75,54,3,50.0,1.0,37.5009,7.5397,3.7395,12.0148,0
7491578.1,4,,75,54,3,50.0,1.0,37.4009,7.5397,3.7545,11.963,0
7493578.1,4,,75,54,3,50.0,1.0,37.3009,7.5397,3.7696,11.9112,0
7495124.8,4,,75,54,3,50.0,1.0,37.2235,7.5397,3.7813,11.8711,0
7495578.1,4,,74,54,3,50.0,1.0,37.2009,7.5397,3.7847,11.8601,0
7497578.1,4,,74,54,3,50.0,1.0,37.1009,7.5397,3.7998,11.8113,0
7497771.5,4,,74,54,3,50.0,1.0,37.0912,7.5397,3.8012,11.8066,0
7499578.1,4,,73,54,2,50.0,1.0,37.0009,4.7619,2.5196,11.7629,0
7501578.1,4,,73,54,2,50.0,1.0,36.9009,4.7619,2.5291,11.7146,0
7503578.1,4,,73,54,2,50.0,1.0,36.8009,4.7619,2.5386,11.6662,0
7503762.8,4,,73,54,2,50.0,1.0,36.7916,4.7619,2.5395,11.6617,0
7505578.1,4,,72,54,2,50.0,1.0,36.7009,5.0,2.5486,11.6181,0
7507578.1,4,,72,54,2,50.0,1.0,36.6009,5.0,2.5586,11.57,0
7509578.1,4,,72,54,2,50.0,1.0,36.5009,5.0,2.5686,11.5219,0
7511578.1,4,,72,54,2,50.0,1.0,36.4009,5.0,2.5786,11.4738,0
7513578.1,4,,72,54,2,50.0,1.0,36.3009,5.0,2.5886,11.4257,0
7514065.9,4,,72,54,2,50.0,1.0,36.2765,5.0,2.591,11.414,0
7515578.1,4,,71,53,2,50.0,1.0,36.2009,5.0,2.5986,11.3769,0
7517578.1,4,,71,53,2,50.0,1.0,36.1009,5.0,2.6086,11.3278,0
7519578.1,4,,71,53,2,50.0,1.0,36.0009,5.0,2.6186,11.2787,0
7521578.1,4,,71,53,2,50.0,1.0,35.9009,5.0,2.6286,11.2297,0
7521785.2,4,,71,53,2,50.0,1.0,35.8905,5.0,2.6296,11.2246,0
7523578.1,4,,70,53,1,50.0,1.0,35.8009,2.6316,1.3195,11.1809,0
7525578.1,4,,70,53,1,50.0,1.0,35.7009,2.6316,1.3248,11.1321,0
7527578.1,4,,70,53,1,50.0,1.0,35.6009,2.6316,1.3301,11.0834,0
7529578.1,4,,70,53,1,50.0,1.0,35.5009,2.6316,1.3353,11.0346,0
7531578.1,4,,70,53,1,50.0,1.0,35.4009,2.6316,1.3406,10.9859,0
7533578.1,4,,70,53,1,50.0,1.0,35.3009,2.6316,1.3459,10.9371,0
7535578.1,4,,70,53,1,50.0,1.0,35.2009,2.6316,1.3511,10.8883,0
7537578.1,4,,70,53,1,50.0,1.0,35.1009,2.6316,1.3564,10.8396,0
7539578.1,4,,70,53,1,50.0,1.0,35.0009,2.6316,1.3616,10.7908,0
7541578.1,4,,70,53,1,50.0,1.0,34.9009,2.6316,1.3669,10.7421,0
7541884.6,4,,70,53,1,50.0,1.0,34.8855,2.6316,1.3677,10.7346,0
7543578.1,4,,69,52,1,50.0,1.0,34.8009,2.6316,1.3722,10.6932,0
7545578.1,4,,69,52,1,50.0,1.0,34.7009,2.6316,1.3774,10.6443,0
7547578.1,4,,69,52,1,50.0,1.0,34.6009,2.6316,1.3827,10.5954,0
7548453.6,4,,69,52,1,50.0,1.0,34.5571,2.6316,1.385,10.574,0
7549578.1,4,,68,51,1,50.0,1.0,34.5009,2.6316,1.388,10.5465,0
7551578.1,4,,68,51,1,50.0,1.0,34.4009,2.6316,1.3932,10.4975,0
7553578.1,4,,68,51,1,50.0,1.0,34.3009,2.6316,1.3985,10.4485,0
7555578.1,4,,68,51,1,50.0,1.0,34.2009,2.6316,1.4037,10.3995,0
7557578.1,4,,68,51,1,50.0,1.0,34.1009,2.6316,1.409,10.3504,0
7559578.1,4,,68,51,1,50.0,1.0,34.0009,2.6316,1.4143,10.3014,0
7561578.1,4,,68,51,1,50.0,1.0,33.9009,2.6316,1.4195,10.2524,0
7563578.1,4,,68,51,1,50.0,1.0,33.8009,2.6316,1.4248,10.2034,0
7565578.1,4,,68,51,1,50.0,1.0,33.7009,2.6316,1.4301,10.1544,0
7567578.1,4,,68,51,1,50.0,1.0,33.6009,2.6316,1.4353,10.1054,0
7567936.6,4,,68,51,1,50.0,1.0,33.5829,2.6316,1.4363,10.0966,0
7569578.1,4,,67,51,1,50.0,1.0,33.5009,2.6316,1.4406,10.0568,0
7571578.1,4,,67,51,1,50.0,1.0,33.4009,2.6316,1.4459,10.0082,0
7572842.4,4,,67,51,1,50.0,1.0,33.3377,2.6316,1.4492,9.9774,0
7573578.1,4,,66,51,1,50.0,1.0,33.3009,2.6316,1.4511,9.9597,0
7575557.5,4,,66,51,1,50.0,1.0,33.2019,2.6316,1.4563,9.912,0
7575578.1,4,,65,51,1,50.0,1.0,33.2009,2.6316,1.4564,9.9116,0
7577123.0,4,,65,51,1,50.0,1.0,33.1236,2.6316,1.4604,9.8772,0
7577578.1,4,,64,50,1,50.0,1.0,33.1009,2.6316,1.4616,9.8668,0
7579578.1,4,,64,50,1,50.0,1.0,33.0009,2.6316,1.4669,9.8213,0
7581578.1,4,,64,50,1,50.0,1.0,32.9009,2.6316,1.4722,9.7758,0
7583578.1,4,,64,50,1,50.0,1.0,32.8009,2.6316,1.4774,9.7303,0
7585578.1,4,,64,50,1,50.0,1.0,32.7009,2.6316,1.4827,9.6848,0
7587546.9,4,,64,50,1,50.0,1.0,32.6024,2.6316,1.4879,9.64,0
7587578.1,4,,63,49,1,50.0,1.0,32.6009,2.6316,1.488,9.6393,0
7588681.5,4,,63,49,1,50.0,1.0,32.5457,2.6316,1.4909,9.6141,0
7589578.1,4,,62,48,1,50.0,1.0,32.5009,2.6316,1.4932,9.5932,0
7591578.1,4,,62,48,1,50.0,1.0,32.4009,2.6316,1.4985,9.5465,0
7593578.1,4,,62,48,1,50.0,1.0,32.3009,2.6316,1.5037,9.4998,0
7594939.7,4,,62,48,1,50.0,1.0,32.2328,2.6316,1.5073,9.468,0
7595578.1,4,,61,48,1,50.0,1.0,32.2009,2.7778,1.5091,9.4532,0
7597578.1,4,,61,48,1,50.0,1.0,32.1009,2.7778,1.5147,9.4068,0
7599578.1,4,,61,48,1,50.0,1.0,32.0009,2.7778,1.5202,9.3604,0
7601578.1,4,,61,48,1,50.0,1.0,31.9009,2.7778,1.5258,9.314,0
7603578.1,4,,61,48,1,50.0,1.0,31.8009,2.7778,1.5313,9.2677,0
7605578.1,4,,61,48,1,50.0,1.0,31.7009,2.7778,1.5369,9.2213,0
7607578.1,4,,61,48,1,50.0,1.0,31.6009,2.7778,1.5424,9.1749,0
7609578.1,4,,61,48,1,50.0,1.0,31.5009,2.7778,1.548,9.1285,0
7611578.1,4,,61,48,1,50.0,1.0,31.4009,2.7778,1.5535,9.0821,0
7613578.1,4,,61,48,1,50.0,1.0,31.3009,2.7778,1.5591,9.0358,0
7615578.1,4,,61,48,1,50.0,1.0,31.2009,2.7778,1.5647,8.9894,0
7617088.6,4,,61,48,1,50.0,1.0,31.1253,2.7778,1.5689,8.9544,0
7617578.1,4,,60,48,1,50.0,1.0,31.1009,2.7778,1.5702,8.9431,0
7619578.1,4,,60,48,1,50.0,1.0,31.0009,2.7778,1.5758,8.8972,0
7621578.1,4,,60,48,1,50.0,1.0,30.9009,2.7778,1.5813,8.8513,0
7621676.1,4,,60,48,1,50.0,1.0,30.896,2.7778,1.5816,8.849,0
7622093.9,4,,59,48,1,50.0,1.0,30.8751,2.7778,1.5828,8.8395,0
7623578.1,4,,57,46,1,50.0,1.0,30.8009,3.125,1.5874,8.8056,0
7624285.4,4,,57,46,1,50.0,1.0,30.7655,3.125,1.5896,8.7895,0
7625578.1,4,,56,46,1,50.0,1.0,30.7009,3.125,1.5936,8.7603,0
7626384.9,4,,56,46,1,50.0,1.0,30.6605,3.125,1.5962,8.742,0
7627578.1,4,,55,45,1,50.0,1.0,30.6009,3.3333,1.6001,8.715,0
7629578.1,4,,55,45,1,50.0,1.0,30.5009,3.3333,1.6068,8.6697,0
7631578.1,4,,55,45,1,50.0,1.0,30.4009,3.3333,1.6135,8.6244,0
7633578.1,4,,55,45,1,50.0,1.0,30.3009,3.3333,1.6201,8.579,0
7635578.1,4,,55,45,1,50.0,1.0,30.2009,3.3333,1.6268,8.5337,0
7637578.1,4,,55,45,1,50.0,1.0,30.1009,3.3333,1.6335,8.4884,0
7639578.1,4,,55,45,1,50.0,1.0,30.0009,3.3333,1.6401,8.4431,0
7641578.1,4,,55,45,1,50.0,1.0,29.9009,3.3333,1.6468,8.3977,0
7642389.7,4,,55,45,1,50.0,1.0,29.8603,3.3333,1.6495,8.3793,0
7643578.1,4,,54,45,1,50.0,1.0,29.8009,3.3333,1.6535,8.3527,0
7645199.2,4,,54,45,1,50.0,1.0,29.7198,3.3333,1.6589,8.3164,0
7645578.1,4,,53,45,1,50.0,1.0,29.7009,3.5714,1.6602,8.308,0
7647541.9,4,,53,45,1,50.0,1.0,29.6027,3.5714,1.6672,8.2643,0
7647578.1,4,,52,44,1,50.0,1.0,29.6009,3.5714,1.6674,8.2635,0
7649578.1,4,,52,44,1,50.0,1.0,29.5009,3.5714,1.6745,8.219,0
7649924.1,4,,52,44,1,50.0,1.0,29.4836,3.5714,1.6758,8.2113,0
7651578.1,4,,51,44,1,50.0,1.0,29.4009,3.5714,1.6817,8.1784,0
7653578.1,4,,51,44,1,50.0,1.0,29.3009,3.5714,1.6888,8.1386,0
7655578.1,4,,51,44,1,50.0,1.0,29.2009,3.5714,1.6959,8.0988,0
7657578.1,4,,51,44,1,50.0,1.0,29.1009,3.5714,1.7031,8.059,0
7659578.1,4,,51,44,1,50.0,1.0,29.0009,3.5714,1.7102,8.0192,0
7661578.1,4,,51,44,1,50.0,1.0,28.9009,3.5714,1.7174,7.9794,0
7662987.4,4,,51,44,1,50.0,1.0,28.8304,3.5714,1.7224,7.9513,0
7663578.1,4,,50,44,1,50.0,1.0,28.8009,3.5714,1.7245,7.9397,0
7665578.1,4,,50,44,1,50.0,1.0,28.7009,3.5714,1.7317,7.9005,0
7667578.1,4,,50,44,1,50.0,1.0,28.6009,3.5714,1.7388,7.8613,0
7668028.4,4,,50,44,1,50.0,1.0,28.5784,3.5714,1.7404,7.8524,0
7669578.1,4,,49,44,1,50.0,1.0,28.5009,3.5714,1.7459,7.8264,0
7671578.1,4,,49,44,1,50.0,1.0,28.4009,3.5714,1.7531,7.7927,0
7673578.1,4,,49,44,1,50.0,1.0,28.3009,3.5714,1.7602,7.759,0
7675578.1,4,,49,44,1,50.0,1.0,28.2009,3.5714,1.7674,7.7254,0
7677578.1,4,,49,44,1,50.0,1.0,28.1009,3.5714,1.7745,7.6917,0
7679578.1,4,,49,44,1,50.0,1.0,28.0009,3.5714,1.7817,7.658,0
7681578.1,4,,49,44,1,50.0,1.0,27.9009,3.5714,1.7888,7.6244,0
7683578.1,4,,49,44,1,50.0,1.0,27.8009,3.5714,1.7959,7.5907,0
7685578.1,4,,49,44,1,50.0,1.0,27.7009,3.5714,1.8031,7.5571,0
7687578.1,4,,49,44,1,50.0,1.0,27.6009,3.5714,1.8102,7.5234,0
7689578.1,4,,49,44,1,50.0,1.0,27.5009,3.5714,1.8174,7.4897,0
7691578.1,4,,49,44,1,50.0,1.0,27.4009,3.5714,1.8245,7.4561,0
7693578.1,4,,49,44,1,50.0,1.0,27.3009,3.5714,1.8317,7.4224,0
7694515.1,4,,49,44,1,50.0,1.0,27.254,3.5714,1.835,7.4066,0
7695578.1,4,,48,44,1,50.0,1.0,27.2009,3.8462,1.8391,7.389,0
7697578.1,4,,48,44,1,50.0,1.0,27.1009,3.8462,1.8468,7.3557,0
7699578.1,4,,48,44,1,50.0,1.0,27.0009,3.8462,1.8545,7.3225,0
7701578.1,4,,48,44,1,50.0,1.0,26.9009,3.8462,1.8622,7.2892,0
7703578.1,4,,48,44,1,50.0,1.0,26.8009,3.8462,1.8699,7.256,0
7705578.1,4,,48,44,1,50.0,1.0,26.7009,3.8462,1.8776,7.2227,0
7707578.1,4,,48,44,1,50.0,1.0,26.6009,3.8462,1.8853,7.1895,0
7709578.1,4,,48,44,1,50.0,1.0,26.5009,3.8462,1.8929,7.1562,0
7711578.1,4,,48,44,1,50.0,1.0,26.4009,3.8462,1.9006,7.123,0
7713248.3,4,,48,44,1,50.0,1.0,26.3174,3.8462,1.9071,7.0952,0
7713578.1,4,,47,44,1,50.0,1.0,26.3009,3.8462,1.9083,7.0908,0
7715578.1,4,,47,44,1,50.0,1.0,26.2009,3.8462,1.916,7.0643,0
7717578.1,4,,47,44,1,50.0,1.0,26.1009,3.8462,1.9237,7.0377,0
7719578.1,4,,47,44,1,50.0,1.0,26.0009,3.8462,1.9314,7.0111,0
7721578.1,4,,47,44,1,50.0,1.0,25.9009,3.8462,1.9391,6.9845,0
7722999.0,4,,47,44,1,50.0,1.0,25.8298,3.8462,1.9446,6.9657,0
7723578.1,4,,46,44,1,50.0,1.0,25.8009,3.8462,1.9468,6.9581,0
7725578.1,4,,46,44,1,50.0,1.0,25.7009,3.8462,1.9545,6.9321,0
7727578.1,4,,46,44,1,50.0,1.0,25.6009,3.8462,1.9622,6.9061,0
7729578.1,4,,46,44,1,50.0,1.0,25.5009,3.8462,1.9699,6.8801,0
7731578.1,4,,46,44,1,50.0,1.0,25.4009,3.8462,1.9776,6.8541,0
7733578.1,4,,46,44,1,50.0,1.0,25.3009,3.8462,1.9853,6.8281,0
7733918.6,4,,46,44,1,50.0,1.0,25.2838,3.8462,1.9866,6.8237,0
7735578.1,4,,45,44,1,50.0,1.0,25.2009,4.1667,1.9935,6.8025,0
7737578.1,4,,45,44,1,50.0,1.0,25.1009,4.1667,2.0018,6.777,0
7739578.1,4,,45,44,1,50.0,1.0,25.0009,4.1667,2.0101,6.7515,0
7741578.1,4,,45,44,1,50.0,1.0,24.9009,4.1667,2.0185,6.7259,0
7743578.1,4,,45,44,1,50.0,1.0,24.8009,4.1667,2.0268,6.7004,0
7745578.1,4,,45,44,1,50.0,1.0,24.7009,4.1667,2.0351,6.6749,0
7747578.1,4,,45,44,1,50.0,1.0,24.6009,4.1667,2.0435,6.6493,0
7749578.1,4,,45,44,1,50.0,1.0,24.5009,4.1667,2.0518,6.6238,0
7751226.8,4,,45,44,1,50.0,1.0,24.4184,4.1667,2.0587,6.6028,0
7751578.1,4,,44,43,1,50.0,1.0,24.4009,4.1667,2.0601,6.5983,0
7753578.1,4,,44,43,1,50.0,1.0,24.3009,4.1667,2.0685,6.5727,0
7755578.1,4,,44,43,1,50.0,1.0,24.2009,4.1667,2.0768,6.5472,0
7757578.1,4,,44,43,1,50.0,1.0,24.1009,4.1667,2.0851,6.5217,0
7759578.1,4,,44,43,1,50.0,1.0,24.0009,4.1667,2.0935,6.4961,0
7761578.1,4,,44,43,1,50.0,1.0,23.9009,4.1667,2.1018,6.4706,0
7763578.1,4,,44,43,1,50.0,1.0,23.8009,4.1667,2.1101,6.4451,0
7765578.1,4,,44,43,1,50.0,1.0,23.7009,4.1667,2.1185,6.4195,0
7767578.1,4,,44,43,1,50.0,1.0,23.6009,4.1667,2.1268,6.394,0
7769578.1,4,,44,43,1,50.0,1.0,23.5009,4.1667,2.1351,6.3685,0
7771578.1,4,,44,43,1,50.0,1.0,23.4009,4.1667,2.1435,6.3429,0
7773578.1,4,,44,43,1,50.0,1.0,23.3009,4.1667,2.1518,6.3174,0
7775578.1,4,,44,43,1,50.0,1.0,23.2009,4.1667,2.1601,6.2919,0
7777578.1,4,,44,43,1,50.0,1.0,23.1009,4.1667,2.1685,6.2664,0
7779578.1,4,,44,43,1,50.0,1.0,23.0009,4.1667,2.1768,6.2408,0
7781578.1,4,,44,43,1,50.0,1.0,22.9009,4.1667,2.1851,6.2153,0
7783578.1,4,,44,43,1,50.0,1.0,22.8009,4.1667,2.1935,6.1898,0
7785578.1,4,,44,43,1,50.0,1.0,22.7009,4.1667,2.2018,6.1642,0
7787578.1,4,,44,43,1,50.0,1.0,22.6009,4.1667,2.2101,6.1387,0
7789578.1,4,,44,43,1,50.0,1.0,22.5009,4.1667,2.2185,6.1132,0
7791578.1,4,,44,43,1,50.0,1.0,22.4009,4.1667,2.2268,6.0876,0
7793578.1,4,,44,43,1,50.0,1.0,22.3009,4.1667,2.2351,6.0621,0
7795578.1,4,,44,43,1,50.0,1.0,22.2009,4.1667,2.2435,6.0366,0
7797578.1,4,,44,43,1,50.0,1.0,22.1009,4.1667,2.2518,6.011,0
7799578.1,4,,44,43,1,50.0,1.0,22.0009,4.1667,2.2601,5.9855,0
7801578.1,4,,44,43,1,50.0,1.0,21.9009,4.1667,2.2685,5.96,0
7803578.1,4,,44,43,1,50.0,1.0,21.8009,4.1667,2.2768,5.9344,0
7805578.1,4,,44,43,1,50.0,1.0,21.7009,4.1667,2.2851,5.9089,0
7807578.1,4,,44,43,1,50.0,1.0,21.6009,4.1667,2.2935,5.8834,0
7809578.1,4,,44,43,1,50.0,1.0,21.5009,4.1667,2.3018,5.8578,0
7811578.1,4,,44,43,1,50.0,1.0,21.4009,4.1667,2.3101,5.8323,0
7813578.1,4,,44,43,1,50.0,1.0,21.3009,4.1667,2.3185,5.8068,0
7815578.1,4,,44,43,1,50.0,1.0,21.2009,4.1667,2.3268,5.7812,0
7817578.1,4,,44,43,1,50.0,1.0,21.1009,4.1667,2.3351,5.7557,0
7818902.4,4,,44,43,1,50.0,1.0,21.0347,4.1667,2.3407,5.7388,0
7819578.1,4,,43,42,1,50.0,1.0,21.0009,4.1667,2.3435,5.7302,0
7821578.1,4,,43,42,1,50.0,1.0,20.9009,4.1667,2.3518,5.7047,0
7823578.1,4,,43,42,1,50.0,1.0,20.8009,4.1667,2.3601,5.6791,0
7825578.1,4,,43,42,1,50.0,1.0,20.7009,4.1667,2.3685,5.6536,0
7827578.1,4,,43,42,1,50.0,1.0,20.6009,4.1667,2.3768,5.6281,0
7829578.1,4,,43,42,1,50.0,1.0,20.5009,4.1667,2.3851,5.6025,0
7831578.1,4,,43,42,1,50.0,1.0,20.4009,4.1667,2.3935,5.577,0
7831736.5,4,,43,42,1,50.0,1.0,20.393,4.1667,2.3941,5.575,0
7833578.1,4,,42,41,1,50.0,1.0,20.3009,4.1667,2.4018,5.5515,0
7835312.9,4,,42,41,1,50.0,1.0,20.2141,4.1667,2.409,5.5293,0
7835578.1,4,,41,40,1,50.0,1.0,20.2009,4.1667,2.4101,5.5259,0
7837137.8,4,,41,40,1,50.0,1.0,20.1229,4.1667,2.4166,5.506,0
7837578.1,4,,40,40,0,50.0,1.0,20.1009,0,0.0,5.5005,0
7839578.1,4,,40,40,0,50.0,1.0,20.0009,0,0.0,5.4755,0
7841578.1,4,,40,40,0,50.0,1.0,19.9009,0,0.0,5.4505,0
7843578.1,4,,40,40,0,50.0,1.0,19.8009,0,0.0,5.4255,0
7845104.5,4,,40,40,0,50.0,1.0,19.7246,0,0.0,5.4064,0
7845578.1,4,,39,39,0,50.0,1.0,19.7009,0,0.0,5.4005,0
7847578.1,4,,39,39,0,50.0,1.0,19.6009,0,0.0,5.3755,0
7849578.1,4,,39,39,0,50.0,1.0,19.5009,0,0.0,5.3505,0
7851578.1,4,,39,39,0,50.0,1.0,19.4009,0,0.0,5.3255,0
7853578.1,4,,39,39,0,50.0,1.0,19.3009,0,0.0,5.3005,0
7855578.1,4,,39,39,0,50.0,1.0,19.2009,0,0.0,5.2755,0
7857578.1,4,,39,39,0,50.0,1.0,19.1009,0,0.0,5.2505,0
7859578.1,4,,39,39,0,50.0,1.0,19.0009,0,0.0,5.2255,0
7861578.1,4,,39,39,0,50.0,1.0,18.9009,0,0.0,5.2005,0
7863578.1,4,,39,39,0,50.0,1.0,18.8009,0,0.0,5.1755,0
7864061.9,4,,39,39,0,50.0,1.0,18.7767,0,0.0,5.1695,0
7865578.1,4,,38,38,0,50.0,1.0,18.7009,0,0.0,5.1505,0
7867363.7,4,,38,38,0,50.0,1.0,18.6116,0,0.0,5.1282,0
7867578.1,4,,37,37,0,50.0,1.0,18.6009,0,0.0,5.1255,0
7869578.1,4,,37,37,0,50.0,1.0,18.5009,0,0.0,5.1005,0
7871574.9,4,,37,37,0,50.0,1.0,18.401,0,0.0,5.0756,0
7871578.1,4,,35,35,0,50.0,1.0,18.4009,0,0.0,5.0755,0
7871646.5,4,,35,35,0,50.0,1.0,18.3974,0,0.0,5.0747,0
7873578.1,4,,34,34,0,50.0,1.0,18.3009,0,0.0,5.0505,0
7875578.1,4,,34,34,0,50.0,1.0,18.2009,0,0.0,5.0255,0
7877169.1,4,,34,34,0,50.0,1.0,18.1213,0,0.0,5.0056,0
7877578.1,4,,33,33,0,50.0,1.0,18.1009,0,0.0,5.0005,0
7879578.1,4,,33,33,0,50.0,1.0,18.0009,0,0.0,4.9755,0
7881578.1,4,,33,33,0,50.0,1.0,17.9009,0,0.0,4.9505,0
7883578.1,4,,33,33,0,50.0,1.0,17.8009,0,0.0,4.9255,0
7885578.1,4,,33,33,0,50.0,1.0,17.7009,0,0.0,4.9005,0
7887578.1,4,,33,33,0,50.0,1.0,17.6009,0,0.0,4.8755,0
7888007.6,4,,33,33,0,50.0,1.0,17.5794,0,0.0,4.8701,0
7889578.1,4,,32,32,0,50.0,1.0,17.5009,0,0.0,4.8505,0
7891578.1,4,,32,32,0,50.0,1.0,17.4009,0,0.0,4.8255,0
7893578.1,4,,32,32,0,50.0,1.0,17.3009,0,0.0,4.8005,0
7895239.5,4,,32,32,0,50.0,1.0,17.2178,0,0.0,4.7797,0
7895578.1,4,,31,31,0,50.0,1.0,17.2009,0,0.0,4.7755,0
7897578.1,4,,31,31,0,50.0,1.0,17.1009,0,0.0,4.7505,0
7899578.1,4,,31,31,0,50.0,1.0,17.0009,0,0.0,4.7255,0
7901578.1,4,,31,31,0,50.0,1.0,16.9009,0,0.0,4.7005,0
7903578.1,4,,31,31,0,50.0,1.0,16.8009,0,0.0,4.6755,0
7904015.2,4,,31,31,0,50.0,1.0,16.779,0,0.0,4.67,0
7905578.1,4,,30,30,0,50.0,1.0,16.7009,0,0.0,4.6505,0
7907578.1,4,,30,30,0,50.0,1.0,16.6009,0,0.0,4.6255,0
7909578.1,4,,30,30,0,50.0,1.0,16.5009,0,0.0,4.6005,0
7911578.1,4,,30,30,0,50.0,1.0,16.4009,0,0.0,4.5755,0
7913578.1,4,,30,30,0,50.0,1.0,16.3009,0,0.0,4.5505,0
7915578.1,4,,30,30,0,50.0,1.0,16.2009,0,0.0,4.5255,0
7917578.1,4,,30,30,0,50.0,1.0,16.1009,0,0.0,4.5005,0
7919578.1,4,,30,30,0,50.0,1.0,16.0009,0,0.0,4.4755,0
7921578.1,4,,30,30,0,50.0,1.0,15.9009,0,0.0,4.4505,0
7922764.6,4,,30,30,0,50.0,1.0,15.8415,0,0.0,4.4357,0
7923578.1,4,,29,29,0,50.0,1.0,15.8009,0,0.0,4.4255,0
7924986.7,4,,29,29,0,50.0,1.0,15.7304,0,0.0,4.4079,0
7925578.1,4,,28,28,0,50.0,1.0,15.7009,0,0.0,4.4005,0
7927578.1,4,,28,28,0,50.0,1.0,15.6009,0,0.0,4.3755,0
7929578.1,4,,28,28,0,50.0,1.0,15.5009,0,0.0,4.3505,0
7931578.1,4,,28,28,0,50.0,1.0,15.4009,0,0.0,4.3255,0
7933578.1,4,,28,28,0,50.0,1.0,15.3009,0,0.0,4.3005,0
7935578.1,4,,28,28,0,50.0,1.0,15.2009,0,0.0,4.2755,0
7937578.1,4,,28,28,0,50.0,1.0,15.1009,0,0.0,4.2505,0
7939578.1,4,,28,28,0,50.0,1.0,15.0009,0,0.0,4.2255,0
7941578.1,4,,28,28,0,50.0,1.0,14.9009,0,0.0,4.2005,0
7943578.1,4,,28,28,0,50.0,1.0,14.8009,0,0.0,4.1755,0
7945578.1,4,,28,28,0,50.0,1.0,14.7009,0,0.0,4.1505,0
7947578.1,4,,28,28,0,50.0,1.0,14.6009,0,0.0,4.1255,0
7947924.3,4,,28,28,0,50.0,1.0,14.5836,0,0.0,4.1212,0
7949578.1,4,,27,27,0,50.0,1.0,14.5009,0,0.0,4.1005,0
7951578.1,4,,27,27,0,50.0,1.0,14.4009,0,0.0,4.0755,0
7953578.1,4,,27,27,0,50.0,1.0,14.3009,0,0.0,4.0505,0
7955578.1,4,,27,27,0,50.0,1.0,14.2009,0,0.0,4.0255,0
7957578.1,4,,27,27,0,50.0,1.0,14.1009,0,0.0,4.0005,0
7958786.4,4,,27,27,0,50.0,1.0,14.0405,0,0.0,3.9854,0
7959578.1,4,,26,26,0,50.0,1.0,14.0009,0,0.0,3.9755,0
7961578.1,4,,26,26,0,50.0,1.0,13.9009,0,0.0,3.9505,0
7963578.1,4,,26,26,0,50.0,1.0,13.8009,0,0.0,3.9255,0
7965578.1,4,,26,26,0,50.0,1.0,13.7009,0,0.0,3.9005,0
7967578.1,4,,26,26,0,50.0,1.0,13.6009,0,0.0,3.8755,0
7969578.1,4,,26,26,0,50.0,1.0,13.5009,0,0.0,3.8505,0
7971578.1,4,,26,26,0,50.0,1.0,13.4009,0,0.0,3.8255,0
7973578.1,4,,26,26,0,50.0,1.0,13.3009,0,0.0,3.8005,0
7975578.1,4,,26,26,0,50.0,1.0,13.2009,0,0.0,3.7755,0
7977578.1,4,,26,26,0,50.0,1.0,13.1009,0,0.0,3.7505,0
7979578.1,4,,26,26,0,50.0,1.0,13.0009,0,0.0,3.7255,0
7981578.1,4,,26,26,0,50.0,1.0,12.9009,0,0.0,3.7005,0
7983313.8,4,,26,26,0,50.0,1.0,12.8141,0,0.0,3.6788,0
7983578.1,4,,25,25,0,50.0,1.0,12.8009,0,0.0,3.6755,0
7985578.1,4,,25,25,0,50.0,1.0,12.7009,0,0.0,3.6505,0
7987578.1,4,,25,25,0,50.0,1.0,12.6009,0,0.0,3.6255,0
7989578.1,4,,25,25,0,50.0,1.0,12.5009,0,0.0,3.6005,0
7991578.1,4,,25,25,0,50.0,1.0,12.4009,0,0.0,3.5755,0
7993578.1,4,,25,25,0,50.0,1.0,12.3009,0,0.0,3.5505,0
7995578.1,4,,25,25,0,50.0,1.0,12.2009,0,0.0,3.5255,0
7997578.1,4,,25,25,0,50.0,1.0,12.1009,0,0.0,3.5005,0
7999578.1,4,,25,25,0,50.0,1.0,12.0009,0,0.0,3.4755,0
8001578.1,4,,25,25,0,50.0,1.0,11.9009,0,0.0,3.4505,0
8003325.9,4,,25,25,0,50.0,1.0,11.8135,0,0.0,3.4287,0
8003578.1,4,,24,24,0,50.0,1.0,11.8009,0,0.0,3.4255,0
8005578.1,4,,24,24,0,50.0,1.0,11.7009,0,0.0,3.4005,0
8007258.1,4,,24,24,0,50.0,1.0,11.6169,0,0.0,3.3795,0
8007578.1,4,,23,23,0,50.0,1.0,11.6009,0,0.0,3.3755,0
8009578.1,4,,23,23,0,50.0,1.0,11.5009,0,0.0,3.3505,0
8011578.1,4,,23,23,0,50.0,1.0,11.4009,0,0.0,3.3255,0
8013578.1,4,,23,23,0,50.0,1.0,11.3009,0,0.0,3.3005,0
8015578.1,4,,23,23,0,50.0,1.0,11.2009,0,0.0,3.2755,0
8017578.1,4,,23,23,0,50.0,1.0,11.1009,0,0.0,3.2505,0
8019578.1,4,,23,23,0,50.0,1.0,11.0009,0,0.0,3.2255,0
8021578.1,4,,23,23,0,50.0,1.0,10.9009,0,0.0,3.2005,0
8023578.1,4,,23,23,0,50.0,1.0,10.8009,0,0.0,3.1755,0
8025578.1,4,,23,23,0,50.0,1.0,10.7009,0,0.0,3.1505,0
8027578.1,4,,23,23,0,50.0,1.0,10.6009,0,0.0,3.1255,0
8029578.1,4,,23,23,0,50.0,1.0,10.5009,0,0.0,3.1005,0
8031578.1,4,,23,23,0,50.0,1.0,10.4009,0,0.0,3.0755,0
8033578.1,4,,23,23,0,50.0,1.0,10.3009,0,0.0,3.0505,0
8035578.1,4,,23,23,0,50.0,1.0,10.2009,0,0.0,3.0255,0
8037578.1,4,,23,23,0,50.0,1.0,10.1009,0,0.0,3.0005,0
8039578.1,4,,23,23,0,50.0,1.0,10.0009,0,0.0,2.9755,0
8041578.1,4,,23,23,0,50.0,1.0,9.9009,0,0.0,2.9505,0
8043578.1,4,,23,23,0,50.0,1.0,9.8009,0,0.0,2.9255,0
8045578.1,4,,23,23,0,50.0,1.0,9.7009,0,0.0,2.9005,0
8046627.7,4,,23,23,0,50.0,1.0,9.6484,0,0.0,2.8874,0
8047578.1,4,,22,22,0,50.0,1.0,9.6009,0,0.0,2.8755,0
8049578.1,4,,22,22,0,50.0,1.0,9.5009,0,0.0,2.8505,0
8051578.1,4,,22,22,0,50.0,1.0,9.4009,0,0.0,2.8255,0
8053578.1,4,,22,22,0,50.0,1.0,9.3009,0,0.0,2.8005,0
8055578.1,4,,22,22,0,50.0,1.0,9.2009,0,0.0,2.7755,0
8057578.1,4,,22,22,0,50.0,1.0,9.1009,0,0.0,2.7505,0
8059578.1,4,,22,22,0,50.0,1.0,9.0009,0,0.0,2.7255,0
8061578.1,4,,22,22,0,50.0,1.0,8.9009,0,0.0,2.7005,0
8063578.1,4,,22,22,0,50.0,1.0,8.8009,0,0.0,2.6755,0
8065578.1,4,,22,22,0,50.0,1.0,8.7009,0,0.0,2.6505,0
8067578.1,4,,22,22,0,50.0,1.0,8.6009,0,0.0,2.6255,0
8069578.1,4,,22,22,0,50.0,1.0,8.5009,0,0.0,2.6005,0
8071578.1,4,,22,22,0,50.0,1.0,8.4009,0,0.0,2.5755,0
8073474.4,4,,22,22,0,50.0,1.0,8.3061,0,0.0,2.5518,0
8073578.1,4,,21,21,0,50.0,1.0,8.3009,0,0.0,2.5505,0
8075578.1,4,,21,21,0,50.0,1.0,8.2009,0,0.0,2.5255,0
8077578.1,4,,21,21,0,50.0,1.0,8.1009,0,0.0,2.5005,0
8079578.1,4,,21,21,0,50.0,1.0,8.0009,0,0.0,2.4755,0
8081578.1,4,,21,21,0,50.0,1.0,7.9009,0,0.0,2.4505,0
8083578.1,4,,21,21,0,50.0,1.0,7.8009,0,0.0,2.4255,0
8085578.1,4,,21,21,0,50.0,1.0,7.7009,0,0.0,2.4005,0
8086533.0,4,,21,21,0,50.0,1.0,7.6531,0,0.0,2.3886,0
8087578.1,4,,20,20,0,50.0,1.0,7.6009,0,0.0,2.3755,0
8089578.1,4,,20,20,0,50.0,1.0,7.5009,0,0.0,2.3505,0
8091578.1,4,,20,20,0,50.0,1.0,7.4009,0,0.0,2.3255,0
8093578.1,4,,20,20,0,50.0,1.0,7.3009,0,0.0,2.3005,0
8095578.1,4,,20,20,0,50.0,1.0,7.2009,0,0.0,2.2755,0
8097578.1,4,,20,20,0,50.0,1.0,7.1009,0,0.0,2.2505,0
8099578.1,4,,20,20,0,50.0,1.0,7.0009,0,0.0,2.2255,0
8101578.1,4,,20,20,0,50.0,1.0,6.9009,0,0.0,2.2005,0
8102285.3,4,,20,20,0,50.0,1.0,6.8655,0,0.0,2.1917,0
8103578.1,4,,19,19,0,50.0,1.0,6.8009,0,0.0,2.1755,0
8103596.0,4,,19,19,0,50.0,1.0,6.8,0,0.0,2.1753,0
8105578.1,4,,18,18,0,50.0,1.0,6.7009,0,0.0,2.1494,0
8107578.1,4,,18,18,0,50.0,1.0,6.6009,0,0.0,2.1233,0
8109578.1,4,,18,18,0,50.0,1.0,6.5009,0,0.0,2.0973,0
8111578.1,4,,18,18,0,50.0,1.0,6.4009,0,0.0,2.0712,0
8113578.1,4,,18,18,0,50.0,1.0,6.3009,0,0.0,2.0451,0
8114878.3,4,,18,18,0,50.0,1.0,6.2359,0,0.0,2.0281,0
8115578.1,4,,17,17,0,50.0,1.0,6.2009,0,0.0,2.0186,0
8116124.4,4,,17,17,0,50.0,1.0,6.1736,0,0.0,2.0111,0
8117578.1,4,,16,16,0,50.0,1.0,6.1009,0,0.0,1.9913,0
8119578.1,4,,16,16,0,50.0,1.0,6.0009,0,0.0,1.964,0
8121578.1,4,,16,16,0,50.0,1.0,5.9009,0,0.0,1.9368,0
8122988.3,4,,16,16,0,50.0,1.0,5.8304,0,0.0,1.9175,0
8123578.1,4,,15,15,0,50.0,1.0,5.8009,0,0.0,1.9087,0
8125578.1,4,,15,15,0,50.0,1.0,5.7009,0,0.0,1.8787,0
8127578.1,4,,15,15,0,50.0,1.0,5.6009,0,0.0,1.8487,0
8127671.0,4,,15,15,0,50.0,1.0,5.5962,0,0.0,1.8473,0
8129578.1,4,,14,14,0,50.0,1.0,5.5009,0,0.0,1.8187,0
8130947.8,4,,14,14,0,50.0,1.0,5.4324,0,0.0,1.7981,0
8131578.1,4,,13,13,0,50.0,1.0,5.4009,0,0.0,1.7899,0
8133300.8,4,,13,13,0,50.0,1.0,5.3147,0,0.0,1.7672,0
8133578.1,4,,12,12,0,50.0,1.0,5.3009,0,0.0,1.7635,0
8134338.4,4,,12,12,0,50.0,1.0,5.2629,0,0.0,1.7535,0
8135578.1,4,,11,11,0,50.0,1.0,5.2009,0,0.0,1.7365,0
8137578.1,4,,11,11,0,50.0,1.0,5.1009,0,0.0,1.709,0
8139004.0,4,,11,11,0,50.0,1.0,5.0296,0,0.0,1.6894,0
8139017.3,4,,10,10,0,50.0,1.0,5.0289,0,0.0,1.6892,0
8139578.1,4,,9,9,0,50.0,1.0,5.0009,0,0.0,1.6795,0
8141578.1,4,,9,9,0,50.0,1.0,4.9009,0,0.0,1.6452,0
8143578.1,4,,9,9,0,50.0,1.0,4.8009,0,0.0,1.6108,0
8145578.1,4,,9,9,0,50.0,1.0,4.7009,0,0.0,1.5764,0
8147578.1,4,,9,9,0,50.0,1.0,4.6009,0,0.0,1.542,0
8149578.1,4,,9,9,0,50.0,1.0,4.5009,0,0.0,1.5077,0
8151578.1,4,,9,9,0,50.0,1.0,4.4009,0,0.0,1.4733,0
8152312.4,4,,9,9,0,50.0,1.0,4.3642,0,0.0,1.4607,0
8153578.1,4,,8,8,0,50.0,1.0,4.3009,0,0.0,1.4358,0
8155578.1,4,,8,8,0,50.0,1.0,4.2009,0,0.0,1.3965,0
8157578.1,4,,8,8,0,50.0,1.0,4.1009,0,0.0,1.3572,0
8159578.1,4,,8,8,0,50.0,1.0,4.0009,0,0.0,1.3179,0
8161578.1,4,,8,8,0,50.0,1.0,3.9009,0,0.0,1.2787,0
8162480.9,4,,8,8,0,50.0,1.0,3.8557,0,0.0,1.2609,0
8163578.1,4,,7,7,0,50.0,1.0,3.8009,0,0.0,1.2449,0
8165578.1,4,,7,7,0,50.0,1.0,3.7009,0,0.0,1.2158,0
8167578.1,4,,7,7,0,50.0,1.0,3.6009,0,0.0,1.1866,0
8169578.1,4,,7,7,0,50.0,1.0,3.5009,0,0.0,1.1574,0
8171578.1,4,,7,7,0,50.0,1.0,3.4009,0,0.0,1.1283,0
8173578.1,4,,7,7,0,50.0,1.0,3.3009,0,0.0,1.0991,0
8175578.1,4,,7,7,0,50.0,1.0,3.2009,0,0.0,1.0699,0
8177578.1,4,,7,7,0,50.0,1.0,3.1009,0,0.0,1.0408,0
8179578.1,4,,7,7,0,50.0,1.0,3.0009,0,0.0,1.0116,0
8181578.1,4,,7,7,0,50.0,1.0,2.9009,0,0.0,0.9824,0
8183578.1,4,,7,7,0,50.0,1.0,2.8009,0,0.0,0.9533,0
8185578.1,4,,7,7,0,50.0,1.0,2.7009,0,0.0,0.9241,0
8187578.1,4,,7,7,0,50.0,1.0,2.6009,0,0.0,0.8949,0
8189578.1,4,,7,7,0,50.0,1.0,2.5009,0,0.0,0.8658,0
8191578.1,4,,7,7,0,50.0,1.0,2.4009,0,0.0,0.8366,0
8193578.1,4,,7,7,0,50.0,1.0,2.3009,0,0.0,0.8074,0
8195578.1,4,,7,7,0,50.0,1.0,2.2009,0,0.0,0.7783,0
8197578.1,4,,7,7,0,50.0,1.0,2.1009,0,0.0,0.7491,0
8199578.1,4,,7,7,0,50.0,1.0,2.0009,0,0.0,0.7199,0
8201578.1,4,,7,7,0,50.0,1.0,1.9009,0,0.0,0.6908,0
8203578.1,4,,7,7,0,50.0,1.0,1.8009,0,0.0,0.6616,0
8205578.1,4,,7,7,0,50.0,1.0,1.7009,0,0.0,0.6324,0
8207316.7,4,,7,7,0,50.0,1.0,1.6139,0,0.0,0.6071,0
8207578.1,4,,6,6,0,50.0,1.0,1.6009,0,0.0,0.6022,0
8209578.1,4,,6,6,0,50.0,1.0,1.5009,0,0.0,0.5647,0
8211578.1,4,,6,6,0,50.0,1.0,1.4009,0,0.0,0.5272,0
8213578.1,4,,6,6,0,50.0,1.0,1.3009,0,0.0,0.4897,0
8215578.1,4,,6,6,0,50.0,1.0,1.2009,0,0.0,0.4522,0
8217578.1,4,,6,6,0,50.0,1.0,1.1009,0,0.0,0.4147,0
8219578.1,4,,6,6,0,50.0,1.0,1.0009,0,0.0,0.3772,0
8220323.0,4,,6,6,0,50.0,1.0,0.9636,0,0.0,0.3632,0
8220902.2,4,,5,5,0,50.0,1.0,0.9347,0,0.0,0.3584,0
8221578.1,4,,4,4,0,50.0,1.0,0.9009,0,0.0,0.3499,0
8223578.1,4,,4,4,0,50.0,1.0,0.8009,0,0.0,0.3249,0
8225578.1,4,,4,4,0,50.0,1.0,0.7009,0,0.0,0.2999,0
8227578.1,4,,4,4,0,50.0,1.0,0.6009,0,0.0,0.2749,0
8227611.6,4,,4,4,0,50.0,1.0,0.5992,0,0.0,0.2745,0
8229578.1,4,,3,3,0,50.0,1.0,0.5009,0,0.0,0.2417,0
8231578.1,4,,3,3,0,50.0,1.0,0.4009,0,0.0,0.2084,0
8233578.1,4,,3,3,0,50.0,1.0,0.3009,0,0.0,0.1751,0
8233580.3,4,,3,3,0,50.0,1.0,0.3008,0,0.0,0.175,0
8235578.1,4,,2,2,0,50.0,1.0,0.2009,0,0.0,0.1251,0
8237578.1,4,,2,2,0,50.0,1.0,0.1009,0,0.0,0.0751,0
8238609.4,4,,2,2,0,50.0,1.0,0.0493,0,0.0,0.0493,0
8239578.1,4,,1,1,0,50.0,1.0,0.0009,0,0.0,0.0009,0
8239595.5,4,,1,1,0,50.0,1.0,0.0,0,0.0,0.0,0
8241578.1,5,,124,56,8,50.0,1.0,66.6862,12.9032,0.0256,8.9822,0
8243578.1,5,,124,56,8,50.0,1.0,66.5862,12.9032,0.0514,8.9736,0
8245578.1,5,,124,56,8,50.0,1.0,66.4862,12.9032,0.0772,8.965,0
8247578.1,5,,124,56,8,50.0,1.0,66.3862,12.9032,0.103,8.9565,0
8249578.1,5,,124,56,8,50.0,1.0,66.2862,12.9032,0.1288,8.9479,0
8251578.1,5,,124,56,8,50.0,1.0,66.1862,12.9032,0.1546,8.9397,0
8253578.1,5,,124,56,8,50.0,1.0,66.0862,12.9032,0.1804,8.9326,0
8255578.1,5,,124,56,8,50.0,1.0,65.9862,12.9032,0.2062,8.9254,0
8257578.1,5,,124,56,8,50.0,1.0,65.8862,12.9032,0.232,8.9183,0
8259578.1,5,,124,56,8,50.0,1.0,65.7862,12.9032,0.2578,8.9112,0
8261578.1,5,,124,56,8,50.0,1.0,65.6862,12.9032,0.2836,8.904,0
8263578.1,5,,124,56,8,50.0,1.0,65.5862,12.9032,0.3095,8.8969,0
8265578.1,5,,124,56,8,50.0,1.0,65.4862,12.9032,0.3353,8.8897,0
8267578.1,5,,124,56,8,50.0,1.0,65.3862,12.9032,0.3611,8.8826,0
8269578.1,5,,124,56,8,50.0,1.0,65.2862,12.9032,0.3869,8.8754,0
8271578.1,5,,124,56,8,50.0,1.0,65.1862,12.9032,0.4127,8.8683,0
8273578.1,5,,124,56,8,50.0,1.0,65.0862,12.9032,0.4385,8.8612,0
8275578.1,5,,124,56,8,50.0,1.0,64.9862,12.9032,0.4643,8.854,0
8276841.8,5,,124,56,8,50.0,1.0,64.923,12.9032,0.4806,8.8495,0
8277124.0,5,,123,56,8,50.0,1.0,64.9089,13.0108,0.4843,8.8485,0
8277578.1,5,,122,56,8,50.0,1.0,64.8862,13.1183,0.4902,8.8469,0
8279578.1,5,,122,56,8,50.0,1.0,64.7862,13.1183,0.5165,8.8397,0
8281578.1,5,,122,56,8,50.0,1.0,64.6862,13.1183,0.5427,8.8326,0
8282485.2,5,,122,56,8,50.0,1.0,64.6408,13.1183,0.5546,8.8294,0
8283578.1,5,,121,56,8,50.0,1.0,64.5862,13.2258,0.5691,8.8254,0
8285578.1,5,,121,56,8,50.0,1.0,64.4862,13.2258,0.5955,8.8183,0
8287578.1,5,,121,56,8,50.0,1.0,64.3862,13.2258,0.622,8.8112,0
8289578.1,5,,121,56,8,50.0,1.0,64.2862,13.2258,0.6484,8.804,0
8291578.1,5,,121,56,8,50.0,1.0,64.1862,13.2258,0.6749,8.7969,0
8293578.1,5,,121,56,8,50.0,1.0,64.0862,13.2258,0.7013,8.7897,0
8295578.1,5,,121,56,8,50.0,1.0,63.9862,13.2258,0.7278,8.7826,0
8297578.1,5,,121,56,8,50.0,1.0,63.8862,13.2258,0.7542,8.7754,0
8299578.1,5,,121,56,8,50.0,1.0,63.7862,13.2258,0.7807,8.7683,0
8301578.1,5,,121,56,8,50.0,1.0,63.6862,13.2258,0.8071,8.7612,0
8303578.1,5,,121,56,8,50.0,1.0,63.5862,13.2258,0.8336,8.754,0
8305578.1,5,,121,56,8,50.0,1.0,63.4862,13.2258,0.86,8.7469,0
8307578.1,5,,121,56,8,50.0,1.0,63.3862,13.2258,0.8865,8.7397,0
8308799.7,5,,121,56,8,50.0,1.0,63.3251,13.2258,0.9026,8.7354,0
8309578.1,5,,120,56,8,50.0,1.0,63.2862,13.3407,0.913,8.7326,0
8311157.2,5,,120,56,8,50.0,1.0,63.2072,13.3407,0.9341,8.727,0
8311578.1,5,,119,56,8,50.0,1.0,63.1862,13.4557,0.9397,8.7254,0
8313578.1,5,,119,56,8,50.0,1.0,63.0862,13.4557,0.9667,8.7183,0
8314088.1,5,,119,56,8,50.0,1.0,63.0607,13.4557,0.9735,8.7165,0
8315578.1,5,,118,56,8,50.0,1.0,62.9862,13.5632,0.9937,8.7112,0
8317578.1,5,,118,56,8,50.0,1.0,62.8862,13.5632,1.0209,8.704,0
8319167.1,5,,118,56,8,50.0,1.0,62.8067,13.5632,1.0424,8.6983,0
8319578.1,5,,117,56,8,50.0,1.0,62.7862,13.6782,1.048,8.6969,0
8321578.1,5,,117,56,8,50.0,1.0,62.6862,13.6782,1.0754,8.6897,0
8323578.1,5,,117,56,8,50.0,1.0,62.5862,13.6782,1.1027,8.6826,0
8325578.1,5,,117,56,8,50.0,1.0,62.4862,13.6782,1.1301,8.6754,0
8327578.1,5,,117,56,8,50.0,1.0,62.3862,13.6782,1.1575,8.6683,0
8328405.9,5,,117,56,8,50.0,1.0,62.3448,13.6782,1.1688,8.6653,0
8328560.6,5,,116,56,8,50.0,1.0,62.337,13.8013,1.1709,8.6648,0
8329578.1,5,,115,56,8,50.0,1.0,62.2862,13.9163,1.1851,8.6612,0
8331578.1,5,,115,56,8,50.0,1.0,62.1862,13.9163,1.2129,8.654,0
8333578.1,5,,115,56,8,50.0,1.0,62.0862,13.9163,1.2407,8.6469,0
8335578.1,5,,115,56,8,50.0,1.0,61.9862,13.9163,1.2686,8.6397,0
8336779.9,5,,115,56,8,50.0,1.0,61.9261,13.9163,1.2853,8.6354,0
8337535.4,5,,114,56,8,50.0,1.0,61.8883,14.0394,1.2959,8.6327,0
8337578.1,5,,113,56,8,50.0,1.0,61.8862,14.1626,1.2965,8.6326,0
8339578.1,5,,113,56,8,50.0,1.0,61.7862,14.1626,1.3248,8.6254,0
8339874.7,5,,113,56,8,50.0,1.0,61.7713,14.1626,1.329,8.6244,0
8341578.1,5,,112,56,8,50.0,1.0,61.6862,14.2948,1.3534,8.6183,0
8342832.9,5,,112,56,8,50.0,1.0,61.6234,14.2948,1.3713,8.6138,0
8343561.1,5,,111,56,8,50.0,1.0,61.587,14.418,1.3818,8.6112,0
8343578.1,5,,110,56,8,50.0,1.0,61.5862,14.5604,1.3821,8.6112,0
8343661.2,5,,110,56,8,50.0,1.0,61.582,14.5604,1.3833,8.6109,0
8344926.4,5,,109,56,8,50.0,1.0,61.5187,14.6927,1.4019,8.6063,0
8345578.1,5,,108,56,8,50.0,1.0,61.4862,14.825,1.4115,8.604,0
8347578.1,5,,108,56,8,50.0,1.0,61.3862,14.825,1.4412,8.5969,0
8349067.9,5,,108,56,8,50.0,1.0,61.3117,14.825,1.4633,8.5916,0
8349578.1,5,,107,56,8,50.0,1.0,61.2862,14.9674,1.4709,8.5897,0
8350578.9,5,,107,56,8,50.0,1.0,61.2361,14.9674,1.4859,8.5862,0
8351578.1,5,,106,56,8,50.0,1.0,61.1862,15.1099,1.501,8.5826,0
8353027.4,5,,106,56,8,50.0,1.0,61.1137,15.1099,1.5229,8.5774,0
8353578.1,5,,105,56,8,50.0,1.0,61.0862,15.2422,1.5313,8.5754,0
8353892.1,5,,105,56,8,50.0,1.0,61.0704,15.2422,1.5361,8.5743,0
8355457.7,5,,104,56,8,50.0,1.0,60.9922,15.396,1.5602,8.5687,0
8355578.1,5,,103,56,8,50.0,1.0,60.9862,15.5499,1.562,8.5683,0
8357578.1,5,,103,56,8,50.0,1.0,60.8862,15.5499,1.5931,8.5612,0
8357960.8,5,,103,56,8,50.0,1.0,60.867,15.5499,1.5991,8.5598,0
8359578.1,5,,102,56,8,50.0,1.0,60.7862,15.7165,1.6245,8.554,0
8359908.7,5,,102,56,8,50.0,1.0,60.7696,15.7165,1.6297,8.5528,0
8360263.7,5,,101,56,8,50.0,1.0,60.7519,15.859,1.6353,8.5516,0
8361578.1,5,,100,56,8,50.0,1.0,60.6862,16.0256,1.6564,8.5469,0
8363578.1,5,,100,56,8,50.0,1.0,60.5862,16.0256,1.6884,8.5397,0
8364387.0,5,,100,56,8,50.0,1.0,60.5457,16.0256,1.7014,8.5368,0
8365578.1,5,,99,56,8,50.0,1.0,60.4862,16.1795,1.7207,8.5326,0
8367578.1,5,,99,56,8,50.0,1.0,60.3862,16.1795,1.753,8.5254,0
8369578.1,5,,99,56,8,50.0,1.0,60.2862,16.1795,1.7854,8.5183,0
8369848.3,5,,99,56,8,50.0,1.0,60.2726,16.1795,1.7898,8.5173,0
8371578.1,5,,98,56,8,50.0,1.0,60.1862,16.3462,1.818,8.5112,0
8371741.6,5,,98,56,8,50.0,1.0,60.178,16.3462,1.8207,8.5106,0
8373578.1,5,,97,56,8,50.0,1.0,60.0862,16.5,1.851,8.504,0
8375578.1,5,,97,56,8,50.0,1.0,59.9862,16.5,1.884,8.4969,0
8376975.4,5,,97,56,8,50.0,1.0,59.9163,16.5,1.9071,8.4919,0
8377578.1,5,,96,56,8,50.0,1.0,59.8862,16.6667,1.9171,8.4897,0
8379578.1,5,,96,56,8,50.0,1.0,59.7862,16.6667,1.9504,8.4826,0
8381578.1,5,,96,56,8,50.0,1.0,59.6862,16.6667,1.9838,8.4754,0
8383578.1,5,,96,56,8,50.0,1.0,59.5862,16.6667,2.0171,8.4683,0
8385578.1,5,,96,56,8,50.0,1.0,59.4862,16.6667,2.0504,8.4612,0
8387578.1,5,,96,56,8,50.0,1.0,59.3862,16.6667,2.0838,8.454,0
8389578.1,5,,96,56,8,50.0,1.0,59.2862,16.6667,2.1171,8.4469,0
8391578.1,5,,96,56,8,50.0,1.0,59.1862,16.6667,2.1504,8.4397,0
8393578.1,5,,96,56,8,50.0,1.0,59.0862,16.6667,2.1838,8.4326,0
8395578.1,5,,96,56,8,50.0,1.0,58.9862,16.6667,2.2171,8.4254,0
8397578.1,5,,96,56,8,50.0,1.0,58.8862,16.6667,2.2504,8.4183,0
8399578.1,5,,96,56,8,50.0,1.0,58.7862,16.6667,2.2838,8.4112,0
8401578.1,5,,96,56,8,50.0,1.0,58.6862,16.6667,2.3171,8.404,0
8403578.1,5,,96,56,8,50.0,1.0,58.5862,16.6667,2.3504,8.3969,0
8405578.1,5,,96,56,8,50.0,1.0,58.4862,16.6667,2.3838,8.3897,0
8407578.1,5,,96,56,8,50.0,1.0,58.3862,16.6667,2.4171,8.3826,0
8409578.1,5,,96,56,8,50.0,1.0,58.2862,16.6667,2.4504,8.3754,0
8411578.1,5,,96,56,8,50.0,1.0,58.1862,16.6667,2.4838,8.3683,0
8413578.1,5,,96,56,8,50.0,1.0,58.0862,16.6667,2.5171,8.3612,0
8415578.1,5,,96,56,8,50.0,1.0,57.9862,16.6667,2.5504,8.354,0
8417578.1,5,,96,56,8,50.0,1.0,57.8862,16.6667,2.5838,8.3469,0
8419578.1,5,,96,56,8,50.0,1.0,57.7862,16.6667,2.6171,8.3397,0
8421578.1,5,,96,56,8,50.0,1.0,57.6862,16.6667,2.6504,8.3326,0
8423578.1,5,,96,56,8,50.0,1.0,57.5862,16.6667,2.6838,8.3254,0
8425578.1,5,,96,56,8,50.0,1.0,57.4862,16.6667,2.7171,8.3183,0
8427578.1,5,,96,56,8,50.0,1.0,57.3862,16.6667,2.7504,8.3112,0
8429578.1,5,,96,56,8,50.0,1.0,57.2862,16.6667,2.7838,8.304,0
8431578.1,5,,96,56,8,50.0,1.0,57.1862,16.6667,2.8171,8.2969,0
8433578.1,5,,96,56,8,50.0,1.0,57.0862,16.6667,2.8504,8.2897,0
8435578.1,5,,96,56,8,50.0,1.0,56.9862,16.6667,2.8838,8.2826,0
8437578.1,5,,96,56,8,50.0,1.0,56.8862,16.6667,2.9171,8.2754,0
8439578.1,5,,96,56,8,50.0,1.0,56.7862,16.6667,2.9504,8.2683,0
8441578.1,5,,96,56,8,50.0,1.0,56.6862,16.6667,2.9838,8.2612,0
8443578.1,5,,96,56,8,50.0,1.0,56.5862,16.6667,3.0171,8.254,0
8445578.1,5,,96,56,8,50.0,1.0,56.4862,16.6667,3.0504,8.2469,0
8447578.1,5,,96,56,8,50.0,1.0,56.3862,16.6667,3.0838,8.2397,0
8449578.1,5,,96,56,8,50.0,1.0,56.2862,16.6667,3.1171,8.2326,0
8451578.1,5,,96,56,8,50.0,1.0,56.1862,16.6667,3.1504,8.2254,0
8453578.1,5,,96,56,8,50.0,1.0,56.0862,16.6667,3.1838,8.2183,0
8455578.1,5,,96,56,8,50.0,1.0,55.9862,16.6667,3.2171,8.2112,0
8457578.1,5,,96,56,8,50.0,1.0,55.8862,16.6667,3.2504,8.204,0
8459578.1,5,,96,56,8,50.0,1.0,55.7862,16.6667,3.2838,8.1969,0
8461578.1,5,,96,56,8,50.0,1.0,55.6862,16.6667,3.3171,8.1897,0
8463578.1,5,,96,56,8,50.0,1.0,55.5862,16.6667,3.3504,8.1826,0
8465578.1,5,,96,56,8,50.0,1.0,55.4862,16.6667,3.3838,8.1754,0
8467578.1,5,,96,56,8,50.0,1.0,55.3862,16.6667,3.4171,8.1683,0
8469578.1,5,,96,56,8,50.0,1.0,55.2862,16.6667,3.4504,8.1612,0
8471578.1,5,,96,56,8,50.0,1.0,55.1862,16.6667,3.4838,8.154,0
8473578.1,5,,96,56,8,50.0,1.0,55.0862,16.6667,3.5171,8.1469,0
8475578.1,5,,96,56,8,50.0,1.0,54.9862,16.6667,3.5504,8.1397,0
8477578.1,5,,96,56,8,50.0,1.0,54.8862,16.6667,3.5838,8.1326,0
8479578.1,5,,96,56,8,50.0,1.0,54.7862,16.6667,3.6171,8.1254,0
8481578.1,5,,96,56,8,50.0,1.0,54.6862,16.6667,3.6504,8.1183,0
8483578.1,5,,96,56,8,50.0,1.0,54.5862,16.6667,3.6838,8.1112,0
8485578.1,5,,96,56,8,50.0,1.0,54.4862,16.6667,3.7171,8.104,0
8487578.1,5,,96,56,8,50.0,1.0,54.3862,16.6667,3.7504,8.0969,0
8489578.1,5,,96,56,8,50.0,1.0,54.2862,16.6667,3.7838,8.0897,0
8491578.1,5,,96,56,8,50.0,1.0,54.1862,16.6667,3.8171,8.0826,0
8493578.1,5,,96,56,8,50.0,1.0,54.0862,16.6667,3.8504,8.0754,0
8495578.1,5,,96,56,8,50.0,1.0,53.9862,16.6667,3.8838,8.0683,0
8497578.1,5,,96,56,8,50.0,1.0,53.8862,16.6667,3.9171,8.0612,0
8499578.1,5,,96,56,8,50.0,1.0,53.7862,16.6667,3.9504,8.054,0
8501578.1,5,,96,56,8,50.0,1.0,53.6862,16.6667,3.9838,8.0469,0
8503578.1,5,,96,56,8,50.0,1.0,53.5862,16.6667,4.0171,8.0397,0
8505578.1,5,,96,56,8,50.0,1.0,53.4862,16.6667,4.0504,8.0326,0
8507578.1,5,,96,56,8,50.0,1.0,53.3862,16.6667,4.0838,8.0254,0
8509578.1,5,,96,56,8,50.0,1.0,53.2862,16.6667,4.1171,8.0183,0
8511578.1,5,,96,56,8,50.0,1.0,53.1862,16.6667,4.1504,8.0112,0
8513578.1,5,,96,56,8,50.0,1.0,53.0862,16.6667,4.1838,8.004,0
8515578.1,5,,96,56,8,50.0,1.0,52.9862,16.6667,4.2171,7.9969,0
8517578.1,5,,96,56,8,50.0,1.0,52.8862,16.6667,4.2504,7.9897,0
8519578.1,5,,96,56,8,50.0,1.0,52.7862,16.6667,4.2838,7.9826,0
8521578.1,5,,96,56,8,50.0,1.0,52.6862,16.6667,4.3171,7.9754,0
8523578.1,5,,96,56,8,50.0,1.0,52.5862,16.6667,4.3504,7.9683,0
8525578.1,5,,96,56,8,50.0,1.0,52.4862,16.6667,4.3838,7.9612,0
8527578.1,5,,96,56,8,50.0,1.0,52.3862,16.6667,4.4171,7.954,0
8529578.1,5,,96,56,8,50.0,1.0,52.2862,16.6667,4.4504,7.9469,0
8531578.1,5,,96,56,8,50.0,1.0,52.1862,16.6667,4.4838,7.9397,0
8533578.1,5,,96,56,8,50.0,1.0,52.0862,16.6667,4.5171,7.9326,0
8535578.1,5,,96,56,8,50.0,1.0,51.9862,16.6667,4.5504,7.9254,0
8537578.1,5,,96,56,8,50.0,1.0,51.8862,16.6667,4.5838,7.9183,0
8539067.7,5,,96,56,8,50.0,1.0,51.8117,16.6667,4.6086,7.913,0
8539578.1,5,,95,56,8,50.0,1.0,51.7862,16.8478,4.6172,7.9112,0
8541578.1,5,,95,56,8,50.0,1.0,51.6862,16.8478,4.6509,7.904,0
8543578.1,5,,95,56,8,50.0,1.0,51.5862,16.8478,4.6846,7.8969,0
8545578.1,5,,95,56,8,50.0,1.0,51.4862,16.8478,4.7183,7.8897,0
8547578.1,5,,95,56,8,50.0,1.0,51.3862,16.8478,4.752,7.8826,0
8549578.1,5,,95,56,8,50.0,1.0,51.2862,16.8478,4.7857,7.8754,0
8551578.1,5,,95,56,8,50.0,1.0,51.1862,16.8478,4.8194,7.8683,0
8553578.1,5,,95,56,8,50.0,1.0,51.0862,16.8478,4.8531,7.8612,0
8555578.1,5,,95,56,8,50.0,1.0,50.9862,16.8478,4.8868,7.854,0
8557578.1,5,,95,56,8,50.0,1.0,50.8862,16.8478,4.9205,7.8469,0
8559578.1,5,,95,56,8,50.0,1.0,50.7862,16.8478,4.9542,7.8397,0
8561578.1,5,,95,56,8,50.0,1.0,50.6862,16.8478,4.9879,7.8326,0
8563578.1,5,,95,56,8,50.0,1.0,50.5862,16.8478,5.0216,7.8254,0
8565578.1,5,,95,56,8,50.0,1.0,50.4862,16.8478,5.0552,7.8183,0
8567578.1,5,,95,56,8,50.0,1.0,50.3862,16.8478,5.0889,7.8112,0
8569578.1,5,,95,56,8,50.0,1.0,50.2862,16.8478,5.1226,7.804,0
8570606.9,5,,95,56,8,50.0,1.0,50.2347,16.8478,5.14,7.8003,0
8571578.1,5,,94,56,8,50.0,1.0,50.1862,17.029,5.1565,7.7969,0
8573578.1,5,,94,56,8,50.0,1.0,50.0862,17.029,5.1906,7.7897,0
8575578.1,5,,94,56,8,50.0,1.0,49.9862,17.029,5.2246,7.7826,0
8576259.4,5,,94,56,8,50.0,1.0,49.9521,17.029,5.2362,7.7802,0
8576750.9,5,,93,56,8,50.0,1.0,49.9275,17.2266,5.2447,7.7784,0
8577578.1,5,,92,56,8,50.0,1.0,49.8862,17.4242,5.2591,7.7754,0
8579578.1,5,,92,56,8,50.0,1.0,49.7862,17.4242,5.294,7.7683,0
8581578.1,5,,92,56,8,50.0,1.0,49.6862,17.4242,5.3288,7.7612,0
8583578.1,5,,92,56,8,50.0,1.0,49.5862,17.4242,5.3637,7.754,0
8583841.6,5,,92,56,8,50.0,1.0,49.573,17.4242,5.3682,7.7531,0
8585489.1,5,,91,56,8,50.0,1.0,49.4906,17.6054,5.3973,7.7472,0
8585578.1,5,,90,56,8,50.0,1.0,49.4862,17.7866,5.3988,7.7469,0
8587578.1,5,,90,56,8,50.0,1.0,49.3862,17.7866,5.4344,7.7397,0
8589578.1,5,,90,56,8,50.0,1.0,49.2862,17.7866,5.47,7.7326,0
8591578.1,5,,90,56,8,50.0,1.0,49.1862,17.7866,5.5056,7.7254,0
8593578.1,5,,90,56,8,50.0,1.0,49.0862,17.7866,5.5411,7.7183,0
8595578.1,5,,90,56,8,50.0,1.0,48.9862,17.7866,5.5767,7.7112,0
8597578.1,5,,90,56,8,50.0,1.0,48.8862,17.7866,5.6123,7.704,0
8599578.1,5,,90,56,8,50.0,1.0,48.7862,17.7866,5.6478,7.6969,0
8601578.1,5,,90,56,8,50.0,1.0,48.6862,17.7866,5.6834,7.6897,0
8603578.1,5,,90,56,8,50.0,1.0,48.5862,17.7866,5.719,7.6826,0
8605578.1,5,,90,56,8,50.0,1.0,48.4862,17.7866,5.7546,7.6754,0
8607578.1,5,,90,56,8,50.0,1.0,48.3862,17.7866,5.7901,7.6683,0
8609578.1,5,,90,56,8,50.0,1.0,48.2862,17.7866,5.8257,7.6612,0
8611578.1,5,,90,56,8,50.0,1.0,48.1862,17.7866,5.8613,7.654,0
8613578.1,5,,90,56,8,50.0,1.0,48.0862,17.7866,5.8969,7.6469,0
8615578.1,5,,90,56,8,50.0,1.0,47.9862,17.7866,5.9324,7.6397,0
8617519.8,5,,90,56,8,50.0,1.0,47.8891,17.7866,5.967,7.6328,0
8617578.1,5,,89,56,8,50.0,1.0,47.8862,17.9842,5.968,7.6326,0
8619578.1,5,,89,56,8,50.0,1.0,47.7862,17.9842,6.004,7.6254,0
8621578.1,5,,89,56,8,50.0,1.0,47.6862,17.9842,6.04,7.6183,0
8623578.1,5,,89,56,8,50.0,1.0,47.5862,17.9842,6.0759,7.6112,0
8625578.1,5,,89,56,8,50.0,1.0,47.4862,17.9842,6.1119,7.604,0
8627578.1,5,,89,56,8,50.0,1.0,47.3862,17.9842,6.1479,7.5969,0
8629578.1,5,,89,56,8,50.0,1.0,47.2862,17.9842,6.1838,7.5897,0
8631578.1,5,,89,56,8,50.0,1.0,47.1862,17.9842,6.2198,7.5826,0
8633578.1,5,,89,56,8,50.0,1.0,47.0862,17.9842,6.2558,7.5754,0
8635578.1,5,,89,56,8,50.0,1.0,46.9862,17.9842,6.2917,7.5683,0
8637578.1,5,,89,56,8,50.0,1.0,46.8862,17.9842,6.3277,7.5612,0
8639578.1,5,,89,56,8,50.0,1.0,46.7862,17.9842,6.3637,7.554,0
8641578.1,5,,89,56,8,50.0,1.0,46.6862,17.9842,6.3996,7.5469,0
8643578.1,5,,89,56,8,50.0,1.0,46.5862,17.9842,6.4356,7.5397,0
8645578.1,5,,89,56,8,50.0,1.0,46.4862,17.9842,6.4716,7.5326,0
8647038.3,5,,89,56,8,50.0,1.0,46.4131,17.9842,6.4978,7.5274,0
8647578.1,5,,88,56,7,50.0,1.0,46.3862,15.8197,5.6913,7.5254,0
8649578.1,5,,88,56,7,50.0,1.0,46.2862,15.8197,5.7229,7.5183,0
8650478.9,5,,88,56,7,50.0,1.0,46.2411,15.8197,5.7372,7.5151,0
8651578.1,5,,87,56,7,50.0,1.0,46.1862,15.9387,5.7547,7.5112,0
8653578.1,5,,87,56,7,50.0,1.0,46.0862,15.9387,5.7866,7.504,0
8655578.1,5,,87,56,7,50.0,1.0,45.9862,15.9387,5.8184,7.4969,0
8657578.1,5,,87,56,7,50.0,1.0,45.8862,15.9387,5.8503,7.4897,0
8659578.1,5,,87,56,7,50.0,1.0,45.7862,15.9387,5.8822,7.4826,0
8661578.1,5,,87,56,7,50.0,1.0,45.6862,15.9387,5.9141,7.4754,0
8663578.1,5,,87,56,7,50.0,1.0,45.5862,15.9387,5.9459,7.4683,0
8665578.1,5,,87,56,7,50.0,1.0,45.4862,15.9387,5.9778,7.4612,0
8667578.1,5,,87,56,7,50.0,1.0,45.3862,15.9387,6.0097,7.454,0
8669578.1,5,,87,56,7,50.0,1.0,45.2862,15.9387,6.0416,7.4469,0
8671578.1,5,,87,56,7,50.0,1.0,45.1862,15.9387,6.0735,7.4397,0
8673578.1,5,,87,56,7,50.0,1.0,45.0862,15.9387,6.1053,7.4326,0
8675578.1,5,,87,56,7,50.0,1.0,44.9862,15.9387,6.1372,7.4254,0
8676165.4,5,,87,56,7,50.0,1.0,44.9568,15.9387,6.1466,7.4233,0
8677578.1,5,,86,56,7,50.0,1.0,44.8862,16.1364,6.1694,7.4183,0
8679578.1,5,,86,56,7,50.0,1.0,44.7862,16.1364,6.2016,7.4112,0
8681572.1,5,,86,56,7,50.0,1.0,44.6864,16.1364,6.2338,7.404,0
8681578.1,5,,85,56,7,50.0,1.0,44.6862,16.3528,6.2339,7.404,0
8682400.4,5,,85,56,7,50.0,1.0,44.645,16.3528,6.2474,7.4011,0
8683578.1,5,,84,56,7,50.0,1.0,44.5862,16.5693,6.2669,7.3969,0
8685578.1,5,,84,56,7,50.0,1.0,44.4862,16.5693,6.3,7.3897,0
8687578.1,5,,84,56,7,50.0,1.0,44.3862,16.5693,6.3331,7.3826,0
8689578.1,5,,84,56,7,50.0,1.0,44.2862,16.5693,6.3663,7.3754,0
8689800.5,5,,84,56,7,50.0,1.0,44.275,16.5693,6.37,7.3747,0
8691578.1,5,,83,56,7,50.0,1.0,44.1862,16.7857,6.3998,7.3683,0
8693578.1,5,,83,56,7,50.0,1.0,44.0862,16.7857,6.4334,7.3612,0
8695578.1,5,,83,56,7,50.0,1.0,43.9862,16.7857,6.467,7.354,0
8697578.1,5,,83,56,7,50.0,1.0,43.8862,16.7857,6.5005,7.3469,0
8699578.1,5,,83,56,7,50.0,1.0,43.7862,16.7857,6.5341,7.3397,0
8701578.1,5,,83,56,7,50.0,1.0,43.6862,16.7857,6.5677,7.3326,0
8703578.1,5,,83,56,7,50.0,1.0,43.5862,16.7857,6.6012,7.3254,0
8705578.1,5,,83,56,7,50.0,1.0,43.4862,16.7857,6.6348,7.3183,0
8707578.1,5,,83,56,7,50.0,1.0,43.3862,16.7857,6.6684,7.3112,0
8709578.1,5,,83,56,7,50.0,1.0,43.2862,16.7857,6.702,7.304,0
8711578.1,5,,83,56,7,50.0,1.0,43.1862,16.7857,6.7355,7.2969,0
8713578.1,5,,83,56,7,50.0,1.0,43.0862,16.7857,6.7691,7.2897,0
8715578.1,5,,83,56,7,50.0,1.0,42.9862,16.7857,6.8027,7.2826,0
8717578.1,5,,83,56,7,50.0,1.0,42.8862,16.7857,6.8362,7.2754,0
8719578.1,5,,83,56,7,50.0,1.0,42.7862,16.7857,6.8698,7.2683,0
8721578.1,5,,83,56,7,50.0,1.0,42.6862,16.7857,6.9034,7.2612,0
8723578.1,5,,83,56,7,50.0,1.0,42.5862,16.7857,6.937,7.254,0
8725408.4,5,,83,56,7,50.0,1.0,42.4946,16.7857,6.9677,7.2475,0
8725578.1,5,,82,56,6,50.0,1.0,42.4862,14.5238,5.9789,7.2469,0
8727578.1,5,,82,56,6,50.0,1.0,42.3862,14.5238,6.008,7.2397,0
8728020.8,5,,82,56,6,50.0,1.0,42.364,14.5238,6.0144,7.2382,0
8729578.1,5,,81,56,5,50.0,1.0,42.2862,12.2619,5.0382,7.2326,0
8729659.2,5,,81,56,5,50.0,1.0,42.2821,12.2619,5.0391,7.2323,0
8731578.1,5,,80,56,4,50.0,1.0,42.1862,9.7619,4.0585,7.2254,0
8733578.1,5,,80,56,4,50.0,1.0,42.0862,9.7619,4.078,7.2183,0
8735578.1,5,,80,56,4,50.0,1.0,41.9862,9.7619,4.0975,7.2112,0
8737578.1,5,,80,56,4,50.0,1.0,41.8862,9.7619,4.117,7.204,0
8738515.6,5,,80,56,4,50.0,1.0,41.8393,9.7619,4.1262,7.2007,0
8739578.1,5,,79,56,3,50.0,1.0,41.7862,7.2619,3.1099,7.1969,0
8741578.1,5,,79,56,3,50.0,1.0,41.6862,7.2619,3.1244,7.1897,0
8743578.1,5,,79,56,3,50.0,1.0,41.5862,7.2619,3.1389,7.1826,0
8745578.1,5,,79,56,3,50.0,1.0,41.4862,7.2619,3.1535,7.1754,0
8747578.1,5,,79,56,3,50.0,1.0,41.3862,7.2619,3.168,7.1683,0
8749578.1,5,,79,56,3,50.0,1.0,41.2862,7.2619,3.1825,7.1612,0
8751578.1,5,,79,56,3,50.0,1.0,41.1862,7.2619,3.197,7.154,0
8753578.1,5,,79,56,3,50.0,1.0,41.0862,7.2619,3.2116,7.1469,0
8755578.1,5,,79,56,3,50.0,1.0,40.9862,7.2619,3.2261,7.1397,0
8757578.1,5,,79,56,3,50.0,1.0,40.8862,7.2619,3.2406,7.1326,0
8759578.1,5,,79,56,3,50.0,1.0,40.7862,7.2619,3.2551,7.1254,0
8761578.1,5,,79,56,3,50.0,1.0,40.6862,7.2619,3.2697,7.1183,0
8761862.8,5,,79,56,3,50.0,1.0,40.6719,7.2619,3.2717,7.1173,0
8763578.1,5,,78,56,3,50.0,1.0,40.5862,7.2619,3.2842,7.1112,0
8765578.1,5,,78,56,3,50.0,1.0,40.4862,7.2619,3.2987,7.104,0
8767578.1,5,,78,56,3,50.0,1.0,40.3862,7.2619,3.3132,7.0969,0
8769578.1,5,,78,56,3,50.0,1.0,40.2862,7.2619,3.3278,7.0897,0
8771578.1,5,,78,56,3,50.0,1.0,40.1862,7.2619,3.3423,7.0826,0
8773578.1,5,,78,56,3,50.0,1.0,40.0862,7.2619,3.3568,7.0754,0
8775578.1,5,,78,56,3,50.0,1.0,39.9862,7.2619,3.3713,7.0683,0
8777578.1,5,,78,56,3,50.0,1.0,39.8862,7.2619,3.3858,7.0612,0
8779578.1,5,,78,56,3,50.0,1.0,39.7862,7.2619,3.4004,7.054,0
8781578.1,5,,78,56,3,50.0,1.0,39.6862,7.2619,3.4149,7.0469,0
8783578.1,5,,78,56,3,50.0,1.0,39.5862,7.2619,3.4294,7.0397,0
8785578.1,5,,78,56,3,50.0,1.0,39.4862,7.2619,3.4439,7.0326,0
8787578.1,5,,78,56,3,50.0,1.0,39.3862,7.2619,3.4585,7.0254,0
8789578.1,5,,78,56,3,50.0,1.0,39.2862,7.2619,3.473,7.0183,0
8789742.9,5,,78,56,3,50.0,1.0,39.2779,7.2619,3.4742,7.0177,0
8791578.1,5,,77,56,3,50.0,1.0,39.1862,7.3935,3.4878,7.0112,0
8793578.1,5,,77,56,3,50.0,1.0,39.0862,7.3935,3.5025,7.004,0
8795578.1,5,,77,56,3,50.0,1.0,38.9862,7.3935,3.5173,6.9969,0
8797578.1,5,,77,56,3,50.0,1.0,38.8862,7.3935,3.5321,6.9897,0
8799578.1,5,,77,56,3,50.0,1.0,38.7862,7.3935,3.5469,6.9826,0
8801578.1,5,,77,56,3,50.0,1.0,38.6862,7.3935,3.5617,6.9754,0
8803578.1,5,,77,56,3,50.0,1.0,38.5862,7.3935,3.5765,6.9683,0
8805578.1,5,,77,56,3,50.0,1.0,38.4862,7.3935,3.5913,6.9612,0
8807578.1,5,,77,56,3,50.0,1.0,38.3862,7.3935,3.6061,6.954,0
8808209.7,5,,77,56,3,50.0,1.0,38.3546,7.3935,3.6107,6.9518,0
8809578.1,5,,76,55,3,50.0,1.0,38.2862,7.5397,3.621,6.9468,0
8811380.6,5,,76,55,3,50.0,1.0,38.196,7.5397,3.6346,6.9402,0
8811578.1,5,,75,54,3,50.0,1.0,38.1862,7.5397,3.6361,6.9395,0
8813578.1,5,,75,54,3,50.0,1.0,38.0862,7.5397,3.6512,6.9321,0
8815578.1,5,,75,54,3,50.0,1.0,37.9862,7.5397,3.6663,6.9246,0
8817578.1,5,,75,54,3,50.0,1.0,37.8862,7.5397,3.6814,6.9172,0
8819578.1,5,,75,54,3,50.0,1.0,37.7862,7.5397,3.6964,6.9098,0
8821578.1,5,,75,54,3,50.0,1.0,37.6862,7.5397,3.7115,6.9024,0
8823578.1,5,,75,54,3,50.0,1.0,37.5862,7.5397,3.7266,6.8949,0
8825578.1,5,,75,54,3,50.0,1.0,37.4862,7.5397,3.7417,6.8875,0
8827578.1,5,,75,54,3,50.0,1.0,37.3862,7.5397,3.7568,6.8801,0
8829578.1,5,,75,54,3,50.0,1.0,37.2862,7.5397,3.7718,6.8727,0
8830830.4,5,,75,54,3,50.0,1.0,37.2235,7.5397,3.7813,6.868,0
8831578.1,5,,74,54,3,50.0,1.0,37.1862,7.5397,3.7869,6.8652,0
8833477.1,5,,74,54,3,50.0,1.0,37.0912,7.5397,3.8012,6.8582,0
8833578.1,5,,73,54,2,50.0,1.0,37.0862,4.7619,2.5115,6.8578,0
8835578.1,5,,73,54,2,50.0,1.0,36.9862,4.7619,2.521,6.8504,0
8837578.1,5,,73,54,2,50.0,1.0,36.8862,4.7619,2.5305,6.843,0
8839468.4,5,,73,54,2,50.0,1.0,36.7916,4.7619,2.5395,6.8359,0
8839578.1,5,,72,54,2,50.0,1.0,36.7862,5.0,2.5401,6.8355,0
8841578.1,5,,72,54,2,50.0,1.0,36.6862,5.0,2.5501,6.8281,0
8843578.1,5,,72,54,2,50.0,1.0,36.5862,5.0,2.5601,6.8207,0
8845578.1,5,,72,54,2,50.0,1.0,36.4862,5.0,2.5701,6.8133,0
8847578.1,5,,72,54,2,50.0,1.0,36.3862,5.0,2.5801,6.8058,0
8849578.1,5,,72,54,2,50.0,1.0,36.2862,5.0,2.5901,6.7984,0
8849771.5,5,,72,54,2,50.0,1.0,36.2765,5.0,2.591,6.7977,0
8851578.1,5,,71,53,2,50.0,1.0,36.1862,5.0,2.6001,6.7909,0
8853578.1,5,,71,53,2,50.0,1.0,36.0862,5.0,2.6101,6.7833,0
8855578.1,5,,71,53,2,50.0,1.0,35.9862,5.0,2.6201,6.7757,0
8857490.8,5,,71,53,2,50.0,1.0,35.8905,5.0,2.6296,6.7685,0
8857578.1,5,,70,53,1,50.0,1.0,35.8862,2.6316,1.315,6.7682,0
8859578.1,5,,70,53,1,50.0,1.0,35.7862,2.6316,1.3203,6.7606,0
8861578.1,5,,70,53,1,50.0,1.0,35.6862,2.6316,1.3256,6.7531,0
8863578.1,5,,70,53,1,50.0,1.0,35.5862,2.6316,1.3308,6.7455,0
8865578.1,5,,70,53,1,50.0,1.0,35.4862,2.6316,1.3361,6.7379,0
8867578.1,5,,70,53,1,50.0,1.0,35.3862,2.6316,1.3414,6.7304,0
8869578.1,5,,70,53,1,50.0,1.0,35.2862,2.6316,1.3466,6.7228,0
8871578.1,5,,70,53,1,50.0,1.0,35.1862,2.6316,1.3519,6.7153,0
8873578.1,5,,70,53,1,50.0,1.0,35.0862,2.6316,1.3572,6.7077,0
8875578.1,5,,70,53,1,50.0,1.0,34.9862,2.6316,1.3624,6.7002,0
8877578.1,5,,70,53,1,50.0,1.0,34.8862,2.6316,1.3677,6.6926,0
8877590.2,5,,70,53,1,50.0,1.0,34.8855,2.6316,1.3677,6.6926,0
8879578.1,5,,69,52,1,50.0,1.0,34.7862,2.6316,1.3729,6.6849,0
8881578.1,5,,69,52,1,50.0,1.0,34.6862,2.6316,1.3782,6.6772,0
8883578.1,5,,69,52,1,50.0,1.0,34.5862,2.6316,1.3835,6.6694,0
8884159.2,5,,69,52,1,50.0,1.0,34.5571,2.6316,1.385,6.6672,0
8885578.1,5,,68,51,1,50.0,1.0,34.4862,2.6316,1.3887,6.6616,0
8887578.1,5,,68,51,1,50.0,1.0,34.3862,2.6316,1.394,6.6537,0
8889578.1,5,,68,51,1,50.0,1.0,34.2862,2.6316,1.3993,6.6459,0
8891578.1,5,,68,51,1,50.0,1.0,34.1862,2.6316,1.4045,6.638,0
8893578.1,5,,68,51,1,50.0,1.0,34.0862,2.6316,1.4098,6.6301,0
8895578.1,5,,68,51,1,50.0,1.0,33.9862,2.6316,1.415,6.6222,0
8897578.1,5,,68,51,1,50.0,1.0,33.8862,2.6316,1.4203,6.6143,0
8899578.1,5,,68,51,1,50.0,1.0,33.7862,2.6316,1.4256,6.6065,0
8901578.1,5,,68,51,1,50.0,1.0,33.6862,2.6316,1.4308,6.5986,0
8903578.1,5,,68,51,1,50.0,1.0,33.5862,2.6316,1.4361,6.5907,0
8903642.2,5,,68,51,1,50.0,1.0,33.5829,2.6316,1.4363,6.5905,0
8905578.1,5,,67,51,1,50.0,1.0,33.4862,2.6316,1.4414,6.5828,0
8907578.1,5,,67,51,1,50.0,1.0,33.3862,2.6316,1.4466,6.5749,0
8908548.0,5,,67,51,1,50.0,1.0,33.3377,2.6316,1.4492,6.5711,0
8909578.1,5,,66,51,1,50.0,1.0,33.2862,2.6316,1.4519,6.5671,0
8911263.1,5,,66,51,1,50.0,1.0,33.2019,2.6316,1.4563,6.5604,0
8911578.1,5,,65,51,1,50.0,1.0,33.1862,2.6316,1.4572,6.5592,0
8912828.6,5,,65,51,1,50.0,1.0,33.1236,2.6316,1.4604,6.5542,0
8913578.1,5,,64,50,1,50.0,1.0,33.0862,2.6316,1.4624,6.5512,0
8915578.1,5,,64,50,1,50.0,1.0,32.9862,2.6316,1.4677,6.5432,0
8917578.1,5,,64,50,1,50.0,1.0,32.8862,2.6316,1.4729,6.5351,0
8919578.1,5,,64,50,1,50.0,1.0,32.7862,2.6316,1.4782,6.5271,0
8921578.1,5,,64,50,1,50.0,1.0,32.6862,2.6316,1.4835,6.519,0
8923252.5,5,,64,50,1,50.0,1.0,32.6024,2.6316,1.4879,6.5123,0
8923578.1,5,,63,49,1,50.0,1.0,32.5862,2.6316,1.4887,6.5109,0
8924387.1,5,,63,49,1,50.0,1.0,32.5457,2.6316,1.4909,6.5076,0
8925578.1,5,,62,48,1,50.0,1.0,32.4862,2.6316,1.494,6.5026,0
8927578.1,5,,62,48,1,50.0,1.0,32.3862,2.6316,1.4993,6.4941,0
8929578.1,5,,62,48,1,50.0,1.0,32.2862,2.6316,1.5045,6.4857,0
8930645.3,5,,62,48,1,50.0,1.0,32.2328,2.6316,1.5073,6.4812,0
8931578.1,5,,61,48,1,50.0,1.0,32.1862,2.7778,1.5099,6.4773,0
8933578.1,5,,61,48,1,50.0,1.0,32.0862,2.7778,1.5155,6.4688,0
8935578.1,5,,61,48,1,50.0,1.0,31.9862,2.7778,1.521,6.4604,0
8937578.1,5,,61,48,1,50.0,1.0,31.8862,2.7778,1.5266,6.452,0
8939578.1,5,,61,48,1,50.0,1.0,31.7862,2.7778,1.5321,6.4436,0
8941578.1,5,,61,48,1,50.0,1.0,31.6862,2.7778,1.5377,6.4352,0
8943578.1,5,,61,48,1,50.0,1.0,31.5862,2.7778,1.5433,6.4268,0
8945578.1,5,,61,48,1,50.0,1.0,31.4862,2.7778,1.5488,6.4183,0
8947578.1,5,,61,48,1,50.0,1.0,31.3862,2.7778,1.5544,6.4099,0
8949578.1,5,,61,48,1,50.0,1.0,31.2862,2.7778,1.5599,6.4015,0
8951578.1,5,,61,48,1,50.0,1.0,31.1862,2.7778,1.5655,6.3931,0
8952794.2,5,,61,48,1,50.0,1.0,31.1253,2.7778,1.5689,6.388,0
8953578.1,5,,60,48,1,50.0,1.0,31.0862,2.7778,1.571,6.3847,0
8955578.1,5,,60,48,1,50.0,1.0,30.9862,2.7778,1.5766,6.3763,0
8957381.7,5,,60,48,1,50.0,1.0,30.896,2.7778,1.5816,6.3687,0
8957578.1,5,,59,48,1,50.0,1.0,30.8862,2.7778,1.5821,6.3678,0
8957799.5,5,,59,48,1,50.0,1.0,30.8751,2.7778,1.5828,6.3669,0
8959578.1,5,,57,46,1,50.0,1.0,30.7862,3.125,1.5883,6.3592,0
8959991.0,5,,57,46,1,50.0,1.0,30.7655,3.125,1.5896,6.3574,0
8961578.1,5,,56,46,1,50.0,1.0,30.6862,3.125,1.5946,6.3505,0
8962090.5,5,,56,46,1,50.0,1.0,30.6605,3.125,1.5962,6.3482,0
8963578.1,5,,55,45,1,50.0,1.0,30.5862,3.3333,1.6011,6.3416,0
8965578.1,5,,55,45,1,50.0,1.0,30.4862,3.3333,1.6078,6.3328,0
8967578.1,5,,55,45,1,50.0,1.0,30.3862,3.3333,1.6145,6.3239,0
8969578.1,5,,55,45,1,50.0,1.0,30.2862,3.3333,1.6211,6.315,0
8971578.1,5,,55,45,1,50.0,1.0,30.1862,3.3333,1.6278,6.3061,0
8973578.1,5,,55,45,1,50.0,1.0,30.0862,3.3333,1.6345,6.2972,0
8975578.1,5,,55,45,1,50.0,1.0,29.9862,3.3333,1.6411,6.2884,0
8977578.1,5,,55,45,1,50.0,1.0,29.8862,3.3333,1.6478,6.2795,0
8978095.3,5,,55,45,1,50.0,1.0,29.8603,3.3333,1.6495,6.2772,0
8979578.1,5,,54,45,1,50.0,1.0,29.7862,3.3333,1.6545,6.2706,0
8980904.8,5,,54,45,1,50.0,1.0,29.7198,3.3333,1.6589,6.2647,0
8981578.1,5,,53,45,1,50.0,1.0,29.6862,3.5714,1.6613,6.2617,0
8983247.5,5,,53,45,1,50.0,1.0,29.6027,3.5714,1.6672,6.2543,0
8983578.1,5,,52,44,1,50.0,1.0,29.5862,3.5714,1.6684,6.2528,0
8985578.1,5,,52,44,1,50.0,1.0,29.4862,3.5714,1.6756,6.2437,0
8985629.7,5,,52,44,1,50.0,1.0,29.4836,3.5714,1.6758,6.2435,0
8987578.1,5,,51,44,1,50.0,1.0,29.3862,3.5714,1.6827,6.2346,0
8989578.1,5,,51,44,1,50.0,1.0,29.2862,3.5714,1.6899,6.2255,0
8991578.1,5,,51,44,1,50.0,1.0,29.1862,3.5714,1.697,6.2164,0
8993578.1,5,,51,44,1,50.0,1.0,29.0862,3.5714,1.7041,6.2073,0
8995578.1,5,,51,44,1,50.0,1.0,28.9862,3.5714,1.7113,6.1983,0
8997578.1,5,,51,44,1,50.0,1.0,28.8862,3.5714,1.7184,6.1892,0
8998693.0,5,,51,44,1,50.0,1.0,28.8304,3.5714,1.7224,6.1841,0
8999578.1,5,,50,44,1,50.0,1.0,28.7862,3.5714,1.7256,6.1801,0
9001578.1,5,,50,44,1,50.0,1.0,28.6862,3.5714,1.7327,6.171,0
9003578.1,5,,50,44,1,50.0,1.0,28.5862,3.5714,1.7399,6.1619,0
9003734.0,5,,50,44,1,50.0,1.0,28.5784,3.5714,1.7404,6.1612,0
9005578.1,5,,49,44,1,50.0,1.0,28.4862,3.5714,1.747,6.1528,0
9007578.1,5,,49,44,1,50.0,1.0,28.3862,3.5714,1.7541,6.1437,0
9009578.1,5,,49,44,1,50.0,1.0,28.2862,3.5714,1.7613,6.1346,0
9011578.1,5,,49,44,1,50.0,1.0,28.1862,3.5714,1.7684,6.1255,0
9013578.1,5,,49,44,1,50.0,1.0,28.0862,3.5714,1.7756,6.1164,0
9015578.1,5,,49,44,1,50.0,1.0,27.9862,3.5714,1.7827,6.1073,0
9017578.1,5,,49,44,1,50.0,1.0,27.8862,3.5714,1.7899,6.0983,0
9019578.1,5,,49,44,1,50.0,1.0,27.7862,3.5714,1.797,6.0892,0
9021578.1,5,,49,44,1,50.0,1.0,27.6862,3.5714,1.8041,6.0801,0
9023578.1,5,,49,44,1,50.0,1.0,27.5862,3.5714,1.8113,6.071,0
9025578.1,5,,49,44,1,50.0,1.0,27.4862,3.5714,1.8184,6.0619,0
9027578.1,5,,49,44,1,50.0,1.0,27.3862,3.5714,1.8256,6.0528,0
9029578.1,5,,49,44,1,50.0,1.0,27.2862,3.5714,1.8327,6.0437,0
9030220.7,5,,49,44,1,50.0,1.0,27.254,3.5714,1.835,6.0408,0
9031578.1,5,,48,44,1,50.0,1.0,27.1862,3.8462,1.8402,6.0346,0
9033578.1,5,,48,44,1,50.0,1.0,27.0862,3.8462,1.8479,6.0255,0
9035578.1,5,,48,44,1,50.0,1.0,26.9862,3.8462,1.8556,6.0164,0
9037578.1,5,,48,44,1,50.0,1.0,26.8862,3.8462,1.8633,6.0073,0
9039578.1,5,,48,44,1,50.0,1.0,26.7862,3.8462,1.871,5.9983,0
9041578.1,5,,48,44,1,50.0,1.0,26.6862,3.8462,1.8787,5.9892,0
9043578.1,5,,48,44,1,50.0,1.0,26.5862,3.8462,1.8864,5.9801,0
9045578.1,5,,48,44,1,50.0,1.0,26.4862,3.8462,1.8941,5.971,0
9047578.1,5,,48,44,1,50.0,1.0,26.3862,3.8462,1.9018,5.9619,0
9048953.9,5,,48,44,1,50.0,1.0,26.3174,3.8462,1.9071,5.9556,0
9049578.1,5,,47,44,1,50.0,1.0,26.2862,3.8462,1.9095,5.9528,0
9051578.1,5,,47,44,1,50.0,1.0,26.1862,3.8462,1.9172,5.9437,0
9053578.1,5,,47,44,1,50.0,1.0,26.0862,3.8462,1.9248,5.9346,0
9055578.1,5,,47,44,1,50.0,1.0,25.9862,3.8462,1.9325,5.9255,0
9057578.1,5,,47,44,1,50.0,1.0,25.8862,3.8462,1.9402,5.9164,0
9058704.6,5,,47,44,1,50.0,1.0,25.8298,3.8462,1.9446,5.9113,0
9059578.1,5,,46,44,1,50.0,1.0,25.7862,3.8462,1.9479,5.9073,0
9061578.1,5,,46,44,1,50.0,1.0,25.6862,3.8462,1.9556,5.8983,0
9063578.1,5,,46,44,1,50.0,1.0,25.5862,3.8462,1.9633,5.8892,0
9065578.1,5,,46,44,1,50.0,1.0,25.4862,3.8462,1.971,5.8801,0
9067578.1,5,,46,44,1,50.0,1.0,25.3862,3.8462,1.9787,5.871,0
9069578.1,5,,46,44,1,50.0,1.0,25.2862,3.8462,1.9864,5.8619,0
9069624.2,5,,46,44,1,50.0,1.0,25.2838,3.8462,1.9866,5.8617,0
9071578.1,5,,45,44,1,50.0,1.0,25.1862,4.1667,1.9947,5.8528,0
9073578.1,5,,45,44,1,50.0,1.0,25.0862,4.1667,2.003,5.8437,0
9075578.1,5,,45,44,1,50.0,1.0,24.9862,4.1667,2.0114,5.8346,0
9077578.1,5,,45,44,1,50.0,1.0,24.8862,4.1667,2.0197,5.8255,0
9079578.1,5,,45,44,1,50.0,1.0,24.7862,4.1667,2.028,5.8164,0
9081578.1,5,,45,44,1,50.0,1.0,24.6862,4.1667,2.0364,5.8073,0
9083578.1,5,,45,44,1,50.0,1.0,24.5862,4.1667,2.0447,5.7983,0
9085578.1,5,,45,44,1,50.0,1.0,24.4862,4.1667,2.053,5.7892,0
9086932.4,5,,45,44,1,50.0,1.0,24.4184,4.1667,2.0587,5.783,0
9087578.1,5,,44,43,1,50.0,1.0,24.3862,4.1667,2.0614,5.78,0
9089578.1,5,,44,43,1,50.0,1.0,24.2862,4.1667,2.0697,5.7707,0
9091578.1,5,,44,43,1,50.0,1.0,24.1862,4.1667,2.078,5.7613,0
9093578.1,5,,44,43,1,50.0,1.0,24.0862,4.1667,2.0864,5.752,0
9095578.1,5,,44,43,1,50.0,1.0,23.9862,4.1667,2.0947,5.7427,0
9097578.1,5,,44,43,1,50.0,1.0,23.8862,4.1667,2.103,5.7334,0
9099578.1,5,,44,43,1,50.0,1.0,23.7862,4.1667,2.1114,5.7241,0
9101578.1,5,,44,43,1,50.0,1.0,23.6862,4.1667,2.1197,5.7147,0
9103578.1,5,,44,43,1,50.0,1.0,23.5862,4.1667,2.128,5.7054,0
9105578.1,5,,44,43,1,50.0,1.0,23.4862,4.1667,2.1364,5.6961,0
9107578.1,5,,44,43,1,50.0,1.0,23.3862,4.1667,2.1447,5.6868,0
9109578.1,5,,44,43,1,50.0,1.0,23.2862,4.1667,2.153,5.6774,0
9111578.1,5,,44,43,1,50.0,1.0,23.1862,4.1667,2.1614,5.6681,0
9113578.1,5,,44,43,1,50.0,1.0,23.0862,4.1667,2.1697,5.6588,0
9115578.1,5,,44,43,1,50.0,1.0,22.9862,4.1667,2.178,5.6495,0
9117578.1,5,,44,43,1,50.0,1.0,22.8862,4.1667,2.1864,5.6402,0
9119578.1,5,,44,43,1,50.0,1.0,22.7862,4.1667,2.1947,5.6308,0
9121578.1,5,,44,43,1,50.0,1.0,22.6862,4.1667,2.203,5.6215,0
9123578.1,5,,44,43,1,50.0,1.0,22.5862,4.1667,2.2114,5.6122,0
9125578.1,5,,44,43,1,50.0,1.0,22.4862,4.1667,2.2197,5.6029,0
9127578.1,5,,44,43,1,50.0,1.0,22.3862,4.1667,2.228,5.5935,0
9129578.1,5,,44,43,1,50.0,1.0,22.2862,4.1667,2.2364,5.5842,0
9131578.1,5,,44,43,1,50.0,1.0,22.1862,4.1667,2.2447,5.5749,0
9133578.1,5,,44,43,1,50.0,1.0,22.0862,4.1667,2.253,5.5656,0
9135578.1,5,,44,43,1,50.0,1.0,21.9862,4.1667,2.2614,5.5562,0
9137578.1,5,,44,43,1,50.0,1.0,21.8862,4.1667,2.2697,5.5469,0
9139578.1,5,,44,43,1,50.0,1.0,21.7862,4.1667,2.278,5.5376,0
9141578.1,5,,44,43,1,50.0,1.0,21.6862,4.1667,2.2864,5.5283,0
9143578.1,5,,44,43,1,50.0,1.0,21.5862,4.1667,2.2947,5.519,0
9145578.1,5,,44,43,1,50.0,1.0,21.4862,4.1667,2.303,5.5096,0
9147578.1,5,,44,43,1,50.0,1.0,21.3862,4.1667,2.3114,5.5003,0
9149578.1,5,,44,43,1,50.0,1.0,21.2862,4.1667,2.3197,5.491,0
9151578.1,5,,44,43,1,50.0,1.0,21.1862,4.1667,2.328,5.4817,0
9153578.1,5,,44,43,1,50.0,1.0,21.0862,4.1667,2.3364,5.4723,0
9154608.0,5,,44,43,1,50.0,1.0,21.0347,4.1667,2.3407,5.4675,0
9155578.1,5,,43,42,1,50.0,1.0,20.9862,4.1667,2.3447,5.4629,0
9157578.1,5,,43,42,1,50.0,1.0,20.8862,4.1667,2.353,5.4533,0
9159578.1,5,,43,42,1,50.0,1.0,20.7862,4.1667,2.3614,5.4438,0
9161578.1,5,,43,42,1,50.0,1.0,20.6862,4.1667,2.3697,5.4342,0
9163578.1,5,,43,42,1,50.0,1.0,20.5862,4.1667,2.378,5.4247,0
9165578.1,5,,43,42,1,50.0,1.0,20.4862,4.1667,2.3864,5.4151,0
9167442.1,5,,43,42,1,50.0,1.0,20.393,4.1667,2.3941,5.4062,0
9167578.1,5,,42,41,1,50.0,1.0,20.3862,4.1667,2.3947,5.4056,0
9169578.1,5,,42,41,1,50.0,1.0,20.2862,4.1667,2.403,5.3957,0
9171018.5,5,,42,41,1,50.0,1.0,20.2141,4.1667,2.409,5.3886,0
9171578.1,5,,41,40,1,50.0,1.0,20.1862,4.1667,2.4114,5.3858,0
9172843.4,5,,41,40,1,50.0,1.0,20.1229,4.1667,2.4166,5.3794,0
9173578.1,5,,40,40,0,50.0,1.0,20.0862,0,0.0,5.3757,0
9175578.1,5,,40,40,0,50.0,1.0,19.9862,0,0.0,5.3657,0
9177578.1,5,,40,40,0,50.0,1.0,19.8862,0,0.0,5.3556,0
9179578.1,5,,40,40,0,50.0,1.0,19.7862,0,0.0,5.3456,0
9180810.1,5,,40,40,0,50.0,1.0,19.7246,0,0.0,5.3394,0
9181578.1,5,,39,39,0,50.0,1.0,19.6862,0,0.0,5.3354,0
9183578.1,5,,39,39,0,50.0,1.0,19.5862,0,0.0,5.3251,0
9185578.1,5,,39,39,0,50.0,1.0,19.4862,0,0.0,5.3148,0
9187578.1,5,,39,39,0,50.0,1.0,19.3862,0,0.0,5.3045,0
9189578.1,5,,39,39,0,50.0,1.0,19.2862,0,0.0,5.2941,0
9191578.1,5,,39,39,0,50.0,1.0,19.1862,0,0.0,5.2838,0
9193578.1,5,,39,39,0,50.0,1.0,19.0862,0,0.0,5.2735,0
9195578.1,5,,39,39,0,50.0,1.0,18.9862,0,0.0,5.2631,0
9197578.1,5,,39,39,0,50.0,1.0,18.8862,0,0.0,5.2528,0
9199578.1,5,,39,39,0,50.0,1.0,18.7862,0,0.0,5.2425,0
9199767.5,5,,39,39,0,50.0,1.0,18.7767,0,0.0,5.2415,0
9201578.1,5,,38,38,0,50.0,1.0,18.6862,0,0.0,5.2318,0
9203069.3,5,,38,38,0,50.0,1.0,18.6116,0,0.0,5.2239,0
9203578.1,5,,37,37,0,50.0,1.0,18.5862,0,0.0,5.2211,0
9205578.1,5,,37,37,0,50.0,1.0,18.4862,0,0.0,5.2101,0
9207280.5,5,,37,37,0,50.0,1.0,18.401,0,0.0,5.2008,0
9207352.1,5,,35,35,0,50.0,1.0,18.3974,0,0.0,5.2004,0
9207578.1,5,,34,34,0,50.0,1.0,18.3862,0,0.0,5.1991,0
9209578.1,5,,34,34,0,50.0,1.0,18.2862,0,0.0,5.1873,0
9211578.1,5,,34,34,0,50.0,1.0,18.1862,0,0.0,5.1755,0
9212874.7,5,,34,34,0,50.0,1.0,18.1213,0,0.0,5.1678,0
9213578.1,5,,33,33,0,50.0,1.0,18.0862,0,0.0,5.1635,0
9215578.1,5,,33,33,0,50.0,1.0,17.9862,0,0.0,5.1512,0
9217578.1,5,,33,33,0,50.0,1.0,17.8862,0,0.0,5.139,0
9219578.1,5,,33,33,0,50.0,1.0,17.7862,0,0.0,5.1267,0
9221578.1,5,,33,33,0,50.0,1.0,17.6862,0,0.0,5.1145,0
9223578.1,5,,33,33,0,50.0,1.0,17.5862,0,0.0,5.1022,0
9223713.2,5,,33,33,0,50.0,1.0,17.5794,0,0.0,5.1014,0
9225578.1,5,,32,32,0,50.0,1.0,17.4862,0,0.0,5.0897,0
9227578.1,5,,32,32,0,50.0,1.0,17.3862,0,0.0,5.0771,0
9229578.1,5,,32,32,0,50.0,1.0,17.2862,0,0.0,5.0645,0
9230945.1,5,,32,32,0,50.0,1.0,17.2178,0,0.0,5.0559,0
9231578.1,5,,31,31,0,50.0,1.0,17.1862,0,0.0,5.0517,0
9233578.1,5,,31,31,0,50.0,1.0,17.0862,0,0.0,5.0387,0
9235578.1,5,,31,31,0,50.0,1.0,16.9862,0,0.0,5.0256,0
9237578.1,5,,31,31,0,50.0,1.0,16.8862,0,0.0,5.0126,0
9239578.1,5,,31,31,0,50.0,1.0,16.7862,0,0.0,4.9995,0
9239720.8,5,,31,31,0,50.0,1.0,16.779,0,0.0,4.9986,0
9241578.1,5,,30,30,0,50.0,1.0,16.6862,0,0.0,4.9862,0
9243578.1,5,,30,30,0,50.0,1.0,16.5862,0,0.0,4.9728,0
9245578.1,5,,30,30,0,50.0,1.0,16.4862,0,0.0,4.9594,0
9247578.1,5,,30,30,0,50.0,1.0,16.3862,0,0.0,4.946,0
9249578.1,5,,30,30,0,50.0,1.0,16.2862,0,0.0,4.9326,0
9251578.1,5,,30,30,0,50.0,1.0,16.1862,0,0.0,4.9192,0
9253578.1,5,,30,30,0,50.0,1.0,16.0862,0,0.0,4.9058,0
9255578.1,5,,30,30,0,50.0,1.0,15.9862,0,0.0,4.8924,0
9257578.1,5,,30,30,0,50.0,1.0,15.8862,0,0.0,4.879,0
9258470.2,5,,30,30,0,50.0,1.0,15.8415,0,0.0,4.8731,0
9259578.1,5,,29,29,0,50.0,1.0,15.7862,0,0.0,4.8653,0
9260692.3,5,,29,29,0,50.0,1.0,15.7304,0,0.0,4.8575,0
9261578.1,5,,28,28,0,50.0,1.0,15.6862,0,0.0,4.8511,0
9263578.1,5,,28,28,0,50.0,1.0,15.5862,0,0.0,4.8367,0
9265578.1,5,,28,28,0,50.0,1.0,15.4862,0,0.0,4.8223,0
9267578.1,5,,28,28,0,50.0,1.0,15.3862,0,0.0,4.8078,0
9269578.1,5,,28,28,0,50.0,1.0,15.2862,0,0.0,4.7934,0
9271578.1,5,,28,28,0,50.0,1.0,15.1862,0,0.0,4.7789,0
9273578.1,5,,28,28,0,50.0,1.0,15.0862,0,0.0,4.7645,0
9275578.1,5,,28,28,0,50.0,1.0,14.9862,0,0.0,4.7501,0
9277578.1,5,,28,28,0,50.0,1.0,14.8862,0,0.0,4.7356,0
9279578.1,5,,28,28,0,50.0,1.0,14.7862,0,0.0,4.7212,0
9281578.1,5,,28,28,0,50.0,1.0,14.6862,0,0.0,4.7068,0
9283578.1,5,,28,28,0,50.0,1.0,14.5862,0,0.0,4.6923,0
9283629.9,5,,28,28,0,50.0,1.0,14.5836,0,0.0,4.692,0
9285578.1,5,,27,27,0,50.0,1.0,14.4862,0,0.0,4.6773,0
9287578.1,5,,27,27,0,50.0,1.0,14.3862,0,0.0,4.6623,0
9289578.1,5,,27,27,0,50.0,1.0,14.2862,0,0.0,4.6473,0
9291578.1,5,,27,27,0,50.0,1.0,14.1862,0,0.0,4.6322,0
9293578.1,5,,27,27,0,50.0,1.0,14.0862,0,0.0,4.6172,0
9294492.0,5,,27,27,0,50.0,1.0,14.0405,0,0.0,4.6103,0
9295578.1,5,,26,26,0,50.0,1.0,13.9862,0,0.0,4.6019,0
9297578.1,5,,26,26,0,50.0,1.0,13.8862,0,0.0,4.5865,0
9299578.1,5,,26,26,0,50.0,1.0,13.7862,0,0.0,4.571,0
9301578.1,5,,26,26,0,50.0,1.0,13.6862,0,0.0,4.5555,0
9303578.1,5,,26,26,0,50.0,1.0,13.5862,0,0.0,4.54,0
9305578.1,5,,26,26,0,50.0,1.0,13.4862,0,0.0,4.5246,0
9307578.1,5,,26,26,0,50.0,1.0,13.3862,0,0.0,4.5091,0
9309578.1,5,,26,26,0,50.0,1.0,13.2862,0,0.0,4.4936,0
9311578.1,5,,26,26,0,50.0,1.0,13.1862,0,0.0,4.4781,0
9313578.1,5,,26,26,0,50.0,1.0,13.0862,0,0.0,4.4627,0
9315578.1,5,,26,26,0,50.0,1.0,12.9862,0,0.0,4.4472,0
9317578.1,5,,26,26,0,50.0,1.0,12.8862,0,0.0,4.4317,0
9319019.4,5,,26,26,0,50.0,1.0,12.8141,0,0.0,4.4205,0
9319578.1,5,,25,25,0,50.0,1.0,12.7862,0,0.0,4.416,0
9321578.1,5,,25,25,0,50.0,1.0,12.6862,0,0.0,4.3997,0
9323578.1,5,,25,25,0,50.0,1.0,12.5862,0,0.0,4.3834,0
9325578.1,5,,25,25,0,50.0,1.0,12.4862,0,0.0,4.3671,0
9327578.1,5,,25,25,0,50.0,1.0,12.3862,0,0.0,4.3508,0
9329578.1,5,,25,25,0,50.0,1.0,12.2862,0,0.0,4.3344,0
9331578.1,5,,25,25,0,50.0,1.0,12.1862,0,0.0,4.3181,0
9333578.1,5,,25,25,0,50.0,1.0,12.0862,0,0.0,4.3018,0
9335578.1,5,,25,25,0,50.0,1.0,11.9862,0,0.0,4.2855,0
9337578.1,5,,25,25,0,50.0,1.0,11.8862,0,0.0,4.2692,0
9339031.5,5,,25,25,0,50.0,1.0,11.8135,0,0.0,4.2574,0
9339578.1,5,,24,24,0,50.0,1.0,11.7862,0,0.0,4.2527,0
9341578.1,5,,24,24,0,50.0,1.0,11.6862,0,0.0,4.2358,0
9342963.7,5,,24,24,0,50.0,1.0,11.6169,0,0.0,4.2241,0
9343578.1,5,,23,23,0,50.0,1.0,11.5862,0,0.0,4.2187,0
9345578.1,5,,23,23,0,50.0,1.0,11.4862,0,0.0,4.2009,0
9347578.1,5,,23,23,0,50.0,1.0,11.3862,0,0.0,4.1832,0
9349578.1,5,,23,23,0,50.0,1.0,11.2862,0,0.0,4.1655,0
9351578.1,5,,23,23,0,50.0,1.0,11.1862,0,0.0,4.1477,0
9353578.1,5,,23,23,0,50.0,1.0,11.0862,0,0.0,4.13,0
9355578.1,5,,23,23,0,50.0,1.0,10.9862,0,0.0,4.1122,0
9357578.1,5,,23,23,0,50.0,1.0,10.8862,0,0.0,4.0945,0
9359578.1,5,,23,23,0,50.0,1.0,10.7862,0,0.0,4.0768,0
9361578.1,5,,23,23,0,50.0,1.0,10.6862,0,0.0,4.059,0
9363578.1,5,,23,23,0,50.0,1.0,10.5862,0,0.0,4.0413,0
9365578.1,5,,23,23,0,50.0,1.0,10.4862,0,0.0,4.0235,0
9367578.1,5,,23,23,0,50.0,1.0,10.3862,0,0.0,4.0058,0
9369578.1,5,,23,23,0,50.0,1.0,10.2862,0,0.0,3.9881,0
9371578.1,5,,23,23,0,50.0,1.0,10.1862,0,0.0,3.9703,0
9373578.1,5,,23,23,0,50.0,1.0,10.0862,0,0.0,3.9526,0
9375578.1,5,,23,23,0,50.0,1.0,9.9862,0,0.0,3.9349,0
9377578.1,5,,23,23,0,50.0,1.0,9.8862,0,0.0,3.9171,0
9379578.1,5,,23,23,0,50.0,1.0,9.7862,0,0.0,3.8994,0
9381578.1,5,,23,23,0,50.0,1.0,9.6862,0,0.0,3.8816,0
9382333.3,5,,23,23,0,50.0,1.0,9.6484,0,0.0,3.8749,0
9383578.1,5,,22,22,0,50.0,1.0,9.5862,0,0.0,3.8634,0
9385578.1,5,,22,22,0,50.0,1.0,9.4862,0,0.0,3.8448,0
9387578.1,5,,22,22,0,50.0,1.0,9.3862,0,0.0,3.8262,0
9389578.1,5,,22,22,0,50.0,1.0,9.2862,0,0.0,3.8077,0
9391578.1,5,,22,22,0,50.0,1.0,9.1862,0,0.0,3.7891,0
9393578.1,5,,22,22,0,50.0,1.0,9.0862,0,0.0,3.7705,0
9395578.1,5,,22,22,0,50.0,1.0,8.9862,0,0.0,3.752,0
9397578.1,5,,22,22,0,50.0,1.0,8.8862,0,0.0,3.7334,0
9399578.1,5,,22,22,0,50.0,1.0,8.7862,0,0.0,3.7148,0
9401578.1,5,,22,22,0,50.0,1.0,8.6862,0,0.0,3.6962,0
9403578.1,5,,22,22,0,50.0,1.0,8.5862,0,0.0,3.6777,0
9405578.1,5,,22,22,0,50.0,1.0,8.4862,0,0.0,3.6591,0
9407578.1,5,,22,22,0,50.0,1.0,8.3862,0,0.0,3.6405,0
9409180.0,5,,22,22,0,50.0,1.0,8.3061,0,0.0,3.6257,0
9409578.1,5,,21,21,0,50.0,1.0,8.2862,0,0.0,3.6218,0
9411578.1,5,,21,21,0,50.0,1.0,8.1862,0,0.0,3.6027,0
9413578.1,5,,21,21,0,50.0,1.0,8.0862,0,0.0,3.5835,0
9415578.1,5,,21,21,0,50.0,1.0,7.9862,0,0.0,3.5643,0
9417578.1,5,,21,21,0,50.0,1.0,7.8862,0,0.0,3.5452,0
9419578.1,5,,21,21,0,50.0,1.0,7.7862,0,0.0,3.526,0
9421578.1,5,,21,21,0,50.0,1.0,7.6862,0,0.0,3.5068,0
9422238.6,5,,21,21,0,50.0,1.0,7.6531,0,0.0,3.5005,0
9423578.1,5,,20,20,0,50.0,1.0,7.5862,0,0.0,3.4868,0
9425578.1,5,,20,20,0,50.0,1.0,7.4862,0,0.0,3.4664,0
9427578.1,5,,20,20,0,50.0,1.0,7.3862,0,0.0,3.446,0
9429578.1,5,,20,20,0,50.0,1.0,7.2862,0,0.0,3.4256,0
9431578.1,5,,20,20,0,50.0,1.0,7.1862,0,0.0,3.4052,0
9433578.1,5,,20,20,0,50.0,1.0,7.0862,0,0.0,3.3848,0
9435578.1,5,,20,20,0,50.0,1.0,6.9862,0,0.0,3.3643,0
9437578.1,5,,20,20,0,50.0,1.0,6.8862,0,0.0,3.3439,0
9437990.9,5,,20,20,0,50.0,1.0,6.8655,0,0.0,3.3397,0
9439301.6,5,,19,19,0,50.0,1.0,6.8,0,0.0,3.3255,0
9439578.1,5,,18,18,0,50.0,1.0,6.7862,0,0.0,3.3224,0
9441578.1,5,,18,18,0,50.0,1.0,6.6862,0,0.0,3.2998,0
9443578.1,5,,18,18,0,50.0,1.0,6.5862,0,0.0,3.2772,0
9445578.1,5,,18,18,0,50.0,1.0,6.4862,0,0.0,3.2546,0
9447578.1,5,,18,18,0,50.0,1.0,6.3862,0,0.0,3.2319,0
9449578.1,5,,18,18,0,50.0,1.0,6.2862,0,0.0,3.2093,0
9450583.9,5,,18,18,0,50.0,1.0,6.2359,0,0.0,3.198,0
9451578.1,5,,17,17,0,50.0,1.0,6.1862,0,0.0,3.1862,0
9451830.0,5,,17,17,0,50.0,1.0,6.1736,0,0.0,3.1832,0
9453578.1,5,,16,16,0,50.0,1.0,6.0862,0,0.0,3.1618,0
9455578.1,5,,16,16,0,50.0,1.0,5.9862,0,0.0,3.1372,0
9457578.1,5,,16,16,0,50.0,1.0,5.8862,0,0.0,3.1127,0
9458693.9,5,,16,16,0,50.0,1.0,5.8304,0,0.0,3.099,0
9459578.1,5,,15,15,0,50.0,1.0,5.7862,0,0.0,3.0871,0
9461578.1,5,,15,15,0,50.0,1.0,5.6862,0,0.0,3.0601,0
9463376.6,5,,15,15,0,50.0,1.0,5.5962,0,0.0,3.0358,0
9463578.1,5,,14,14,0,50.0,1.0,5.5862,0,0.0,3.0329,0
9465578.1,5,,14,14,0,50.0,1.0,5.4862,0,0.0,3.0044,0
9466653.4,5,,14,14,0,50.0,1.0,5.4324,0,0.0,2.9891,0
9467578.1,5,,13,13,0,50.0,1.0,5.3862,0,0.0,2.9752,0
9469006.4,5,,13,13,0,50.0,1.0,5.3147,0,0.0,2.9538,0
9469578.1,5,,12,12,0,50.0,1.0,5.2862,0,0.0,2.9448,0
9470044.0,5,,12,12,0,50.0,1.0,5.2629,0,0.0,2.9374,0
9471578.1,5,,11,11,0,50.0,1.0,5.1862,0,0.0,2.9144,0
9473578.1,5,,11,11,0,50.0,1.0,5.0862,0,0.0,2.8844,0
9474709.6,5,,11,11,0,50.0,1.0,5.0296,0,0.0,2.8674,0
9474722.9,5,,10,10,0,50.0,1.0,5.0289,0,0.0,2.8672,0
9475578.1,5,,9,9,0,50.0,1.0,4.9862,0,0.0,2.8512,0
9477578.1,5,,9,9,0,50.0,1.0,4.8862,0,0.0,2.8137,0
9479578.1,5,,9,9,0,50.0,1.0,4.7862,0,0.0,2.7762,0
9481578.1,5,,9,9,0,50.0,1.0,4.6862,0,0.0,2.7387,0
9483578.1,5,,9,9,0,50.0,1.0,4.5862,0,0.0,2.7012,0
9485578.1,5,,9,9,0,50.0,1.0,4.4862,0,0.0,2.6637,0
9487578.1,5,,9,9,0,50.0,1.0,4.3862,0,0.0,2.6262,0
9488018.0,5,,9,9,0,50.0,1.0,4.3642,0,0.0,2.6179,0
9489578.1,5,,8,8,0,50.0,1.0,4.2862,0,0.0,2.5845,0
9491578.1,5,,8,8,0,50.0,1.0,4.1862,0,0.0,2.5416,0
9493578.1,5,,8,8,0,50.0,1.0,4.0862,0,0.0,2.4988,0
9495578.1,5,,8,8,0,50.0,1.0,3.9862,0,0.0,2.4559,0
9497578.1,5,,8,8,0,50.0,1.0,3.8862,0,0.0,2.4131,0
9498186.5,5,,8,8,0,50.0,1.0,3.8557,0,0.0,2.4,0
9499578.1,5,,7,7,0,50.0,1.0,3.7862,0,0.0,2.3652,0
9501578.1,5,,7,7,0,50.0,1.0,3.6862,0,0.0,2.3152,0
9503578.1,5,,7,7,0,50.0,1.0,3.5862,0,0.0,2.2652,0
9505578.1,5,,7,7,0,50.0,1.0,3.4862,0,0.0,2.2152,0
9507578.1,5,,7,7,0,50.0,1.0,3.3862,0,0.0,2.1652,0
9509578.1,5,,7,7,0,50.0,1.0,3.2862,0,0.0,2.1152,0
9511578.1,5,,7,7,0,50.0,1.0,3.1862,0,0.0,2.0652,0
9513578.1,5,,7,7,0,50.0,1.0,3.0862,0,0.0,2.0152,0
9515578.1,5,,7,7,0,50.0,1.0,2.9862,0,0.0,1.9652,0
9517578.1,5,,7,7,0,50.0,1.0,2.8862,0,0.0,1.9152,0
9519578.1,5,,7,7,0,50.0,1.0,2.7862,0,0.0,1.8652,0
9521578.1,5,,7,7,0,50.0,1.0,2.6862,0,0.0,1.8152,0
9523578.1,5,,7,7,0,50.0,1.0,2.5862,0,0.0,1.7652,0
9525578.1,5,,7,7,0,50.0,1.0,2.4862,0,0.0,1.7152,0
9527578.1,5,,7,7,0,50.0,1.0,2.3862,0,0.0,1.6652,0
9529578.1,5,,7,7,0,50.0,1.0,2.2862,0,0.0,1.6152,0
9531578.1,5,,7,7,0,50.0,1.0,2.1862,0,0.0,1.5652,0
9533578.1,5,,7,7,0,50.0,1.0,2.0862,0,0.0,1.5152,0
9535578.1,5,,7,7,0,50.0,1.0,1.9862,0,0.0,1.4652,0
9537578.1,5,,7,7,0,50.0,1.0,1.8862,0,0.0,1.4152,0
9539578.1,5,,7,7,0,50.0,1.0,1.7862,0,0.0,1.3652,0
9541578.1,5,,7,7,0,50.0,1.0,1.6862,0,0.0,1.3152,0
9543022.3,5,,7,7,0,50.0,1.0,1.6139,0,0.0,1.2791,0
9543578.1,5,,6,6,0,50.0,1.0,1.5862,0,0.0,1.2652,0
9545578.1,5,,6,6,0,50.0,1.0,1.4862,0,0.0,1.2152,0
9547578.1,5,,6,6,0,50.0,1.0,1.3862,0,0.0,1.1652,0
9549578.1,5,,6,6,0,50.0,1.0,1.2862,0,0.0,1.1152,0
9551578.1,5,,6,6,0,50.0,1.0,1.1862,0,0.0,1.0652,0
9553578.1,5,,6,6,0,50.0,1.0,1.0862,0,0.0,1.0152,0
9555578.1,5,,6,6,0,50.0,1.0,0.9862,0,0.0,0.9652,0
9556028.6,5,,6,6,0,50.0,1.0,0.9636,0,0.0,0.954,0
9556607.8,5,,5,5,0,50.0,1.0,0.9347,0,0.0,0.9347,0
9557578.1,5,,4,4,0,50.0,1.0,0.8862,0,0.0,0.8862,0
9559578.1,5,,4,4,0,50.0,1.0,0.7862,0,0.0,0.7862,0
9561578.1,5,,4,4,0,50.0,1.0,0.6862,0,0.0,0.6862,0
9563317.2,5,,4,4,0,50.0,1.0,0.5992,0,0.0,0.5992,0
9563578.1,5,,3,3,0,50.0,1.0,0.5862,0,0.0,0.5862,0
9565578.1,5,,3,3,0,50.0,1.0,0.4862,0,0.0,0.4862,0
9567578.1,5,,3,3,0,50.0,1.0,0.3862,0,0.0,0.3862,0
9569285.9,5,,3,3,0,50.0,1.0,0.3008,0,0.0,0.3008,0
9569578.1,5,,2,2,0,50.0,1.0,0.2862,0,0.0,0.2862,0
9571578.1,5,,2,2,0,50.0,1.0,0.1862,0,0.0,0.1862,0
9573578.1,5,,2,2,0,50.0,1.0,0.0862,0,0.0,0.0862,0
9574315.0,5,,2,2,0,50.0,1.0,0.0493,0,0.0,0.0493,0
9575301.1,5,,1,1,0,50.0,1.0,0.0,0,0.0,0.0,0
9575578.1,6,,124,56,8,50.0,1.0,73.4151,12.9032,0.0036,38.7858,0
9577578.1,6,,124,56,8,50.0,1.0,73.3151,12.9032,0.0294,38.5253,0
9579578.1,6,,124,56,8,50.0,1.0,73.2151,12.9032,0.0552,38.2648,0
9581578.1,6,,124,56,8,50.0,1.0,73.1151,12.9032,0.081,38.0044,0
9583578.1,6,,124,56,8,50.0,1.0,73.0151,12.9032,0.1068,37.7439,0
9585578.1,6,,124,56,8,50.0,1.0,72.9151,12.9032,0.1326,37.4834,0
9587578.1,6,,124,56,8,50.0,1.0,72.8151,12.9032,0.1584,37.2229,0
9589578.1,6,,124,56,8,50.0,1.0,72.7151,12.9032,0.1842,36.9624,0
9591578.1,6,,124,56,8,50.0,1.0,72.6151,12.9032,0.21,36.7019,0
9593578.1,6,,124,56,8,50.0,1.0,72.5151,12.9032,0.2358,36.4415,0
9595578.1,6,,124,56,8,50.0,1.0,72.4151,12.9032,0.2616,36.181,0
9597578.1,6,,124,56,8,50.0,1.0,72.3151,12.9032,0.2874,35.9205,0
9599578.1,6,,124,56,8,50.0,1.0,72.2151,12.9032,0.3133,35.66,0
9601578.1,6,,124,56,8,50.0,1.0,72.1151,12.9032,0.3391,35.3995,0
9603578.1,6,,124,56,8,50.0,1.0,72.0151,12.9032,0.3649,35.139,0
9605578.1,6,,124,56,8,50.0,1.0,71.9151,12.9032,0.3907,34.8786,0
9607578.1,6,,124,56,8,50.0,1.0,71.8151,12.9032,0.4165,34.6181,0
9609578.1,6,,124,56,8,50.0,1.0,71.7151,12.9032,0.4423,34.3576,0
9610572.2,6,,124,56,8,50.0,1.0,71.6654,12.9032,0.4551,34.2281,0
9611578.1,6,,123,56,8,50.0,1.0,71.6151,13.0108,0.4682,34.1079,0
9613578.1,6,,123,56,8,50.0,1.0,71.5151,13.0108,0.4942,33.869,0
9613958.3,6,,123,56,8,50.0,1.0,71.4961,13.0108,0.4992,33.8236,0
9615578.1,6,,122,56,8,50.0,1.0,71.4151,13.1183,0.5204,33.6302,0
9617398.9,6,,122,56,8,50.0,1.0,71.3241,13.1183,0.5443,33.4128,0
9617578.1,6,,121,56,8,50.0,1.0,71.3151,13.2332,0.5467,33.3935,0
9618755.1,6,,121,56,8,50.0,1.0,71.2563,13.2332,0.5622,33.2666,0
9619037.3,6,,120,56,8,50.0,1.0,71.2422,13.3407,0.566,33.2362,0
9619578.1,6,,119,56,8,50.0,1.0,71.2151,13.4483,0.5733,33.1779,0
9619692.7,6,,119,56,8,50.0,1.0,71.2094,13.4483,0.5748,33.1656,0
9621578.1,6,,118,56,8,50.0,1.0,71.1151,13.5632,0.6004,32.9629,0
9622851.1,6,,118,56,8,50.0,1.0,71.0515,13.5632,0.6177,32.826,0
9623578.1,6,,117,56,8,50.0,1.0,71.0151,13.6782,0.6276,32.7479,0
9625578.1,6,,117,56,8,50.0,1.0,70.9151,13.6782,0.655,32.533,0
9626546.6,6,,117,56,8,50.0,1.0,70.8667,13.6782,0.6682,32.4289,0
9627502.4,6,,116,56,8,50.0,1.0,70.8189,13.8013,0.6814,32.3264,0
9627578.1,6,,115,56,8,50.0,1.0,70.8151,13.9163,0.6825,32.3182,0
9627766.3,6,,115,56,8,50.0,1.0,70.8057,13.9163,0.6851,32.2981,0
9629578.1,6,,114,56,8,50.0,1.0,70.7151,14.0394,0.7105,32.104,0
9629723.3,6,,114,56,8,50.0,1.0,70.7079,14.0394,0.7126,32.0885,0
9631578.1,6,,113,56,8,50.0,1.0,70.6151,14.1626,0.7388,31.89,0
9633578.1,6,,113,56,8,50.0,1.0,70.5151,14.1626,0.7671,31.676,0
9634702.2,6,,113,56,8,50.0,1.0,70.4589,14.1626,0.7831,31.5557,0
9635578.1,6,,112,56,8,50.0,1.0,70.4151,14.2948,0.7956,31.4621,0
9636859.4,6,,112,56,8,50.0,1.0,70.3511,14.2948,0.8139,31.3251,0
9636932.3,6,,111,56,8,50.0,1.0,70.3474,14.4271,0.815,31.3173,0
9637578.1,6,,110,56,8,50.0,1.0,70.3151,14.5503,0.8244,31.2564,0
9639578.1,6,,110,56,8,50.0,1.0,70.2151,14.5503,0.8535,31.0675,0
9640509.4,6,,110,56,8,50.0,1.0,70.1686,14.5503,0.867,30.9796,0
9641578.1,6,,109,56,8,50.0,1.0,70.1151,14.6825,0.8827,30.8788,0
9642794.1,6,,109,56,8,50.0,1.0,70.0543,14.6825,0.9005,30.7642,0
9643578.1,6,,108,56,8,50.0,1.0,70.0151,14.8148,0.9122,30.7006,0
9644268.7,6,,108,56,8,50.0,1.0,69.9806,14.8148,0.9224,30.6447,0
9645578.1,6,,107,56,8,50.0,1.0,69.9151,14.9573,0.942,30.5573,0
9647578.1,6,,107,56,8,50.0,1.0,69.8151,14.9573,0.9719,30.4239,0
9649578.1,6,,107,56,8,50.0,1.0,69.7151,14.9573,1.0018,30.2905,0
9651578.1,6,,107,56,8,50.0,1.0,69.6151,14.9573,1.0317,30.1571,0
9652342.3,6,,107,56,8,50.0,1.0,69.5769,14.9573,1.0432,30.1061,0
9653578.1,6,,106,56,8,50.0,1.0,69.5151,15.0997,1.0618,30.0239,0
9655255.0,6,,106,56,8,50.0,1.0,69.4313,15.0997,1.0871,29.9122,0
9655578.1,6,,105,56,8,50.0,1.0,69.4151,15.2422,1.0921,29.8907,0
9657578.1,6,,105,56,8,50.0,1.0,69.3151,15.2422,1.1225,29.7578,0
9658786.7,6,,105,56,8,50.0,1.0,69.2547,15.2422,1.141,29.6775,0
9659578.1,6,,104,56,8,50.0,1.0,69.2151,15.3846,1.1531,29.625,0
9659915.4,6,,104,56,8,50.0,1.0,69.1983,15.3846,1.1583,29.6026,0
9661578.1,6,,103,56,8,50.0,1.0,69.1151,15.5385,1.1842,29.4925,0
9663578.1,6,,103,56,8,50.0,1.0,69.0151,15.5385,1.2152,29.36,0
9665578.1,6,,103,56,8,50.0,1.0,68.9151,15.5385,1.2463,29.2276,0
9667578.1,6,,103,56,8,50.0,1.0,68.8151,15.5385,1.2774,29.0952,0
9669578.1,6,,103,56,8,50.0,1.0,68.7151,15.5385,1.3085,28.9627,0
9671578.1,6,,103,56,8,50.0,1.0,68.6151,15.5385,1.3395,28.8303,0
9673578.1,6,,103,56,8,50.0,1.0,68.5151,15.5385,1.3706,28.6978,0
9675578.1,6,,103,56,8,50.0,1.0,68.4151,15.5385,1.4017,28.5654,0
9677578.1,6,,103,56,8,50.0,1.0,68.3151,15.5385,1.4328,28.4329,0
9679578.1,6,,103,56,8,50.0,1.0,68.2151,15.5385,1.4639,28.3005,0
9681578.1,6,,103,56,8,50.0,1.0,68.1151,15.5385,1.4949,28.168,0
9683578.1,6,,103,56,8,50.0,1.0,68.0151,15.5385,1.526,28.0356,0
9685578.1,6,,103,56,8,50.0,1.0,67.9151,15.5385,1.5571,27.9032,0
9687578.1,6,,103,56,8,50.0,1.0,67.8151,15.5385,1.5882,27.7707,0
9689578.1,6,,103,56,8,50.0,1.0,67.7151,15.5385,1.6192,27.6383,0
9691578.1,6,,103,56,8,50.0,1.0,67.6151,15.5385,1.6503,27.5058,0
9693578.1,6,,103,56,8,50.0,1.0,67.5151,15.5385,1.6814,27.3734,0
9695578.1,6,,103,56,8,50.0,1.0,67.4151,15.5385,1.7125,27.2409,0
9697578.1,6,,103,56,8,50.0,1.0,67.3151,15.5385,1.7435,27.1085,0
9699578.1,6,,103,56,8,50.0,1.0,67.2151,15.5385,1.7746,26.976,0
9701578.1,6,,103,56,8,50.0,1.0,67.1151,15.5385,1.8057,26.8436,0
9703578.1,6,,103,56,8,50.0,1.0,67.0151,15.5385,1.8368,26.7112,0
9703988.3,6,,103,56,8,50.0,1.0,66.9946,15.5385,1.8432,26.684,0
9705578.1,6,,102,56,8,50.0,1.0,66.9151,15.6923,1.8681,26.5789,0
9707578.1,6,,102,56,8,50.0,1.0,66.8151,15.6923,1.8995,26.4467,0
9709578.1,6,,102,56,8,50.0,1.0,66.7151,15.6923,1.9309,26.3145,0
9711578.1,6,,102,56,8,50.0,1.0,66.6151,15.6923,1.9623,26.1823,0
9713578.1,6,,102,56,8,50.0,1.0,66.5151,15.6923,1.9936,26.0501,0
9715578.1,6,,102,56,8,50.0,1.0,66.4151,15.6923,2.025,25.9179,0
9716576.7,6,,102,56,8,50.0,1.0,66.3652,15.6923,2.0407,25.8519,0
9717578.1,6,,101,56,8,50.0,1.0,66.3151,15.859,2.0566,25.7858,0
9719578.1,6,,101,56,8,50.0,1.0,66.2151,15.859,2.0883,25.6539,0
9721578.1,6,,101,56,8,50.0,1.0,66.1151,15.859,2.12,25.5219,0
9722939.2,6,,101,56,8,50.0,1.0,66.0471,15.859,2.1416,25.4321,0
9723578.1,6,,100,56,8,50.0,1.0,66.0151,16.0128,2.1518,25.3901,0
9725578.1,6,,100,56,8,50.0,1.0,65.9151,16.0128,2.1839,25.2583,0
9727578.1,6,,100,56,8,50.0,1.0,65.8151,16.0128,2.2159,25.1266,0
9727881.7,6,,100,56,8,50.0,1.0,65.8,16.0128,2.2207,25.1066,0
9729578.1,6,,99,56,8,50.0,1.0,65.7151,16.1795,2.2482,24.9951,0
9729938.8,6,,99,56,8,50.0,1.0,65.6971,16.1795,2.254,24.9714,0
9731131.2,6,,98,56,8,50.0,1.0,65.6375,16.3333,2.2735,24.9115,0
9731376.9,6,,97,56,8,50.0,1.0,65.6252,16.5,2.2776,24.8992,0
9731578.1,6,,96,56,8,50.0,1.0,65.6151,16.6812,2.2809,24.8891,0
9733578.1,6,,96,56,8,50.0,1.0,65.5151,16.6812,2.3143,24.7892,0
9734489.9,6,,96,56,8,50.0,1.0,65.4696,16.6812,2.3295,24.7436,0
9735578.1,6,,95,56,8,50.0,1.0,65.4151,16.8478,2.3478,24.7075,0
9737578.1,6,,95,56,8,50.0,1.0,65.3151,16.8478,2.3815,24.6411,0
9739578.1,6,,95,56,8,50.0,1.0,65.2151,16.8478,2.4152,24.5747,0
9741578.1,6,,95,56,8,50.0,1.0,65.1151,16.8478,2.4489,24.5083,0
9743578.1,6,,95,56,8,50.0,1.0,65.0151,16.8478,2.4826,24.4419,0
9745194.1,6,,95,56,8,50.0,1.0,64.9343,16.8478,2.5098,24.3882,0
9745578.1,6,,94,56,8,50.0,1.0,64.9151,17.029,2.5164,24.3758,0
9747578.1,6,,94,56,8,50.0,1.0,64.8151,17.029,2.5504,24.3111,0
9749578.1,6,,94,56,8,50.0,1.0,64.7151,17.029,2.5845,24.2465,0
9751578.1,6,,94,56,8,50.0,1.0,64.6151,17.029,2.6185,24.1818,0
9753578.1,6,,94,56,8,50.0,1.0,64.5151,17.029,2.6526,24.1171,0
9755578.1,6,,94,56,8,50.0,1.0,64.4151,17.029,2.6867,24.0525,0
9757578.1,6,,94,56,8,50.0,1.0,64.3151,17.029,2.7207,23.9878,0
9759578.1,6,,94,56,8,50.0,1.0,64.2151,17.029,2.7548,23.9232,0
9761578.1,6,,94,56,8,50.0,1.0,64.1151,17.029,2.7888,23.8585,0
9763578.1,6,,94,56,8,50.0,1.0,64.0151,17.029,2.8229,23.7938,0
9765578.1,6,,94,56,8,50.0,1.0,63.9151,17.029,2.8569,23.7292,0
9767578.1,6,,94,56,8,50.0,1.0,63.8151,17.029,2.891,23.6645,0
9769578.1,6,,94,56,8,50.0,1.0,63.7151,17.029,2.9251,23.5998,0
9771578.1,6,,94,56,8,50.0,1.0,63.6151,17.029,2.9591,23.5352,0
9773578.1,6,,94,56,8,50.0,1.0,63.5151,17.029,2.9932,23.4705,0
9775578.1,6,,94,56,8,50.0,1.0,63.4151,17.029,3.0272,23.4059,0
9777578.1,6,,94,56,8,50.0,1.0,63.3151,17.029,3.0613,23.3412,0
9779578.1,6,,94,56,8,50.0,1.0,63.2151,17.029,3.0953,23.2765,0
9781578.1,6,,94,56,8,50.0,1.0,63.1151,17.029,3.1294,23.2119,0
9783578.1,6,,94,56,8,50.0,1.0,63.0151,17.029,3.1635,23.1472,0
9785578.1,6,,94,56,8,50.0,1.0,62.9151,17.029,3.1975,23.0825,0
9787578.1,6,,94,56,8,50.0,1.0,62.8151,17.029,3.2316,23.0179,0
9789103.2,6,,94,56,8,50.0,1.0,62.7389,17.029,3.2576,22.9686,0
9789578.1,6,,93,56,8,50.0,1.0,62.7151,17.2101,3.2657,22.9533,0
9791578.1,6,,93,56,8,50.0,1.0,62.6151,17.2101,3.3001,22.8889,0
9793578.1,6,,93,56,8,50.0,1.0,62.5151,17.2101,3.3346,22.8245,0
9795578.1,6,,93,56,8,50.0,1.0,62.4151,17.2101,3.369,22.7601,0
9797578.1,6,,93,56,8,50.0,1.0,62.3151,17.2101,3.4034,22.6957,0
9799578.1,6,,93,56,8,50.0,1.0,62.2151,17.2101,3.4378,22.6313,0
9801578.1,6,,93,56,8,50.0,1.0,62.1151,17.2101,3.4722,22.5669,0
9803578.1,6,,93,56,8,50.0,1.0,62.0151,17.2101,3.5067,22.5025,0
9805578.1,6,,93,56,8,50.0,1.0,61.9151,17.2101,3.5411,22.4381,0
9807578.1,6,,93,56,8,50.0,1.0,61.8151,17.2101,3.5755,22.3737,0
9809578.1,6,,93,56,8,50.0,1.0,61.7151,17.2101,3.6099,22.3094,0
9811578.1,6,,93,56,8,50.0,1.0,61.6151,17.2101,3.6443,22.245,0
9813578.1,6,,93,56,8,50.0,1.0,61.5151,17.2101,3.6788,22.1806,0
9815578.1,6,,93,56,8,50.0,1.0,61.4151,17.2101,3.7132,22.1162,0
9817578.1,6,,93,56,8,50.0,1.0,61.3151,17.2101,3.7476,22.0518,0
9819578.1,6,,93,56,8,50.0,1.0,61.2151,17.2101,3.782,21.9874,0
9820041.7,6,,93,56,8,50.0,1.0,61.192,17.2101,3.79,21.9725,0
9821578.1,6,,92,56,8,50.0,1.0,61.1151,17.3913,3.8167,21.9232,0
9823578.1,6,,92,56,8,50.0,1.0,61.0151,17.3913,3.8515,21.8591,0
9825578.1,6,,92,56,8,50.0,1.0,60.9151,17.3913,3.8863,21.7949,0
9827578.1,6,,92,56,8,50.0,1.0,60.8151,17.3913,3.9211,21.7308,0
9829578.1,6,,92,56,8,50.0,1.0,60.7151,17.3913,3.9559,21.6667,0
9831578.1,6,,92,56,8,50.0,1.0,60.6151,17.3913,3.9906,21.6025,0
9833578.1,6,,92,56,8,50.0,1.0,60.5151,17.3913,4.0254,21.5384,0
9835578.1,6,,92,56,8,50.0,1.0,60.4151,17.3913,4.0602,21.4743,0
9837578.1,6,,92,56,8,50.0,1.0,60.3151,17.3913,4.095,21.4101,0
9839578.1,6,,92,56,8,50.0,1.0,60.2151,17.3913,4.1298,21.346,0
9841578.1,6,,92,56,8,50.0,1.0,60.1151,17.3913,4.1646,21.2819,0
9843578.1,6,,92,56,8,50.0,1.0,60.0151,17.3913,4.1993,21.2178,0
9845578.1,6,,92,56,8,50.0,1.0,59.9151,17.3913,4.2341,21.1536,0
9847578.1,6,,92,56,8,50.0,1.0,59.8151,17.3913,4.2689,21.0895,0
9849578.1,6,,92,56,8,50.0,1.0,59.7151,17.3913,4.3037,21.0254,0
9851578.1,6,,92,56,8,50.0,1.0,59.6151,17.3913,4.3385,20.9612,0
9853578.1,6,,92,56,8,50.0,1.0,59.5151,17.3913,4.3732,20.8971,0
9855578.1,6,,92,56,8,50.0,1.0,59.4151,17.3913,4.408,20.833,0
9856778.2,6,,92,56,8,50.0,1.0,59.3551,17.3913,4.4289,20.7945,0
9857578.1,6,,91,56,8,50.0,1.0,59.3151,17.5889,4.443,20.769,0
9859578.1,6,,91,56,8,50.0,1.0,59.2151,17.5889,4.4782,20.7051,0
9861578.1,6,,91,56,8,50.0,1.0,59.1151,17.5889,4.5133,20.6413,0
9863578.1,6,,91,56,8,50.0,1.0,59.0151,17.5889,4.5485,20.5774,0
9864469.6,6,,91,56,8,50.0,1.0,58.9706,17.5889,4.5642,20.5489,0
9865578.1,6,,90,56,8,50.0,1.0,58.9151,17.7866,4.5839,20.5137,0
9867578.1,6,,90,56,8,50.0,1.0,58.8151,17.7866,4.6195,20.4501,0
9869578.1,6,,90,56,8,50.0,1.0,58.7151,17.7866,4.655,20.3866,0
9871578.1,6,,90,56,8,50.0,1.0,58.6151,17.7866,4.6906,20.323,0
9873578.1,6,,90,56,8,50.0,1.0,58.5151,17.7866,4.7262,20.2594,0
9875578.1,6,,90,56,8,50.0,1.0,58.4151,17.7866,4.7618,20.1958,0
9877578.1,6,,90,56,8,50.0,1.0,58.3151,17.7866,4.7973,20.1323,0
9879578.1,6,,90,56,8,50.0,1.0,58.2151,17.7866,4.8329,20.0687,0
9880689.8,6,,90,56,8,50.0,1.0,58.1596,17.7866,4.8527,20.0333,0
9881578.1,6,,89,56,8,50.0,1.0,58.1151,18.003,4.8687,20.0052,0
9883578.1,6,,89,56,8,50.0,1.0,58.0151,18.003,4.9047,19.942,0
9885578.1,6,,89,56,8,50.0,1.0,57.9151,18.003,4.9407,19.8787,0
9887578.1,6,,89,56,8,50.0,1.0,57.8151,18.003,4.9767,19.8154,0
9889578.1,6,,89,56,8,50.0,1.0,57.7151,18.003,5.0127,19.7521,0
9891578.1,6,,89,56,8,50.0,1.0,57.6151,18.003,5.0487,19.6888,0
9892158.6,6,,89,56,8,50.0,1.0,57.5861,18.003,5.0592,19.6705,0
9893578.1,6,,88,56,8,50.0,1.0,57.5151,18.2006,5.085,19.6269,0
9893960.8,6,,88,56,8,50.0,1.0,57.496,18.2006,5.092,19.6152,0
9895408.1,6,,87,56,8,50.0,1.0,57.4236,18.4171,5.1186,19.5724,0
9895578.1,6,,86,56,8,50.0,1.0,57.4151,18.6147,5.1218,19.5674,0
9897578.1,6,,86,56,8,50.0,1.0,57.3151,18.6147,5.159,19.5084,0
9899578.1,6,,86,56,8,50.0,1.0,57.2151,18.6147,5.1962,19.4495,0
9901578.1,6,,86,56,8,50.0,1.0,57.1151,18.6147,5.2335,19.3906,0
9903578.1,6,,86,56,8,50.0,1.0,57.0151,18.6147,5.2707,19.3317,0
9905578.1,6,,86,56,8,50.0,1.0,56.9151,18.6147,5.3079,19.2728,0
9907578.1,6,,86,56,8,50.0,1.0,56.8151,18.6147,5.3452,19.2139,0
9909578.1,6,,86,56,8,50.0,1.0,56.7151,18.6147,5.3824,19.155,0
9911578.1,6,,86,56,8,50.0,1.0,56.6151,18.6147,5.4196,19.096,0
9913578.1,6,,86,56,8,50.0,1.0,56.5151,18.6147,5.4568,19.0371,0
9915578.1,6,,86,56,8,50.0,1.0,56.4151,18.6147,5.4941,18.9782,0
9916252.2,6,,86,56,8,50.0,1.0,56.3814,18.6147,5.5066,18.9584,0
9917578.1,6,,85,56,8,50.0,1.0,56.3151,18.8312,5.5316,18.9195,0
9919578.1,6,,85,56,8,50.0,1.0,56.2151,18.8312,5.5693,18.8609,0
9921578.1,6,,85,56,8,50.0,1.0,56.1151,18.8312,5.6069,18.8023,0
9923578.1,6,,85,56,8,50.0,1.0,56.0151,18.8312,5.6446,18.7436,0
9925578.1,6,,85,56,8,50.0,1.0,55.9151,18.8312,5.6822,18.685,0
9926646.9,6,,85,56,8,50.0,1.0,55.8617,18.8312,5.7024,18.6537,0
9927578.1,6,,84,56,8,50.0,1.0,55.8151,19.0693,5.7201,18.6275,0
9929578.1,6,,84,56,8,50.0,1.0,55.7151,19.0693,5.7583,18.5713,0
9931578.1,6,,84,56,8,50.0,1.0,55.6151,19.0693,5.7964,18.5151,0
9933255.1,6,,84,56,8,50.0,1.0,55.5313,19.0693,5.8284,18.4679,0
9933455.4,6,,83,56,8,50.0,1.0,55.5213,19.2857,5.8322,18.4623,0
9933578.1,6,,82,56,8,50.0,1.0,55.5151,19.5238,5.8346,18.4589,0
9935578.1,6,,82,56,8,50.0,1.0,55.4151,19.5238,5.8737,18.4033,0
9937578.1,6,,82,56,8,50.0,1.0,55.3151,19.5238,5.9127,18.3477,0
9939180.7,6,,82,56,8,50.0,1.0,55.235,19.5238,5.944,18.3031,0
9939578.1,6,,81,56,8,50.0,1.0,55.2151,19.7619,5.9519,18.2921,0
9941578.1,6,,81,56,8,50.0,1.0,55.1151,19.7619,5.9914,18.2368,0
9942457.5,6,,81,56,8,50.0,1.0,55.0712,19.7619,6.0088,18.2125,0
9943578.1,6,,80,56,8,50.0,1.0,55.0151,20.0251,6.0312,18.1817,0
9944924.2,6,,80,56,8,50.0,1.0,54.9478,20.0251,6.0582,18.1447,0
9945578.1,6,,79,56,8,50.0,1.0,54.9151,20.2882,6.0714,18.1269,0
9947578.1,6,,79,56,8,50.0,1.0,54.8151,20.2882,6.112,18.0722,0
9949578.1,6,,79,56,8,50.0,1.0,54.7151,20.2882,6.1526,18.0176,0
9951578.1,6,,79,56,8,50.0,1.0,54.6151,20.2882,6.1932,17.9629,0
9953578.1,6,,79,56,8,50.0,1.0,54.5151,20.2882,6.2337,17.9083,0
9955578.1,6,,79,56,8,50.0,1.0,54.4151,20.2882,6.2743,17.8536,0
9957578.1,6,,79,56,8,50.0,1.0,54.3151,20.2882,6.3149,17.799,0
9959059.9,6,,79,56,8,50.0,1.0,54.2411,20.2882,6.345,17.7585,0
9959578.1,6,,78,56,8,50.0,1.0,54.2151,20.5263,6.3556,17.7444,0
9960489.0,6,,78,56,8,50.0,1.0,54.1696,20.5263,6.3743,17.7197,0
9961578.1,6,,77,56,8,50.0,1.0,54.1151,20.8187,6.397,17.6903,0
9962691.7,6,,77,56,8,50.0,1.0,54.0595,20.8187,6.4202,17.6602,0
9963578.1,6,,76,56,8,50.0,1.0,54.0151,21.1111,6.4389,17.6364,0
9964166.3,6,,76,56,8,50.0,1.0,53.9857,21.1111,6.4513,17.6206,0
9964912.6,6,,75,56,8,50.0,1.0,53.9484,21.4379,6.4673,17.6007,0
9965578.1,6,,74,56,8,50.0,1.0,53.9151,21.7647,6.4818,17.5831,0
9967578.1,6,,74,56,8,50.0,1.0,53.8151,21.7647,6.5253,17.5301,0
9969578.1,6,,74,56,8,50.0,1.0,53.7151,21.7647,6.5688,17.4771,0
9970528.7,6,,74,56,8,50.0,1.0,53.6676,21.7647,6.5895,17.4519,0
9970883.7,6,,73,56,8,50.0,1.0,53.6499,22.0279,6.5973,17.4426,0
9971578.1,6,,72,56,8,50.0,1.0,53.6151,22.291,6.6128,17.4253,0
9973578.1,6,,72,56,8,50.0,1.0,53.5151,22.291,6.6574,17.3753,0
9975553.1,6,,72,56,8,50.0,1.0,53.4164,22.291,6.7014,17.326,0
9975578.1,6,,71,56,8,50.0,1.0,53.4151,22.5834,6.702,17.3254,0
9977578.1,6,,71,56,8,50.0,1.0,53.3151,22.5834,6.7472,17.2786,0
9979578.1,6,,71,56,8,50.0,1.0,53.2151,22.5834,6.7923,17.2318,0
9981578.1,6,,71,56,8,50.0,1.0,53.1151,22.5834,6.8375,17.185,0
9983578.1,6,,71,56,8,50.0,1.0,53.0151,22.5834,6.8827,17.1382,0
9985578.1,6,,71,56,8,50.0,1.0,52.9151,22.5834,6.9278,17.0913,0
9987578.1,6,,71,56,8,50.0,1.0,52.8151,22.5834,6.973,17.0445,0
9989578.1,6,,71,56,8,50.0,1.0,52.7151,22.5834,7.0182,16.9977,0
9991578.1,6,,71,56,8,50.0,1.0,52.6151,22.5834,7.0633,16.9509,0
9992019.1,6,,71,56,8,50.0,1.0,52.5931,22.5834,7.0733,16.9405,0
9993247.9,6,,70,56,7,50.0,1.0,52.5317,19.8261,6.2006,16.912,0
9993578.1,6,,69,56,7,50.0,1.0,52.5151,20.1529,6.2073,16.9049,0
9995578.1,6,,69,56,7,50.0,1.0,52.4151,20.1529,6.2476,16.862,0
9997578.1,6,,69,56,7,50.0,1.0,52.3151,20.1529,6.2879,16.8191,0
9999578.1,6,,69,56,7,50.0,1.0,52.2151,20.1529,6.3282,16.7762,0
10001578.1,6,,69,56,7,50.0,1.0,52.1151,20.1529,6.3685,16.7333,0
10003578.1,6,,69,56,7,50.0,1.0,52.0151,20.1529,6.4088,16.6903,0
10005578.1,6,,69,56,7,50.0,1.0,51.9151,20.1529,6.4491,16.6474,0
10007578.1,6,,69,56,7,50.0,1.0,51.8151,20.1529,6.4894,16.6045,0
10009440.7,6,,69,56,7,50.0,1.0,51.722,20.1529,6.527,16.5645,0
10009578.1,6,,68,56,7,50.0,1.0,51.7151,20.4453,6.5298,16.5616,0
10011578.1,6,,68,56,7,50.0,1.0,51.6151,20.4453,6.5707,16.519,0
10012389.8,6,,68,56,7,50.0,1.0,51.5746,20.4453,6.5872,16.5017,0
10013578.1,6,,67,56,7,50.0,1.0,51.5151,20.7721,6.6119,16.4766,0
10015578.1,6,,67,56,7,50.0,1.0,51.4151,20.7721,6.6535,16.4343,0
10017578.1,6,,67,56,7,50.0,1.0,51.3151,20.7721,6.695,16.3921,0
10019578.1,6,,67,56,7,50.0,1.0,51.2151,20.7721,6.7366,16.3498,0
10021578.1,6,,67,56,7,50.0,1.0,51.1151,20.7721,6.7781,16.3076,0
10022138.3,6,,67,56,7,50.0,1.0,51.0871,20.7721,6.7897,16.2957,0
10023578.1,6,,66,56,6,50.0,1.0,51.0151,18.0147,5.8695,16.2656,0
10025578.1,6,,66,56,6,50.0,1.0,50.9151,18.0147,5.9055,16.2237,0
10026671.2,6,,66,56,6,50.0,1.0,50.8605,18.0147,5.9252,16.2008,0
10027578.1,6,,65,56,5,50.0,1.0,50.8151,15.2574,4.956,16.1836,0
10029578.1,6,,65,56,5,50.0,1.0,50.7151,15.2574,4.9865,16.1457,0
10031578.1,6,,65,56,5,50.0,1.0,50.6151,15.2574,5.0171,16.1079,0
10033578.1,6,,65,56,5,50.0,1.0,50.5151,15.2574,5.0476,16.07,0
10035578.1,6,,65,56,5,50.0,1.0,50.4151,15.2574,5.0781,16.0321,0
10037578.1,6,,65,56,5,50.0,1.0,50.3151,15.2574,5.1086,15.9942,0
10039578.1,6,,65,56,5,50.0,1.0,50.2151,15.2574,5.1391,15.9564,0
10041578.1,6,,65,56,5,50.0,1.0,50.1151,15.2574,5.1696,15.9185,0
10043578.1,6,,65,56,5,50.0,1.0,50.0151,15.2574,5.2001,15.8806,0
10045578.1,6,,65,56,5,50.0,1.0,49.9151,15.2574,5.2307,15.8427,0
10047578.1,6,,65,56,5,50.0,1.0,49.8151,15.2574,5.2612,15.8049,0
10049578.1,6,,65,56,5,50.0,1.0,49.7151,15.2574,5.2917,15.767,0
10051578.1,6,,65,56,5,50.0,1.0,49.6151,15.2574,5.3222,15.7291,0
10053578.1,6,,65,56,5,50.0,1.0,49.5151,15.2574,5.3527,15.6913,0
10055578.1,6,,65,56,5,50.0,1.0,49.4151,15.2574,5.3832,15.6534,0
10057578.1,6,,65,56,5,50.0,1.0,49.3151,15.2574,5.4137,15.6155,0
10059578.1,6,,65,56,5,50.0,1.0,49.2151,15.2574,5.4443,15.5776,0
10061578.1,6,,65,56,5,50.0,1.0,49.1151,15.2574,5.4748,15.5398,0
10063578.1,6,,65,56,5,50.0,1.0,49.0151,15.2574,5.5053,15.5019,0
10065578.1,6,,65,56,5,50.0,1.0,48.9151,15.2574,5.5358,15.464,0
10067578.1,6,,65,56,5,50.0,1.0,48.8151,15.2574,5.5663,15.4261,0
10069578.1,6,,65,56,5,50.0,1.0,48.7151,15.2574,5.5968,15.3883,0
10071578.1,6,,65,56,5,50.0,1.0,48.6151,15.2574,5.6273,15.3504,0
10071651.4,6,,65,56,5,50.0,1.0,48.6115,15.2574,5.6285,15.349,0
10073578.1,6,,64,55,5,50.0,1.0,48.5151,15.4657,5.6583,15.3125,0
10075578.1,6,,64,55,5,50.0,1.0,48.4151,15.4657,5.6892,15.2745,0
10077578.1,6,,64,55,5,50.0,1.0,48.3151,15.4657,5.7201,15.2366,0
10079578.1,6,,64,55,5,50.0,1.0,48.2151,15.4657,5.7511,15.1987,0
10081578.1,6,,64,55,5,50.0,1.0,48.1151,15.4657,5.782,15.1607,0
10083578.1,6,,64,55,5,50.0,1.0,48.0151,15.4657,5.8129,15.1228,0
10085578.1,6,,64,55,5,50.0,1.0,47.9151,15.4657,5.8439,15.0849,0
10087578.1,6,,64,55,5,50.0,1.0,47.8151,15.4657,5.8748,15.0469,0
10089578.1,6,,64,55,5,50.0,1.0,47.7151,15.4657,5.9057,15.009,0
10091578.1,6,,64,55,5,50.0,1.0,47.6151,15.4657,5.9366,14.9711,0
10093578.1,6,,64,55,5,50.0,1.0,47.5151,15.4657,5.9676,14.9331,0
10095578.1,6,,64,55,5,50.0,1.0,47.4151,15.4657,5.9985,14.8952,0
10097578.1,6,,64,55,5,50.0,1.0,47.3151,15.4657,6.0294,14.8573,0
10099578.1,6,,64,55,5,50.0,1.0,47.2151,15.4657,6.0604,14.8193,0
10101578.1,6,,64,55,5,50.0,1.0,47.1151,15.4657,6.0913,14.7814,0
10103578.1,6,,64,55,5,50.0,1.0,47.0151,15.4657,6.1222,14.7434,0
10105578.1,6,,64,55,5,50.0,1.0,46.9151,15.4657,6.1532,14.7055,0
10107578.1,6,,64,55,5,50.0,1.0,46.8151,15.4657,6.1841,14.6676,0
10109578.1,6,,64,55,5,50.0,1.0,46.7151,15.4657,6.215,14.6296,0
10111470.4,6,,64,55,5,50.0,1.0,46.6205,15.4657,6.2443,14.5938,0
10111578.1,6,,63,54,5,50.0,1.0,46.6151,15.8333,6.246,14.5917,0
10113578.1,6,,63,54,5,50.0,1.0,46.5151,15.8333,6.2777,14.5537,0
10115578.1,6,,63,54,5,50.0,1.0,46.4151,15.8333,6.3093,14.5157,0
10117578.1,6,,63,54,5,50.0,1.0,46.3151,15.8333,6.341,14.4777,0
10119578.1,6,,63,54,5,50.0,1.0,46.2151,15.8333,6.3727,14.4396,0
10121578.1,6,,63,54,5,50.0,1.0,46.1151,15.8333,6.4043,14.4016,0
10123578.1,6,,63,54,5,50.0,1.0,46.0151,15.8333,6.436,14.3636,0
10125578.1,6,,63,54,5,50.0,1.0,45.9151,15.8333,6.4677,14.3256,0
10127578.1,6,,63,54,5,50.0,1.0,45.8151,15.8333,6.4993,14.2876,0
10129578.1,6,,63,54,5,50.0,1.0,45.7151,15.8333,6.531,14.2496,0
10131578.1,6,,63,54,5,50.0,1.0,45.6151,15.8333,6.5627,14.2115,0
10133578.1,6,,63,54,5,50.0,1.0,45.5151,15.8333,6.5943,14.1735,0
10135578.1,6,,63,54,5,50.0,1.0,45.4151,15.8333,6.626,14.1355,0
10137578.1,6,,63,54,5,50.0,1.0,45.3151,15.8333,6.6577,14.0975,0
10139578.1,6,,63,54,5,50.0,1.0,45.2151,15.8333,6.6893,14.0595,0
10141578.1,6,,63,54,5,50.0,1.0,45.1151,15.8333,6.721,14.0215,0
10143578.1,6,,63,54,5,50.0,1.0,45.0151,15.8333,6.7527,13.9834,0
10145578.1,6,,63,54,5,50.0,1.0,44.9151,15.8333,6.7843,13.9454,0
10147578.1,6,,63,54,5,50.0,1.0,44.8151,15.8333,6.816,13.9074,0
10149578.1,6,,63,54,5,50.0,1.0,44.7151,15.8333,6.8477,13.8694,0
10151578.1,6,,63,54,5,50.0,1.0,44.6151,15.8333,6.8793,13.8314,0
10153578.1,6,,63,54,5,50.0,1.0,44.5151,15.8333,6.911,13.7934,0
10155578.1,6,,63,54,5,50.0,1.0,44.4151,15.8333,6.9427,13.7553,0
10157578.1,6,,63,54,5,50.0,1.0,44.3151,15.8333,6.9743,13.7173,0
10159578.1,6,,63,54,5,50.0,1.0,44.2151,15.8333,7.006,13.6793,0
10161578.1,6,,63,54,5,50.0,1.0,44.1151,15.8333,7.0377,13.6413,0
10163578.1,6,,63,54,5,50.0,1.0,44.0151,15.8333,7.0693,13.6033,0
10165578.1,6,,63,54,5,50.0,1.0,43.9151,15.8333,7.101,13.5653,0
10167578.1,6,,63,54,5,50.0,1.0,43.8151,15.8333,7.1327,13.5272,0
10169578.1,6,,63,54,5,50.0,1.0,43.7151,15.8333,7.1643,13.4892,0
10171578.1,6,,63,54,5,50.0,1.0,43.6151,15.8333,7.196,13.4512,0
10173578.1,6,,63,54,5,50.0,1.0,43.5151,15.8333,7.2277,13.4132,0
10175578.1,6,,63,54,5,50.0,1.0,43.4151,15.8333,7.2593,13.3752,0
10177578.1,6,,63,54,5,50.0,1.0,43.3151,15.8333,7.291,13.3372,0
10179563.8,6,,63,54,5,50.0,1.0,43.2159,15.8333,7.3224,13.2994,0
10179578.1,6,,62,53,5,50.0,1.0,43.2151,16.0417,7.3227,13.2991,0
10181578.1,6,,62,53,5,50.0,1.0,43.1151,16.0417,7.3548,13.2611,0
10183578.1,6,,62,53,5,50.0,1.0,43.0151,16.0417,7.3868,13.223,0
10185578.1,6,,62,53,5,50.0,1.0,42.9151,16.0417,7.4189,13.1849,0
10187578.1,6,,62,53,5,50.0,1.0,42.8151,16.0417,7.451,13.1468,0
10189578.1,6,,62,53,5,50.0,1.0,42.7151,16.0417,7.4831,13.1088,0
10191578.1,6,,62,53,5,50.0,1.0,42.6151,16.0417,7.5152,13.0707,0
10193578.1,6,,62,53,5,50.0,1.0,42.5151,16.0417,7.5473,13.0326,0
10195578.1,6,,62,53,5,50.0,1.0,42.4151,16.0417,7.5793,12.9945,0
10197578.1,6,,62,53,5,50.0,1.0,42.3151,16.0417,7.6114,12.9564,0
10199578.1,6,,62,53,5,50.0,1.0,42.2151,16.0417,7.6435,12.9184,0
10201578.1,6,,62,53,5,50.0,1.0,42.1151,16.0417,7.6756,12.8803,0
10203578.1,6,,62,53,5,50.0,1.0,42.0151,16.0417,7.7077,12.8422,0
10205578.1,6,,62,53,5,50.0,1.0,41.9151,16.0417,7.7398,12.8041,0
10207578.1,6,,62,53,5,50.0,1.0,41.8151,16.0417,7.7718,12.766,0
10209578.1,6,,62,53,5,50.0,1.0,41.7151,16.0417,7.8039,12.728,0
10211578.1,6,,62,53,5,50.0,1.0,41.6151,16.0417,7.836,12.6899,0
10213192.0,6,,62,53,5,50.0,1.0,41.5344,16.0417,7.8619,12.6592,0
10213578.1,6,,61,52,5,50.0,1.0,41.5151,16.2798,7.8682,12.6518,0
10215578.1,6,,61,52,5,50.0,1.0,41.4151,16.2798,7.9007,12.6136,0
10217578.1,6,,61,52,5,50.0,1.0,41.3151,16.2798,7.9333,12.5755,0
10219578.1,6,,61,52,5,50.0,1.0,41.2151,16.2798,7.9659,12.5373,0
10221578.1,6,,61,52,5,50.0,1.0,41.1151,16.2798,7.9984,12.4992,0
10223339.4,6,,61,52,5,50.0,1.0,41.0271,16.2798,8.0271,12.4656,0
10223578.1,6,,60,51,5,50.0,1.0,41.0151,16.5179,8.031,12.461,0
10225578.1,6,,60,51,5,50.0,1.0,40.9151,16.5179,8.0641,12.4228,0
10227578.1,6,,60,51,5,50.0,1.0,40.8151,16.5179,8.0971,12.3846,0
10229578.1,6,,60,51,5,50.0,1.0,40.7151,16.5179,8.1301,12.3464,0
10231578.1,6,,60,51,5,50.0,1.0,40.6151,16.5179,8.1632,12.3082,0
10233578.1,6,,60,51,5,50.0,1.0,40.5151,16.5179,8.1962,12.2699,0
10235578.1,6,,60,51,5,50.0,1.0,40.4151,16.5179,8.2292,12.2317,0
10237496.4,6,,60,51,5,50.0,1.0,40.3192,16.5179,8.2609,12.195,0
10237578.1,6,,58,49,5,50.0,1.0,40.3151,16.9643,8.2623,12.1934,0
10239578.1,6,,58,49,5,50.0,1.0,40.2151,16.9643,8.2962,12.1538,0
10241578.1,6,,58,49,5,50.0,1.0,40.1151,16.9643,8.3302,12.1142,0
10243578.1,6,,58,49,5,50.0,1.0,40.0151,16.9643,8.3641,12.0746,0
10245578.1,6,,58,49,5,50.0,1.0,39.9151,16.9643,8.398,12.035,0
10247578.1,6,,58,49,5,50.0,1.0,39.8151,16.9643,8.432,11.9954,0
10249578.1,6,,58,49,5,50.0,1.0,39.7151,16.9643,8.4659,11.9557,0
10251578.1,6,,58,49,5,50.0,1.0,39.6151,16.9643,8.4998,11.9161,0
10253578.1,6,,58,49,5,50.0,1.0,39.5151,16.9643,8.5337,11.8765,0
10254819.5,6,,58,49,5,50.0,1.0,39.4531,16.9643,8.5548,11.8519,0
10255578.1,6,,57,48,5,50.0,1.0,39.4151,17.381,8.568,11.8369,0
10257578.1,6,,57,48,5,50.0,1.0,39.3151,17.381,8.6028,11.7971,0
10259578.1,6,,57,48,5,50.0,1.0,39.2151,17.381,8.6375,11.7574,0
10261578.1,6,,57,48,5,50.0,1.0,39.1151,17.381,8.6723,11.7177,0
10263578.1,6,,57,48,5,50.0,1.0,39.0151,17.381,8.707,11.678,0
10265578.1,6,,57,48,5,50.0,1.0,38.9151,17.381,8.7418,11.6383,0
10267578.1,6,,57,48,5,50.0,1.0,38.8151,17.381,8.7766,11.5986,0
10269578.1,6,,57,48,5,50.0,1.0,38.7151,17.381,8.8113,11.5589,0
10271578.1,6,,57,48,5,50.0,1.0,38.6151,17.381,8.8461,11.5192,0
10273578.1,6,,57,48,5,50.0,1.0,38.5151,17.381,8.8808,11.4795,0
10275578.1,6,,57,48,5,50.0,1.0,38.4151,17.381,8.9156,11.4398,0
10276875.0,6,,57,48,5,50.0,1.0,38.3503,17.381,8.9382,11.414,0
10277578.1,6,,56,48,4,50.0,1.0,38.3151,13.8095,7.1702,11.4002,0
10279578.1,6,,56,48,4,50.0,1.0,38.2151,13.8095,7.1978,11.361,0
10281578.1,6,,56,48,4,50.0,1.0,38.1151,13.8095,7.2254,11.3218,0
10283578.1,6,,56,48,4,50.0,1.0,38.0151,13.8095,7.2531,11.2826,0
10285578.1,6,,56,48,4,50.0,1.0,37.9151,13.8095,7.2807,11.2433,0
10287578.1,6,,56,48,4,50.0,1.0,37.8151,13.8095,7.3083,11.2041,0
10289578.1,6,,56,48,4,50.0,1.0,37.7151,13.8095,7.3359,11.1649,0
10291578.1,6,,56,48,4,50.0,1.0,37.6151,13.8095,7.3635,11.1257,0
10293578.1,6,,56,48,4,50.0,1.0,37.5151,13.8095,7.3911,11.0864,0
10295578.1,6,,56,48,4,50.0,1.0,37.4151,13.8095,7.4188,11.0472,0
10297578.1,6,,56,48,4,50.0,1.0,37.3151,13.8095,7.4464,11.008,0
10299578.1,6,,56,48,4,50.0,1.0,37.2151,13.8095,7.474,10.9688,0
10301578.1,6,,56,48,4,50.0,1.0,37.1151,13.8095,7.5016,10.9296,0
10303578.1,6,,56,48,4,50.0,1.0,37.0151,13.8095,7.5292,10.8903,0
10305578.1,6,,56,48,4,50.0,1.0,36.9151,13.8095,7.5569,10.8511,0
10307578.1,6,,56,48,4,50.0,1.0,36.8151,13.8095,7.5845,10.8119,0
10309578.1,6,,56,48,4,50.0,1.0,36.7151,13.8095,7.6121,10.7727,0
10311578.1,6,,56,48,4,50.0,1.0,36.6151,13.8095,7.6397,10.7335,0
10313578.1,6,,56,48,4,50.0,1.0,36.5151,13.8095,7.6673,10.6942,0
10315578.1,6,,56,48,4,50.0,1.0,36.4151,13.8095,7.695,10.655,0
10317578.1,6,,56,48,4,50.0,1.0,36.3151,13.8095,7.7226,10.6158,0
10319578.1,6,,56,48,4,50.0,1.0,36.2151,13.8095,7.7502,10.5766,0
10321578.1,6,,56,48,4,50.0,1.0,36.1151,13.8095,7.7778,10.5373,0
10323578.1,6,,56,48,4,50.0,1.0,36.0151,13.8095,7.8054,10.4981,0
10325578.1,6,,56,48,4,50.0,1.0,35.9151,13.8095,7.8331,10.4589,0
10327578.1,6,,56,48,4,50.0,1.0,35.8151,13.8095,7.8607,10.4197,0
10329578.1,6,,56,48,4,50.0,1.0,35.7151,13.8095,7.8883,10.3805,0
10331578.1,6,,56,48,4,50.0,1.0,35.6151,13.8095,7.9159,10.3412,0
10333578.1,6,,56,48,4,50.0,1.0,35.5151,13.8095,7.9435,10.302,0
10335578.1,6,,56,48,4,50.0,1.0,35.4151,13.8095,7.9711,10.2628,0
10337578.1,6,,56,48,4,50.0,1.0,35.3151,13.8095,7.9988,10.2236,0
10339578.1,6,,56,48,4,50.0,1.0,35.2151,13.8095,8.0264,10.1843,0
10341578.1,6,,56,48,4,50.0,1.0,35.1151,13.8095,8.054,10.1451,0
10343578.1,6,,56,48,4,50.0,1.0,35.0151,13.8095,8.0816,10.1059,0
10345578.1,6,,56,48,4,50.0,1.0,34.9151,13.8095,8.1092,10.0667,0
10347578.1,6,,56,48,4,50.0,1.0,34.8151,13.8095,8.1369,10.0275,0
10348660.3,6,,56,48,4,50.0,1.0,34.761,13.8095,8.1518,10.0062,0
10349578.1,6,,55,47,4,50.0,1.0,34.7151,13.8095,8.1645,9.9882,0
10351578.1,6,,55,47,4,50.0,1.0,34.6151,13.8095,8.1921,9.9489,0
10353578.1,6,,55,47,4,50.0,1.0,34.5151,13.8095,8.2197,9.9097,0
10353855.9,6,,55,47,4,50.0,1.0,34.5013,13.8095,8.2236,9.9042,0
10355578.1,6,,54,47,4,50.0,1.0,34.4151,14.0842,8.2478,9.8708,0
10357578.1,6,,54,47,4,50.0,1.0,34.3151,14.0842,8.276,9.832,0
10359578.1,6,,54,47,4,50.0,1.0,34.2151,14.0842,8.3042,9.7932,0
10361578.1,6,,54,47,4,50.0,1.0,34.1151,14.0842,8.3323,9.7544,0
10363578.1,6,,54,47,4,50.0,1.0,34.0151,14.0842,8.3605,9.7156,0
10365578.1,6,,54,47,4,50.0,1.0,33.9151,14.0842,8.3887,9.6768,0
10367578.1,6,,54,47,4,50.0,1.0,33.8151,14.0842,8.4168,9.638,0
10369578.1,6,,54,47,4,50.0,1.0,33.7151,14.0842,8.445,9.5992,0
10371578.1,6,,54,47,4,50.0,1.0,33.6151,14.0842,8.4732,9.5604,0
10373578.1,6,,54,47,4,50.0,1.0,33.5151,14.0842,8.5013,9.5216,0
10375578.1,6,,54,47,4,50.0,1.0,33.4151,14.0842,8.5295,9.4828,0
10377578.1,6,,54,47,4,50.0,1.0,33.3151,14.0842,8.5577,9.444,0
10379578.1,6,,54,47,4,50.0,1.0,33.2151,14.0842,8.5858,9.4052,0
10381578.1,6,,54,47,4,50.0,1.0,33.1151,14.0842,8.614,9.3665,0
10383578.1,6,,54,47,4,50.0,1.0,33.0151,14.0842,8.6422,9.3277,0
10385578.1,6,,54,47,4,50.0,1.0,32.9151,14.0842,8.6703,9.2889,0
10387578.1,6,,54,47,4,50.0,1.0,32.8151,14.0842,8.6985,9.2501,0
10389578.1,6,,54,47,4,50.0,1.0,32.7151,14.0842,8.7267,9.2113,0
10391578.1,6,,54,47,4,50.0,1.0,32.6151,14.0842,8.7548,9.1725,0
10393578.1,6,,54,47,4,50.0,1.0,32.5151,14.0842,8.783,9.1337,0
10395578.1,6,,54,47,4,50.0,1.0,32.4151,14.0842,8.8112,9.0949,0
10397578.1,6,,54,47,4,50.0,1.0,32.3151,14.0842,8.8394,9.0561,0
10399578.1,6,,54,47,4,50.0,1.0,32.2151,14.0842,8.8675,9.0173,0
10401578.1,6,,54,47,4,50.0,1.0,32.1151,14.0842,8.8957,8.9785,0
10403578.1,6,,54,47,4,50.0,1.0,32.0151,14.0842,8.9239,8.9397,0
10405578.1,6,,54,47,4,50.0,1.0,31.9151,14.0842,8.952,8.9009,0
10407578.1,6,,54,47,4,50.0,1.0,31.8151,14.0842,8.9802,8.8621,0
10409578.1,6,,54,47,4,50.0,1.0,31.7151,14.0842,9.0084,8.8233,0
10411578.1,6,,54,47,4,50.0,1.0,31.6151,14.0842,9.0365,8.7857,0
10412158.2,6,,54,47,4,50.0,1.0,31.5861,14.0842,9.0447,8.7756,0
10413578.1,6,,53,47,4,50.0,1.0,31.5151,14.0842,9.0647,8.7558,0
10415578.1,6,,53,47,4,50.0,1.0,31.4151,14.0842,9.0929,8.7279,0
10417578.1,6,,53,47,4,50.0,1.0,31.3151,14.0842,9.121,8.7,0
10419406.6,6,,53,47,4,50.0,1.0,31.2237,14.0842,9.1468,8.6744,0
10419578.1,6,,52,46,4,50.0,1.0,31.2151,14.359,9.1493,8.672,0
10421194.0,6,,52,46,4,50.0,1.0,31.1343,14.359,9.1725,8.6494,0
10421578.1,6,,51,46,4,50.0,1.0,31.1151,14.8352,9.1782,8.6441,0
10423078.3,6,,51,46,4,50.0,1.0,31.0401,14.8352,9.2004,8.6234,0
10423578.1,6,,50,46,3,50.0,1.0,31.0151,10.989,6.822,8.6167,0
10425578.1,6,,50,46,3,50.0,1.0,30.9151,10.989,6.844,8.5896,0
10427578.1,6,,50,46,3,50.0,1.0,30.8151,10.989,6.866,8.5626,0
10429578.1,6,,50,46,3,50.0,1.0,30.7151,10.989,6.888,8.5356,0
10431131.1,6,,50,46,3,50.0,1.0,30.6375,10.989,6.905,8.5147,0
10431578.1,6,,49,45,3,50.0,1.0,30.6151,11.3095,6.9101,8.5086,0
10433578.1,6,,49,45,3,50.0,1.0,30.5151,11.3095,6.9327,8.4815,0
10435578.1,6,,49,45,3,50.0,1.0,30.4151,11.3095,6.9553,8.4544,0
10437578.1,6,,49,45,3,50.0,1.0,30.3151,11.3095,6.9779,8.4273,0
10439578.1,6,,49,45,3,50.0,1.0,30.2151,11.3095,7.0006,8.4002,0
10441578.1,6,,49,45,3,50.0,1.0,30.1151,11.3095,7.0232,8.3731,0
10442466.2,6,,49,45,3,50.0,1.0,30.0707,11.3095,7.0332,8.3611,0
10443578.1,6,,48,45,3,50.0,1.0,30.0151,11.6883,7.0462,8.3463,0
10445578.1,6,,48,45,3,50.0,1.0,29.9151,11.6883,7.0696,8.3198,0
10447578.1,6,,48,45,3,50.0,1.0,29.8151,11.6883,7.093,8.2932,0
10449578.1,6,,48,45,3,50.0,1.0,29.7151,11.6883,7.1163,8.2667,0
10451578.1,6,,48,45,3,50.0,1.0,29.6151,11.6883,7.1397,8.2401,0
10453578.1,6,,48,45,3,50.0,1.0,29.5151,11.6883,7.1631,8.2136,0
10455578.1,6,,48,45,3,50.0,1.0,29.4151,11.6883,7.1865,8.187,0
10457578.1,6,,48,45,3,50.0,1.0,29.3151,11.6883,7.2099,8.1605,0
10459578.1,6,,48,45,3,50.0,1.0,29.2151,11.6883,7.2332,8.1339,0
10461578.1,6,,48,45,3,50.0,1.0,29.1151,11.6883,7.2566,8.1074,0
10463578.1,6,,48,45,3,50.0,1.0,29.0151,11.6883,7.28,8.0808,0
10463628.6,6,,48,45,3,50.0,1.0,29.0126,11.6883,7.2806,8.0802,0
10465578.1,6,,47,45,2,50.0,1.0,28.9151,8.3916,4.8967,8.0547,0
10467578.1,6,,47,45,2,50.0,1.0,28.8151,8.3916,4.9135,8.0286,0
10469578.1,6,,47,45,2,50.0,1.0,28.7151,8.3916,4.9302,8.0025,0
10471578.1,6,,47,45,2,50.0,1.0,28.6151,8.3916,4.947,7.9764,0
10473213.2,6,,47,45,2,50.0,1.0,28.5334,8.3916,4.9608,7.9551,0
10473578.1,6,,46,45,1,50.0,1.0,28.5151,4.5455,2.5253,7.9504,0
10475327.2,6,,46,45,1,50.0,1.0,28.4277,4.5455,2.5332,7.9281,0
10475578.1,6,,45,44,1,50.0,1.0,28.4151,4.5455,2.5344,7.9249,0
10477578.1,6,,45,44,1,50.0,1.0,28.3151,4.5455,2.5435,7.8993,0
10479578.1,6,,45,44,1,50.0,1.0,28.2151,4.5455,2.5526,7.8737,0
10481578.1,6,,45,44,1,50.0,1.0,28.1151,4.5455,2.5617,7.8481,0
10483578.1,6,,45,44,1,50.0,1.0,28.0151,4.5455,2.5707,7.8225,0
10485578.1,6,,45,44,1,50.0,1.0,27.9151,4.5455,2.5798,7.7969,0
10487578.1,6,,45,44,1,50.0,1.0,27.8151,4.5455,2.5889,7.7714,0
10489578.1,6,,45,44,1,50.0,1.0,27.7151,4.5455,2.598,7.7458,0
10491578.1,6,,45,44,1,50.0,1.0,27.6151,4.5455,2.6071,7.7202,0
10493578.1,6,,45,44,1,50.0,1.0,27.5151,4.5455,2.6162,7.6946,0
10495578.1,6,,45,44,1,50.0,1.0,27.4151,4.5455,2.6253,7.669,0
10497578.1,6,,45,44,1,50.0,1.0,27.3151,4.5455,2.6344,7.6435,0
10498884.0,6,,45,44,1,50.0,1.0,27.2499,4.5455,2.6403,7.6268,0
10499578.1,6,,44,43,1,50.0,1.0,27.2151,4.5455,2.6435,7.6179,0
10501578.1,6,,44,43,1,50.0,1.0,27.1151,4.5455,2.6526,7.5923,0
10503578.1,6,,44,43,1,50.0,1.0,27.0151,4.5455,2.6617,7.5667,0
10505578.1,6,,44,43,1,50.0,1.0,26.9151,4.5455,2.6707,7.5411,0
10507578.1,6,,44,43,1,50.0,1.0,26.8151,4.5455,2.6798,7.5155,0
10509578.1,6,,44,43,1,50.0,1.0,26.7151,4.5455,2.6889,7.49,0
10509960.0,6,,44,43,1,50.0,1.0,26.696,4.5455,2.6907,7.4851,0
10511578.1,6,,43,42,1,50.0,1.0,26.6151,4.5455,2.698,7.4644,0
10511693.3,6,,43,42,1,50.0,1.0,26.6094,4.5455,2.6985,7.4629,0
10513578.1,6,,42,41,1,50.0,1.0,26.5151,4.5455,2.7071,7.4388,0
10515578.1,6,,42,41,1,50.0,1.0,26.4151,4.5455,2.7162,7.4132,0
10517578.1,6,,42,41,1,50.0,1.0,26.3151,4.5455,2.7253,7.3876,0
10519578.1,6,,42,41,1,50.0,1.0,26.2151,4.5455,2.7344,7.3621,0
10521578.1,6,,42,41,1,50.0,1.0,26.1151,4.5455,2.7435,7.3365,0
10523578.1,6,,42,41,1,50.0,1.0,26.0151,4.5455,2.7526,7.3109,0
10525578.1,6,,42,41,1,50.0,1.0,25.9151,4.5455,2.7617,7.2853,0
10527578.1,6,,42,41,1,50.0,1.0,25.8151,4.5455,2.7707,7.2597,0
10529578.1,6,,42,41,1,50.0,1.0,25.7151,4.5455,2.7798,7.2342,0
10531578.1,6,,42,41,1,50.0,1.0,25.6151,4.5455,2.7889,7.2086,0
10533578.1,6,,42,41,1,50.0,1.0,25.5151,4.5455,2.798,7.183,0
10535578.1,6,,42,41,1,50.0,1.0,25.4151,4.5455,2.8071,7.1574,0
10537578.1,6,,42,41,1,50.0,1.0,25.3151,4.5455,2.8162,7.1318,0
10537985.0,6,,42,41,1,50.0,1.0,25.2948,4.5455,2.818,7.1266,0
10539578.1,6,,41,41,0,50.0,1.0,25.2151,0,0.0,7.1067,0
10541578.1,6,,41,41,0,50.0,1.0,25.1151,0,0.0,7.0817,0
10543578.1,6,,41,41,0,50.0,1.0,25.0151,0,0.0,7.0567,0
10545578.1,6,,41,41,0,50.0,1.0,24.9151,0,0.0,7.0317,0
10547578.1,6,,41,41,0,50.0,1.0,24.8151,0,0.0,7.0067,0
10549578.1,6,,41,41,0,50.0,1.0,24.7151,0,0.0,6.9817,0
10551578.1,6,,41,41,0,50.0,1.0,24.6151,0,0.0,6.9567,0
10553578.1,6,,41,41,0,50.0,1.0,24.5151,0,0.0,6.9317,0
10555578.1,6,,41,41,0,50.0,1.0,24.4151,0,0.0,6.9067,0
10556166.5,6,,41,41,0,50.0,1.0,24.3857,0,0.0,6.8994,0
10557578.1,6,,40,40,0,50.0,1.0,24.3151,0,0.0,6.8817,0
10559578.1,6,,40,40,0,50.0,1.0,24.2151,0,0.0,6.8567,0
10561578.1,6,,40,40,0,50.0,1.0,24.1151,0,0.0,6.8317,0
10563578.1,6,,40,40,0,50.0,1.0,24.0151,0,0.0,6.8067,0
10565578.1,6,,40,40,0,50.0,1.0,23.9151,0,0.0,6.7817,0
10567578.1,6,,40,40,0,50.0,1.0,23.8151,0,0.0,6.7567,0
10569578.1,6,,40,40,0,50.0,1.0,23.7151,0,0.0,6.7317,0
10571578.1,6,,40,40,0,50.0,1.0,23.6151,0,0.0,6.7067,0
10573578.1,6,,40,40,0,50.0,1.0,23.5151,0,0.0,6.6817,0
10575578.1,6,,40,40,0,50.0,1.0,23.4151,0,0.0,6.6567,0
10575592.0,6,,40,40,0,50.0,1.0,23.4144,0,0.0,6.6565,0
10577578.1,6,,39,39,0,50.0,1.0,23.3151,0,0.0,6.6317,0
10579578.1,6,,39,39,0,50.0,1.0,23.2151,0,0.0,6.6067,0
10581578.1,6,,39,39,0,50.0,1.0,23.1151,0,0.0,6.5817,0
10583578.1,6,,39,39,0,50.0,1.0,23.0151,0,0.0,6.5567,0
10585578.1,6,,39,39,0,50.0,1.0,22.9151,0,0.0,6.5317,0
10587578.1,6,,39,39,0,50.0,1.0,22.8151,0,0.0,6.5067,0
10589578.1,6,,39,39,0,50.0,1.0,22.7151,0,0.0,6.4817,0
10591578.1,6,,39,39,0,50.0,1.0,22.6151,0,0.0,6.4567,0
10593578.1,6,,39,39,0,50.0,1.0,22.5151,0,0.0,6.4317,0
10595578.1,6,,39,39,0,50.0,1.0,22.4151,0,0.0,6.4067,0
10597578.1,6,,39,39,0,50.0,1.0,22.3151,0,0.0,6.3817,0
10599578.1,6,,39,39,0,50.0,1.0,22.2151,0,0.0,6.3567,0
10600026.8,6,,39,39,0,50.0,1.0,22.1927,0,0.0,6.3511,0
10601578.1,6,,37,37,0,50.0,1.0,22.1151,0,0.0,6.3317,0
10603578.1,6,,37,37,0,50.0,1.0,22.0151,0,0.0,6.3067,0
10605318.5,6,,37,37,0,50.0,1.0,21.9281,0,0.0,6.285,0
10605578.1,6,,36,36,0,50.0,1.0,21.9151,0,0.0,6.2817,0
10607578.1,6,,36,36,0,50.0,1.0,21.8151,0,0.0,6.2567,0
10609578.1,6,,36,36,0,50.0,1.0,21.7151,0,0.0,6.2317,0
10611578.1,6,,36,36,0,50.0,1.0,21.6151,0,0.0,6.2067,0
10613578.1,6,,36,36,0,50.0,1.0,21.5151,0,0.0,6.1817,0
10615578.1,6,,36,36,0,50.0,1.0,21.4151,0,0.0,6.1567,0
10617578.1,6,,36,36,0,50.0,1.0,21.3151,0,0.0,6.1317,0
10619578.1,6,,36,36,0,50.0,1.0,21.2151,0,0.0,6.1067,0
10621578.1,6,,36,36,0,50.0,1.0,21.1151,0,0.0,6.0817,0
10623578.1,6,,36,36,0,50.0,1.0,21.0151,0,0.0,6.0567,0
10625578.1,6,,36,36,0,50.0,1.0,20.9151,0,0.0,6.0317,0
10627578.1,6,,36,36,0,50.0,1.0,20.8151,0,0.0,6.0067,0
10629578.1,6,,36,36,0,50.0,1.0,20.7151,0,0.0,5.9817,0
10631578.1,6,,36,36,0,50.0,1.0,20.6151,0,0.0,5.9567,0
10633578.1,6,,36,36,0,50.0,1.0,20.5151,0,0.0,5.9317,0
10635578.1,6,,36,36,0,50.0,1.0,20.4151,0,0.0,5.9067,0
10637578.1,6,,36,36,0,50.0,1.0,20.3151,0,0.0,5.8817,0
10639578.1,6,,36,36,0,50.0,1.0,20.2151,0,0.0,5.8567,0
10641578.1,6,,36,36,0,50.0,1.0,20.1151,0,0.0,5.8317,0
10643578.1,6,,36,36,0,50.0,1.0,20.0151,0,0.0,5.8067,0
10645578.1,6,,36,36,0,50.0,1.0,19.9151,0,0.0,5.7817,0
10647578.1,6,,36,36,0,50.0,1.0,19.8151,0,0.0,5.7567,0
10649578.1,6,,36,36,0,50.0,1.0,19.7151,0,0.0,5.7317,0
10651578.1,6,,36,36,0,50.0,1.0,19.6151,0,0.0,5.7067,0
10653578.1,6,,36,36,0,50.0,1.0,19.5151,0,0.0,5.6817,0
10655453.5,6,,36,36,0,50.0,1.0,19.4214,0,0.0,5.6583,0
10655578.1,6,,35,35,0,50.0,1.0,19.4151,0,0.0,5.6567,0
10657578.1,6,,35,35,0,50.0,1.0,19.3151,0,0.0,5.6317,0
10659578.1,6,,35,35,0,50.0,1.0,19.2151,0,0.0,5.6067,0
10660696.4,6,,35,35,0,50.0,1.0,19.1592,0,0.0,5.5927,0
10661578.1,6,,34,34,0,50.0,1.0,19.1151,0,0.0,5.5817,0
10663578.1,6,,34,34,0,50.0,1.0,19.0151,0,0.0,5.5567,0
10665578.1,6,,34,34,0,50.0,1.0,18.9151,0,0.0,5.5317,0
10667577.7,6,,34,34,0,50.0,1.0,18.8152,0,0.0,5.5067,0
10667578.1,6,,33,33,0,50.0,1.0,18.8151,0,0.0,5.5067,0
10669578.1,6,,33,33,0,50.0,1.0,18.7151,0,0.0,5.4817,0
10670334.3,6,,33,33,0,50.0,1.0,18.6773,0,0.0,5.4723,0
10671578.1,6,,32,32,0,50.0,1.0,18.6151,0,0.0,5.4567,0
10673578.1,6,,32,32,0,50.0,1.0,18.5151,0,0.0,5.4317,0
10675577.2,6,,32,32,0,50.0,1.0,18.4152,0,0.0,5.4067,0
10675578.1,6,,31,31,0,50.0,1.0,18.4151,0,0.0,5.4067,0
10677578.1,6,,31,31,0,50.0,1.0,18.3151,0,0.0,5.3817,0
10679578.1,6,,31,31,0,50.0,1.0,18.2151,0,0.0,5.3567,0
10679653.1,6,,31,31,0,50.0,1.0,18.2114,0,0.0,5.3558,0
10680164.7,6,,30,30,0,50.0,1.0,18.1858,0,0.0,5.3494,0
10681578.1,6,,29,29,0,50.0,1.0,18.1151,0,0.0,5.3317,0
10683578.1,6,,29,29,0,50.0,1.0,18.0151,0,0.0,5.3067,0
10685578.1,6,,29,29,0,50.0,1.0,17.9151,0,0.0,5.2817,0
10687578.1,6,,29,29,0,50.0,1.0,17.8151,0,0.0,5.2567,0
10689578.1,6,,29,29,0,50.0,1.0,17.7151,0,0.0,5.2317,0
10691578.1,6,,29,29,0,50.0,1.0,17.6151,0,0.0,5.2067,0
10693556.8,6,,29,29,0,50.0,1.0,17.5162,0,0.0,5.182,0
10693578.1,6,,28,28,0,50.0,1.0,17.5151,0,0.0,5.1817,0
10695578.1,6,,28,28,0,50.0,1.0,17.4151,0,0.0,5.1567,0
10696178.3,6,,28,28,0,50.0,1.0,17.3851,0,0.0,5.1492,0
10697578.1,6,,27,27,0,50.0,1.0,17.3151,0,0.0,5.1317,0
10699578.1,6,,27,27,0,50.0,1.0,17.2151,0,0.0,5.1067,0
10701578.1,6,,27,27,0,50.0,1.0,17.1151,0,0.0,5.0817,0
10702967.1,6,,27,27,0,50.0,1.0,17.0457,0,0.0,5.0643,0
10703578.1,6,,26,26,0,50.0,1.0,17.0151,0,0.0,5.0567,0
10703757.7,6,,26,26,0,50.0,1.0,17.0062,0,0.0,5.0545,0
10705578.1,6,,25,25,0,50.0,1.0,16.9151,0,0.0,5.0317,0
10707578.1,6,,25,25,0,50.0,1.0,16.8151,0,0.0,5.0067,0
10709578.1,6,,25,25,0,50.0,1.0,16.7151,0,0.0,4.9817,0
10711578.1,6,,25,25,0,50.0,1.0,16.6151,0,0.0,4.9567,0
10713578.1,6,,25,25,0,50.0,1.0,16.5151,0,0.0,4.9317,0
10714528.4,6,,25,25,0,50.0,1.0,16.4676,0,0.0,4.9198,0
10715578.1,6,,24,24,0,50.0,1.0,16.4151,0,0.0,4.9067,0
10717578.1,6,,24,24,0,50.0,1.0,16.3151,0,0.0,4.8817,0
10719578.1,6,,24,24,0,50.0,1.0,16.2151,0,0.0,4.8567,0
10721578.1,6,,24,24,0,50.0,1.0,16.1151,0,0.0,4.8317,0
10723578.1,6,,24,24,0,50.0,1.0,16.0151,0,0.0,4.8067,0
10724217.5,6,,24,24,0,50.0,1.0,15.9832,0,0.0,4.7987,0
10725578.1,6,,23,23,0,50.0,1.0,15.9151,0,0.0,4.7817,0
10725904.7,6,,23,23,0,50.0,1.0,15.8988,0,0.0,4.7776,0
10726324.8,6,,22,22,0,50.0,1.0,15.8778,0,0.0,4.7724,0
10727578.1,6,,21,21,0,50.0,1.0,15.8151,0,0.0,4.7567,0
10729578.1,6,,21,21,0,50.0,1.0,15.7151,0,0.0,4.7317,0
10731578.1,6,,21,21,0,50.0,1.0,15.6151,0,0.0,4.7067,0
10732878.4,6,,21,21,0,50.0,1.0,15.5501,0,0.0,4.6905,0
10733578.1,6,,20,20,0,50.0,1.0,15.5151,0,0.0,4.6817,0
10735578.1,6,,20,20,0,50.0,1.0,15.4151,0,0.0,4.6567,0
10736525.7,6,,20,20,0,50.0,1.0,15.3678,0,0.0,4.6449,0
10737578.1,6,,19,19,0,50.0,1.0,15.3151,0,0.0,4.6317,0
10739578.1,6,,19,19,0,50.0,1.0,15.2151,0,0.0,4.6067,0
10741578.1,6,,19,19,0,50.0,1.0,15.1151,0,0.0,4.5817,0
10743578.1,6,,19,19,0,50.0,1.0,15.0151,0,0.0,4.5567,0
10745578.1,6,,19,19,0,50.0,1.0,14.9151,0,0.0,4.5317,0
10747578.1,6,,19,19,0,50.0,1.0,14.8151,0,0.0,4.5067,0
10749578.1,6,,19,19,0,50.0,1.0,14.7151,0,0.0,4.4817,0
10751578.1,6,,19,19,0,50.0,1.0,14.6151,0,0.0,4.4567,0
10753578.1,6,,19,19,0,50.0,1.0,14.5151,0,0.0,4.4317,0
10755578.1,6,,19,19,0,50.0,1.0,14.4151,0,0.0,4.4067,0
10757578.1,6,,19,19,0,50.0,1.0,14.3151,0,0.0,4.3817,0
10759578.1,6,,19,19,0,50.0,1.0,14.2151,0,0.0,4.3567,0
10761578.1,6,,19,19,0,50.0,1.0,14.1151,0,0.0,4.3317,0
10763578.1,6,,19,19,0,50.0,1.0,14.0151,0,0.0,4.3067,0
10765505.2,6,,19,19,0,50.0,1.0,13.9188,0,0.0,4.2826,0
10765578.1,6,,17,17,0,50.0,1.0,13.9151,0,0.0,4.2817,0
10767578.1,6,,17,17,0,50.0,1.0,13.8151,0,0.0,4.2567,0
10769578.1,6,,17,17,0,50.0,1.0,13.7151,0,0.0,4.2317,0
10771578.1,6,,17,17,0,50.0,1.0,13.6151,0,0.0,4.2067,0
10773578.1,6,,17,17,0,50.0,1.0,13.5151,0,0.0,4.1817,0
10775578.1,6,,17,17,0,50.0,1.0,13.4151,0,0.0,4.1567,0
10777578.1,6,,17,17,0,50.0,1.0,13.3151,0,0.0,4.1317,0
10779578.1,6,,17,17,0,50.0,1.0,13.2151,0,0.0,4.1067,0
10781578.1,6,,17,17,0,50.0,1.0,13.1151,0,0.0,4.0817,0
10783578.1,6,,17,17,0,50.0,1.0,13.0151,0,0.0,4.0567,0
10785578.1,6,,17,17,0,50.0,1.0,12.9151,0,0.0,4.0317,0
10787578.1,6,,17,17,0,50.0,1.0,12.8151,0,0.0,4.0067,0
10789578.1,6,,17,17,0,50.0,1.0,12.7151,0,0.0,3.9817,0
10790081.2,6,,17,17,0,50.0,1.0,12.69,0,0.0,3.9754,0
10791578.1,6,,16,16,0,50.0,1.0,12.6151,0,0.0,3.9567,0
10793578.1,6,,16,16,0,50.0,1.0,12.5151,0,0.0,3.9317,0
10795578.1,6,,16,16,0,50.0,1.0,12.4151,0,0.0,3.9067,0
10797578.1,6,,16,16,0,50.0,1.0,12.3151,0,0.0,3.8817,0
10799578.1,6,,16,16,0,50.0,1.0,12.2151,0,0.0,3.8567,0
10801578.1,6,,16,16,0,50.0,1.0,12.1151,0,0.0,3.8317,0
10803578.1,6,,16,16,0,50.0,1.0,12.0151,0,0.0,3.8067,0
10805578.1,6,,16,16,0,50.0,1.0,11.9151,0,0.0,3.7817,0
10807578.1,6,,16,16,0,50.0,1.0,11.8151,0,0.0,3.7567,0
10808431.3,6,,16,16,0,50.0,1.0,11.7725,0,0.0,3.746,0
10809578.1,6,,15,15,0,50.0,1.0,11.7151,0,0.0,3.7311,0
10811578.1,6,,15,15,0,50.0,1.0,11.6151,0,0.0,3.705,0
10813578.1,6,,15,15,0,50.0,1.0,11.5151,0,0.0,3.6789,0
10814758.6,6,,15,15,0,50.0,1.0,11.4561,0,0.0,3.6635,0
10815578.1,6,,14,14,0,50.0,1.0,11.4151,0,0.0,3.6528,0
10817578.1,6,,14,14,0,50.0,1.0,11.3151,0,0.0,3.6267,0
10819578.1,6,,14,14,0,50.0,1.0,11.2151,0,0.0,3.6007,0
10821578.1,6,,14,14,0,50.0,1.0,11.1151,0,0.0,3.5746,0
10823578.1,6,,14,14,0,50.0,1.0,11.0151,0,0.0,3.5485,0
10825578.1,6,,14,14,0,50.0,1.0,10.9151,0,0.0,3.5224,0
10827578.1,6,,14,14,0,50.0,1.0,10.8151,0,0.0,3.4963,0
10829578.1,6,,14,14,0,50.0,1.0,10.7151,0,0.0,3.4702,0
10831578.1,6,,14,14,0,50.0,1.0,10.6151,0,0.0,3.4441,0
10833578.1,6,,14,14,0,50.0,1.0,10.5151,0,0.0,3.418,0
10835578.1,6,,14,14,0,50.0,1.0,10.4151,0,0.0,3.392,0
10837578.1,6,,14,14,0,50.0,1.0,10.3151,0,0.0,3.3659,0
10839578.1,6,,14,14,0,50.0,1.0,10.2151,0,0.0,3.3398,0
10841578.1,6,,14,14,0,50.0,1.0,10.1151,0,0.0,3.3137,0
10843578.1,6,,14,14,0,50.0,1.0,10.0151,0,0.0,3.2876,0
10845578.1,6,,14,14,0,50.0,1.0,9.9151,0,0.0,3.2615,0
10847578.1,6,,14,14,0,50.0,1.0,9.8151,0,0.0,3.2354,0
10849578.1,6,,14,14,0,50.0,1.0,9.7151,0,0.0,3.2093,0
10850332.2,6,,14,14,0,50.0,1.0,9.6774,0,0.0,3.1995,0
10851578.1,6,,13,13,0,50.0,1.0,9.6151,0,0.0,3.1829,0
10853578.1,6,,13,13,0,50.0,1.0,9.5151,0,0.0,3.1562,0
10853751.5,6,,13,13,0,50.0,1.0,9.5065,0,0.0,3.1539,0
10855578.1,6,,12,12,0,50.0,1.0,9.4151,0,0.0,3.1311,0
10857578.1,6,,12,12,0,50.0,1.0,9.3151,0,0.0,3.1061,0
10859578.1,6,,12,12,0,50.0,1.0,9.2151,0,0.0,3.0811,0
10861578.1,6,,12,12,0,50.0,1.0,9.1151,0,0.0,3.0561,0
10863578.1,6,,12,12,0,50.0,1.0,9.0151,0,0.0,3.0311,0
10865578.1,6,,12,12,0,50.0,1.0,8.9151,0,0.0,3.0061,0
10867578.1,6,,12,12,0,50.0,1.0,8.8151,0,0.0,2.9811,0
10869578.1,6,,12,12,0,50.0,1.0,8.7151,0,0.0,2.9561,0
10871578.1,6,,12,12,0,50.0,1.0,8.6151,0,0.0,2.9311,0
10873578.1,6,,12,12,0,50.0,1.0,8.5151,0,0.0,2.9061,0
10875578.1,6,,12,12,0,50.0,1.0,8.4151,0,0.0,2.8811,0
10877578.1,6,,12,12,0,50.0,1.0,8.3151,0,0.0,2.8561,0
10879578.1,6,,12,12,0,50.0,1.0,8.2151,0,0.0,2.8311,0
10881578.1,6,,12,12,0,50.0,1.0,8.1151,0,0.0,2.8061,0
10883578.1,6,,12,12,0,50.0,1.0,8.0151,0,0.0,2.7811,0
10885578.1,6,,12,12,0,50.0,1.0,7.9151,0,0.0,2.7561,0
10885734.0,6,,12,12,0,50.0,1.0,7.9074,0,0.0,2.7541,0
10887578.1,6,,11,11,0,50.0,1.0,7.8151,0,0.0,2.7288,0
10889578.1,6,,11,11,0,50.0,1.0,7.7151,0,0.0,2.7013,0
10891578.1,6,,11,11,0,50.0,1.0,7.6151,0,0.0,2.6738,0
10893578.1,6,,11,11,0,50.0,1.0,7.5151,0,0.0,2.6463,0
10895578.1,6,,11,11,0,50.0,1.0,7.4151,0,0.0,2.6188,0
10897578.1,6,,11,11,0,50.0,1.0,7.3151,0,0.0,2.5913,0
10899578.1,6,,11,11,0,50.0,1.0,7.2151,0,0.0,2.5638,0
10901578.1,6,,11,11,0,50.0,1.0,7.1151,0,0.0,2.5363,0
10903578.1,6,,11,11,0,50.0,1.0,7.0151,0,0.0,2.5088,0
10903786.9,6,,11,11,0,50.0,1.0,7.0047,0,0.0,2.5059,0
10905578.1,6,,10,10,0,50.0,1.0,6.9151,0,0.0,2.4813,0
10907578.1,6,,10,10,0,50.0,1.0,6.8151,0,0.0,2.4538,0
10909578.1,6,,10,10,0,50.0,1.0,6.7151,0,0.0,2.4263,0
10911578.1,6,,10,10,0,50.0,1.0,6.6151,0,0.0,2.3988,0
10913578.1,6,,10,10,0,50.0,1.0,6.5151,0,0.0,2.3713,0
10915578.1,6,,10,10,0,50.0,1.0,6.4151,0,0.0,2.3438,0
10917578.1,6,,10,10,0,50.0,1.0,6.3151,0,0.0,2.3163,0
10919578.1,6,,10,10,0,50.0,1.0,6.2151,0,0.0,2.2888,0
10919974.8,6,,10,10,0,50.0,1.0,6.1953,0,0.0,2.2833,0
10921578.1,6,,9,9,0,50.0,1.0,6.1151,0,0.0,2.2601,0
10923578.1,6,,9,9,0,50.0,1.0,6.0151,0,0.0,2.2312,0
10925578.1,6,,9,9,0,50.0,1.0,5.9151,0,0.0,2.2022,0
10927578.1,6,,9,9,0,50.0,1.0,5.8151,0,0.0,2.1733,0
10929128.3,6,,9,9,0,50.0,1.0,5.7376,0,0.0,2.1508,0
10929578.1,6,,8,8,0,50.0,1.0,5.7151,0,0.0,2.1431,0
10929878.2,6,,8,8,0,50.0,1.0,5.7001,0,0.0,2.138,0
10931578.1,6,,7,7,0,50.0,1.0,5.6151,0,0.0,2.102,0
10933578.1,6,,7,7,0,50.0,1.0,5.5151,0,0.0,2.0597,0
10935578.1,6,,7,7,0,50.0,1.0,5.4151,0,0.0,2.0174,0
10937578.1,6,,7,7,0,50.0,1.0,5.3151,0,0.0,1.9751,0
10939578.1,6,,7,7,0,50.0,1.0,5.2151,0,0.0,1.9328,0
10941578.1,6,,7,7,0,50.0,1.0,5.1151,0,0.0,1.8905,0
10943578.1,6,,7,7,0,50.0,1.0,5.0151,0,0.0,1.8481,0
10945578.1,6,,7,7,0,50.0,1.0,4.9151,0,0.0,1.8058,0
10947578.1,6,,7,7,0,50.0,1.0,4.8151,0,0.0,1.7635,0
10949578.1,6,,7,7,0,50.0,1.0,4.7151,0,0.0,1.7212,0
10951578.1,6,,7,7,0,50.0,1.0,4.6151,0,0.0,1.6789,0
10953578.1,6,,7,7,0,50.0,1.0,4.5151,0,0.0,1.6366,0
10955578.1,6,,7,7,0,50.0,1.0,4.4151,0,0.0,1.5943,0
10957578.1,6,,7,7,0,50.0,1.0,4.3151,0,0.0,1.552,0
10959578.1,6,,7,7,0,50.0,1.0,4.2151,0,0.0,1.5097,0
10961578.1,6,,7,7,0,50.0,1.0,4.1151,0,0.0,1.4674,0
10963578.1,6,,7,7,0,50.0,1.0,4.0151,0,0.0,1.4251,0
10965578.1,6,,7,7,0,50.0,1.0,3.9151,0,0.0,1.3828,0
10967578.1,6,,7,7,0,50.0,1.0,3.8151,0,0.0,1.3405,0
10969578.1,6,,7,7,0,50.0,1.0,3.7151,0,0.0,1.2981,0
10971578.1,6,,7,7,0,50.0,1.0,3.6151,0,0.0,1.2558,0
10973578.1,6,,7,7,0,50.0,1.0,3.5151,0,0.0,1.2135,0
10975578.1,6,,7,7,0,50.0,1.0,3.4151,0,0.0,1.1712,0
10977578.1,6,,7,7,0,50.0,1.0,3.3151,0,0.0,1.1289,0
10979448.9,6,,7,7,0,50.0,1.0,3.2216,0,0.0,1.0893,0
10979578.1,6,,6,6,0,50.0,1.0,3.2151,0,0.0,1.0858,0
10981578.1,6,,6,6,0,50.0,1.0,3.1151,0,0.0,1.0308,0
10983578.1,6,,6,6,0,50.0,1.0,3.0151,0,0.0,0.9758,0
10985578.1,6,,6,6,0,50.0,1.0,2.9151,0,0.0,0.9208,0
10987578.1,6,,6,6,0,50.0,1.0,2.8151,0,0.0,0.8658,0
10987931.7,6,,6,6,0,50.0,1.0,2.7975,0,0.0,0.8561,0
10989578.1,6,,5,5,0,50.0,1.0,2.7151,0,0.0,0.8149,0
10991578.1,6,,5,5,0,50.0,1.0,2.6151,0,0.0,0.7649,0
10993578.1,6,,5,5,0,50.0,1.0,2.5151,0,0.0,0.747,0
10993584.2,6,,5,5,0,50.0,1.0,2.5148,0,0.0,0.7469,0
10995578.1,6,,4,4,0,50.0,1.0,2.4151,0,0.0,0.722,0
10997578.1,6,,4,4,0,50.0,1.0,2.3151,0,0.0,0.697,0
10999578.1,6,,4,4,0,50.0,1.0,2.2151,0,0.0,0.672,0
11001578.1,6,,4,4,0,50.0,1.0,2.1151,0,0.0,0.647,0
11003578.1,6,,4,4,0,50.0,1.0,2.0151,0,0.0,0.622,0
11005578.1,6,,4,4,0,50.0,1.0,1.9151,0,0.0,0.597,0
11007578.1,6,,4,4,0,50.0,1.0,1.8151,0,0.0,0.572,0
11009578.1,6,,4,4,0,50.0,1.0,1.7151,0,0.0,0.547,0
11011578.1,6,,4,4,0,50.0,1.0,1.6151,0,0.0,0.522,0
11013578.1,6,,4,4,0,50.0,1.0,1.5151,0,0.0,0.497,0
11015578.1,6,,4,4,0,50.0,1.0,1.4151,0,0.0,0.472,0
11017578.1,6,,4,4,0,50.0,1.0,1.3151,0,0.0,0.447,0
11019578.1,6,,4,4,0,50.0,1.0,1.2151,0,0.0,0.422,0
11021567.1,6,,4,4,0,50.0,1.0,1.1157,0,0.0,0.3972,0
11021578.1,6,,3,3,0,50.0,1.0,1.1151,0,0.0,0.397,0
11023578.1,6,,3,3,0,50.0,1.0,1.0151,0,0.0,0.3636,0
11025578.1,6,,3,3,0,50.0,1.0,0.9151,0,0.0,0.3303,0
11027578.1,6,,3,3,0,50.0,1.0,0.8151,0,0.0,0.297,0
11029578.1,6,,3,3,0,50.0,1.0,0.7151,0,0.0,0.2636,0
11031578.1,6,,3,3,0,50.0,1.0,0.6151,0,0.0,0.2303,0
11033578.1,6,,3,3,0,50.0,1.0,0.5151,0,0.0,0.197,0
11035578.1,6,,3,3,0,50.0,1.0,0.4151,0,0.0,0.1636,0
11037578.1,6,,3,3,0,50.0,1.0,0.3151,0,0.0,0.1303,0
11039578.1,6,,3,3,0,50.0,1.0,0.2151,0,0.0,0.097,0
11041578.1,6,,3,3,0,50.0,1.0,0.1151,0,0.0,0.0636,0
11042781.2,6,,3,3,0,50.0,1.0,0.055,0,0.0,0.0436,0
11043237.1,6,,2,2,0,50.0,1.0,0.0322,0,0.0,0.0322,0
11043578.1,6,,1,1,0,50.0,1.0,0.0151,0,0.0,0.0151,0
11043881.0,6,,1,1,0,50.0,1.0,0.0,0,0.0,0.0,0
11045578.1,7,,124,56,8,50.0,1.0,73.3441,12.9032,0.0219,11.5815,0
11047578.1,7,,124,56,8,50.0,1.0,73.2441,12.9032,0.0477,11.5744,0
11049578.1,7,,124,56,8,50.0,1.0,73.1441,12.9032,0.0735,11.5672,0
11051578.1,7,,124,56,8,50.0,1.0,73.0441,12.9032,0.0993,11.5601,0
11053578.1,7,,124,56,8,50.0,1.0,72.9441,12.9032,0.1251,11.553,0
11055578.1,7,,124,56,8,50.0,1.0,72.8441,12.9032,0.1509,11.5458,0
11057578.1,7,,124,56,8,50.0,1.0,72.7441,12.9032,0.1767,11.5387,0
11059578.1,7,,124,56,8,50.0,1.0,72.6441,12.9032,0.2025,11.5315,0
11061578.1,7,,124,56,8,50.0,1.0,72.5441,12.9032,0.2284,11.5244,0
11063578.1,7,,124,56,8,50.0,1.0,72.4441,12.9032,0.2542,11.5172,0
11065578.1,7,,124,56,8,50.0,1.0,72.3441,12.9032,0.28,11.5101,0
11067578.1,7,,124,56,8,50.0,1.0,72.2441,12.9032,0.3058,11.503,0
11069578.1,7,,124,56,8,50.0,1.0,72.1441,12.9032,0.3316,11.4958,0
11071578.1,7,,124,56,8,50.0,1.0,72.0441,12.9032,0.3574,11.4887,0
11073578.1,7,,124,56,8,50.0,1.0,71.9441,12.9032,0.3832,11.4815,0
11075578.1,7,,124,56,8,50.0,1.0,71.8441,12.9032,0.409,11.4744,0
11077578.1,7,,124,56,8,50.0,1.0,71.7441,12.9032,0.4348,11.4672,0
11079152.1,7,,124,56,8,50.0,1.0,71.6654,12.9032,0.4551,11.4616,0
11079578.1,7,,123,56,8,50.0,1.0,71.6441,13.0108,0.4607,11.4601,0
11081578.1,7,,123,56,8,50.0,1.0,71.5441,13.0108,0.4867,11.453,0
11082538.1,7,,123,56,8,50.0,1.0,71.4961,13.0108,0.4992,11.4495,0
11083578.1,7,,122,56,8,50.0,1.0,71.4441,13.1183,0.5128,11.4458,0
11085578.1,7,,122,56,8,50.0,1.0,71.3441,13.1183,0.539,11.4387,0
11085978.7,7,,122,56,8,50.0,1.0,71.3241,13.1183,0.5443,11.4372,0
11087335.0,7,,121,56,8,50.0,1.0,71.2563,13.2332,0.5622,11.4324,0
11087578.1,7,,120,56,8,50.0,1.0,71.2441,13.3407,0.5655,11.4315,0
11087617.1,7,,120,56,8,50.0,1.0,71.2422,13.3407,0.566,11.4314,0
11088272.5,7,,119,56,8,50.0,1.0,71.2094,13.4483,0.5748,11.429,0
11089578.1,7,,118,56,8,50.0,1.0,71.1441,13.5632,0.5925,11.4244,0
11091431.0,7,,118,56,8,50.0,1.0,71.0515,13.5632,0.6177,11.4178,0
11091578.1,7,,117,56,8,50.0,1.0,71.0441,13.6782,0.6197,11.4172,0
11093578.1,7,,117,56,8,50.0,1.0,70.9441,13.6782,0.647,11.4101,0
11095126.5,7,,117,56,8,50.0,1.0,70.8667,13.6782,0.6682,11.4046,0
11095578.1,7,,116,56,8,50.0,1.0,70.8441,13.8013,0.6744,11.403,0
11096082.2,7,,116,56,8,50.0,1.0,70.8189,13.8013,0.6814,11.4012,0
11096346.2,7,,115,56,8,50.0,1.0,70.8057,13.9163,0.6851,11.4002,0
11097578.1,7,,114,56,8,50.0,1.0,70.7441,14.0394,0.7024,11.3958,0
11098303.1,7,,114,56,8,50.0,1.0,70.7079,14.0394,0.7126,11.3932,0
11099578.1,7,,113,56,8,50.0,1.0,70.6441,14.1626,0.7306,11.3887,0
11101578.1,7,,113,56,8,50.0,1.0,70.5441,14.1626,0.7589,11.3815,0
11103282.1,7,,113,56,8,50.0,1.0,70.4589,14.1626,0.7831,11.3754,0
11103578.1,7,,112,56,8,50.0,1.0,70.4441,14.2948,0.7873,11.3744,0
11105439.3,7,,112,56,8,50.0,1.0,70.3511,14.2948,0.8139,11.3677,0
11105512.1,7,,111,56,8,50.0,1.0,70.3474,14.4271,0.815,11.3675,0
11105578.1,7,,110,56,8,50.0,1.0,70.3441,14.5503,0.8159,11.3672,0
11107578.1,7,,110,56,8,50.0,1.0,70.2441,14.5503,0.845,11.3601,0
11109089.3,7,,110,56,8,50.0,1.0,70.1686,14.5503,0.867,11.3547,0
11109578.1,7,,109,56,8,50.0,1.0,70.1441,14.6825,0.8742,11.353,0
11111373.9,7,,109,56,8,50.0,1.0,70.0543,14.6825,0.9005,11.3465,0
11111578.1,7,,108,56,8,50.0,1.0,70.0441,14.8148,0.9036,11.3458,0
11112848.5,7,,108,56,8,50.0,1.0,69.9806,14.8148,0.9224,11.3413,0
11113578.1,7,,107,56,8,50.0,1.0,69.9441,14.9573,0.9333,11.3387,0
11115578.1,7,,107,56,8,50.0,1.0,69.8441,14.9573,0.9632,11.3315,0
11117578.1,7,,107,56,8,50.0,1.0,69.7441,14.9573,0.9931,11.3244,0
11119578.1,7,,107,56,8,50.0,1.0,69.6441,14.9573,1.023,11.3172,0
11120922.2,7,,107,56,8,50.0,1.0,69.5769,14.9573,1.0432,11.3124,0
11121578.1,7,,106,56,8,50.0,1.0,69.5441,15.0997,1.0531,11.3101,0
11123578.1,7,,106,56,8,50.0,1.0,69.4441,15.0997,1.0833,11.303,0
11123834.9,7,,106,56,8,50.0,1.0,69.4313,15.0997,1.0871,11.302,0
11125578.1,7,,105,56,8,50.0,1.0,69.3441,15.2422,1.1137,11.2958,0
11127366.5,7,,105,56,8,50.0,1.0,69.2547,15.2422,1.141,11.2894,0
11127578.1,7,,104,56,8,50.0,1.0,69.2441,15.3846,1.1442,11.2887,0
11128495.2,7,,104,56,8,50.0,1.0,69.1983,15.3846,1.1583,11.2854,0
11129578.1,7,,103,56,8,50.0,1.0,69.1441,15.5385,1.1752,11.2815,0
11131578.1,7,,103,56,8,50.0,1.0,69.0441,15.5385,1.2062,11.2744,0
11133578.1,7,,103,56,8,50.0,1.0,68.9441,15.5385,1.2373,11.2672,0
11135578.1,7,,103,56,8,50.0,1.0,68.8441,15.5385,1.2684,11.2601,0
11137578.1,7,,103,56,8,50.0,1.0,68.7441,15.5385,1.2995,11.253,0
11139578.1,7,,103,56,8,50.0,1.0,68.6441,15.5385,1.3305,11.2458,0
11141578.1,7,,103,56,8,50.0,1.0,68.5441,15.5385,1.3616,11.2387,0
11143578.1,7,,103,56,8,50.0,1.0,68.4441,15.5385,1.3927,11.2315,0
11145578.1,7,,103,56,8,50.0,1.0,68.3441,15.5385,1.4238,11.2244,0
11147578.1,7,,103,56,8,50.0,1.0,68.2441,15.5385,1.4548,11.2172,0
11149578.1,7,,103,56,8,50.0,1.0,68.1441,15.5385,1.4859,11.2101,0
11151578.1,7,,103,56,8,50.0,1.0,68.0441,15.5385,1.517,11.203,0
11153578.1,7,,103,56,8,50.0,1.0,67.9441,15.5385,1.5481,11.1958,0
11155578.1,7,,103,56,8,50.0,1.0,67.8441,15.5385,1.5792,11.1887,0
11157578.1,7,,103,56,8,50.0,1.0,67.7441,15.5385,1.6102,11.1815,0
11159578.1,7,,103,56,8,50.0,1.0,67.6441,15.5385,1.6413,11.1744,0
11161578.1,7,,103,56,8,50.0,1.0,67.5441,15.5385,1.6724,11.1672,0
11163578.1,7,,103,56,8,50.0,1.0,67.4441,15.5385,1.7035,11.1601,0
11165578.1,7,,103,56,8,50.0,1.0,67.3441,15.5385,1.7345,11.153,0
11167578.1,7,,103,56,8,50.0,1.0,67.2441,15.5385,1.7656,11.1458,0
11169578.1,7,,103,56,8,50.0,1.0,67.1441,15.5385,1.7967,11.1387,0
11171578.1,7,,103,56,8,50.0,1.0,67.0441,15.5385,1.8278,11.1315,0
11172568.2,7,,103,56,8,50.0,1.0,66.9946,15.5385,1.8432,11.128,0
11173578.1,7,,102,56,8,50.0,1.0,66.9441,15.6923,1.859,11.1244,0
11175578.1,7,,102,56,8,50.0,1.0,66.8441,15.6923,1.8904,11.1172,0
11177578.1,7,,102,56,8,50.0,1.0,66.7441,15.6923,1.9218,11.1101,0
11179578.1,7,,102,56,8,50.0,1.0,66.6441,15.6923,1.9532,11.103,0
11181578.1,7,,102,56,8,50.0,1.0,66.5441,15.6923,1.9845,11.0958,0
11183578.1,7,,102,56,8,50.0,1.0,66.4441,15.6923,2.0159,11.0887,0
11185156.6,7,,102,56,8,50.0,1.0,66.3652,15.6923,2.0407,11.083,0
11185578.1,7,,101,56,8,50.0,1.0,66.3441,15.859,2.0474,11.0815,0
11187578.1,7,,101,56,8,50.0,1.0,66.2441,15.859,2.0791,11.0744,0
11189578.1,7,,101,56,8,50.0,1.0,66.1441,15.859,2.1108,11.0672,0
11191519.0,7,,101,56,8,50.0,1.0,66.0471,15.859,2.1416,11.0603,0
11191578.1,7,,100,56,8,50.0,1.0,66.0441,16.0128,2.1425,11.0601,0
11193578.1,7,,100,56,8,50.0,1.0,65.9441,16.0128,2.1746,11.053,0
11195578.1,7,,100,56,8,50.0,1.0,65.8441,16.0128,2.2066,11.0458,0
11196461.5,7,,100,56,8,50.0,1.0,65.8,16.0128,2.2207,11.0427,0
11197578.1,7,,99,56,8,50.0,1.0,65.7441,16.1795,2.2388,11.0387,0
11198518.6,7,,99,56,8,50.0,1.0,65.6971,16.1795,2.254,11.0353,0
11199578.1,7,,98,56,8,50.0,1.0,65.6441,16.3333,2.2713,11.0315,0
11199711.0,7,,98,56,8,50.0,1.0,65.6375,16.3333,2.2735,11.031,0
11199956.8,7,,97,56,8,50.0,1.0,65.6252,16.5,2.2776,11.0302,0
11201578.1,7,,96,56,8,50.0,1.0,65.5441,16.6812,2.3046,11.0244,0
11203069.7,7,,96,56,8,50.0,1.0,65.4696,16.6812,2.3295,11.0191,0
11203578.1,7,,95,56,8,50.0,1.0,65.4441,16.8478,2.338,11.0172,0
11205578.1,7,,95,56,8,50.0,1.0,65.3441,16.8478,2.3717,11.0101,0
11207578.1,7,,95,56,8,50.0,1.0,65.2441,16.8478,2.4054,11.003,0
11209578.1,7,,95,56,8,50.0,1.0,65.1441,16.8478,2.4391,10.9958,0
11211578.1,7,,95,56,8,50.0,1.0,65.0441,16.8478,2.4728,10.9887,0
11213578.1,7,,95,56,8,50.0,1.0,64.9441,16.8478,2.5065,10.9815,0
11213773.9,7,,95,56,8,50.0,1.0,64.9343,16.8478,2.5098,10.9808,0
11215578.1,7,,94,56,8,50.0,1.0,64.8441,17.029,2.5405,10.9744,0
11217578.1,7,,94,56,8,50.0,1.0,64.7441,17.029,2.5746,10.9672,0
11219578.1,7,,94,56,8,50.0,1.0,64.6441,17.029,2.6087,10.9601,0
11221578.1,7,,94,56,8,50.0,1.0,64.5441,17.029,2.6427,10.953,0
11223578.1,7,,94,56,8,50.0,1.0,64.4441,17.029,2.6768,10.9458,0
11225578.1,7,,94,56,8,50.0,1.0,64.3441,17.029,2.7108,10.9387,0
11227578.1,7,,94,56,8,50.0,1.0,64.2441,17.029,2.7449,10.9315,0
11229578.1,7,,94,56,8,50.0,1.0,64.1441,17.029,2.779,10.9244,0
11231578.1,7,,94,56,8,50.0,1.0,64.0441,17.029,2.813,10.9172,0
11233578.1,7,,94,56,8,50.0,1.0,63.9441,17.029,2.8471,10.9101,0
11235578.1,7,,94,56,8,50.0,1.0,63.8441,17.029,2.8811,10.903,0
11237578.1,7,,94,56,8,50.0,1.0,63.7441,17.029,2.9152,10.8958,0
11239578.1,7,,94,56,8,50.0,1.0,63.6441,17.029,2.9492,10.8887,0
11241578.1,7,,94,56,8,50.0,1.0,63.5441,17.029,2.9833,10.8815,0
11243578.1,7,,94,56,8,50.0,1.0,63.4441,17.029,3.0174,10.8744,0
11245578.1,7,,94,56,8,50.0,1.0,63.3441,17.029,3.0514,10.8672,0
11247578.1,7,,94,56,8,50.0,1.0,63.2441,17.029,3.0855,10.8601,0
11249578.1,7,,94,56,8,50.0,1.0,63.1441,17.029,3.1195,10.853,0
11251578.1,7,,94,56,8,50.0,1.0,63.0441,17.029,3.1536,10.8458,0
11253578.1,7,,94,56,8,50.0,1.0,62.9441,17.029,3.1876,10.8387,0
11255578.1,7,,94,56,8,50.0,1.0,62.8441,17.029,3.2217,10.8315,0
11257578.1,7,,94,56,8,50.0,1.0,62.7441,17.029,3.2558,10.8244,0
11257683.1,7,,94,56,8,50.0,1.0,62.7389,17.029,3.2576,10.824,0
11259578.1,7,,93,56,8,50.0,1.0,62.6441,17.2101,3.2902,10.8172,0
11261578.1,7,,93,56,8,50.0,1.0,62.5441,17.2101,3.3246,10.8101,0
11263578.1,7,,93,56,8,50.0,1.0,62.4441,17.2101,3.359,10.803,0
11265578.1,7,,93,56,8,50.0,1.0,62.3441,17.2101,3.3934,10.7958,0
11267578.1,7,,93,56,8,50.0,1.0,62.2441,17.2101,3.4278,10.7887,0
11269578.1,7,,93,56,8,50.0,1.0,62.1441,17.2101,3.4623,10.7815,0
11271578.1,7,,93,56,8,50.0,1.0,62.0441,17.2101,3.4967,10.7744,0
11273578.1,7,,93,56,8,50.0,1.0,61.9441,17.2101,3.5311,10.7672,0
11275578.1,7,,93,56,8,50.0,1.0,61.8441,17.2101,3.5655,10.7601,0
11277578.1,7,,93,56,8,50.0,1.0,61.7441,17.2101,3.5999,10.753,0
11279578.1,7,,93,56,8,50.0,1.0,61.6441,17.2101,3.6344,10.7458,0
11281578.1,7,,93,56,8,50.0,1.0,61.5441,17.2101,3.6688,10.7387,0
11283578.1,7,,93,56,8,50.0,1.0,61.4441,17.2101,3.7032,10.7315,0
11285578.1,7,,93,56,8,50.0,1.0,61.3441,17.2101,3.7376,10.7244,0
11287578.1,7,,93,56,8,50.0,1.0,61.2441,17.2101,3.772,10.7172,0
11288621.5,7,,93,56,8,50.0,1.0,61.192,17.2101,3.79,10.7135,0
11289578.1,7,,92,56,8,50.0,1.0,61.1441,17.3913,3.8066,10.7101,0
11291578.1,7,,92,56,8,50.0,1.0,61.0441,17.3913,3.8414,10.703,0
11293578.1,7,,92,56,8,50.0,1.0,60.9441,17.3913,3.8762,10.6958,0
11295578.1,7,,92,56,8,50.0,1.0,60.8441,17.3913,3.911,10.6887,0
11297578.1,7,,92,56,8,50.0,1.0,60.7441,17.3913,3.9458,10.6815,0
11299578.1,7,,92,56,8,50.0,1.0,60.6441,17.3913,3.9806,10.6744,0
11301578.1,7,,92,56,8,50.0,1.0,60.5441,17.3913,4.0153,10.6672,0
11303578.1,7,,92,56,8,50.0,1.0,60.4441,17.3913,4.0501,10.6601,0
11305578.1,7,,92,56,8,50.0,1.0,60.3441,17.3913,4.0849,10.653,0
11307578.1,7,,92,56,8,50.0,1.0,60.2441,17.3913,4.1197,10.6458,0
11309578.1,7,,92,56,8,50.0,1.0,60.1441,17.3913,4.1545,10.6387,0
11311578.1,7,,92,56,8,50.0,1.0,60.0441,17.3913,4.1893,10.6315,0
11313578.1,7,,92,56,8,50.0,1.0,59.9441,17.3913,4.224,10.6244,0
11315578.1,7,,92,56,8,50.0,1.0,59.8441,17.3913,4.2588,10.6172,0
11317578.1,7,,92,56,8,50.0,1.0,59.7441,17.3913,4.2936,10.6101,0
11319578.1,7,,92,56,8,50.0,1.0,59.6441,17.3913,4.3284,10.603,0
11321578.1,7,,92,56,8,50.0,1.0,59.5441,17.3913,4.3632,10.5958,0
11323578.1,7,,92,56,8,50.0,1.0,59.4441,17.3913,4.3979,10.5887,0
11325358.1,7,,92,56,8,50.0,1.0,59.3551,17.3913,4.4289,10.5823,0
11325578.1,7,,91,56,8,50.0,1.0,59.3441,17.5889,4.4328,10.5815,0
11327578.1,7,,91,56,8,50.0,1.0,59.2441,17.5889,4.468,10.5744,0
11329578.1,7,,91,56,8,50.0,1.0,59.1441,17.5889,4.5031,10.5672,0
11331578.1,7,,91,56,8,50.0,1.0,59.0441,17.5889,4.5383,10.5601,0
11333049.5,7,,91,56,8,50.0,1.0,58.9706,17.5889,4.5642,10.5548,0
11333578.1,7,,90,56,8,50.0,1.0,58.9441,17.7866,4.5736,10.553,0
11335578.1,7,,90,56,8,50.0,1.0,58.8441,17.7866,4.6092,10.5458,0
11337578.1,7,,90,56,8,50.0,1.0,58.7441,17.7866,4.6447,10.5387,0
11339578.1,7,,90,56,8,50.0,1.0,58.6441,17.7866,4.6803,10.5315,0
11341578.1,7,,90,56,8,50.0,1.0,58.5441,17.7866,4.7159,10.5244,0
11343578.1,7,,90,56,8,50.0,1.0,58.4441,17.7866,4.7515,10.5172,0
11345578.1,7,,90,56,8,50.0,1.0,58.3441,17.7866,4.787,10.5101,0
11347578.1,7,,90,56,8,50.0,1.0,58.2441,17.7866,4.8226,10.503,0
11349269.6,7,,90,56,8,50.0,1.0,58.1596,17.7866,4.8527,10.4969,0
11349578.1,7,,89,56,8,50.0,1.0,58.1441,18.003,4.8582,10.4958,0
11351578.1,7,,89,56,8,50.0,1.0,58.0441,18.003,4.8942,10.4887,0
11353578.1,7,,89,56,8,50.0,1.0,57.9441,18.003,4.9303,10.4815,0
11355578.1,7,,89,56,8,50.0,1.0,57.8441,18.003,4.9663,10.4744,0
11357578.1,7,,89,56,8,50.0,1.0,57.7441,18.003,5.0023,10.4672,0
11359578.1,7,,89,56,8,50.0,1.0,57.6441,18.003,5.0383,10.4601,0
11360738.4,7,,89,56,8,50.0,1.0,57.5861,18.003,5.0592,10.456,0
11361578.1,7,,88,56,8,50.0,1.0,57.5441,18.2006,5.0744,10.453,0
11362540.7,7,,88,56,8,50.0,1.0,57.496,18.2006,5.092,10.4495,0
11363578.1,7,,87,56,8,50.0,1.0,57.4441,18.4171,5.1111,10.4458,0
11363987.9,7,,87,56,8,50.0,1.0,57.4236,18.4171,5.1186,10.4443,0
11365578.1,7,,86,56,8,50.0,1.0,57.3441,18.6147,5.1482,10.4387,0
11367578.1,7,,86,56,8,50.0,1.0,57.2441,18.6147,5.1854,10.4315,0
11369578.1,7,,86,56,8,50.0,1.0,57.1441,18.6147,5.2227,10.4244,0
11371578.1,7,,86,56,8,50.0,1.0,57.0441,18.6147,5.2599,10.4172,0
11373578.1,7,,86,56,8,50.0,1.0,56.9441,18.6147,5.2971,10.4101,0
11375578.1,7,,86,56,8,50.0,1.0,56.8441,18.6147,5.3344,10.403,0
11377578.1,7,,86,56,8,50.0,1.0,56.7441,18.6147,5.3716,10.3958,0
11379578.1,7,,86,56,8,50.0,1.0,56.6441,18.6147,5.4088,10.3887,0
11381578.1,7,,86,56,8,50.0,1.0,56.5441,18.6147,5.4461,10.3815,0
11383578.1,7,,86,56,8,50.0,1.0,56.4441,18.6147,5.4833,10.3744,0
11384832.0,7,,86,56,8,50.0,1.0,56.3814,18.6147,5.5066,10.3699,0
11385578.1,7,,85,56,8,50.0,1.0,56.3441,18.8312,5.5207,10.3672,0
11387578.1,7,,85,56,8,50.0,1.0,56.2441,18.8312,5.5583,10.3601,0
11389578.1,7,,85,56,8,50.0,1.0,56.1441,18.8312,5.596,10.353,0
11391578.1,7,,85,56,8,50.0,1.0,56.0441,18.8312,5.6337,10.3458,0
11393578.1,7,,85,56,8,50.0,1.0,55.9441,18.8312,5.6713,10.3387,0
11395226.7,7,,85,56,8,50.0,1.0,55.8617,18.8312,5.7024,10.3328,0
11395578.1,7,,84,56,8,50.0,1.0,55.8441,19.0693,5.7091,10.3315,0
11397578.1,7,,84,56,8,50.0,1.0,55.7441,19.0693,5.7472,10.3244,0
11399578.1,7,,84,56,8,50.0,1.0,55.6441,19.0693,5.7853,10.3172,0
11401578.1,7,,84,56,8,50.0,1.0,55.5441,19.0693,5.8235,10.3101,0
11401835.0,7,,84,56,8,50.0,1.0,55.5313,19.0693,5.8284,10.3092,0
11402035.2,7,,83,56,8,50.0,1.0,55.5213,19.2857,5.8322,10.3085,0
11403578.1,7,,82,56,8,50.0,1.0,55.4441,19.5238,5.8624,10.303,0
11405578.1,7,,82,56,8,50.0,1.0,55.3441,19.5238,5.9014,10.2958,0
11407578.1,7,,82,56,8,50.0,1.0,55.2441,19.5238,5.9405,10.2887,0
11407760.5,7,,82,56,8,50.0,1.0,55.235,19.5238,5.944,10.288,0
11409578.1,7,,81,56,8,50.0,1.0,55.1441,19.7619,5.9799,10.2815,0
11411037.3,7,,81,56,8,50.0,1.0,55.0712,19.7619,6.0088,10.2763,0
11411578.1,7,,80,56,8,50.0,1.0,55.0441,20.0251,6.0196,10.2744,0
11413504.0,7,,80,56,8,50.0,1.0,54.9478,20.0251,6.0582,10.2675,0
11413578.1,7,,79,56,8,50.0,1.0,54.9441,20.2882,6.0597,10.2672,0
11415578.1,7,,79,56,8,50.0,1.0,54.8441,20.2882,6.1003,10.2601,0
11417578.1,7,,79,56,8,50.0,1.0,54.7441,20.2882,6.1408,10.253,0
11419578.1,7,,79,56,8,50.0,1.0,54.6441,20.2882,6.1814,10.2458,0
11421578.1,7,,79,56,8,50.0,1.0,54.5441,20.2882,6.222,10.2387,0
11423578.1,7,,79,56,8,50.0,1.0,54.4441,20.2882,6.2626,10.2315,0
11425578.1,7,,79,56,8,50.0,1.0,54.3441,20.2882,6.3031,10.2244,0
11427578.1,7,,79,56,8,50.0,1.0,54.2441,20.2882,6.3437,10.2172,0
11427639.8,7,,79,56,8,50.0,1.0,54.2411,20.2882,6.345,10.217,0
11429068.8,7,,78,56,8,50.0,1.0,54.1696,20.5263,6.3743,10.2119,0
11429578.1,7,,77,56,8,50.0,1.0,54.1441,20.8187,6.3849,10.2101,0
11431271.5,7,,77,56,8,50.0,1.0,54.0595,20.8187,6.4202,10.204,0
11431578.1,7,,76,56,8,50.0,1.0,54.0441,21.1111,6.4266,10.203,0
11432746.1,7,,76,56,8,50.0,1.0,53.9857,21.1111,6.4513,10.1988,0
11433492.5,7,,75,56,8,50.0,1.0,53.9484,21.4379,6.4673,10.1961,0
11433578.1,7,,74,56,8,50.0,1.0,53.9441,21.7647,6.4692,10.1958,0
11435578.1,7,,74,56,8,50.0,1.0,53.8441,21.7647,6.5127,10.1887,0
11437578.1,7,,74,56,8,50.0,1.0,53.7441,21.7647,6.5562,10.1815,0
11439108.6,7,,74,56,8,50.0,1.0,53.6676,21.7647,6.5895,10.1761,0
11439463.5,7,,73,56,8,50.0,1.0,53.6499,22.0279,6.5973,10.1748,0
11439578.1,7,,72,56,8,50.0,1.0,53.6441,22.291,6.5999,10.1744,0
11441578.1,7,,72,56,8,50.0,1.0,53.5441,22.291,6.6445,10.1672,0
11443578.1,7,,72,56,8,50.0,1.0,53.4441,22.291,6.6891,10.1601,0
11444133.0,7,,72,56,8,50.0,1.0,53.4164,22.291,6.7014,10.1581,0
11445578.1,7,,71,56,8,50.0,1.0,53.3441,22.5834,6.7341,10.153,0
11447578.1,7,,71,56,8,50.0,1.0,53.2441,22.5834,6.7792,10.1458,0
11449578.1,7,,71,56,8,50.0,1.0,53.1441,22.5834,6.8244,10.1387,0
11451578.1,7,,71,56,8,50.0,1.0,53.0441,22.5834,6.8696,10.1315,0
11453578.1,7,,71,56,8,50.0,1.0,52.9441,22.5834,6.9147,10.1244,0
11455578.1,7,,71,56,8,50.0,1.0,52.8441,22.5834,6.9599,10.1172,0
11457578.1,7,,71,56,8,50.0,1.0,52.7441,22.5834,7.0051,10.1101,0
11459578.1,7,,71,56,8,50.0,1.0,52.6441,22.5834,7.0502,10.103,0
11460598.9,7,,71,56,8,50.0,1.0,52.5931,22.5834,7.0733,10.0993,0
11461578.1,7,,70,56,7,50.0,1.0,52.5441,19.8261,6.1957,10.0958,0
11461827.7,7,,70,56,7,50.0,1.0,52.5317,19.8261,6.2006,10.0949,0
11463578.1,7,,69,56,7,50.0,1.0,52.4441,20.1529,6.2359,10.0887,0
11465578.1,7,,69,56,7,50.0,1.0,52.3441,20.1529,6.2762,10.0815,0
11467578.1,7,,69,56,7,50.0,1.0,52.2441,20.1529,6.3165,10.0744,0
11469578.1,7,,69,56,7,50.0,1.0,52.1441,20.1529,6.3568,10.0672,0
11471578.1,7,,69,56,7,50.0,1.0,52.0441,20.1529,6.3971,10.0601,0
11473578.1,7,,69,56,7,50.0,1.0,51.9441,20.1529,6.4374,10.053,0
11475578.1,7,,69,56,7,50.0,1.0,51.8441,20.1529,6.4777,10.0458,0
11477578.1,7,,69,56,7,50.0,1.0,51.7441,20.1529,6.518,10.0387,0
11478020.6,7,,69,56,7,50.0,1.0,51.722,20.1529,6.527,10.0371,0
11479578.1,7,,68,56,7,50.0,1.0,51.6441,20.4453,6.5588,10.0315,0
11480969.7,7,,68,56,7,50.0,1.0,51.5746,20.4453,6.5872,10.0266,0
11481578.1,7,,67,56,7,50.0,1.0,51.5441,20.7721,6.5999,10.0244,0
11483578.1,7,,67,56,7,50.0,1.0,51.4441,20.7721,6.6414,10.0172,0
11485578.1,7,,67,56,7,50.0,1.0,51.3441,20.7721,6.683,10.0101,0
11487578.1,7,,67,56,7,50.0,1.0,51.2441,20.7721,6.7245,10.003,0
11489578.1,7,,67,56,7,50.0,1.0,51.1441,20.7721,6.7661,9.9958,0
11490718.2,7,,67,56,7,50.0,1.0,51.0871,20.7721,6.7897,9.9917,0
11491578.1,7,,66,56,6,50.0,1.0,51.0441,18.0147,5.8591,9.9887,0
11493578.1,7,,66,56,6,50.0,1.0,50.9441,18.0147,5.8951,9.9815,0
11495251.1,7,,66,56,6,50.0,1.0,50.8605,18.0147,5.9252,9.9755,0
11495578.1,7,,65,56,5,50.0,1.0,50.8441,15.2574,4.9472,9.9744,0
11497578.1,7,,65,56,5,50.0,1.0,50.7441,15.2574,4.9777,9.9672,0
11499578.1,7,,65,56,5,50.0,1.0,50.6441,15.2574,5.0082,9.9601,0
11501578.1,7,,65,56,5,50.0,1.0,50.5441,15.2574,5.0387,9.953,0
11503578.1,7,,65,56,5,50.0,1.0,50.4441,15.2574,5.0692,9.9458,0
11505578.1,7,,65,56,5,50.0,1.0,50.3441,15.2574,5.0998,9.9387,0
11507578.1,7,,65,56,5,50.0,1.0,50.2441,15.2574,5.1303,9.9315,0
11509578.1,7,,65,56,5,50.0,1.0,50.1441,15.2574,5.1608,9.9244,0
11511578.1,7,,65,56,5,50.0,1.0,50.0441,15.2574,5.1913,9.9172,0
11513578.1,7,,65,56,5,50.0,1.0,49.9441,15.2574,5.2218,9.9101,0
11515578.1,7,,65,56,5,50.0,1.0,49.8441,15.2574,5.2523,9.903,0
11517578.1,7,,65,56,5,50.0,1.0,49.7441,15.2574,5.2828,9.8958,0
11519578.1,7,,65,56,5,50.0,1.0,49.6441,15.2574,5.3134,9.8887,0
11521578.1,7,,65,56,5,50.0,1.0,49.5441,15.2574,5.3439,9.8815,0
11523578.1,7,,65,56,5,50.0,1.0,49.4441,15.2574,5.3744,9.8744,0
11525578.1,7,,65,56,5,50.0,1.0,49.3441,15.2574,5.4049,9.8672,0
11527578.1,7,,65,56,5,50.0,1.0,49.2441,15.2574,5.4354,9.8601,0
11529578.1,7,,65,56,5,50.0,1.0,49.1441,15.2574,5.4659,9.853,0
11531578.1,7,,65,56,5,50.0,1.0,49.0441,15.2574,5.4964,9.8458,0
11533578.1,7,,65,56,5,50.0,1.0,48.9441,15.2574,5.527,9.8387,0
11535578.1,7,,65,56,5,50.0,1.0,48.8441,15.2574,5.5575,9.8315,0
11537578.1,7,,65,56,5,50.0,1.0,48.7441,15.2574,5.588,9.8244,0
11539578.1,7,,65,56,5,50.0,1.0,48.6441,15.2574,5.6185,9.8172,0
11540231.2,7,,65,56,5,50.0,1.0,48.6115,15.2574,5.6285,9.8149,0
11541578.1,7,,64,55,5,50.0,1.0,48.5441,15.4657,5.6493,9.81,0
11543578.1,7,,64,55,5,50.0,1.0,48.4441,15.4657,5.6802,9.8027,0
11545578.1,7,,64,55,5,50.0,1.0,48.3441,15.4657,5.7112,9.7954,0
11547578.1,7,,64,55,5,50.0,1.0,48.2441,15.4657,5.7421,9.7882,0
11549578.1,7,,64,55,5,50.0,1.0,48.1441,15.4657,5.773,9.7809,0
11551578.1,7,,64,55,5,50.0,1.0,48.0441,15.4657,5.804,9.7736,0
11553578.1,7,,64,55,5,50.0,1.0,47.9441,15.4657,5.8349,9.7663,0
11555578.1,7,,64,55,5,50.0,1.0,47.8441,15.4657,5.8658,9.759,0
11557578.1,7,,64,55,5,50.0,1.0,47.7441,15.4657,5.8967,9.7518,0
11559578.1,7,,64,55,5,50.0,1.0,47.6441,15.4657,5.9277,9.7445,0
11561578.1,7,,64,55,5,50.0,1.0,47.5441,15.4657,5.9586,9.7372,0
11563578.1,7,,64,55,5,50.0,1.0,47.4441,15.4657,5.9895,9.7299,0
11565578.1,7,,64,55,5,50.0,1.0,47.3441,15.4657,6.0205,9.7226,0
11567578.1,7,,64,55,5,50.0,1.0,47.2441,15.4657,6.0514,9.7153,0
11569578.1,7,,64,55,5,50.0,1.0,47.1441,15.4657,6.0823,9.7081,0
11571578.1,7,,64,55,5,50.0,1.0,47.0441,15.4657,6.1133,9.7008,0
11573578.1,7,,64,55,5,50.0,1.0,46.9441,15.4657,6.1442,9.6935,0
11575578.1,7,,64,55,5,50.0,1.0,46.8441,15.4657,6.1751,9.6862,0
11577578.1,7,,64,55,5,50.0,1.0,46.7441,15.4657,6.2061,9.6789,0
11579578.1,7,,64,55,5,50.0,1.0,46.6441,15.4657,6.237,9.6717,0
11580050.2,7,,64,55,5,50.0,1.0,46.6205,15.4657,6.2443,9.6699,0
11581578.1,7,,63,54,5,50.0,1.0,46.5441,15.8333,6.2685,9.6643,0
11583578.1,7,,63,54,5,50.0,1.0,46.4441,15.8333,6.3002,9.6569,0
11585578.1,7,,63,54,5,50.0,1.0,46.3441,15.8333,6.3318,9.6495,0
11587578.1,7,,63,54,5,50.0,1.0,46.2441,15.8333,6.3635,9.642,0
11589578.1,7,,63,54,5,50.0,1.0,46.1441,15.8333,6.3952,9.6346,0
11591578.1,7,,63,54,5,50.0,1.0,46.0441,15.8333,6.4268,9.6272,0
11593578.1,7,,63,54,5,50.0,1.0,45.9441,15.8333,6.4585,9.6198,0
11595578.1,7,,63,54,5,50.0,1.0,45.8441,15.8333,6.4902,9.6124,0
11597578.1,7,,63,54,5,50.0,1.0,45.7441,15.8333,6.5218,9.605,0
11599578.1,7,,63,54,5,50.0,1.0,45.6441,15.8333,6.5535,9.5976,0
11601578.1,7,,63,54,5,50.0,1.0,45.5441,15.8333,6.5852,9.5902,0
11603578.1,7,,63,54,5,50.0,1.0,45.4441,15.8333,6.6168,9.5827,0
11605578.1,7,,63,54,5,50.0,1.0,45.3441,15.8333,6.6485,9.5753,0
11607578.1,7,,63,54,5,50.0,1.0,45.2441,15.8333,6.6802,9.5679,0
11609578.1,7,,63,54,5,50.0,1.0,45.1441,15.8333,6.7118,9.5605,0
11611578.1,7,,63,54,5,50.0,1.0,45.0441,15.8333,6.7435,9.5531,0
11613578.1,7,,63,54,5,50.0,1.0,44.9441,15.8333,6.7752,9.5457,0
11615578.1,7,,63,54,5,50.0,1.0,44.8441,15.8333,6.8068,9.5383,0
11617578.1,7,,63,54,5,50.0,1.0,44.7441,15.8333,6.8385,9.5309,0
11619578.1,7,,63,54,5,50.0,1.0,44.6441,15.8333,6.8702,9.5234,0
11621578.1,7,,63,54,5,50.0,1.0,44.5441,15.8333,6.9018,9.516,0
11623578.1,7,,63,54,5,50.0,1.0,44.4441,15.8333,6.9335,9.5086,0
11625578.1,7,,63,54,5,50.0,1.0,44.3441,15.8333,6.9652,9.5012,0
11627578.1,7,,63,54,5,50.0,1.0,44.2441,15.8333,6.9968,9.4938,0
11629578.1,7,,63,54,5,50.0,1.0,44.1441,15.8333,7.0285,9.4864,0
11631578.1,7,,63,54,5,50.0,1.0,44.0441,15.8333,7.0602,9.479,0
11633578.1,7,,63,54,5,50.0,1.0,43.9441,15.8333,7.0918,9.4716,0
11635578.1,7,,63,54,5,50.0,1.0,43.8441,15.8333,7.1235,9.4642,0
11637578.1,7,,63,54,5,50.0,1.0,43.7441,15.8333,7.1552,9.4567,0
11639578.1,7,,63,54,5,50.0,1.0,43.6441,15.8333,7.1868,9.4493,0
11641578.1,7,,63,54,5,50.0,1.0,43.5441,15.8333,7.2185,9.4419,0
11643578.1,7,,63,54,5,50.0,1.0,43.4441,15.8333,7.2502,9.4345,0
11645578.1,7,,63,54,5,50.0,1.0,43.3441,15.8333,7.2818,9.4271,0
11647578.1,7,,63,54,5,50.0,1.0,43.2441,15.8333,7.3135,9.4197,0
11648143.7,7,,63,54,5,50.0,1.0,43.2159,15.8333,7.3224,9.4176,0
11649578.1,7,,62,53,5,50.0,1.0,43.1441,16.0417,7.3455,9.4122,0
11651578.1,7,,62,53,5,50.0,1.0,43.0441,16.0417,7.3775,9.4046,0
11653578.1,7,,62,53,5,50.0,1.0,42.9441,16.0417,7.4096,9.3971,0
11655578.1,7,,62,53,5,50.0,1.0,42.8441,16.0417,7.4417,9.3895,0
11657578.1,7,,62,53,5,50.0,1.0,42.7441,16.0417,7.4738,9.382,0
11659578.1,7,,62,53,5,50.0,1.0,42.6441,16.0417,7.5059,9.3744,0
11661578.1,7,,62,53,5,50.0,1.0,42.5441,16.0417,7.538,9.3669,0
11663578.1,7,,62,53,5,50.0,1.0,42.4441,16.0417,7.57,9.3593,0
11665578.1,7,,62,53,5,50.0,1.0,42.3441,16.0417,7.6021,9.3518,0
11667578.1,7,,62,53,5,50.0,1.0,42.2441,16.0417,7.6342,9.3442,0
11669578.1,7,,62,53,5,50.0,1.0,42.1441,16.0417,7.6663,9.3367,0
11671578.1,7,,62,53,5,50.0,1.0,42.0441,16.0417,7.6984,9.3291,0
11673578.1,7,,62,53,5,50.0,1.0,41.9441,16.0417,7.7305,9.3215,0
11675578.1,7,,62,53,5,50.0,1.0,41.8441,16.0417,7.7625,9.314,0
11677578.1,7,,62,53,5,50.0,1.0,41.7441,16.0417,7.7946,9.3064,0
11679578.1,7,,62,53,5,50.0,1.0,41.6441,16.0417,7.8267,9.2989,0
11681578.1,7,,62,53,5,50.0,1.0,41.5441,16.0417,7.8588,9.2913,0
11681771.8,7,,62,53,5,50.0,1.0,41.5344,16.0417,7.8619,9.2906,0
11683578.1,7,,61,52,5,50.0,1.0,41.4441,16.2798,7.8913,9.2836,0
11685578.1,7,,61,52,5,50.0,1.0,41.3441,16.2798,7.9239,9.2759,0
11687578.1,7,,61,52,5,50.0,1.0,41.2441,16.2798,7.9564,9.2682,0
11689578.1,7,,61,52,5,50.0,1.0,41.1441,16.2798,7.989,9.2605,0
11691578.1,7,,61,52,5,50.0,1.0,41.0441,16.2798,8.0215,9.2528,0
11691919.2,7,,61,52,5,50.0,1.0,41.0271,16.2798,8.0271,9.2515,0
11693578.1,7,,60,51,5,50.0,1.0,40.9441,16.5179,8.0545,9.2449,0
11695578.1,7,,60,51,5,50.0,1.0,40.8441,16.5179,8.0875,9.2371,0
11697578.1,7,,60,51,5,50.0,1.0,40.7441,16.5179,8.1206,9.2292,0
11699578.1,7,,60,51,5,50.0,1.0,40.6441,16.5179,8.1536,9.2213,0
11701578.1,7,,60,51,5,50.0,1.0,40.5441,16.5179,8.1866,9.2135,0
11703578.1,7,,60,51,5,50.0,1.0,40.4441,16.5179,8.2197,9.2056,0
11705578.1,7,,60,51,5,50.0,1.0,40.3441,16.5179,8.2527,9.1977,0
11706076.2,7,,60,51,5,50.0,1.0,40.3192,16.5179,8.2609,9.1957,0
11707578.1,7,,58,49,5,50.0,1.0,40.2441,16.9643,8.2864,9.1896,0
11709578.1,7,,58,49,5,50.0,1.0,40.1441,16.9643,8.3203,9.1814,0
11711578.1,7,,58,49,5,50.0,1.0,40.0441,16.9643,8.3543,9.1732,0
11713578.1,7,,58,49,5,50.0,1.0,39.9441,16.9643,8.3882,9.1651,0
11715578.1,7,,58,49,5,50.0,1.0,39.8441,16.9643,8.4221,9.1569,0
11717578.1,7,,58,49,5,50.0,1.0,39.7441,16.9643,8.4561,9.1487,0
11719578.1,7,,58,49,5,50.0,1.0,39.6441,16.9643,8.49,9.1405,0
11721578.1,7,,58,49,5,50.0,1.0,39.5441,16.9643,8.5239,9.1323,0
11723399.3,7,,58,49,5,50.0,1.0,39.4531,16.9643,8.5548,9.1249,0
11723578.1,7,,57,48,5,50.0,1.0,39.4441,17.381,8.5579,9.1242,0
11725578.1,7,,57,48,5,50.0,1.0,39.3441,17.381,8.5927,9.1158,0
11727578.1,7,,57,48,5,50.0,1.0,39.2441,17.381,8.6274,9.1075,0
11729578.1,7,,57,48,5,50.0,1.0,39.1441,17.381,8.6622,9.0992,0
11731578.1,7,,57,48,5,50.0,1.0,39.0441,17.381,8.697,9.0908,0
11733578.1,7,,57,48,5,50.0,1.0,38.9441,17.381,8.7317,9.0825,0
11735578.1,7,,57,48,5,50.0,1.0,38.8441,17.381,8.7665,9.0742,0
11737578.1,7,,57,48,5,50.0,1.0,38.7441,17.381,8.8012,9.0658,0
11739578.1,7,,57,48,5,50.0,1.0,38.6441,17.381,8.836,9.0575,0
11741578.1,7,,57,48,5,50.0,1.0,38.5441,17.381,8.8708,9.0492,0
11743578.1,7,,57,48,5,50.0,1.0,38.4441,17.381,8.9055,9.0408,0
11745454.9,7,,57,48,5,50.0,1.0,38.3503,17.381,8.9382,9.033,0
11745578.1,7,,56,48,4,50.0,1.0,38.3441,13.8095,7.1622,9.0325,0
11747578.1,7,,56,48,4,50.0,1.0,38.2441,13.8095,7.1898,9.0242,0
11749578.1,7,,56,48,4,50.0,1.0,38.1441,13.8095,7.2174,9.0158,0
11751578.1,7,,56,48,4,50.0,1.0,38.0441,13.8095,7.245,9.0075,0
11753578.1,7,,56,48,4,50.0,1.0,37.9441,13.8095,7.2727,8.9992,0
11755578.1,7,,56,48,4,50.0,1.0,37.8441,13.8095,7.3003,8.9908,0
11757578.1,7,,56,48,4,50.0,1.0,37.7441,13.8095,7.3279,8.9825,0
11759578.1,7,,56,48,4,50.0,1.0,37.6441,13.8095,7.3555,8.9742,0
11761578.1,7,,56,48,4,50.0,1.0,37.5441,13.8095,7.3831,8.9658,0
11763578.1,7,,56,48,4,50.0,1.0,37.4441,13.8095,7.4108,8.9575,0
11765578.1,7,,56,48,4,50.0,1.0,37.3441,13.8095,7.4384,8.9492,0
11767578.1,7,,56,48,4,50.0,1.0,37.2441,13.8095,7.466,8.9408,0
11769578.1,7,,56,48,4,50.0,1.0,37.1441,13.8095,7.4936,8.9325,0
11771578.1,7,,56,48,4,50.0,1.0,37.0441,13.8095,7.5212,8.9242,0
11773578.1,7,,56,48,4,50.0,1.0,36.9441,13.8095,7.5489,8.9158,0
11775578.1,7,,56,48,4,50.0,1.0,36.8441,13.8095,7.5765,8.9075,0
11777578.1,7,,56,48,4,50.0,1.0,36.7441,13.8095,7.6041,8.8992,0
11779578.1,7,,56,48,4,50.0,1.0,36.6441,13.8095,7.6317,8.8908,0
11781578.1,7,,56,48,4,50.0,1.0,36.5441,13.8095,7.6593,8.8825,0
11783578.1,7,,56,48,4,50.0,1.0,36.4441,13.8095,7.687,8.8742,0
11785578.1,7,,56,48,4,50.0,1.0,36.3441,13.8095,7.7146,8.8658,0
11787578.1,7,,56,48,4,50.0,1.0,36.2441,13.8095,7.7422,8.8575,0
11789578.1,7,,56,48,4,50.0,1.0,36.1441,13.8095,7.7698,8.8492,0
11791578.1,7,,56,48,4,50.0,1.0,36.0441,13.8095,7.7974,8.8408,0
11793578.1,7,,56,48,4,50.0,1.0,35.9441,13.8095,7.825,8.8325,0
11795578.1,7,,56,48,4,50.0,1.0,35.8441,13.8095,7.8527,8.8242,0
11797578.1,7,,56,48,4,50.0,1.0,35.7441,13.8095,7.8803,8.8158,0
11799578.1,7,,56,48,4,50.0,1.0,35.6441,13.8095,7.9079,8.8075,0
11801578.1,7,,56,48,4,50.0,1.0,35.5441,13.8095,7.9355,8.7992,0
11803578.1,7,,56,48,4,50.0,1.0,35.4441,13.8095,7.9631,8.7908,0
11805578.1,7,,56,48,4,50.0,1.0,35.3441,13.8095,7.9908,8.7825,0
11807578.1,7,,56,48,4,50.0,1.0,35.2441,13.8095,8.0184,8.7742,0
11809578.1,7,,56,48,4,50.0,1.0,35.1441,13.8095,8.046,8.7658,0
11811578.1,7,,56,48,4,50.0,1.0,35.0441,13.8095,8.0736,8.7575,0
11813578.1,7,,56,48,4,50.0,1.0,34.9441,13.8095,8.1012,8.7492,0
11815578.1,7,,56,48,4,50.0,1.0,34.8441,13.8095,8.1289,8.7408,0
11817240.2,7,,56,48,4,50.0,1.0,34.761,13.8095,8.1518,8.7339,0
11817578.1,7,,55,47,4,50.0,1.0,34.7441,13.8095,8.1565,8.7325,0
11819578.1,7,,55,47,4,50.0,1.0,34.6441,13.8095,8.1841,8.7239,0
11821578.1,7,,55,47,4,50.0,1.0,34.5441,13.8095,8.2117,8.7154,0
11822435.7,7,,55,47,4,50.0,1.0,34.5013,13.8095,8.2236,8.7117,0
11823578.1,7,,54,47,4,50.0,1.0,34.4441,14.0842,8.2396,8.7068,0
11825578.1,7,,54,47,4,50.0,1.0,34.3441,14.0842,8.2678,8.6983,0
11827578.1,7,,54,47,4,50.0,1.0,34.2441,14.0842,8.296,8.6898,0
11829578.1,7,,54,47,4,50.0,1.0,34.1441,14.0842,8.3242,8.6813,0
11831578.1,7,,54,47,4,50.0,1.0,34.0441,14.0842,8.3523,8.6727,0
11833578.1,7,,54,47,4,50.0,1.0,33.9441,14.0842,8.3805,8.6642,0
11835578.1,7,,54,47,4,50.0,1.0,33.8441,14.0842,8.4087,8.6557,0
11837578.1,7,,54,47,4,50.0,1.0,33.7441,14.0842,8.4368,8.6471,0
11839578.1,7,,54,47,4,50.0,1.0,33.6441,14.0842,8.465,8.6386,0
11841578.1,7,,54,47,4,50.0,1.0,33.5441,14.0842,8.4932,8.6301,0
11843578.1,7,,54,47,4,50.0,1.0,33.4441,14.0842,8.5213,8.6215,0
11845578.1,7,,54,47,4,50.0,1.0,33.3441,14.0842,8.5495,8.613,0
11847578.1,7,,54,47,4,50.0,1.0,33.2441,14.0842,8.5777,8.6045,0
11849578.1,7,,54,47,4,50.0,1.0,33.1441,14.0842,8.6058,8.5959,0
11851578.1,7,,54,47,4,50.0,1.0,33.0441,14.0842,8.634,8.5874,0
11853578.1,7,,54,47,4,50.0,1.0,32.9441,14.0842,8.6622,8.5789,0
11855578.1,7,,54,47,4,50.0,1.0,32.8441,14.0842,8.6903,8.5703,0
11857578.1,7,,54,47,4,50.0,1.0,32.7441,14.0842,8.7185,8.5618,0
11859578.1,7,,54,47,4,50.0,1.0,32.6441,14.0842,8.7467,8.5533,0
11861578.1,7,,54,47,4,50.0,1.0,32.5441,14.0842,8.7748,8.5447,0
11863578.1,7,,54,47,4,50.0,1.0,32.4441,14.0842,8.803,8.5362,0
11865578.1,7,,54,47,4,50.0,1.0,32.3441,14.0842,8.8312,8.5277,0
11867578.1,7,,54,47,4,50.0,1.0,32.2441,14.0842,8.8594,8.5191,0
11869578.1,7,,54,47,4,50.0,1.0,32.1441,14.0842,8.8875,8.5106,0
11871578.1,7,,54,47,4,50.0,1.0,32.0441,14.0842,8.9157,8.5021,0
11873578.1,7,,54,47,4,50.0,1.0,31.9441,14.0842,8.9439,8.4935,0
11875578.1,7,,54,47,4,50.0,1.0,31.8441,14.0842,8.972,8.485,0
11877578.1,7,,54,47,4,50.0,1.0,31.7441,14.0842,9.0002,8.4765,0
11879578.1,7,,54,47,4,50.0,1.0,31.6441,14.0842,9.0284,8.468,0
11880738.1,7,,54,47,4,50.0,1.0,31.5861,14.0842,9.0447,8.463,0
11881578.1,7,,53,47,4,50.0,1.0,31.5441,14.0842,9.0565,8.4594,0
11883578.1,7,,53,47,4,50.0,1.0,31.4441,14.0842,9.0847,8.4509,0
11885578.1,7,,53,47,4,50.0,1.0,31.3441,14.0842,9.1129,8.4423,0
11887578.1,7,,53,47,4,50.0,1.0,31.2441,14.0842,9.141,8.4338,0
11887986.4,7,,53,47,4,50.0,1.0,31.2237,14.0842,9.1468,8.432,0
11889578.1,7,,52,46,4,50.0,1.0,31.1441,14.359,9.1696,8.4251,0
11889773.9,7,,52,46,4,50.0,1.0,31.1343,14.359,9.1725,8.4242,0
11891578.1,7,,51,46,4,50.0,1.0,31.0441,14.8352,9.1992,8.4164,0
11891658.1,7,,51,46,4,50.0,1.0,31.0401,14.8352,9.2004,8.416,0
11893578.1,7,,50,46,3,50.0,1.0,30.9441,10.989,6.8376,8.4077,0
11895578.1,7,,50,46,3,50.0,1.0,30.8441,10.989,6.8596,8.399,0
11897578.1,7,,50,46,3,50.0,1.0,30.7441,10.989,6.8816,8.3902,0
11899578.1,7,,50,46,3,50.0,1.0,30.6441,10.989,6.9036,8.3815,0
11899710.9,7,,50,46,3,50.0,1.0,30.6375,10.989,6.905,8.3809,0
11901578.1,7,,49,45,3,50.0,1.0,30.5441,11.3095,6.9261,8.3726,0
11903578.1,7,,49,45,3,50.0,1.0,30.4441,11.3095,6.9488,8.3637,0
11905578.1,7,,49,45,3,50.0,1.0,30.3441,11.3095,6.9714,8.3548,0
11907578.1,7,,49,45,3,50.0,1.0,30.2441,11.3095,6.994,8.3459,0
11909578.1,7,,49,45,3,50.0,1.0,30.1441,11.3095,7.0166,8.337,0
11911046.1,7,,49,45,3,50.0,1.0,30.0707,11.3095,7.0332,8.3304,0
11911578.1,7,,48,45,3,50.0,1.0,30.0441,11.6883,7.0394,8.328,0
11913578.1,7,,48,45,3,50.0,1.0,29.9441,11.6883,7.0628,8.3191,0
11915578.1,7,,48,45,3,50.0,1.0,29.8441,11.6883,7.0862,8.3102,0
11917578.1,7,,48,45,3,50.0,1.0,29.7441,11.6883,7.1096,8.3012,0
11919578.1,7,,48,45,3,50.0,1.0,29.6441,11.6883,7.1329,8.2923,0
11921578.1,7,,48,45,3,50.0,1.0,29.5441,11.6883,7.1563,8.2834,0
11923578.1,7,,48,45,3,50.0,1.0,29.4441,11.6883,7.1797,8.2744,0
11925578.1,7,,48,45,3,50.0,1.0,29.3441,11.6883,7.2031,8.2655,0
11927578.1,7,,48,45,3,50.0,1.0,29.2441,11.6883,7.2265,8.2566,0
11929578.1,7,,48,45,3,50.0,1.0,29.1441,11.6883,7.2498,8.2476,0
11931578.1,7,,48,45,3,50.0,1.0,29.0441,11.6883,7.2732,8.2387,0
11932208.4,7,,48,45,3,50.0,1.0,29.0126,11.6883,7.2806,8.2359,0
11933578.1,7,,47,45,2,50.0,1.0,28.9441,8.3916,4.8918,8.2297,0
11935578.1,7,,47,45,2,50.0,1.0,28.8441,8.3916,4.9086,8.2208,0
11937578.1,7,,47,45,2,50.0,1.0,28.7441,8.3916,4.9254,8.2119,0
11939578.1,7,,47,45,2,50.0,1.0,28.6441,8.3916,4.9422,8.203,0
11941578.1,7,,47,45,2,50.0,1.0,28.5441,8.3916,4.9589,8.194,0
11941793.1,7,,47,45,2,50.0,1.0,28.5334,8.3916,4.9608,8.1931,0
11943578.1,7,,46,45,1,50.0,1.0,28.4441,4.5455,2.5317,8.1851,0
11943907.0,7,,46,45,1,50.0,1.0,28.4277,4.5455,2.5332,8.1837,0
11945578.1,7,,45,44,1,50.0,1.0,28.3441,4.5455,2.5408,8.1761,0
11947578.1,7,,45,44,1,50.0,1.0,28.2441,4.5455,2.5499,8.1669,0
11949578.1,7,,45,44,1,50.0,1.0,28.1441,4.5455,2.559,8.1578,0
11951578.1,7,,45,44,1,50.0,1.0,28.0441,4.5455,2.5681,8.1487,0
11953578.1,7,,45,44,1,50.0,1.0,27.9441,4.5455,2.5772,8.1396,0
11955578.1,7,,45,44,1,50.0,1.0,27.8441,4.5455,2.5863,8.1305,0
11957578.1,7,,45,44,1,50.0,1.0,27.7441,4.5455,2.5954,8.1214,0
11959578.1,7,,45,44,1,50.0,1.0,27.6441,4.5455,2.6045,8.1123,0
11961578.1,7,,45,44,1,50.0,1.0,27.5441,4.5455,2.6136,8.1032,0
11963578.1,7,,45,44,1,50.0,1.0,27.4441,4.5455,2.6227,8.0941,0
11965578.1,7,,45,44,1,50.0,1.0,27.3441,4.5455,2.6317,8.085,0
11967463.8,7,,45,44,1,50.0,1.0,27.2499,4.5455,2.6403,8.0764,0
11967578.1,7,,44,43,1,50.0,1.0,27.2441,4.5455,2.6408,8.0758,0
11969578.1,7,,44,43,1,50.0,1.0,27.1441,4.5455,2.6499,8.0665,0
11971578.1,7,,44,43,1,50.0,1.0,27.0441,4.5455,2.659,8.0572,0
11973578.1,7,,44,43,1,50.0,1.0,26.9441,4.5455,2.6681,8.0478,0
11975578.1,7,,44,43,1,50.0,1.0,26.8441,4.5455,2.6772,8.0385,0
11977578.1,7,,44,43,1,50.0,1.0,26.7441,4.5455,2.6863,8.0291,0
11978539.8,7,,44,43,1,50.0,1.0,26.696,4.5455,2.6907,8.0246,0
11979578.1,7,,43,42,1,50.0,1.0,26.6441,4.5455,2.6954,8.0197,0
11980273.1,7,,43,42,1,50.0,1.0,26.6094,4.5455,2.6985,8.0164,0
11981578.1,7,,42,41,1,50.0,1.0,26.5441,4.5455,2.7045,8.01,0
11983578.1,7,,42,41,1,50.0,1.0,26.4441,4.5455,2.7136,8.0002,0
11985578.1,7,,42,41,1,50.0,1.0,26.3441,4.5455,2.7227,7.9903,0
11987578.1,7,,42,41,1,50.0,1.0,26.2441,4.5455,2.7317,7.9805,0
11989578.1,7,,42,41,1,50.0,1.0,26.1441,4.5455,2.7408,7.9707,0
11991578.1,7,,42,41,1,50.0,1.0,26.0441,4.5455,2.7499,7.9609,0
11993578.1,7,,42,41,1,50.0,1.0,25.9441,4.5455,2.759,7.9511,0
11995578.1,7,,42,41,1,50.0,1.0,25.8441,4.5455,2.7681,7.9412,0
11997578.1,7,,42,41,1,50.0,1.0,25.7441,4.5455,2.7772,7.9314,0
11999578.1,7,,42,41,1,50.0,1.0,25.6441,4.5455,2.7863,7.9216,0
12001578.1,7,,42,41,1,50.0,1.0,25.5441,4.5455,2.7954,7.9118,0
12003578.1,7,,42,41,1,50.0,1.0,25.4441,4.5455,2.8045,7.902,0
12005578.1,7,,42,41,1,50.0,1.0,25.3441,4.5455,2.8136,7.8921,0
12006564.8,7,,42,41,1,50.0,1.0,25.2948,4.5455,2.818,7.8873,0
12007578.1,7,,41,41,0,50.0,1.0,25.2441,0,0.0,7.8823,0
12009578.1,7,,41,41,0,50.0,1.0,25.1441,0,0.0,7.8725,0
12011578.1,7,,41,41,0,50.0,1.0,25.0441,0,0.0,7.8627,0
12013578.1,7,,41,41,0,50.0,1.0,24.9441,0,0.0,7.8529,0
12015578.1,7,,41,41,0,50.0,1.0,24.8441,0,0.0,7.843,0
12017578.1,7,,41,41,0,50.0,1.0,24.7441,0,0.0,7.8332,0
12019578.1,7,,41,41,0,50.0,1.0,24.6441,0,0.0,7.8234,0
12021578.1,7,,41,41,0,50.0,1.0,24.5441,0,0.0,7.8136,0
12023578.1,7,,41,41,0,50.0,1.0,24.4441,0,0.0,7.8037,0
12024746.3,7,,41,41,0,50.0,1.0,24.3857,0,0.0,7.798,0
12025578.1,7,,40,40,0,50.0,1.0,24.3441,0,0.0,7.7938,0
12027578.1,7,,40,40,0,50.0,1.0,24.2441,0,0.0,7.7838,0
12029578.1,7,,40,40,0,50.0,1.0,24.1441,0,0.0,7.7737,0
12031578.1,7,,40,40,0,50.0,1.0,24.0441,0,0.0,7.7637,0
12033578.1,7,,40,40,0,50.0,1.0,23.9441,0,0.0,7.7536,0
12035578.1,7,,40,40,0,50.0,1.0,23.8441,0,0.0,7.7436,0
12037578.1,7,,40,40,0,50.0,1.0,23.7441,0,0.0,7.7335,0
12039578.1,7,,40,40,0,50.0,1.0,23.6441,0,0.0,7.7235,0
12041578.1,7,,40,40,0,50.0,1.0,23.5441,0,0.0,7.7134,0
12043578.1,7,,40,40,0,50.0,1.0,23.4441,0,0.0,7.7034,0
12044171.9,7,,40,40,0,50.0,1.0,23.4144,0,0.0,7.7004,0
12045578.1,7,,39,39,0,50.0,1.0,23.3441,0,0.0,7.6931,0
12047578.1,7,,39,39,0,50.0,1.0,23.2441,0,0.0,7.6828,0
12049578.1,7,,39,39,0,50.0,1.0,23.1441,0,0.0,7.6725,0
12051578.1,7,,39,39,0,50.0,1.0,23.0441,0,0.0,7.6621,0
12053578.1,7,,39,39,0,50.0,1.0,22.9441,0,0.0,7.6518,0
12055578.1,7,,39,39,0,50.0,1.0,22.8441,0,0.0,7.6415,0
12057578.1,7,,39,39,0,50.0,1.0,22.7441,0,0.0,7.6312,0
12059578.1,7,,39,39,0,50.0,1.0,22.6441,0,0.0,7.6208,0
12061578.1,7,,39,39,0,50.0,1.0,22.5441,0,0.0,7.6105,0
12063578.1,7,,39,39,0,50.0,1.0,22.4441,0,0.0,7.6002,0
12065578.1,7,,39,39,0,50.0,1.0,22.3441,0,0.0,7.5898,0
12067578.1,7,,39,39,0,50.0,1.0,22.2441,0,0.0,7.5795,0
12068606.7,7,,39,39,0,50.0,1.0,22.1927,0,0.0,7.5742,0
12069578.1,7,,37,37,0,50.0,1.0,22.1441,0,0.0,7.5689,0
12071578.1,7,,37,37,0,50.0,1.0,22.0441,0,0.0,7.5581,0
12073578.1,7,,37,37,0,50.0,1.0,21.9441,0,0.0,7.5473,0
12073898.3,7,,37,37,0,50.0,1.0,21.9281,0,0.0,7.5455,0
12075578.1,7,,36,36,0,50.0,1.0,21.8441,0,0.0,7.5362,0
12077578.1,7,,36,36,0,50.0,1.0,21.7441,0,0.0,7.5251,0
12079578.1,7,,36,36,0,50.0,1.0,21.6441,0,0.0,7.514,0
12081578.1,7,,36,36,0,50.0,1.0,21.5441,0,0.0,7.5029,0
12083578.1,7,,36,36,0,50.0,1.0,21.4441,0,0.0,7.4918,0
12085578.1,7,,36,36,0,50.0,1.0,21.3441,0,0.0,7.4806,0
12087578.1,7,,36,36,0,50.0,1.0,21.2441,0,0.0,7.4695,0
12089578.1,7,,36,36,0,50.0,1.0,21.1441,0,0.0,7.4584,0
12091578.1,7,,36,36,0,50.0,1.0,21.0441,0,0.0,7.4473,0
12093578.1,7,,36,36,0,50.0,1.0,20.9441,0,0.0,7.4362,0
12095578.1,7,,36,36,0,50.0,1.0,20.8441,0,0.0,7.4251,0
12097578.1,7,,36,36,0,50.0,1.0,20.7441,0,0.0,7.414,0
12099578.1,7,,36,36,0,50.0,1.0,20.6441,0,0.0,7.4029,0
12101578.1,7,,36,36,0,50.0,1.0,20.5441,0,0.0,7.3918,0
12103578.1,7,,36,36,0,50.0,1.0,20.4441,0,0.0,7.3806,0
12105578.1,7,,36,36,0,50.0,1.0,20.3441,0,0.0,7.3695,0
12107578.1,7,,36,36,0,50.0,1.0,20.2441,0,0.0,7.3584,0
12109578.1,7,,36,36,0,50.0,1.0,20.1441,0,0.0,7.3473,0
12111578.1,7,,36,36,0,50.0,1.0,20.0441,0,0.0,7.3362,0
12113578.1,7,,36,36,0,50.0,1.0,19.9441,0,0.0,7.3251,0
12115578.1,7,,36,36,0,50.0,1.0,19.8441,0,0.0,7.314,0
12117578.1,7,,36,36,0,50.0,1.0,19.7441,0,0.0,7.3029,0
12119578.1,7,,36,36,0,50.0,1.0,19.6441,0,0.0,7.2918,0
12121578.1,7,,36,36,0,50.0,1.0,19.5441,0,0.0,7.2806,0
12123578.1,7,,36,36,0,50.0,1.0,19.4441,0,0.0,7.2695,0
12124033.4,7,,36,36,0,50.0,1.0,19.4214,0,0.0,7.267,0
12125578.1,7,,35,35,0,50.0,1.0,19.3441,0,0.0,7.2582,0
12127578.1,7,,35,35,0,50.0,1.0,19.2441,0,0.0,7.2467,0
12129276.3,7,,35,35,0,50.0,1.0,19.1592,0,0.0,7.237,0
12129578.1,7,,34,34,0,50.0,1.0,19.1441,0,0.0,7.2352,0
12131578.1,7,,34,34,0,50.0,1.0,19.0441,0,0.0,7.2233,0
12133578.1,7,,34,34,0,50.0,1.0,18.9441,0,0.0,7.2114,0
12135578.1,7,,34,34,0,50.0,1.0,18.8441,0,0.0,7.1995,0
12136157.5,7,,34,34,0,50.0,1.0,18.8152,0,0.0,7.196,0
12137578.1,7,,33,33,0,50.0,1.0,18.7441,0,0.0,7.1871,0
12138914.1,7,,33,33,0,50.0,1.0,18.6773,0,0.0,7.1788,0
12139578.1,7,,32,32,0,50.0,1.0,18.6441,0,0.0,7.1745,0
12141578.1,7,,32,32,0,50.0,1.0,18.5441,0,0.0,7.1617,0
12143578.1,7,,32,32,0,50.0,1.0,18.4441,0,0.0,7.1488,0
12144157.0,7,,32,32,0,50.0,1.0,18.4152,0,0.0,7.1451,0
12145578.1,7,,31,31,0,50.0,1.0,18.3441,0,0.0,7.1357,0
12147578.1,7,,31,31,0,50.0,1.0,18.2441,0,0.0,7.1224,0
12148232.9,7,,31,31,0,50.0,1.0,18.2114,0,0.0,7.118,0
12148744.5,7,,30,30,0,50.0,1.0,18.1858,0,0.0,7.1145,0
12149578.1,7,,29,29,0,50.0,1.0,18.1441,0,0.0,7.1086,0
12151578.1,7,,29,29,0,50.0,1.0,18.0441,0,0.0,7.0944,0
12153578.1,7,,29,29,0,50.0,1.0,17.9441,0,0.0,7.0801,0
12155578.1,7,,29,29,0,50.0,1.0,17.8441,0,0.0,7.0659,0
12157578.1,7,,29,29,0,50.0,1.0,17.7441,0,0.0,7.0516,0
12159578.1,7,,29,29,0,50.0,1.0,17.6441,0,0.0,7.0374,0
12161578.1,7,,29,29,0,50.0,1.0,17.5441,0,0.0,7.0232,0
12162136.7,7,,29,29,0,50.0,1.0,17.5162,0,0.0,7.0192,0
12163578.1,7,,28,28,0,50.0,1.0,17.4441,0,0.0,7.0087,0
12164758.1,7,,28,28,0,50.0,1.0,17.3851,0,0.0,7.0001,0
12165578.1,7,,27,27,0,50.0,1.0,17.3441,0,0.0,6.9939,0
12167578.1,7,,27,27,0,50.0,1.0,17.2441,0,0.0,6.9789,0
12169578.1,7,,27,27,0,50.0,1.0,17.1441,0,0.0,6.9639,0
12171547.0,7,,27,27,0,50.0,1.0,17.0457,0,0.0,6.9491,0
12171578.1,7,,26,26,0,50.0,1.0,17.0441,0,0.0,6.9488,0
12172337.5,7,,26,26,0,50.0,1.0,17.0062,0,0.0,6.9428,0
12173578.1,7,,25,25,0,50.0,1.0,16.9441,0,0.0,6.9324,0
12175578.1,7,,25,25,0,50.0,1.0,16.8441,0,0.0,6.9157,0
12177578.1,7,,25,25,0,50.0,1.0,16.7441,0,0.0,6.899,0
12179578.1,7,,25,25,0,50.0,1.0,16.6441,0,0.0,6.8823,0
12181578.1,7,,25,25,0,50.0,1.0,16.5441,0,0.0,6.8657,0
12183108.2,7,,25,25,0,50.0,1.0,16.4676,0,0.0,6.8529,0
12183578.1,7,,24,24,0,50.0,1.0,16.4441,0,0.0,6.8488,0
12185578.1,7,,24,24,0,50.0,1.0,16.3441,0,0.0,6.8315,0
12187578.1,7,,24,24,0,50.0,1.0,16.2441,0,0.0,6.8142,0
12189578.1,7,,24,24,0,50.0,1.0,16.1441,0,0.0,6.7969,0
12191578.1,7,,24,24,0,50.0,1.0,16.0441,0,0.0,6.7796,0
12192797.4,7,,24,24,0,50.0,1.0,15.9832,0,0.0,6.7691,0
12193578.1,7,,23,23,0,50.0,1.0,15.9441,0,0.0,6.7622,0
12194484.6,7,,23,23,0,50.0,1.0,15.8988,0,0.0,6.7541,0
12194904.7,7,,22,22,0,50.0,1.0,15.8778,0,0.0,6.7502,0
12195578.1,7,,21,21,0,50.0,1.0,15.8441,0,0.0,6.7435,0
12197578.1,7,,21,21,0,50.0,1.0,15.7441,0,0.0,6.7237,0
12199578.1,7,,21,21,0,50.0,1.0,15.6441,0,0.0,6.7038,0
12201458.3,7,,21,21,0,50.0,1.0,15.5501,0,0.0,6.6852,0
12201578.1,7,,20,20,0,50.0,1.0,15.5441,0,0.0,6.6839,0
12203578.1,7,,20,20,0,50.0,1.0,15.4441,0,0.0,6.6629,0
12205105.5,7,,20,20,0,50.0,1.0,15.3678,0,0.0,6.6468,0
12205578.1,7,,19,19,0,50.0,1.0,15.3441,0,0.0,6.6415,0
12207578.1,7,,19,19,0,50.0,1.0,15.2441,0,0.0,6.6192,0
12209578.1,7,,19,19,0,50.0,1.0,15.1441,0,0.0,6.5969,0
12211578.1,7,,19,19,0,50.0,1.0,15.0441,0,0.0,6.5745,0
12213578.1,7,,19,19,0,50.0,1.0,14.9441,0,0.0,6.5522,0
12215578.1,7,,19,19,0,50.0,1.0,14.8441,0,0.0,6.5299,0
12217578.1,7,,19,19,0,50.0,1.0,14.7441,0,0.0,6.5076,0
12219578.1,7,,19,19,0,50.0,1.0,14.6441,0,0.0,6.4853,0
12221578.1,7,,19,19,0,50.0,1.0,14.5441,0,0.0,6.4629,0
12223578.1,7,,19,19,0,50.0,1.0,14.4441,0,0.0,6.4406,0
12225578.1,7,,19,19,0,50.0,1.0,14.3441,0,0.0,6.4183,0
12227578.1,7,,19,19,0,50.0,1.0,14.2441,0,0.0,6.396,0
12229578.1,7,,19,19,0,50.0,1.0,14.1441,0,0.0,6.3736,0
12231578.1,7,,19,19,0,50.0,1.0,14.0441,0,0.0,6.3513,0
12233578.1,7,,19,19,0,50.0,1.0,13.9441,0,0.0,6.329,0
12234085.1,7,,19,19,0,50.0,1.0,13.9188,0,0.0,6.3233,0
12235578.1,7,,17,17,0,50.0,1.0,13.8441,0,0.0,6.3056,0
12237578.1,7,,17,17,0,50.0,1.0,13.7441,0,0.0,6.2819,0
12239578.1,7,,17,17,0,50.0,1.0,13.6441,0,0.0,6.2581,0
12241578.1,7,,17,17,0,50.0,1.0,13.5441,0,0.0,6.2344,0
12243578.1,7,,17,17,0,50.0,1.0,13.4441,0,0.0,6.2106,0
12245578.1,7,,17,17,0,50.0,1.0,13.3441,0,0.0,6.1869,0
12247578.1,7,,17,17,0,50.0,1.0,13.2441,0,0.0,6.1631,0
12249578.1,7,,17,17,0,50.0,1.0,13.1441,0,0.0,6.1394,0
12251578.1,7,,17,17,0,50.0,1.0,13.0441,0,0.0,6.1156,0
12253578.1,7,,17,17,0,50.0,1.0,12.9441,0,0.0,6.0919,0
12255578.1,7,,17,17,0,50.0,1.0,12.8441,0,0.0,6.0681,0
12257578.1,7,,17,17,0,50.0,1.0,12.7441,0,0.0,6.0444,0
12258661.1,7,,17,17,0,50.0,1.0,12.69,0,0.0,6.0315,0
12259578.1,7,,16,16,0,50.0,1.0,12.6441,0,0.0,6.02,0
12261578.1,7,,16,16,0,50.0,1.0,12.5441,0,0.0,5.995,0
12263578.1,7,,16,16,0,50.0,1.0,12.4441,0,0.0,5.97,0
12265578.1,7,,16,16,0,50.0,1.0,12.3441,0,0.0,5.945,0
12267578.1,7,,16,16,0,50.0,1.0,12.2441,0,0.0,5.92,0
12269578.1,7,,16,16,0,50.0,1.0,12.1441,0,0.0,5.895,0
12271578.1,7,,16,16,0,50.0,1.0,12.0441,0,0.0,5.87,0
12273578.1,7,,16,16,0,50.0,1.0,11.9441,0,0.0,5.845,0
12275578.1,7,,16,16,0,50.0,1.0,11.8441,0,0.0,5.82,0
12277011.1,7,,16,16,0,50.0,1.0,11.7725,0,0.0,5.8021,0
12277578.1,7,,15,15,0,50.0,1.0,11.7441,0,0.0,5.7947,0
12279578.1,7,,15,15,0,50.0,1.0,11.6441,0,0.0,5.7686,0
12281578.1,7,,15,15,0,50.0,1.0,11.5441,0,0.0,5.7426,0
12283338.4,7,,15,15,0,50.0,1.0,11.4561,0,0.0,5.7196,0
12283578.1,7,,14,14,0,50.0,1.0,11.4441,0,0.0,5.7165,0
12285578.1,7,,14,14,0,50.0,1.0,11.3441,0,0.0,5.6904,0
12287578.1,7,,14,14,0,50.0,1.0,11.2441,0,0.0,5.6643,0
12289578.1,7,,14,14,0,50.0,1.0,11.1441,0,0.0,5.6382,0
12291578.1,7,,14,14,0,50.0,1.0,11.0441,0,0.0,5.6121,0
12293578.1,7,,14,14,0,50.0,1.0,10.9441,0,0.0,5.586,0
12295578.1,7,,14,14,0,50.0,1.0,10.8441,0,0.0,5.56,0
12297578.1,7,,14,14,0,50.0,1.0,10.7441,0,0.0,5.5339,0
12299578.1,7,,14,14,0,50.0,1.0,10.6441,0,0.0,5.5078,0
12301578.1,7,,14,14,0,50.0,1.0,10.5441,0,0.0,5.4817,0
12303578.1,7,,14,14,0,50.0,1.0,10.4441,0,0.0,5.4556,0
12305578.1,7,,14,14,0,50.0,1.0,10.3441,0,0.0,5.4295,0
12307578.1,7,,14,14,0,50.0,1.0,10.2441,0,0.0,5.4034,0
12309578.1,7,,14,14,0,50.0,1.0,10.1441,0,0.0,5.3773,0
12311578.1,7,,14,14,0,50.0,1.0,10.0441,0,0.0,5.3513,0
12313578.1,7,,14,14,0,50.0,1.0,9.9441,0,0.0,5.3252,0
12315578.1,7,,14,14,0,50.0,1.0,9.8441,0,0.0,5.2991,0
12317578.1,7,,14,14,0,50.0,1.0,9.7441,0,0.0,5.273,0
12318912.0,7,,14,14,0,50.0,1.0,9.6774,0,0.0,5.2556,0
12319578.1,7,,13,13,0,50.0,1.0,9.6441,0,0.0,5.2467,0
12321578.1,7,,13,13,0,50.0,1.0,9.5441,0,0.0,5.22,0
12322331.3,7,,13,13,0,50.0,1.0,9.5065,0,0.0,5.21,0
12323578.1,7,,12,12,0,50.0,1.0,9.4441,0,0.0,5.193,0
12325578.1,7,,12,12,0,50.0,1.0,9.3441,0,0.0,5.1657,0
12327578.1,7,,12,12,0,50.0,1.0,9.2441,0,0.0,5.1385,0
12329578.1,7,,12,12,0,50.0,1.0,9.1441,0,0.0,5.1112,0
12331578.1,7,,12,12,0,50.0,1.0,9.0441,0,0.0,5.0839,0
12333578.1,7,,12,12,0,50.0,1.0,8.9441,0,0.0,5.0566,0
12335578.1,7,,12,12,0,50.0,1.0,8.8441,0,0.0,5.0294,0
12337578.1,7,,12,12,0,50.0,1.0,8.7441,0,0.0,5.0021,0
12339578.1,7,,12,12,0,50.0,1.0,8.6441,0,0.0,4.9748,0
12341578.1,7,,12,12,0,50.0,1.0,8.5441,0,0.0,4.9475,0
12343578.1,7,,12,12,0,50.0,1.0,8.4441,0,0.0,4.9203,0
12345578.1,7,,12,12,0,50.0,1.0,8.3441,0,0.0,4.893,0
12347578.1,7,,12,12,0,50.0,1.0,8.2441,0,0.0,4.8657,0
12349578.1,7,,12,12,0,50.0,1.0,8.1441,0,0.0,4.8385,0
12351578.1,7,,12,12,0,50.0,1.0,8.0441,0,0.0,4.8112,0
12353578.1,7,,12,12,0,50.0,1.0,7.9441,0,0.0,4.7839,0
12354313.8,7,,12,12,0,50.0,1.0,7.9074,0,0.0,4.7739,0
12355578.1,7,,11,11,0,50.0,1.0,7.8441,0,0.0,4.7549,0
12357578.1,7,,11,11,0,50.0,1.0,7.7441,0,0.0,4.7249,0
12359578.1,7,,11,11,0,50.0,1.0,7.6441,0,0.0,4.6949,0
12361578.1,7,,11,11,0,50.0,1.0,7.5441,0,0.0,4.6649,0
12363578.1,7,,11,11,0,50.0,1.0,7.4441,0,0.0,4.6349,0
12365578.1,7,,11,11,0,50.0,1.0,7.3441,0,0.0,4.6049,0
12367578.1,7,,11,11,0,50.0,1.0,7.2441,0,0.0,4.5749,0
12369578.1,7,,11,11,0,50.0,1.0,7.1441,0,0.0,4.5449,0
12371578.1,7,,11,11,0,50.0,1.0,7.0441,0,0.0,4.5149,0
12372366.7,7,,11,11,0,50.0,1.0,7.0047,0,0.0,4.5031,0
12373578.1,7,,10,10,0,50.0,1.0,6.9441,0,0.0,4.4849,0
12375578.1,7,,10,10,0,50.0,1.0,6.8441,0,0.0,4.4549,0
12377578.1,7,,10,10,0,50.0,1.0,6.7441,0,0.0,4.4249,0
12379578.1,7,,10,10,0,50.0,1.0,6.6441,0,0.0,4.3949,0
12381578.1,7,,10,10,0,50.0,1.0,6.5441,0,0.0,4.3649,0
12383578.1,7,,10,10,0,50.0,1.0,6.4441,0,0.0,4.3349,0
12385578.1,7,,10,10,0,50.0,1.0,6.3441,0,0.0,4.3049,0
12387578.1,7,,10,10,0,50.0,1.0,6.2441,0,0.0,4.2749,0
12388554.6,7,,10,10,0,50.0,1.0,6.1953,0,0.0,4.2603,0
12389578.1,7,,9,9,0,50.0,1.0,6.1441,0,0.0,4.2441,0
12391578.1,7,,9,9,0,50.0,1.0,6.0441,0,0.0,4.2125,0
12393578.1,7,,9,9,0,50.0,1.0,5.9441,0,0.0,4.1809,0
12395578.1,7,,9,9,0,50.0,1.0,5.8441,0,0.0,4.1494,0
12397578.1,7,,9,9,0,50.0,1.0,5.7441,0,0.0,4.1178,0
12397708.1,7,,9,9,0,50.0,1.0,5.7376,0,0.0,4.1157,0
12398458.0,7,,8,8,0,50.0,1.0,5.7001,0,0.0,4.1017,0
12399578.1,7,,7,7,0,50.0,1.0,5.6441,0,0.0,4.0758,0
12401578.1,7,,7,7,0,50.0,1.0,5.5441,0,0.0,4.0297,0
12403578.1,7,,7,7,0,50.0,1.0,5.4441,0,0.0,3.9835,0
12405578.1,7,,7,7,0,50.0,1.0,5.3441,0,0.0,3.9374,0
12407578.1,7,,7,7,0,50.0,1.0,5.2441,0,0.0,3.8912,0
12409578.1,7,,7,7,0,50.0,1.0,5.1441,0,0.0,3.8451,0
12411578.1,7,,7,7,0,50.0,1.0,5.0441,0,0.0,3.7989,0
12413578.1,7,,7,7,0,50.0,1.0,4.9441,0,0.0,3.7528,0
12415578.1,7,,7,7,0,50.0,1.0,4.8441,0,0.0,3.7066,0
12417578.1,7,,7,7,0,50.0,1.0,4.7441,0,0.0,3.6604,0
12419578.1,7,,7,7,0,50.0,1.0,4.6441,0,0.0,3.6143,0
12421578.1,7,,7,7,0,50.0,1.0,4.5441,0,0.0,3.5681,0
12423578.1,7,,7,7,0,50.0,1.0,4.4441,0,0.0,3.522,0
12425578.1,7,,7,7,0,50.0,1.0,4.3441,0,0.0,3.4758,0
12427578.1,7,,7,7,0,50.0,1.0,4.2441,0,0.0,3.4297,0
12429578.1,7,,7,7,0,50.0,1.0,4.1441,0,0.0,3.3835,0
12431578.1,7,,7,7,0,50.0,1.0,4.0441,0,0.0,3.3374,0
12433578.1,7,,7,7,0,50.0,1.0,3.9441,0,0.0,3.2912,0
12435578.1,7,,7,7,0,50.0,1.0,3.8441,0,0.0,3.2451,0
12437578.1,7,,7,7,0,50.0,1.0,3.7441,0,0.0,3.1989,0
12439578.1,7,,7,7,0,50.0,1.0,3.6441,0,0.0,3.1528,0
12441578.1,7,,7,7,0,50.0,1.0,3.5441,0,0.0,3.1066,0
12443578.1,7,,7,7,0,50.0,1.0,3.4441,0,0.0,3.0604,0
12445578.1,7,,7,7,0,50.0,1.0,3.3441,0,0.0,3.0143,0
12447578.1,7,,7,7,0,50.0,1.0,3.2441,0,0.0,2.9681,0
12448028.7,7,,7,7,0,50.0,1.0,3.2216,0,0.0,2.9577,0
12449578.1,7,,6,6,0,50.0,1.0,3.1441,0,0.0,2.9113,0
12451578.1,7,,6,6,0,50.0,1.0,3.0441,0,0.0,2.8513,0
12453578.1,7,,6,6,0,50.0,1.0,2.9441,0,0.0,2.7913,0
12455578.1,7,,6,6,0,50.0,1.0,2.8441,0,0.0,2.7313,0
12456511.6,7,,6,6,0,50.0,1.0,2.7975,0,0.0,2.7033,0
12457578.1,7,,5,5,0,50.0,1.0,2.7441,0,0.0,2.6677,0
12459578.1,7,,5,5,0,50.0,1.0,2.6441,0,0.0,2.601,0
12461578.1,7,,5,5,0,50.0,1.0,2.5441,0,0.0,2.5344,0
12462164.1,7,,5,5,0,50.0,1.0,2.5148,0,0.0,2.5148,0
12463578.1,7,,4,4,0,50.0,1.0,2.4441,0,0.0,2.4441,0
12465578.1,7,,4,4,0,50.0,1.0,2.3441,0,0.0,2.3441,0
12467578.1,7,,4,4,0,50.0,1.0,2.2441,0,0.0,2.2441,0
12469578.1,7,,4,4,0,50.0,1.0,2.1441,0,0.0,2.1441,0
12471578.1,7,,4,4,0,50.0,1.0,2.0441,0,0.0,2.0441,0
12473578.1,7,,4,4,0,50.0,1.0,1.9441,0,0.0,1.9441,0
12475578.1,7,,4,4,0,50.0,1.0,1.8441,0,0.0,1.8441,0
12477578.1,7,,4,4,0,50.0,1.0,1.7441,0,0.0,1.7441,0
12479578.1,7,,4,4,0,50.0,1.0,1.6441,0,0.0,1.6441,0
12481578.1,7,,4,4,0,50.0,1.0,1.5441,0,0.0,1.5441,0
12483578.1,7,,4,4,0,50.0,1.0,1.4441,0,0.0,1.4441,0
12485578.1,7,,4,4,0,50.0,1.0,1.3441,0,0.0,1.3441,0
12487578.1,7,,4,4,0,50.0,1.0,1.2441,0,0.0,1.2441,0
12489578.1,7,,4,4,0,50.0,1.0,1.1441,0,0.0,1.1441,0
12490146.9,7,,4,4,0,50.0,1.0,1.1157,0,0.0,1.1157,0
12491578.1,7,,3,3,0,50.0,1.0,1.0441,0,0.0,1.0441,0
12493578.1,7,,3,3,0,50.0,1.0,0.9441,0,0.0,0.9441,0
12495578.1,7,,3,3,0,50.0,1.0,0.8441,0,0.0,0.8441,0
12497578.1,7,,3,3,0,50.0,1.0,0.7441,0,0.0,0.7441,0
12499578.1,7,,3,3,0,50.0,1.0,0.6441,0,0.0,0.6441,0
12501578.1,7,,3,3,0,50.0,1.0,0.5441,0,0.0,0.5441,0
12503578.1,7,,3,3,0,50.0,1.0,0.4441,0,0.0,0.4441,0
12505578.1,7,,3,3,0,50.0,1.0,0.3441,0,0.0,0.3441,0
12507578.1,7,,3,3,0,50.0,1.0,0.2441,0,0.0,0.2441,0
12509578.1,7,,3,3,0,50.0,1.0,0.1441,0,0.0,0.1441,0
12511361.0,7,,3,3,0,50.0,1.0,0.055,0,0.0,0.055,0
12511578.1,7,,2,2,0,50.0,1.0,0.0441,0,0.0,0.0441,0
12511816.9,7,,2,2,0,50.0,1.0,0.0322,0,0.0,0.0322,0
12512460.8,7,,1,1,0,50.0,1.0,-0.0,0,0.0,0.0,0
12513578.1,8,,124,64,0,50.0,1.0,87.2463,0,0.0,42.1861,1
12515578.1,8,,124,64,0,50.0,1.0,87.1463,0,0.0,41.9321,1
12517578.1,8,,124,64,0,50.0,1.0,87.0463,0,0.0,41.6781,1
12519578.1,8,,124,64,0,50.0,1.0,86.9463,0,0.0,41.4241,1
12521578.1,8,,124,64,0,50.0,1.0,86.8463,0,0.0,41.17,1
12523578.1,8,,124,64,0,50.0,1.0,86.7463,0,0.0,40.916,1
12525578.1,8,,124,64,0,50.0,1.0,86.6463,0,0.0,40.662,1
12527578.1,8,,124,64,0,50.0,1.0,86.5463,0,0.0,40.4079,1
12529578.1,8,,124,64,0,50.0,1.0,86.4463,0,0.0,40.1539,1
12531578.1,8,,124,64,0,50.0,1.0,86.3463,0,0.0,39.8999,1
12533578.1,8,,124,64,0,50.0,1.0,86.2463,0,0.0,39.6458,1
12535578.1,8,,124,64,0,50.0,1.0,86.1463,0,0.0,39.3918,1
12537578.1,8,,124,64,0,50.0,1.0,86.0463,0,0.0,39.1378,1
12539578.1,8,,124,64,0,50.0,1.0,85.9463,0,0.0,38.8837,1
12541578.1,8,,124,64,0,50.0,1.0,85.8463,0,0.0,38.6297,1
12543578.1,8,,124,64,0,50.0,1.0,85.7463,0,0.0,38.3757,1
12545578.1,8,,124,64,0,50.0,1.0,85.6463,0,0.0,38.1216,1
12546038.9,8,,124,64,0,50.0,1.0,85.6232,0,0.0,38.0631,1
12547578.1,8,,123,64,0,50.0,1.0,85.5463,0,0.0,37.8843,1
12547731.9,8,,123,64,0,50.0,1.0,85.5386,0,0.0,37.8665,1
12549578.1,8,,122,64,0,50.0,1.0,85.4463,0,0.0,37.6522,1
12549707.1,8,,122,64,0,50.0,1.0,85.4398,0,0.0,37.6373,1
12551578.1,8,,121,64,0,50.0,1.0,85.3463,0,0.0,37.4204,1
12553578.1,8,,121,64,0,50.0,1.0,85.2463,0,0.0,37.1885,1
12555578.1,8,,121,64,0,50.0,1.0,85.1463,0,0.0,36.9566,1
12556197.0,8,,121,64,0,50.0,1.0,85.1153,0,0.0,36.8849,1
12557325.7,8,,120,64,0,50.0,1.0,85.0589,0,0.0,36.7541,1
12557578.1,8,,119,64,0,50.0,1.0,85.0463,0,0.0,36.7249,1
12559537.5,8,,119,64,0,50.0,1.0,84.9483,0,0.0,36.4982,1
12559578.1,8,,118,64,0,50.0,1.0,84.9463,0,0.0,36.4935,1
12561578.1,8,,118,64,0,50.0,1.0,84.8463,0,0.0,36.2622,1
12563578.1,8,,118,64,0,50.0,1.0,84.7463,0,0.0,36.031,1
12565578.1,8,,118,64,0,50.0,1.0,84.6463,0,0.0,35.7997,1
12567578.1,8,,118,64,0,50.0,1.0,84.5463,0,0.0,35.5685,1
12569578.1,8,,118,64,0,50.0,1.0,84.4463,0,0.0,35.3373,1
12571578.1,8,,118,64,0,50.0,1.0,84.3463,0,0.0,35.106,1
12573578.1,8,,118,64,0,50.0,1.0,84.2463,0,0.0,34.8748,1
12575578.1,8,,118,64,0,50.0,1.0,84.1463,0,0.0,34.6435,1
12576440.3,8,,118,64,0,50.0,1.0,84.1032,0,0.0,34.5438,1
12577578.1,8,,117,64,0,50.0,1.0,84.0463,0,0.0,34.4124,1
12578542.9,8,,117,64,0,50.0,1.0,83.998,0,0.0,34.301,1
12579578.1,8,,116,64,0,50.0,1.0,83.9463,0,0.0,34.1815,1
12579953.8,8,,116,64,0,50.0,1.0,83.9275,0,0.0,34.1381,1
12580072.1,8,,115,64,0,50.0,1.0,83.9216,0,0.0,34.1245,1
12581578.1,8,,114,64,0,50.0,1.0,83.8463,0,0.0,33.951,1
12583578.1,8,,114,64,0,50.0,1.0,83.7463,0,0.0,33.7206,1
12585578.1,8,,114,64,0,50.0,1.0,83.6463,0,0.0,33.4902,1
12586452.8,8,,114,64,0,50.0,1.0,83.6025,0,0.0,33.3895,1
12587578.1,8,,113,64,0,50.0,1.0,83.5463,0,0.0,33.273,1
12589374.6,8,,113,64,0,50.0,1.0,83.4565,0,0.0,33.087,1
12589578.1,8,,112,64,0,50.0,1.0,83.4463,0,0.0,33.0659,1
12591167.7,8,,112,64,0,50.0,1.0,83.3668,0,0.0,32.9015,1
12591578.1,8,,111,64,0,50.0,1.0,83.3463,0,0.0,32.8591,1
12592523.9,8,,111,64,0,50.0,1.0,83.299,0,0.0,32.7613,1
12592851.6,8,,110,64,0,50.0,1.0,83.2826,0,0.0,32.7316,1
12593578.1,8,,109,64,0,50.0,1.0,83.2463,0,0.0,32.6657,1
12595578.1,8,,109,64,0,50.0,1.0,83.1463,0,0.0,32.4842,1
12597578.1,8,,109,64,0,50.0,1.0,83.0463,0,0.0,32.3028,1
12598294.8,8,,109,64,0,50.0,1.0,83.0104,0,0.0,32.2377,1
12599569.1,8,,108,64,0,50.0,1.0,82.9467,0,0.0,32.1223,1
12599578.1,8,,107,64,0,50.0,1.0,82.9463,0,0.0,32.1215,1
12601578.1,8,,107,64,0,50.0,1.0,82.8463,0,0.0,31.9405,1
12601953.8,8,,107,64,0,50.0,1.0,82.8275,0,0.0,31.9064,1
12603578.1,8,,106,64,0,50.0,1.0,82.7463,0,0.0,31.7812,1
12605578.1,8,,106,64,0,50.0,1.0,82.6463,0,0.0,31.6271,1
12606869.0,8,,106,64,0,50.0,1.0,82.5817,0,0.0,31.5276,1
12607578.1,8,,105,64,0,50.0,1.0,82.5463,0,0.0,31.4832,1
12608707.7,8,,105,64,0,50.0,1.0,82.4898,0,0.0,31.4125,1
12609578.1,8,,104,64,0,50.0,1.0,82.4463,0,0.0,31.3581,1
12611578.1,8,,104,64,0,50.0,1.0,82.3463,0,0.0,31.2331,1
12613578.1,8,,104,64,0,50.0,1.0,82.2463,0,0.0,31.1081,1
12615051.9,8,,104,64,0,50.0,1.0,82.1726,0,0.0,31.016,1
12615578.1,8,,103,64,0,50.0,1.0,82.1463,0,0.0,30.9832,1
12617578.1,8,,103,64,0,50.0,1.0,82.0463,0,0.0,30.8584,1
12618601.8,8,,103,64,0,50.0,1.0,81.9951,0,0.0,30.7946,1
12619402.8,8,,102,64,0,50.0,1.0,81.955,0,0.0,30.7447,1
12619578.1,8,,101,64,0,50.0,1.0,81.9463,0,0.0,30.7338,1
12620777.2,8,,101,64,0,50.0,1.0,81.8863,0,0.0,30.6593,1
12621578.1,8,,100,64,0,50.0,1.0,81.8463,0,0.0,30.6097,1
12623578.1,8,,100,64,0,50.0,1.0,81.7463,0,0.0,30.4856,1
12624618.4,8,,100,64,0,50.0,1.0,81.6943,0,0.0,30.4211,1
12625578.1,8,,99,64,0,50.0,1.0,81.6463,0,0.0,30.3766,1
12626466.1,8,,99,64,0,50.0,1.0,81.6019,0,0.0,30.3354,1
12627578.1,8,,98,64,0,50.0,1.0,81.5463,0,0.0,30.284,1
12629578.1,8,,98,64,0,50.0,1.0,81.4463,0,0.0,30.1915,1
12630207.1,8,,98,64,0,50.0,1.0,81.4148,0,0.0,30.1624,1
12631445.0,8,,97,64,0,50.0,1.0,81.3529,0,0.0,30.1054,1
12631578.1,8,,96,64,0,50.0,1.0,81.3463,0,0.0,30.1015,1
12633578.1,8,,96,64,0,50.0,1.0,81.2463,0,0.0,30.0431,1
12635578.1,8,,96,64,0,50.0,1.0,81.1463,0,0.0,29.9848,1
12637578.1,8,,96,64,0,50.0,1.0,81.0463,0,0.0,29.9265,1
12639578.1,8,,96,64,0,50.0,1.0,80.9463,0,0.0,29.8681,1
12641578.1,8,,96,64,0,50.0,1.0,80.8463,0,0.0,29.8098,1
12643578.1,8,,96,64,0,50.0,1.0,80.7463,0,0.0,29.7515,1
12645578.1,8,,96,64,0,50.0,1.0,80.6463,0,0.0,29.6931,1
12647578.1,8,,96,64,0,50.0,1.0,80.5463,0,0.0,29.6348,1
12649578.1,8,,96,64,0,50.0,1.0,80.4463,0,0.0,29.5765,1
12651578.1,8,,96,64,0,50.0,1.0,80.3463,0,0.0,29.5181,1
12653578.1,8,,96,64,0,50.0,1.0,80.2463,0,0.0,29.4598,1
12655578.1,8,,96,64,0,50.0,1.0,80.1463,0,0.0,29.4015,1
12657578.1,8,,96,64,0,50.0,1.0,80.0463,0,0.0,29.3431,1
12659578.1,8,,96,64,0,50.0,1.0,79.9463,0,0.0,29.2848,1
12661578.1,8,,96,64,0,50.0,1.0,79.8463,0,0.0,29.2265,1
12663578.1,8,,96,64,0,50.0,1.0,79.7463,0,0.0,29.1681,1
12665578.1,8,,96,64,0,50.0,1.0,79.6463,0,0.0,29.1098,1
12667578.1,8,,96,64,0,50.0,1.0,79.5463,0,0.0,29.0515,1
12669578.1,8,,96,64,0,50.0,1.0,79.4463,0,0.0,28.9931,1
12671578.1,8,,96,64,0,50.0,1.0,79.3463,0,0.0,28.9348,1
12673578.1,8,,96,64,0,50.0,1.0,79.2463,0,0.0,28.8765,1
12675578.1,8,,96,64,0,50.0,1.0,79.1463,0,0.0,28.8181,1
12677578.1,8,,96,64,0,50.0,1.0,79.0463,0,0.0,28.7598,1
12679578.1,8,,96,64,0,50.0,1.0,78.9463,0,0.0,28.7015,1
12681578.1,8,,96,64,0,50.0,1.0,78.8463,0,0.0,28.6431,1
12683578.1,8,,96,64,0,50.0,1.0,78.7463,0,0.0,28.5848,1
12685578.1,8,,96,64,0,50.0,1.0,78.6463,0,0.0,28.5265,1
12687578.1,8,,96,64,0,50.0,1.0,78.5463,0,0.0,28.4681,1
12689578.1,8,,96,64,0,50.0,1.0,78.4463,0,0.0,28.4098,1
12691578.1,8,,96,64,0,50.0,1.0,78.3463,0,0.0,28.3515,1
12693578.1,8,,96,64,0,50.0,1.0,78.2463,0,0.0,28.2931,1
12695578.1,8,,96,64,0,50.0,1.0,78.1463,0,0.0,28.2348,1
12697578.1,8,,96,64,0,50.0,1.0,78.0463,0,0.0,28.1765,1
12699578.1,8,,96,64,0,50.0,1.0,77.9463,0,0.0,28.1181,1
12701578.1,8,,96,64,0,50.0,1.0,77.8463,0,0.0,28.0598,1
12703578.1,8,,96,64,0,50.0,1.0,77.7463,0,0.0,28.0015,1
12705578.1,8,,96,64,0,50.0,1.0,77.6463,0,0.0,27.9431,1
12707578.1,8,,96,64,0,50.0,1.0,77.5463,0,0.0,27.8848,1
12709578.1,8,,96,64,0,50.0,1.0,77.4463,0,0.0,27.8265,1
12711578.1,8,,96,64,0,50.0,1.0,77.3463,0,0.0,27.7681,1
12713578.1,8,,96,64,0,50.0,1.0,77.2463,0,0.0,27.7098,1
12715578.1,8,,96,64,0,50.0,1.0,77.1463,0,0.0,27.6515,1
12717578.1,8,,96,64,0,50.0,1.0,77.0463,0,0.0,27.5931,1
12719578.1,8,,96,64,0,50.0,1.0,76.9463,0,0.0,27.5348,1
12721578.1,8,,96,64,0,50.0,1.0,76.8463,0,0.0,27.4765,1
12723578.1,8,,96,64,0,50.0,1.0,76.7463,0,0.0,27.4181,1
12725578.1,8,,96,64,0,50.0,1.0,76.6463,0,0.0,27.3598,1
12727578.1,8,,96,64,0,50.0,1.0,76.5463,0,0.0,27.3015,1
12729578.1,8,,96,64,0,50.0,1.0,76.4463,0,0.0,27.2431,1
12731578.1,8,,96,64,0,50.0,1.0,76.3463,0,0.0,27.1848,1
12733578.1,8,,96,64,0,50.0,1.0,76.2463,0,0.0,27.1265,1
12735578.1,8,,96,64,0,50.0,1.0,76.1463,0,0.0,27.0681,1
12737578.1,8,,96,64,0,50.0,1.0,76.0463,0,0.0,27.0098,1
12739578.1,8,,96,64,0,50.0,1.0,75.9463,0,0.0,26.9515,1
12741578.1,8,,96,64,0,50.0,1.0,75.8463,0,0.0,26.8931,1
12743578.1,8,,96,64,0,50.0,1.0,75.7463,0,0.0,26.8348,1
12745578.1,8,,96,64,0,50.0,1.0,75.6463,0,0.0,26.7765,1
12747578.1,8,,96,64,0,50.0,1.0,75.5463,0,0.0,26.7181,1
12749578.1,8,,96,64,0,50.0,1.0,75.4463,0,0.0,26.6598,1
12751578.1,8,,96,64,0,50.0,1.0,75.3463,0,0.0,26.6015,1
12753578.1,8,,96,64,0,50.0,1.0,75.2463,0,0.0,26.5431,1
12755578.1,8,,96,64,0,50.0,1.0,75.1463,0,0.0,26.4848,1
12757578.1,8,,96,64,0,50.0,1.0,75.0463,0,0.0,26.4265,1
12759578.1,8,,96,64,0,50.0,1.0,74.9463,0,0.0,26.3681,1
12761578.1,8,,96,64,0,50.0,1.0,74.8463,0,0.0,26.3098,1
12763578.1,8,,96,64,0,50.0,1.0,74.7463,0,0.0,26.2515,1
12765578.1,8,,96,64,0,50.0,1.0,74.6463,0,0.0,26.1931,1
12767578.1,8,,96,64,0,50.0,1.0,74.5463,0,0.0,26.1348,1
12769578.1,8,,96,64,0,50.0,1.0,74.4463,0,0.0,26.0765,1
12771578.1,8,,96,64,0,50.0,1.0,74.3463,0,0.0,26.0181,1
12773578.1,8,,96,64,0,50.0,1.0,74.2463,0,0.0,25.9598,1
12775578.1,8,,96,64,0,50.0,1.0,74.1463,0,0.0,25.9015,1
12777578.1,8,,96,64,0,50.0,1.0,74.0463,0,0.0,25.8431,1
12779578.1,8,,96,64,0,50.0,1.0,73.9463,0,0.0,25.7848,1
12781578.1,8,,96,64,0,50.0,1.0,73.8463,0,0.0,25.7265,1
12783578.1,8,,96,64,0,50.0,1.0,73.7463,0,0.0,25.6681,1
12785578.1,8,,96,64,0,50.0,1.0,73.6463,0,0.0,25.6098,1
12787578.1,8,,96,64,0,50.0,1.0,73.5463,0,0.0,25.5515,1
12789578.1,8,,96,64,0,50.0,1.0,73.4463,0,0.0,25.4931,1
12791578.1,8,,96,64,0,50.0,1.0,73.3463,0,0.0,25.4348,1
12793578.1,8,,96,64,0,50.0,1.0,73.2463,0,0.0,25.3765,1
12795578.1,8,,96,64,0,50.0,1.0,73.1463,0,0.0,25.3181,1
12797578.1,8,,96,64,0,50.0,1.0,73.0463,0,0.0,25.2598,1
12799578.1,8,,96,64,0,50.0,1.0,72.9463,0,0.0,25.2015,1
12801578.1,8,,96,64,0,50.0,1.0,72.8463,0,0.0,25.1431,1
12803578.1,8,,96,64,0,50.0,1.0,72.7463,0,0.0,25.0848,1
12805578.1,8,,96,64,0,50.0,1.0,72.6463,0,0.0,25.0265,1
12807578.1,8,,96,64,0,50.0,1.0,72.5463,0,0.0,24.9681,1
12809578.1,8,,96,64,0,50.0,1.0,72.4463,0,0.0,24.9098,1
12811578.1,8,,96,64,0,50.0,1.0,72.3463,0,0.0,24.8515,1
12813578.1,8,,96,64,0,50.0,1.0,72.2463,0,0.0,24.7931,1
12815578.1,8,,96,64,0,50.0,1.0,72.1463,0,0.0,24.7348,1
12817578.1,8,,96,64,0,50.0,1.0,72.0463,0,0.0,24.6765,1
12819578.1,8,,96,64,0,50.0,1.0,71.9463,0,0.0,24.6181,1
12821578.1,8,,96,64,0,50.0,1.0,71.8463,0,0.0,24.5598,1
12823578.1,8,,96,64,0,50.0,1.0,71.7463,0,0.0,24.5015,1
12825578.1,8,,96,64,0,50.0,1.0,71.6463,0,0.0,24.4431,1
12827578.1,8,,96,64,0,50.0,1.0,71.5463,0,0.0,24.3848,1
12829578.1,8,,96,64,0,50.0,1.0,71.4463,0,0.0,24.3265,1
12831578.1,8,,96,64,0,50.0,1.0,71.3463,0,0.0,24.2681,1
12833578.1,8,,96,64,0,50.0,1.0,71.2463,0,0.0,24.2098,1
12835578.1,8,,96,64,0,50.0,1.0,71.1463,0,0.0,24.1515,1
12837578.1,8,,96,64,0,50.0,1.0,71.0463,0,0.0,24.0931,1
12839578.1,8,,96,64,0,50.0,1.0,70.9463,0,0.0,24.0348,1
12841578.1,8,,96,64,0,50.0,1.0,70.8463,0,0.0,23.9765,1
12843578.1,8,,96,64,0,50.0,1.0,70.7463,0,0.0,23.9181,1
12845578.1,8,,96,64,0,50.0,1.0,70.6463,0,0.0,23.8598,1
12847578.1,8,,96,64,0,50.0,1.0,70.5463,0,0.0,23.8015,1
12849578.1,8,,96,64,0,50.0,1.0,70.4463,0,0.0,23.7431,1
12851578.1,8,,96,64,0,50.0,1.0,70.3463,0,0.0,23.6848,1
12853578.1,8,,96,64,0,50.0,1.0,70.2463,0,0.0,23.6265,1
12855578.1,8,,96,64,0,50.0,1.0,70.1463,0,0.0,23.5681,1
12857578.1,8,,96,64,0,50.0,1.0,70.0463,0,0.0,23.5098,1
12859578.1,8,,96,64,0,50.0,1.0,69.9463,0,0.0,23.4515,1
12861578.1,8,,96,64,0,50.0,1.0,69.8463,0,0.0,23.3931,1
12863578.1,8,,96,64,0,50.0,1.0,69.7463,0,0.0,23.3348,1
12865578.1,8,,96,64,0,50.0,1.0,69.6463,0,0.0,23.2765,1
12867578.1,8,,96,64,0,50.0,1.0,69.5463,0,0.0,23.2181,1
12869578.1,8,,96,64,0,50.0,1.0,69.4463,0,0.0,23.1598,1
12871578.1,8,,96,64,0,50.0,1.0,69.3463,0,0.0,23.1015,1
12873578.1,8,,96,64,0,50.0,1.0,69.2463,0,0.0,23.0431,1
12875578.1,8,,96,64,0,50.0,1.0,69.1463,0,0.0,22.9848,1
12877578.1,8,,96,64,0,50.0,1.0,69.0463,0,0.0,22.9265,1
12879578.1,8,,96,64,0,50.0,1.0,68.9463,0,0.0,22.8681,1
12881578.1,8,,96,64,0,50.0,1.0,68.8463,0,0.0,22.8098,1
12883578.1,8,,96,64,0,50.0,1.0,68.7463,0,0.0,22.7515,1
12885578.1,8,,96,64,0,50.0,1.0,68.6463,0,0.0,22.6931,1
12887578.1,8,,96,64,0,50.0,1.0,68.5463,0,0.0,22.6348,1
12889578.1,8,,96,64,0,50.0,1.0,68.4463,0,0.0,22.5765,1
12891578.1,8,,96,64,0,50.0,1.0,68.3463,0,0.0,22.5181,1
12893578.1,8,,96,64,0,50.0,1.0,68.2463,0,0.0,22.4598,1
12895578.1,8,,96,64,0,50.0,1.0,68.1463,0,0.0,22.4015,1
12897578.1,8,,96,64,0,50.0,1.0,68.0463,0,0.0,22.3431,1
12899578.1,8,,96,64,0,50.0,1.0,67.9463,0,0.0,22.2848,1
12901578.1,8,,96,64,0,50.0,1.0,67.8463,0,0.0,22.2265,1
12903578.1,8,,96,64,0,50.0,1.0,67.7463,0,0.0,22.1681,1
12905578.1,8,,96,64,0,50.0,1.0,67.6463,0,0.0,22.1098,1
12907578.1,8,,96,64,0,50.0,1.0,67.5463,0,0.0,22.0515,1
12909578.1,8,,96,64,0,50.0,1.0,67.4463,0,0.0,21.9931,1
12911578.1,8,,96,64,0,50.0,1.0,67.3463,0,0.0,21.9348,1
12913578.1,8,,96,64,0,50.0,1.0,67.2463,0,0.0,21.8765,1
12915578.1,8,,96,64,0,50.0,1.0,67.1463,0,0.0,21.8181,1
12917578.1,8,,96,64,0,50.0,1.0,67.0463,0,0.0,21.7598,1
12919578.1,8,,96,64,0,50.0,1.0,66.9463,0,0.0,21.7015,1
12921578.1,8,,96,64,0,50.0,1.0,66.8463,0,0.0,21.6431,1
12923578.1,8,,96,64,0,50.0,1.0,66.7463,0,0.0,21.5848,1
12925578.1,8,,96,64,0,50.0,1.0,66.6463,0,0.0,21.5265,1
12927578.1,8,,96,64,0,50.0,1.0,66.5463,0,0.0,21.4681,1
12929578.1,8,,96,64,0,50.0,1.0,66.4463,0,0.0,21.4098,1
12931578.1,8,,96,64,0,50.0,1.0,66.3463,0,0.0,21.3515,1
12933578.1,8,,96,64,0,50.0,1.0,66.2463,0,0.0,21.2931,1
12935578.1,8,,96,64,0,50.0,1.0,66.1463,0,0.0,21.2348,1
12937578.1,8,,96,64,0,50.0,1.0,66.0463,0,0.0,21.1765,1
12939578.1,8,,96,64,0,50.0,1.0,65.9463,0,0.0,21.1181,1
12941578.1,8,,96,64,0,50.0,1.0,65.8463,0,0.0,21.0598,1
12943578.1,8,,96,64,0,50.0,1.0,65.7463,0,0.0,21.0015,1
12945578.1,8,,96,64,0,50.0,1.0,65.6463,0,0.0,20.9431,1
12947578.1,8,,96,64,0,50.0,1.0,65.5463,0,0.0,20.8848,1
12949578.1,8,,96,64,0,50.0,1.0,65.4463,0,0.0,20.8265,1
12951578.1,8,,96,64,0,50.0,1.0,65.3463,0,0.0,20.7681,1
12953578.1,8,,96,64,0,50.0,1.0,65.2463,0,0.0,20.7098,1
12955578.1,8,,96,64,0,50.0,1.0,65.1463,0,0.0,20.6515,1
12957578.1,8,,96,64,0,50.0,1.0,65.0463,0,0.0,20.5931,1
12959578.1,8,,96,64,0,50.0,1.0,64.9463,0,0.0,20.5348,1
12961578.1,8,,96,64,0,50.0,1.0,64.8463,0,0.0,20.4765,1
12963578.1,8,,96,64,0,50.0,1.0,64.7463,0,0.0,20.4181,1
12965578.1,8,,96,64,0,50.0,1.0,64.6463,0,0.0,20.3598,1
12967578.1,8,,96,64,0,50.0,1.0,64.5463,0,0.0,20.3015,1
12969578.1,8,,96,64,0,50.0,1.0,64.4463,0,0.0,20.2431,1
12971578.1,8,,96,64,0,50.0,1.0,64.3463,0,0.0,20.1848,1
12973578.1,8,,96,64,0,50.0,1.0,64.2463,0,0.0,20.1265,1
12975578.1,8,,96,64,0,50.0,1.0,64.1463,0,0.0,20.0681,1
12977578.1,8,,96,64,0,50.0,1.0,64.0463,0,0.0,20.0098,1
12979578.1,8,,96,64,0,50.0,1.0,63.9463,0,0.0,19.9515,1
12981578.1,8,,96,64,0,50.0,1.0,63.8463,0,0.0,19.8931,1
12983578.1,8,,96,64,0,50.0,1.0,63.7463,0,0.0,19.8348,1
12985578.1,8,,96,64,0,50.0,1.0,63.6463,0,0.0,19.7765,1
12987578.1,8,,96,64,0,50.0,1.0,63.5463,0,0.0,19.7181,1
12989578.1,8,,96,64,0,50.0,1.0,63.4463,0,0.0,19.6598,1
12991578.1,8,,96,64,0,50.0,1.0,63.3463,0,0.0,19.6015,1
12993578.1,8,,96,64,0,50.0,1.0,63.2463,0,0.0,19.5431,1
12995578.1,8,,96,64,0,50.0,1.0,63.1463,0,0.0,19.4848,1
12997578.1,8,,96,64,0,50.0,1.0,63.0463,0,0.0,19.4265,1
12999578.1,8,,96,64,0,50.0,1.0,62.9463,0,0.0,19.3681,1
13001578.1,8,,96,64,0,50.0,1.0,62.8463,0,0.0,19.3098,1
13003578.1,8,,96,64,0,50.0,1.0,62.7463,0,0.0,19.2515,1
13005578.1,8,,96,64,0,50.0,1.0,62.6463,0,0.0,19.1931,1
13007578.1,8,,96,64,0,50.0,1.0,62.5463,0,0.0,19.1348,1
13009578.1,8,,96,64,0,50.0,1.0,62.4463,0,0.0,19.0765,1
13011578.1,8,,96,64,0,50.0,1.0,62.3463,0,0.0,19.0181,1
13012427.7,8,,96,64,0,50.0,1.0,62.3038,0,0.0,18.9934,1
13013578.1,8,,95,64,0,50.0,1.0,62.2463,0,0.0,18.961,1
13015578.1,8,,95,64,0,50.0,1.0,62.1463,0,0.0,18.9048,1
13017578.1,8,,95,64,0,50.0,1.0,62.0463,0,0.0,18.8485,1
13019578.1,8,,95,64,0,50.0,1.0,61.9463,0,0.0,18.7923,1
13021578.1,8,,95,64,0,50.0,1.0,61.8463,0,0.0,18.736,1
13023578.1,8,,95,64,0,50.0,1.0,61.7463,0,0.0,18.6798,1
13025578.1,8,,95,64,0,50.0,1.0,61.6463,0,0.0,18.6236,1
13027578.1,8,,95,64,0,50.0,1.0,61.5463,0,0.0,18.5673,1
13029385.1,8,,95,64,0,50.0,1.0,61.4559,0,0.0,18.5165,1
13029578.1,8,,94,64,0,50.0,1.0,61.4463,0,0.0,18.5113,1
13031578.1,8,,94,64,0,50.0,1.0,61.3463,0,0.0,18.4574,1
13033578.1,8,,94,64,0,50.0,1.0,61.2463,0,0.0,18.4034,1
13035578.1,8,,94,64,0,50.0,1.0,61.1463,0,0.0,18.3495,1
13037578.1,8,,94,64,0,50.0,1.0,61.0463,0,0.0,18.2955,1
13039578.1,8,,94,64,0,50.0,1.0,60.9463,0,0.0,18.2416,1
13041578.1,8,,94,64,0,50.0,1.0,60.8463,0,0.0,18.1877,1
13043578.1,8,,94,64,0,50.0,1.0,60.7463,0,0.0,18.1337,1
13045578.1,8,,94,64,0,50.0,1.0,60.6463,0,0.0,18.0798,1
13047578.1,8,,94,64,0,50.0,1.0,60.5463,0,0.0,18.0258,1
13049578.1,8,,94,64,0,50.0,1.0,60.4463,0,0.0,17.9719,1
13051578.1,8,,94,64,0,50.0,1.0,60.3463,0,0.0,17.918,1
13053578.1,8,,94,64,0,50.0,1.0,60.2463,0,0.0,17.864,1
13055578.1,8,,94,64,0,50.0,1.0,60.1463,0,0.0,17.8101,1
13057578.1,8,,94,64,0,50.0,1.0,60.0463,0,0.0,17.7561,1
13059578.1,8,,94,64,0,50.0,1.0,59.9463,0,0.0,17.7022,1
13061578.1,8,,94,64,0,50.0,1.0,59.8463,0,0.0,17.6483,1
13063578.1,8,,94,64,0,50.0,1.0,59.7463,0,0.0,17.5943,1
13065578.1,8,,94,64,0,50.0,1.0,59.6463,0,0.0,17.5404,1
13067232.1,8,,94,64,0,50.0,1.0,59.5636,0,0.0,17.4958,1
13067578.1,8,,93,64,0,50.0,1.0,59.5463,0,0.0,17.4869,1
13069578.1,8,,93,64,0,50.0,1.0,59.4463,0,0.0,17.4355,1
13071578.1,8,,93,64,0,50.0,1.0,59.3463,0,0.0,17.3841,1
13073578.1,8,,93,64,0,50.0,1.0,59.2463,0,0.0,17.3327,1
13075196.6,8,,93,64,0,50.0,1.0,59.1654,0,0.0,17.2911,1
13075578.1,8,,92,64,0,50.0,1.0,59.1463,0,0.0,17.2814,1
13077578.1,8,,92,64,0,50.0,1.0,59.0463,0,0.0,17.2303,1
13079578.1,8,,92,64,0,50.0,1.0,58.9463,0,0.0,17.1791,1
13081578.1,8,,92,64,0,50.0,1.0,58.8463,0,0.0,17.128,1
13081868.5,8,,92,64,0,50.0,1.0,58.8318,0,0.0,17.1206,1
13083033.6,8,,91,64,0,50.0,1.0,58.7735,0,0.0,17.091,1
13083578.1,8,,90,64,0,50.0,1.0,58.7463,0,0.0,17.0772,1
13085578.1,8,,90,64,0,50.0,1.0,58.6463,0,0.0,17.0267,1
13085636.8,8,,90,64,0,50.0,1.0,58.6433,0,0.0,17.0252,1
13087578.1,8,,89,64,0,50.0,1.0,58.5463,0,0.0,16.9764,1
13089578.1,8,,89,64,0,50.0,1.0,58.4463,0,0.0,16.9262,1
13090570.2,8,,89,64,0,50.0,1.0,58.3967,0,0.0,16.9012,1
13091043.6,8,,88,64,0,50.0,1.0,58.373,0,0.0,16.8894,1
13091578.1,8,,87,64,0,50.0,1.0,58.3463,0,0.0,16.8761,1
13093578.1,8,,87,64,0,50.0,1.0,58.2463,0,0.0,16.8265,1
13095578.1,8,,87,64,0,50.0,1.0,58.1463,0,0.0,16.7768,1
13095922.3,8,,87,64,0,50.0,1.0,58.1291,0,0.0,16.7682,1
13095977.0,8,,86,64,0,50.0,1.0,58.1263,0,0.0,16.7669,1
13097578.1,8,,85,64,0,50.0,1.0,58.0463,0,0.0,16.7276,1
13099578.1,8,,85,64,0,50.0,1.0,57.9463,0,0.0,16.6785,1
13101578.1,8,,85,64,0,50.0,1.0,57.8463,0,0.0,16.6294,1
13103578.1,8,,85,64,0,50.0,1.0,57.7463,0,0.0,16.5803,1
13105578.1,8,,85,64,0,50.0,1.0,57.6463,0,0.0,16.5312,1
13106526.4,8,,85,64,0,50.0,1.0,57.5989,0,0.0,16.5079,1
13107578.1,8,,84,64,0,50.0,1.0,57.5463,0,0.0,16.4823,1
13109578.1,8,,84,64,0,50.0,1.0,57.4463,0,0.0,16.4335,1
13111578.1,8,,84,64,0,50.0,1.0,57.3463,0,0.0,16.3847,1
13113578.1,8,,84,64,0,50.0,1.0,57.2463,0,0.0,16.3359,1
13115578.1,8,,84,64,0,50.0,1.0,57.1463,0,0.0,16.2871,1
13117121.4,8,,84,64,0,50.0,1.0,57.0691,0,0.0,16.2495,1
13117578.1,8,,83,64,0,50.0,1.0,57.0463,0,0.0,16.239,1
13119578.1,8,,83,64,0,50.0,1.0,56.9463,0,0.0,16.1931,1
13120398.2,8,,83,64,0,50.0,1.0,56.9053,0,0.0,16.1743,1
13121153.7,8,,82,64,0,50.0,1.0,56.8675,0,0.0,16.1582,1
13121578.1,8,,81,64,0,50.0,1.0,56.8463,0,0.0,16.1492,1
13123578.1,8,,81,64,0,50.0,1.0,56.7463,0,0.0,16.1068,1
13124548.8,8,,81,64,0,50.0,1.0,56.6977,0,0.0,16.0862,1
13125578.1,8,,80,64,0,50.0,1.0,56.6463,0,0.0,16.0646,1
13127578.1,8,,80,64,0,50.0,1.0,56.5463,0,0.0,16.0226,1
13129578.1,8,,80,64,0,50.0,1.0,56.4463,0,0.0,15.9805,1
13131578.1,8,,80,64,0,50.0,1.0,56.3463,0,0.0,15.9385,1
13133578.1,8,,80,64,0,50.0,1.0,56.2463,0,0.0,15.8964,1
13135578.1,8,,80,64,0,50.0,1.0,56.1463,0,0.0,15.8544,1
13137578.1,8,,80,64,0,50.0,1.0,56.0463,0,0.0,15.8124,1
13139578.1,8,,80,64,0,50.0,1.0,55.9463,0,0.0,15.7703,1
13141578.1,8,,80,64,0,50.0,1.0,55.8463,0,0.0,15.7283,1
13143578.1,8,,80,64,0,50.0,1.0,55.7463,0,0.0,15.6862,1
13144145.9,8,,80,64,0,50.0,1.0,55.7179,0,0.0,15.6743,1
13145578.1,8,,79,64,0,50.0,1.0,55.6463,0,0.0,15.6444,1
13147578.1,8,,79,64,0,50.0,1.0,55.5463,0,0.0,15.6027,1
13149578.1,8,,79,64,0,50.0,1.0,55.4463,0,0.0,15.561,1
13151578.1,8,,79,64,0,50.0,1.0,55.3463,0,0.0,15.5192,1
13153578.1,8,,79,64,0,50.0,1.0,55.2463,0,0.0,15.4775,1
13155560.1,8,,79,64,0,50.0,1.0,55.1472,0,0.0,15.4361,1
13155578.1,8,,78,64,0,50.0,1.0,55.1463,0,0.0,15.4358,1
13157578.1,8,,78,64,0,50.0,1.0,55.0463,0,0.0,15.3943,1
13159578.1,8,,78,64,0,50.0,1.0,54.9463,0,0.0,15.3529,1
13161578.1,8,,78,64,0,50.0,1.0,54.8463,0,0.0,15.3115,1
13163578.1,8,,78,64,0,50.0,1.0,54.7463,0,0.0,15.27,1
13165390.5,8,,78,64,0,50.0,1.0,54.6557,0,0.0,15.2325,1
13165578.1,8,,77,64,0,50.0,1.0,54.6463,0,0.0,15.2286,1
13167578.1,8,,77,64,0,50.0,1.0,54.5463,0,0.0,15.1875,1
13168721.9,8,,77,64,0,50.0,1.0,54.4891,0,0.0,15.164,1
13169578.1,8,,76,64,0,50.0,1.0,54.4463,0,0.0,15.1466,1
13171578.1,8,,76,64,0,50.0,1.0,54.3463,0,0.0,15.1058,1
13173578.1,8,,76,64,0,50.0,1.0,54.2463,0,0.0,15.065,1
13175578.1,8,,76,64,0,50.0,1.0,54.1463,0,0.0,15.0242,1
13177578.1,8,,76,64,0,50.0,1.0,54.0463,0,0.0,14.9834,1
13179578.1,8,,76,64,0,50.0,1.0,53.9463,0,0.0,14.9426,1
13181578.1,8,,76,64,0,50.0,1.0,53.8463,0,0.0,14.9018,1
13183578.1,8,,76,64,0,50.0,1.0,53.7463,0,0.0,14.861,1
13185578.1,8,,76,64,0,50.0,1.0,53.6463,0,0.0,14.8203,1
13187578.1,8,,76,64,0,50.0,1.0,53.5463,0,0.0,14.7795,1
13189578.1,8,,76,64,0,50.0,1.0,53.4463,0,0.0,14.7387,1
13189921.0,8,,76,64,0,50.0,1.0,53.4291,0,0.0,14.7317,1
13191578.1,8,,75,64,0,50.0,1.0,53.3463,0,0.0,14.6982,1
13193578.1,8,,75,64,0,50.0,1.0,53.2463,0,0.0,14.6577,1
13195578.1,8,,75,64,0,50.0,1.0,53.1463,0,0.0,14.6173,1
13197578.1,8,,75,64,0,50.0,1.0,53.0463,0,0.0,14.5768,1
13198076.6,8,,75,64,0,50.0,1.0,53.0214,0,0.0,14.5667,1
13199578.1,8,,74,64,0,50.0,1.0,52.9463,0,0.0,14.5366,1
13201335.2,8,,74,64,0,50.0,1.0,52.8584,0,0.0,14.5014,1
13201578.1,8,,73,64,0,50.0,1.0,52.8463,0,0.0,14.497,1
13203578.1,8,,73,64,0,50.0,1.0,52.7463,0,0.0,14.4605,1
13205578.1,8,,73,64,0,50.0,1.0,52.6463,0,0.0,14.4241,1
13207578.1,8,,73,64,0,50.0,1.0,52.5463,0,0.0,14.3876,1
13209190.4,8,,73,64,0,50.0,1.0,52.4657,0,0.0,14.3582,1
13209578.1,8,,72,64,0,50.0,1.0,52.4463,0,0.0,14.3512,1
13211578.1,8,,72,64,0,50.0,1.0,52.3463,0,0.0,14.3151,1
13213578.1,8,,72,64,0,50.0,1.0,52.2463,0,0.0,14.279,1
13214988.5,8,,72,64,0,50.0,1.0,52.1758,0,0.0,14.2536,1
13215578.1,8,,71,64,0,50.0,1.0,52.1463,0,0.0,14.243,1
13217578.1,8,,71,64,0,50.0,1.0,52.0463,0,0.0,14.2073,1
13219578.1,8,,71,64,0,50.0,1.0,51.9463,0,0.0,14.1715,1
13221578.1,8,,71,64,0,50.0,1.0,51.8463,0,0.0,14.1358,1
13223578.1,8,,71,64,0,50.0,1.0,51.7463,0,0.0,14.1,1
13225578.1,8,,71,64,0,50.0,1.0,51.6463,0,0.0,14.0643,1
13227578.1,8,,71,64,0,50.0,1.0,51.5463,0,0.0,14.0285,1
13229578.1,8,,71,64,0,50.0,1.0,51.4463,0,0.0,13.9928,1
13231578.1,8,,71,64,0,50.0,1.0,51.3463,0,0.0,13.957,1
13233578.1,8,,71,64,0,50.0,1.0,51.2463,0,0.0,13.9213,1
13235578.1,8,,71,64,0,50.0,1.0,51.1463,0,0.0,13.8855,1
13237578.1,8,,71,64,0,50.0,1.0,51.0463,0,0.0,13.8498,1
13239578.1,8,,71,64,0,50.0,1.0,50.9463,0,0.0,13.814,1
13241578.1,8,,71,64,0,50.0,1.0,50.8463,0,0.0,13.7783,1
13243578.1,8,,71,64,0,50.0,1.0,50.7463,0,0.0,13.7425,1
13245578.1,8,,71,64,0,50.0,1.0,50.6463,0,0.0,13.7068,1
13247578.1,8,,71,64,0,50.0,1.0,50.5463,0,0.0,13.671,1
13249578.1,8,,71,64,0,50.0,1.0,50.4463,0,0.0,13.6353,1
13251578.1,8,,71,64,0,50.0,1.0,50.3463,0,0.0,13.5995,1
13253578.1,8,,71,64,0,50.0,1.0,50.2463,0,0.0,13.5638,1
13255578.1,8,,71,64,0,50.0,1.0,50.1463,0,0.0,13.528,1
13257059.0,8,,71,64,0,50.0,1.0,50.0722,0,0.0,13.5016,1
13257578.1,8,,70,64,0,50.0,1.0,50.0463,0,0.0,13.4924,1
13259578.1,8,,70,64,0,50.0,1.0,49.9463,0,0.0,13.457,1
13261578.1,8,,70,64,0,50.0,1.0,49.8463,0,0.0,13.4216,1
13263578.1,8,,70,64,0,50.0,1.0,49.7463,0,0.0,13.3862,1
13265578.1,8,,70,64,0,50.0,1.0,49.6463,0,0.0,13.3508,1
13267578.1,8,,70,64,0,50.0,1.0,49.5463,0,0.0,13.3154,1
13269578.1,8,,70,64,0,50.0,1.0,49.4463,0,0.0,13.28,1
13269647.4,8,,70,64,0,50.0,1.0,49.4428,0,0.0,13.2788,1
13271578.1,8,,69,64,0,50.0,1.0,49.3463,0,0.0,13.2449,1
13273578.1,8,,69,64,0,50.0,1.0,49.2463,0,0.0,13.2099,1
13275578.1,8,,69,64,0,50.0,1.0,49.1463,0,0.0,13.1748,1
13277578.1,8,,69,64,0,50.0,1.0,49.0463,0,0.0,13.1398,1
13279578.1,8,,69,64,0,50.0,1.0,48.9463,0,0.0,13.1047,1
13281578.1,8,,69,64,0,50.0,1.0,48.8463,0,0.0,13.0697,1
13283578.1,8,,69,64,0,50.0,1.0,48.7463,0,0.0,13.0346,1
13285578.1,8,,69,64,0,50.0,1.0,48.6463,0,0.0,12.9996,1
13287578.1,8,,69,64,0,50.0,1.0,48.5463,0,0.0,12.9645,1
13289578.1,8,,69,64,0,50.0,1.0,48.4463,0,0.0,12.9294,1
13291578.1,8,,69,64,0,50.0,1.0,48.3463,0,0.0,12.8944,1
13293578.1,8,,69,64,0,50.0,1.0,48.2463,0,0.0,12.8593,1
13295578.1,8,,69,64,0,50.0,1.0,48.1463,0,0.0,12.8243,1
13297578.1,8,,69,64,0,50.0,1.0,48.0463,0,0.0,12.7892,1
13299578.1,8,,69,64,0,50.0,1.0,47.9463,0,0.0,12.7542,1
13301578.1,8,,69,64,0,50.0,1.0,47.8463,0,0.0,12.7191,1
13301605.3,8,,69,64,0,50.0,1.0,47.8449,0,0.0,12.7186,1
13303578.1,8,,68,64,0,50.0,1.0,47.7463,0,0.0,12.6882,1
13305578.1,8,,68,64,0,50.0,1.0,47.6463,0,0.0,12.6573,1
13307578.1,8,,68,64,0,50.0,1.0,47.5463,0,0.0,12.6264,1
13309578.1,8,,68,64,0,50.0,1.0,47.4463,0,0.0,12.5955,1
13311578.1,8,,68,64,0,50.0,1.0,47.3463,0,0.0,12.5646,1
13312473.3,8,,68,64,0,50.0,1.0,47.3015,0,0.0,12.5508,1
13313578.1,8,,67,64,0,50.0,1.0,47.2463,0,0.0,12.534,1
13315578.1,8,,67,64,0,50.0,1.0,47.1463,0,0.0,12.5035,1
13317578.1,8,,67,64,0,50.0,1.0,47.0463,0,0.0,12.473,1
13319578.1,8,,67,64,0,50.0,1.0,46.9463,0,0.0,12.4425,1
13321578.1,8,,67,64,0,50.0,1.0,46.8463,0,0.0,12.412,1
13323578.1,8,,67,64,0,50.0,1.0,46.7463,0,0.0,12.3815,1
13325578.1,8,,67,64,0,50.0,1.0,46.6463,0,0.0,12.351,1
13327578.1,8,,67,64,0,50.0,1.0,46.5463,0,0.0,12.3205,1
13329578.1,8,,67,64,0,50.0,1.0,46.4463,0,0.0,12.29,1
13331578.1,8,,67,64,0,50.0,1.0,46.3463,0,0.0,12.2595,1
13333578.1,8,,67,64,0,50.0,1.0,46.2463,0,0.0,12.229,1
13335578.1,8,,67,64,0,50.0,1.0,46.1463,0,0.0,12.1985,1
13337578.1,8,,67,64,0,50.0,1.0,46.0463,0,0.0,12.168,1
13339578.1,8,,67,64,0,50.0,1.0,45.9463,0,0.0,12.1375,1
13341578.1,8,,67,64,0,50.0,1.0,45.8463,0,0.0,12.107,1
13343578.1,8,,67,64,0,50.0,1.0,45.7463,0,0.0,12.0765,1
13345578.1,8,,67,64,0,50.0,1.0,45.6463,0,0.0,12.046,1
13347578.1,8,,67,64,0,50.0,1.0,45.5463,0,0.0,12.0155,1
13349578.1,8,,67,64,0,50.0,1.0,45.4463,0,0.0,11.985,1
13351578.1,8,,67,64,0,50.0,1.0,45.3463,0,0.0,11.9545,1
13353578.1,8,,67,64,0,50.0,1.0,45.2463,0,0.0,11.924,1
13355578.1,8,,67,64,0,50.0,1.0,45.1463,0,0.0,11.8935,1
13357578.1,8,,67,64,0,50.0,1.0,45.0463,0,0.0,11.863,1
13359578.1,8,,67,64,0,50.0,1.0,44.9463,0,0.0,11.8325,1
13361578.1,8,,67,64,0,50.0,1.0,44.8463,0,0.0,11.802,1
13363578.1,8,,67,64,0,50.0,1.0,44.7463,0,0.0,11.7715,1
13365578.1,8,,67,64,0,50.0,1.0,44.6463,0,0.0,11.741,1
13365739.5,8,,67,64,0,50.0,1.0,44.6382,0,0.0,11.7386,1
13367578.1,8,,66,64,0,50.0,1.0,44.5463,0,0.0,11.7109,1
13369578.1,8,,66,64,0,50.0,1.0,44.4463,0,0.0,11.6808,1
13371255.5,8,,66,64,0,50.0,1.0,44.3624,0,0.0,11.6555,1
13371578.1,8,,65,64,0,50.0,1.0,44.3463,0,0.0,11.6507,1
13373578.1,8,,65,64,0,50.0,1.0,44.2463,0,0.0,11.6209,1
13375578.1,8,,65,64,0,50.0,1.0,44.1463,0,0.0,11.5912,1
13377578.1,8,,65,64,0,50.0,1.0,44.0463,0,0.0,11.5614,1
13379578.1,8,,65,64,0,50.0,1.0,43.9463,0,0.0,11.5316,1
13379593.1,8,,65,64,0,50.0,1.0,43.9455,0,0.0,11.5314,1
13381578.1,8,,64,64,0,50.0,1.0,43.8463,0,0.0,11.5066,1
13383578.1,8,,64,64,0,50.0,1.0,43.7463,0,0.0,11.4816,1
13385578.1,8,,64,64,0,50.0,1.0,43.6463,0,0.0,11.4566,1
13387578.1,8,,64,64,0,50.0,1.0,43.5463,0,0.0,11.4316,1
13389578.1,8,,64,64,0,50.0,1.0,43.4463,0,0.0,11.4066,1
13391578.1,8,,64,64,0,50.0,1.0,43.3463,0,0.0,11.3816,1
13393578.1,8,,64,64,0,50.0,1.0,43.2463,0,0.0,11.3566,1
13395578.1,8,,64,64,0,50.0,1.0,43.1463,0,0.0,11.3316,1
13397578.1,8,,64,64,0,50.0,1.0,43.0463,0,0.0,11.3066,1
13399578.1,8,,64,64,0,50.0,1.0,42.9463,0,0.0,11.2816,1
13401578.1,8,,64,64,0,50.0,1.0,42.8463,0,0.0,11.2566,1
13403578.1,8,,64,64,0,50.0,1.0,42.7463,0,0.0,11.2316,1
13405578.1,8,,64,64,0,50.0,1.0,42.6463,0,0.0,11.2066,1
13407578.1,8,,64,64,0,50.0,1.0,42.5463,0,0.0,11.1816,1
13409578.1,8,,64,64,0,50.0,1.0,42.4463,0,0.0,11.1566,1
13411578.1,8,,64,64,0,50.0,1.0,42.3463,0,0.0,11.1316,1
13413578.1,8,,64,64,0,50.0,1.0,42.2463,0,0.0,11.1066,1
13415578.1,8,,64,64,0,50.0,1.0,42.1463,0,0.0,11.0816,1
13417578.1,8,,64,64,0,50.0,1.0,42.0463,0,0.0,11.0566,1
13419578.1,8,,64,64,0,50.0,1.0,41.9463,0,0.0,11.0316,1
13421578.1,8,,64,64,0,50.0,1.0,41.8463,0,0.0,11.0066,1
13423578.1,8,,64,64,0,50.0,1.0,41.7463,0,0.0,10.9816,1
13425578.1,8,,64,64,0,50.0,1.0,41.6463,0,0.0,10.9566,1
13427578.1,8,,64,64,0,50.0,1.0,41.5463,0,0.0,10.9316,1
13429578.1,8,,64,64,0,50.0,1.0,41.4463,0,0.0,10.9066,1
13431578.1,8,,64,64,0,50.0,1.0,41.3463,0,0.0,10.8816,1
13433578.1,8,,64,64,0,50.0,1.0,41.2463,0,0.0,10.8566,1
13435578.1,8,,64,64,0,50.0,1.0,41.1463,0,0.0,10.8316,1
13437578.1,8,,64,64,0,50.0,1.0,41.0463,0,0.0,10.8066,1
13439578.1,8,,64,64,0,50.0,1.0,40.9463,0,0.0,10.7816,1
13441578.1,8,,64,64,0,50.0,1.0,40.8463,0,0.0,10.7566,1
13443578.1,8,,64,64,0,50.0,1.0,40.7463,0,0.0,10.7316,1
13445578.1,8,,64,64,0,50.0,1.0,40.6463,0,0.0,10.7066,1
13447578.1,8,,64,64,0,50.0,1.0,40.5463,0,0.0,10.6816,1
13449578.1,8,,64,64,0,50.0,1.0,40.4463,0,0.0,10.6566,1
13451578.1,8,,64,64,0,50.0,1.0,40.3463,0,0.0,10.6316,1
13453578.1,8,,64,64,0,50.0,1.0,40.2463,0,0.0,10.6066,1
13455578.1,8,,64,64,0,50.0,1.0,40.1463,0,0.0,10.5816,1
13457578.1,8,,64,64,0,50.0,1.0,40.0463,0,0.0,10.5566,1
13459578.1,8,,64,64,0,50.0,1.0,39.9463,0,0.0,10.5316,1
13461578.1,8,,64,64,0,50.0,1.0,39.8463,0,0.0,10.5066,1
13463578.1,8,,64,64,0,50.0,1.0,39.7463,0,0.0,10.4816,1
13465578.1,8,,64,64,0,50.0,1.0,39.6463,0,0.0,10.4566,1
13467578.1,8,,64,64,0,50.0,1.0,39.5463,0,0.0,10.4316,1
13469578.1,8,,64,64,0,50.0,1.0,39.4463,0,0.0,10.4066,1
13471578.1,8,,64,64,0,50.0,1.0,39.3463,0,0.0,10.3816,1
13473578.1,8,,64,64,0,50.0,1.0,39.2463,0,0.0,10.3566,1
13475578.1,8,,64,64,0,50.0,1.0,39.1463,0,0.0,10.3316,1
13477578.1,8,,64,64,0,50.0,1.0,39.0463,0,0.0,10.3066,1
13478509.7,8,,64,64,0,50.0,1.0,38.9997,0,0.0,10.295,1
13479578.1,8,,63,63,0,50.0,1.0,38.9463,0,0.0,10.2816,1
13481578.1,8,,63,63,0,50.0,1.0,38.8463,0,0.0,10.2566,1
13483578.1,8,,63,63,0,50.0,1.0,38.7463,0,0.0,10.2316,1
13485578.1,8,,63,63,0,50.0,1.0,38.6463,0,0.0,10.2066,1
13487578.1,8,,63,63,0,50.0,1.0,38.5463,0,0.0,10.1816,1
13489578.1,8,,63,63,0,50.0,1.0,38.4463,0,0.0,10.1566,1
13491578.1,8,,63,63,0,50.0,1.0,38.3463,0,0.0,10.1316,1
13493578.1,8,,63,63,0,50.0,1.0,38.2463,0,0.0,10.1066,1
13495578.1,8,,63,63,0,50.0,1.0,38.1463,0,0.0,10.0816,1
13497578.1,8,,63,63,0,50.0,1.0,38.0463,0,0.0,10.0566,1
13499578.1,8,,63,63,0,50.0,1.0,37.9463,0,0.0,10.0316,1
13501578.1,8,,63,63,0,50.0,1.0,37.8463,0,0.0,10.0066,1
13503578.1,8,,63,63,0,50.0,1.0,37.7463,0,0.0,9.9816,1
13505578.1,8,,63,63,0,50.0,1.0,37.6463,0,0.0,9.9566,1
13507578.1,8,,63,63,0,50.0,1.0,37.5463,0,0.0,9.9316,1
13509578.1,8,,63,63,0,50.0,1.0,37.4463,0,0.0,9.9066,1
13511578.1,8,,63,63,0,50.0,1.0,37.3463,0,0.0,9.8816,1
13512842.1,8,,63,63,0,50.0,1.0,37.2831,0,0.0,9.8658,1
13513578.1,8,,62,62,0,50.0,1.0,37.2463,0,0.0,9.8566,1
13515578.1,8,,62,62,0,50.0,1.0,37.1463,0,0.0,9.8316,1
13517578.1,8,,62,62,0,50.0,1.0,37.0463,0,0.0,9.8066,1
13519578.1,8,,62,62,0,50.0,1.0,36.9463,0,0.0,9.7816,1
13521578.1,8,,62,62,0,50.0,1.0,36.8463,0,0.0,9.7566,1
13522228.1,8,,62,62,0,50.0,1.0,36.8138,0,0.0,9.7485,1
13523578.1,8,,61,61,0,50.0,1.0,36.7463,0,0.0,9.7316,1
13525578.1,8,,61,61,0,50.0,1.0,36.6463,0,0.0,9.7066,1
13527578.1,8,,61,61,0,50.0,1.0,36.5463,0,0.0,9.6816,1
13529578.1,8,,61,61,0,50.0,1.0,36.4463,0,0.0,9.6566,1
13531578.1,8,,61,61,0,50.0,1.0,36.3463,0,0.0,9.6316,1
13533578.1,8,,61,61,0,50.0,1.0,36.2463,0,0.0,9.6066,1
13535578.1,8,,61,61,0,50.0,1.0,36.1463,0,0.0,9.5816,1
13537578.1,8,,61,61,0,50.0,1.0,36.0463,0,0.0,9.5566,1
13539578.1,8,,61,61,0,50.0,1.0,35.9463,0,0.0,9.5316,1
13541578.1,8,,61,61,0,50.0,1.0,35.8463,0,0.0,9.5066,1
13543578.1,8,,61,61,0,50.0,1.0,35.7463,0,0.0,9.4816,1
13545578.1,8,,61,61,0,50.0,1.0,35.6463,0,0.0,9.4566,1
13547578.1,8,,61,61,0,50.0,1.0,35.5463,0,0.0,9.4316,1
13549578.1,8,,61,61,0,50.0,1.0,35.4463,0,0.0,9.4066,1
13551578.1,8,,61,61,0,50.0,1.0,35.3463,0,0.0,9.3816,1
13553578.1,8,,61,61,0,50.0,1.0,35.2463,0,0.0,9.3566,1
13555578.1,8,,61,61,0,50.0,1.0,35.1463,0,0.0,9.3316,1
13557578.1,8,,61,61,0,50.0,1.0,35.0463,0,0.0,9.3066,1
13559578.1,8,,61,61,0,50.0,1.0,34.9463,0,0.0,9.2816,1
13561578.1,8,,61,61,0,50.0,1.0,34.8463,0,0.0,9.2566,1
13563578.1,8,,61,61,0,50.0,1.0,34.7463,0,0.0,9.2316,1
13565578.1,8,,61,61,0,50.0,1.0,34.6463,0,0.0,9.2066,1
13567578.1,8,,61,61,0,50.0,1.0,34.5463,0,0.0,9.1816,1
13569578.1,8,,61,61,0,50.0,1.0,34.4463,0,0.0,9.1566,1
13571578.1,8,,61,61,0,50.0,1.0,34.3463,0,0.0,9.1316,1
13573578.1,8,,61,61,0,50.0,1.0,34.2463,0,0.0,9.1066,1
13575578.1,8,,61,61,0,50.0,1.0,34.1463,0,0.0,9.0816,1
13577578.1,8,,61,61,0,50.0,1.0,34.0463,0,0.0,9.0566,1
13579578.1,8,,61,61,0,50.0,1.0,33.9463,0,0.0,9.0316,1
13581578.1,8,,61,61,0,50.0,1.0,33.8463,0,0.0,9.0066,1
13583578.1,8,,61,61,0,50.0,1.0,33.7463,0,0.0,8.9816,1
13585578.1,8,,61,61,0,50.0,1.0,33.6463,0,0.0,8.9566,1
13587578.1,8,,61,61,0,50.0,1.0,33.5463,0,0.0,8.9316,1
13589578.1,8,,61,61,0,50.0,1.0,33.4463,0,0.0,8.9066,1
13591578.1,8,,61,61,0,50.0,1.0,33.3463,0,0.0,8.8816,1
13593578.1,8,,61,61,0,50.0,1.0,33.2463,0,0.0,8.8566,1
13595578.1,8,,61,61,0,50.0,1.0,33.1463,0,0.0,8.8316,1
13597578.1,8,,61,61,0,50.0,1.0,33.0463,0,0.0,8.8066,1
13599578.1,8,,61,61,0,50.0,1.0,32.9463,0,0.0,8.7816,1
13601578.1,8,,61,61,0,50.0,1.0,32.8463,0,0.0,8.7566,1
13603578.1,8,,61,61,0,50.0,1.0,32.7463,0,0.0,8.7316,1
13605578.1,8,,61,61,0,50.0,1.0,32.6463,0,0.0,8.7066,1
13607578.1,8,,61,61,0,50.0,1.0,32.5463,0,0.0,8.6816,1
13609578.1,8,,61,61,0,50.0,1.0,32.4463,0,0.0,8.6566,1
13611578.1,8,,61,61,0,50.0,1.0,32.3463,0,0.0,8.6316,1
13613578.1,8,,61,61,0,50.0,1.0,32.2463,0,0.0,8.6066,1
13615578.1,8,,61,61,0,50.0,1.0,32.1463,0,0.0,8.5816,1
13617578.1,8,,61,61,0,50.0,1.0,32.0463,0,0.0,8.5566,1
13619578.1,8,,61,61,0,50.0,1.0,31.9463,0,0.0,8.5316,1
13621578.1,8,,61,61,0,50.0,1.0,31.8463,0,0.0,8.5066,1
13623578.1,8,,61,61,0,50.0,1.0,31.7463,0,0.0,8.4816,1
13625578.1,8,,61,61,0,50.0,1.0,31.6463,0,0.0,8.4566,1
13625709.7,8,,61,61,0,50.0,1.0,31.6397,0,0.0,8.455,1
13627578.1,8,,60,60,0,50.0,1.0,31.5463,0,0.0,8.4316,1
13629578.1,8,,60,60,0,50.0,1.0,31.4463,0,0.0,8.4066,1
13631578.1,8,,60,60,0,50.0,1.0,31.3463,0,0.0,8.3816,1
13633578.1,8,,60,60,0,50.0,1.0,31.2463,0,0.0,8.3566,1
13635578.1,8,,60,60,0,50.0,1.0,31.1463,0,0.0,8.3316,1
13637578.1,8,,60,60,0,50.0,1.0,31.0463,0,0.0,8.3066,1
13639578.1,8,,60,60,0,50.0,1.0,30.9463,0,0.0,8.2816,1
13641578.1,8,,60,60,0,50.0,1.0,30.8463,0,0.0,8.2566,1
13643578.1,8,,60,60,0,50.0,1.0,30.7463,0,0.0,8.2316,1
13645578.1,8,,60,60,0,50.0,1.0,30.6463,0,0.0,8.2066,1
13647578.1,8,,60,60,0,50.0,1.0,30.5463,0,0.0,8.1816,1
13649578.1,8,,60,60,0,50.0,1.0,30.4463,0,0.0,8.1566,1
13651578.1,8,,60,60,0,50.0,1.0,30.3463,0,0.0,8.1316,1
13653578.1,8,,60,60,0,50.0,1.0,30.2463,0,0.0,8.1066,1
13655578.1,8,,60,60,0,50.0,1.0,30.1463,0,0.0,8.0816,1
13657578.1,8,,60,60,0,50.0,1.0,30.0463,0,0.0,8.0566,1
13659578.1,8,,60,60,0,50.0,1.0,29.9463,0,0.0,8.0316,1
13660372.1,8,,60,60,0,50.0,1.0,29.9066,0,0.0,8.0217,1
13661578.1,8,,59,59,0,50.0,1.0,29.8463,0,0.0,8.0066,1
13663578.1,8,,59,59,0,50.0,1.0,29.7463,0,0.0,7.9816,1
13665578.1,8,,59,59,0,50.0,1.0,29.6463,0,0.0,7.9566,1
13667578.1,8,,59,59,0,50.0,1.0,29.5463,0,0.0,7.9316,1
13669578.1,8,,59,59,0,50.0,1.0,29.4463,0,0.0,7.9066,1
13671578.1,8,,59,59,0,50.0,1.0,29.3463,0,0.0,7.8816,1
13673578.1,8,,59,59,0,50.0,1.0,29.2463,0,0.0,7.8566,1
13675578.1,8,,59,59,0,50.0,1.0,29.1463,0,0.0,7.8316,1
13677578.1,8,,59,59,0,50.0,1.0,29.0463,0,0.0,7.8066,1
13679578.1,8,,59,59,0,50.0,1.0,28.9463,0,0.0,7.7816,1
13681578.1,8,,59,59,0,50.0,1.0,28.8463,0,0.0,7.7566,1
13683578.1,8,,59,59,0,50.0,1.0,28.7463,0,0.0,7.7316,1
13685578.1,8,,59,59,0,50.0,1.0,28.6463,0,0.0,7.7066,1
13687578.1,8,,59,59,0,50.0,1.0,28.5463,0,0.0,7.6816,1
13689578.1,8,,59,59,0,50.0,1.0,28.4463,0,0.0,7.6566,1
13691578.1,8,,59,59,0,50.0,1.0,28.3463,0,0.0,7.6316,1
13693578.1,8,,59,59,0,50.0,1.0,28.2463,0,0.0,7.6066,1
13695578.1,8,,59,59,0,50.0,1.0,28.1463,0,0.0,7.5816,1
13697578.1,8,,59,59,0,50.0,1.0,28.0463,0,0.0,7.5566,1
13699578.1,8,,59,59,0,50.0,1.0,27.9463,0,0.0,7.5316,1
13701578.1,8,,59,59,0,50.0,1.0,27.8463,0,0.0,7.5066,1
13703578.1,8,,59,59,0,50.0,1.0,27.7463,0,0.0,7.4816,1
13705578.1,8,,59,59,0,50.0,1.0,27.6463,0,0.0,7.4566,1
13707578.1,8,,59,59,0,50.0,1.0,27.5463,0,0.0,7.4316,1
13709578.1,8,,59,59,0,50.0,1.0,27.4463,0,0.0,7.4066,1
13711578.1,8,,59,59,0,50.0,1.0,27.3463,0,0.0,7.3816,1
13713578.1,8,,59,59,0,50.0,1.0,27.2463,0,0.0,7.3566,1
13715578.1,8,,59,59,0,50.0,1.0,27.1463,0,0.0,7.3316,1
13717578.1,8,,59,59,0,50.0,1.0,27.0463,0,0.0,7.3066,1
13719280.5,8,,59,59,0,50.0,1.0,26.9612,0,0.0,7.2853,1
13719578.1,8,,58,58,0,50.0,1.0,26.9463,0,0.0,7.2816,1
13720009.9,8,,58,58,0,50.0,1.0,26.9247,0,0.0,7.2762,1
13721578.1,8,,57,57,0,50.0,1.0,26.8463,0,0.0,7.2566,1
13723578.1,8,,57,57,0,50.0,1.0,26.7463,0,0.0,7.2316,1
13725578.1,8,,57,57,0,50.0,1.0,26.6463,0,0.0,7.2066,1
13727578.1,8,,57,57,0,50.0,1.0,26.5463,0,0.0,7.1816,1
13728455.5,8,,57,57,0,50.0,1.0,26.5024,0,0.0,7.1706,1
13729578.1,8,,56,56,0,50.0,1.0,26.4463,0,0.0,7.1566,1
13731578.1,8,,56,56,0,50.0,1.0,26.3463,0,0.0,7.1316,1
13733578.1,8,,56,56,0,50.0,1.0,26.2463,0,0.0,7.1066,1
13735578.1,8,,56,56,0,50.0,1.0,26.1463,0,0.0,7.0816,1
13737578.1,8,,56,56,0,50.0,1.0,26.0463,0,0.0,7.0566,1
13739578.1,8,,56,56,0,50.0,1.0,25.9463,0,0.0,7.0316,1
13741578.1,8,,56,56,0,50.0,1.0,25.8463,0,0.0,7.0066,1
13743412.1,8,,56,56,0,50.0,1.0,25.7546,0,0.0,6.9837,1
13743578.1,8,,55,55,0,50.0,1.0,25.7463,0,0.0,6.9816,1
13745578.1,8,,55,55,0,50.0,1.0,25.6463,0,0.0,6.9566,1
13747578.1,8,,55,55,0,50.0,1.0,25.5463,0,0.0,6.9316,1
13749578.1,8,,55,55,0,50.0,1.0,25.4463,0,0.0,6.9066,1
13751578.1,8,,55,55,0,50.0,1.0,25.3463,0,0.0,6.8816,1
13753578.1,8,,55,55,0,50.0,1.0,25.2463,0,0.0,6.8566,1
13755578.1,8,,55,55,0,50.0,1.0,25.1463,0,0.0,6.8316,1
13757174.6,8,,55,55,0,50.0,1.0,25.0665,0,0.0,6.8116,1
13757578.1,8,,54,54,0,50.0,1.0,25.0463,0,0.0,6.8066,1
13758348.5,8,,54,54,0,50.0,1.0,25.0078,0,0.0,6.797,1
13759578.1,8,,53,53,0,50.0,1.0,24.9463,0,0.0,6.7816,1
13761578.1,8,,53,53,0,50.0,1.0,24.8463,0,0.0,6.7566,1
13763578.1,8,,53,53,0,50.0,1.0,24.7463,0,0.0,6.7316,1
13765578.1,8,,53,53,0,50.0,1.0,24.6463,0,0.0,6.7066,1
13766212.8,8,,53,53,0,50.0,1.0,24.6145,0,0.0,6.6987,1
13767578.1,8,,52,52,0,50.0,1.0,24.5463,0,0.0,6.6816,1
13769578.1,8,,52,52,0,50.0,1.0,24.4463,0,0.0,6.6566,1
13771578.1,8,,52,52,0,50.0,1.0,24.3463,0,0.0,6.6316,1
13773165.7,8,,52,52,0,50.0,1.0,24.2669,0,0.0,6.6118,1
13773578.1,8,,51,51,0,50.0,1.0,24.2463,0,0.0,6.6066,1
13775578.1,8,,51,51,0,50.0,1.0,24.1463,0,0.0,6.5816,1
13777578.1,8,,51,51,0,50.0,1.0,24.0463,0,0.0,6.5566,1
13779578.1,8,,51,51,0,50.0,1.0,23.9463,0,0.0,6.5316,1
13781578.1,8,,51,51,0,50.0,1.0,23.8463,0,0.0,6.5066,1
13783578.1,8,,51,51,0,50.0,1.0,23.7463,0,0.0,6.4816,1
13784235.2,8,,51,51,0,50.0,1.0,23.7134,0,0.0,6.4734,1
13785578.1,8,,50,50,0,50.0,1.0,23.6463,0,0.0,6.4566,1
13787578.1,8,,50,50,0,50.0,1.0,23.5463,0,0.0,6.4316,1
13789578.1,8,,50,50,0,50.0,1.0,23.4463,0,0.0,6.4066,1
13791578.1,8,,50,50,0,50.0,1.0,23.3463,0,0.0,6.3816,1
13793578.1,8,,50,50,0,50.0,1.0,23.2463,0,0.0,6.3566,1
13795578.1,8,,50,50,0,50.0,1.0,23.1463,0,0.0,6.3316,1
13797578.1,8,,50,50,0,50.0,1.0,23.0463,0,0.0,6.3066,1
13799578.1,8,,50,50,0,50.0,1.0,22.9463,0,0.0,6.2816,1
13799773.0,8,,50,50,0,50.0,1.0,22.9365,0,0.0,6.2792,1
13801578.1,8,,49,49,0,50.0,1.0,22.8463,0,0.0,6.2566,1
13803578.1,8,,49,49,0,50.0,1.0,22.7463,0,0.0,6.2316,1
13805578.1,8,,49,49,0,50.0,1.0,22.6463,0,0.0,6.2066,1
13807578.1,8,,49,49,0,50.0,1.0,22.5463,0,0.0,6.1816,1
13809578.1,8,,49,49,0,50.0,1.0,22.4463,0,0.0,6.1566,1
13809865.9,8,,49,49,0,50.0,1.0,22.4319,0,0.0,6.153,1
13811578.1,8,,48,48,0,50.0,1.0,22.3463,0,0.0,6.1316,1
13813578.1,8,,48,48,0,50.0,1.0,22.2463,0,0.0,6.1066,1
13813652.3,8,,48,48,0,50.0,1.0,22.2426,0,0.0,6.1057,1
13815578.1,8,,47,47,0,50.0,1.0,22.1463,0,0.0,6.0816,1
13817578.1,8,,47,47,0,50.0,1.0,22.0463,0,0.0,6.0566,1
13819578.1,8,,47,47,0,50.0,1.0,21.9463,0,0.0,6.0316,1
13821578.1,8,,47,47,0,50.0,1.0,21.8463,0,0.0,6.0066,1
13823366.0,8,,47,47,0,50.0,1.0,21.7569,0,0.0,5.9843,1
13823578.1,8,,46,46,0,50.0,1.0,21.7463,0,0.0,5.9816,1
13825578.1,8,,46,46,0,50.0,1.0,21.6463,0,0.0,5.9566,1
13827578.1,8,,46,46,0,50.0,1.0,21.5463,0,0.0,5.9316,1
13829578.1,8,,46,46,0,50.0,1.0,21.4463,0,0.0,5.9066,1
13831578.1,8,,46,46,0,50.0,1.0,21.3463,0,0.0,5.8816,1
13833578.1,8,,46,46,0,50.0,1.0,21.2463,0,0.0,5.8566,1
13835578.1,8,,46,46,0,50.0,1.0,21.1463,0,0.0,5.8316,1
13837578.1,8,,46,46,0,50.0,1.0,21.0463,0,0.0,5.8066,1
13839578.1,8,,46,46,0,50.0,1.0,20.9463,0,0.0,5.7816,1
13841578.1,8,,46,46,0,50.0,1.0,20.8463,0,0.0,5.7566,1
13843578.1,8,,46,46,0,50.0,1.0,20.7463,0,0.0,5.7316,1
13845578.1,8,,46,46,0,50.0,1.0,20.6463,0,0.0,5.7066,1
13847578.1,8,,46,46,0,50.0,1.0,20.5463,0,0.0,5.6816,1
13848597.3,8,,46,46,0,50.0,1.0,20.4953,0,0.0,5.6689,1
13849578.1,8,,45,45,0,50.0,1.0,20.4463,0,0.0,5.6566,1
13851578.1,8,,45,45,0,50.0,1.0,20.3463,0,0.0,5.6316,1
13853578.1,8,,45,45,0,50.0,1.0,20.2463,0,0.0,5.6066,1
13855578.1,8,,45,45,0,50.0,1.0,20.1463,0,0.0,5.5816,1
13857578.1,8,,45,45,0,50.0,1.0,20.0463,0,0.0,5.5566,1
13859578.1,8,,45,45,0,50.0,1.0,19.9463,0,0.0,5.5316,1
13861578.1,8,,45,45,0,50.0,1.0,19.8463,0,0.0,5.5066,1
13863578.1,8,,45,45,0,50.0,1.0,19.7463,0,0.0,5.4816,1
13864770.4,8,,45,45,0,50.0,1.0,19.6867,0,0.0,5.4667,1
13865578.1,8,,44,44,0,50.0,1.0,19.6463,0,0.0,5.4566,1
13867578.1,8,,44,44,0,50.0,1.0,19.5463,0,0.0,5.4316,1
13869578.1,8,,44,44,0,50.0,1.0,19.4463,0,0.0,5.4066,1
13871578.1,8,,44,44,0,50.0,1.0,19.3463,0,0.0,5.3816,1
13873578.1,8,,44,44,0,50.0,1.0,19.2463,0,0.0,5.3566,1
13875578.1,8,,44,44,0,50.0,1.0,19.1463,0,0.0,5.3316,1
13877578.1,8,,44,44,0,50.0,1.0,19.0463,0,0.0,5.3066,1
13878023.3,8,,44,44,0,50.0,1.0,19.024,0,0.0,5.301,1
13879578.1,8,,43,43,0,50.0,1.0,18.9463,0,0.0,5.2816,1
13881578.1,8,,43,43,0,50.0,1.0,18.8463,0,0.0,5.2566,1
13883578.1,8,,43,43,0,50.0,1.0,18.7463,0,0.0,5.2316,1
13885578.1,8,,43,43,0,50.0,1.0,18.6463,0,0.0,5.2066,1
13886397.3,8,,43,43,0,50.0,1.0,18.6053,0,0.0,5.1964,1
13887578.1,8,,42,42,0,50.0,1.0,18.5463,0,0.0,5.1816,1
13889578.1,8,,42,42,0,50.0,1.0,18.4463,0,0.0,5.1566,1
13891578.1,8,,42,42,0,50.0,1.0,18.3463,0,0.0,5.1316,1
13893578.1,8,,42,42,0,50.0,1.0,18.2463,0,0.0,5.1066,1
13895578.1,8,,42,42,0,50.0,1.0,18.1463,0,0.0,5.0816,1
13897578.1,8,,42,42,0,50.0,1.0,18.0463,0,0.0,5.0566,1
13898923.2,8,,42,42,0,50.0,1.0,17.979,0,0.0,5.0398,1
13899578.1,8,,41,41,0,50.0,1.0,17.9463,0,0.0,5.0316,1
13901578.1,8,,41,41,0,50.0,1.0,17.8463,0,0.0,5.0066,1
13903578.1,8,,41,41,0,50.0,1.0,17.7463,0,0.0,4.9816,1
13905548.5,8,,41,41,0,50.0,1.0,17.6478,0,0.0,4.957,1
13905578.1,8,,40,40,0,50.0,1.0,17.6463,0,0.0,4.9566,1
13907578.1,8,,40,40,0,50.0,1.0,17.5463,0,0.0,4.9316,1
13909578.1,8,,40,40,0,50.0,1.0,17.4463,0,0.0,4.9066,1
13911578.1,8,,40,40,0,50.0,1.0,17.3463,0,0.0,4.8816,1
13913578.1,8,,40,40,0,50.0,1.0,17.2463,0,0.0,4.8566,1
13915578.1,8,,40,40,0,50.0,1.0,17.1463,0,0.0,4.8316,1
13917578.1,8,,40,40,0,50.0,1.0,17.0463,0,0.0,4.8066,1
13919578.1,8,,40,40,0,50.0,1.0,16.9463,0,0.0,4.7816,1
13919966.4,8,,40,40,0,50.0,1.0,16.9269,0,0.0,4.7768,1
13921578.1,8,,39,39,0,50.0,1.0,16.8463,0,0.0,4.7566,1
13923578.1,8,,39,39,0,50.0,1.0,16.7463,0,0.0,4.7316,1
13925578.1,8,,39,39,0,50.0,1.0,16.6463,0,0.0,4.7066,1
13927578.1,8,,39,39,0,50.0,1.0,16.5463,0,0.0,4.6816,1
13929578.1,8,,39,39,0,50.0,1.0,16.4463,0,0.0,4.6566,1
13931578.1,8,,39,39,0,50.0,1.0,16.3463,0,0.0,4.6316,1
13933578.1,8,,39,39,0,50.0,1.0,16.2463,0,0.0,4.6066,1
13935578.1,8,,39,39,0,50.0,1.0,16.1463,0,0.0,4.5816,1
13937578.1,8,,39,39,0,50.0,1.0,16.0463,0,0.0,4.5566,1
13939578.1,8,,39,39,0,50.0,1.0,15.9463,0,0.0,4.5316,1
13941578.1,8,,39,39,0,50.0,1.0,15.8463,0,0.0,4.5066,1
13943578.1,8,,39,39,0,50.0,1.0,15.7463,0,0.0,4.4816,1
13945578.1,8,,39,39,0,50.0,1.0,15.6463,0,0.0,4.4566,1
13947578.1,8,,39,39,0,50.0,1.0,15.5463,0,0.0,4.4316,1
13949058.2,8,,39,39,0,50.0,1.0,15.4723,0,0.0,4.4131,1
13949578.1,8,,38,38,0,50.0,1.0,15.4463,0,0.0,4.4066,1
13951578.1,8,,38,38,0,50.0,1.0,15.3463,0,0.0,4.3816,1
13953578.1,8,,38,38,0,50.0,1.0,15.2463,0,0.0,4.3566,1
13955578.1,8,,38,38,0,50.0,1.0,15.1463,0,0.0,4.3316,1
13957578.1,8,,38,38,0,50.0,1.0,15.0463,0,0.0,4.3066,1
13959578.1,8,,38,38,0,50.0,1.0,14.9463,0,0.0,4.2816,1
13961578.1,8,,38,38,0,50.0,1.0,14.8463,0,0.0,4.2566,1
13963578.1,8,,38,38,0,50.0,1.0,14.7463,0,0.0,4.2316,1
13965040.5,8,,38,38,0,50.0,1.0,14.6732,0,0.0,4.2133,1
13965578.1,8,,36,36,0,50.0,1.0,14.6463,0,0.0,4.2066,1
13967578.1,8,,36,36,0,50.0,1.0,14.5463,0,0.0,4.1816,1
13969578.1,8,,36,36,0,50.0,1.0,14.4463,0,0.0,4.1566,1
13970029.7,8,,36,36,0,50.0,1.0,14.4237,0,0.0,4.151,1
13971578.1,8,,35,35,0,50.0,1.0,14.3463,0,0.0,4.1316,1
13973578.1,8,,35,35,0,50.0,1.0,14.2463,0,0.0,4.1066,1
13975578.1,8,,35,35,0,50.0,1.0,14.1463,0,0.0,4.0816,1
13977578.1,8,,35,35,0,50.0,1.0,14.0463,0,0.0,4.0566,1
13979578.1,8,,35,35,0,50.0,1.0,13.9463,0,0.0,4.0316,1
13979669.3,8,,35,35,0,50.0,1.0,13.9417,0,0.0,4.0305,1
13981498.5,8,,34,34,0,50.0,1.0,13.8503,0,0.0,4.0076,1
13981578.1,8,,33,33,0,50.0,1.0,13.8463,0,0.0,4.0066,1
13982225.6,8,,33,33,0,50.0,1.0,13.8139,0,0.0,3.9985,1
13983390.5,8,,32,32,0,50.0,1.0,13.7557,0,0.0,3.9839,1
13983464.6,8,,31,31,0,50.0,1.0,13.752,0,0.0,3.983,1
13983578.1,8,,30,30,0,50.0,1.0,13.7463,0,0.0,3.9816,1
13985578.1,8,,30,30,0,50.0,1.0,13.6463,0,0.0,3.9566,1
13987578.1,8,,30,30,0,50.0,1.0,13.5463,0,0.0,3.9316,1
13988516.7,8,,30,30,0,50.0,1.0,13.4993,0,0.0,3.9199,1
13989578.1,8,,29,29,0,50.0,1.0,13.4463,0,0.0,3.9066,1
13991072.9,8,,29,29,0,50.0,1.0,13.3715,0,0.0,3.8879,1
13991578.1,8,,28,28,0,50.0,1.0,13.3463,0,0.0,3.8816,1
13993578.1,8,,28,28,0,50.0,1.0,13.2463,0,0.0,3.8566,1
13995578.1,8,,28,28,0,50.0,1.0,13.1463,0,0.0,3.8316,1
13997578.1,8,,28,28,0,50.0,1.0,13.0463,0,0.0,3.8066,1
13999578.1,8,,28,28,0,50.0,1.0,12.9463,0,0.0,3.7816,1
14001578.1,8,,28,28,0,50.0,1.0,12.8463,0,0.0,3.7566,1
14001623.9,8,,28,28,0,50.0,1.0,12.844,0,0.0,3.756,1
14003578.1,8,,27,27,0,50.0,1.0,12.7463,0,0.0,3.7316,1
14004034.4,8,,27,27,0,50.0,1.0,12.7235,0,0.0,3.7259,1
14005578.1,8,,26,26,0,50.0,1.0,12.6463,0,0.0,3.7066,1
14006211.4,8,,26,26,0,50.0,1.0,12.6146,0,0.0,3.6987,1
14007578.1,8,,25,25,0,50.0,1.0,12.5463,0,0.0,3.6816,1
14009578.1,8,,25,25,0,50.0,1.0,12.4463,0,0.0,3.6566,1
14011578.1,8,,25,25,0,50.0,1.0,12.3463,0,0.0,3.6316,1
14013578.1,8,,25,25,0,50.0,1.0,12.2463,0,0.0,3.6066,1
14015578.1,8,,25,25,0,50.0,1.0,12.1463,0,0.0,3.5816,1
14017578.1,8,,25,25,0,50.0,1.0,12.0463,0,0.0,3.5566,1
14019578.1,8,,25,25,0,50.0,1.0,11.9463,0,0.0,3.5316,1
14021578.1,8,,25,25,0,50.0,1.0,11.8463,0,0.0,3.5066,1
14023578.1,8,,25,25,0,50.0,1.0,11.7463,0,0.0,3.4816,1
14025151.7,8,,25,25,0,50.0,1.0,11.6676,0,0.0,3.4619,1
14025578.1,8,,24,24,0,50.0,1.0,11.6463,0,0.0,3.4566,1
14027578.1,8,,24,24,0,50.0,1.0,11.5463,0,0.0,3.4316,1
14029578.1,8,,24,24,0,50.0,1.0,11.4463,0,0.0,3.4066,1
14029739.2,8,,24,24,0,50.0,1.0,11.4382,0,0.0,3.4046,1
14031578.1,8,,23,23,0,50.0,1.0,11.3463,0,0.0,3.3816,1
14033578.1,8,,23,23,0,50.0,1.0,11.2463,0,0.0,3.3566,1
14035578.1,8,,23,23,0,50.0,1.0,11.1463,0,0.0,3.3316,1
14037578.1,8,,23,23,0,50.0,1.0,11.0463,0,0.0,3.3066,1
14039578.1,8,,23,23,0,50.0,1.0,10.9463,0,0.0,3.2816,1
14041578.1,8,,23,23,0,50.0,1.0,10.8463,0,0.0,3.2566,1
14043578.1,8,,23,23,0,50.0,1.0,10.7463,0,0.0,3.2316,1
14045578.1,8,,23,23,0,50.0,1.0,10.6463,0,0.0,3.2066,1
14047578.1,8,,23,23,0,50.0,1.0,10.5463,0,0.0,3.1816,1
14049578.1,8,,23,23,0,50.0,1.0,10.4463,0,0.0,3.1566,1
14051578.1,8,,23,23,0,50.0,1.0,10.3463,0,0.0,3.1316,1
14052277.4,8,,23,23,0,50.0,1.0,10.3113,0,0.0,3.1229,1
14053578.1,8,,22,22,0,50.0,1.0,10.2463,0,0.0,3.1066,1
14055578.1,8,,22,22,0,50.0,1.0,10.1463,0,0.0,3.0816,1
14057578.1,8,,22,22,0,50.0,1.0,10.0463,0,0.0,3.0566,1
14059230.4,8,,22,22,0,50.0,1.0,9.9637,0,0.0,3.036,1
14059578.1,8,,21,21,0,50.0,1.0,9.9463,0,0.0,3.0316,1
14061578.1,8,,21,21,0,50.0,1.0,9.8463,0,0.0,3.0066,1
14063578.1,8,,21,21,0,50.0,1.0,9.7463,0,0.0,2.9816,1
14065578.1,8,,21,21,0,50.0,1.0,9.6463,0,0.0,2.9566,1
14067578.1,8,,21,21,0,50.0,1.0,9.5463,0,0.0,2.9316,1
14069578.1,8,,21,21,0,50.0,1.0,9.4463,0,0.0,2.9066,1
14071578.1,8,,21,21,0,50.0,1.0,9.3463,0,0.0,2.8816,1
14072847.2,8,,21,21,0,50.0,1.0,9.2828,0,0.0,2.8657,1
14073578.1,8,,20,20,0,50.0,1.0,9.2463,0,0.0,2.8566,1
14075578.1,8,,20,20,0,50.0,1.0,9.1463,0,0.0,2.8316,1
14077578.1,8,,20,20,0,50.0,1.0,9.0463,0,0.0,2.8066,1
14079578.1,8,,20,20,0,50.0,1.0,8.9463,0,0.0,2.7816,1
14080922.5,8,,20,20,0,50.0,1.0,8.8791,0,0.0,2.7648,1
14081578.1,8,,19,19,0,50.0,1.0,8.8463,0,0.0,2.7566,1
14083578.1,8,,19,19,0,50.0,1.0,8.7463,0,0.0,2.7316,1
14085578.1,8,,19,19,0,50.0,1.0,8.6463,0,0.0,2.7066,1
14087578.1,8,,19,19,0,50.0,1.0,8.5463,0,0.0,2.6816,1
14089578.1,8,,19,19,0,50.0,1.0,8.4463,0,0.0,2.6566,1
14091578.1,8,,19,19,0,50.0,1.0,8.3463,0,0.0,2.6316,1
14093578.1,8,,19,19,0,50.0,1.0,8.2463,0,0.0,2.6066,1
14095578.1,8,,19,19,0,50.0,1.0,8.1463,0,0.0,2.5816,1
14097578.1,8,,19,19,0,50.0,1.0,8.0463,0,0.0,2.5566,1
14099578.1,8,,19,19,0,50.0,1.0,7.9463,0,0.0,2.5316,1
14101578.1,8,,19,19,0,50.0,1.0,7.8463,0,0.0,2.5066,1
14103578.1,8,,19,19,0,50.0,1.0,7.7463,0,0.0,2.4816,1
14105578.1,8,,19,19,0,50.0,1.0,7.6463,0,0.0,2.4566,1
14107327.7,8,,19,19,0,50.0,1.0,7.5588,0,0.0,2.4347,1
14107578.1,8,,17,17,0,50.0,1.0,7.5463,0,0.0,2.4312,1
14109578.1,8,,17,17,0,50.0,1.0,7.4463,0,0.0,2.4026,1
14111578.1,8,,17,17,0,50.0,1.0,7.3463,0,0.0,2.374,1
14113578.1,8,,17,17,0,50.0,1.0,7.2463,0,0.0,2.3454,1
14115578.1,8,,17,17,0,50.0,1.0,7.1463,0,0.0,2.3169,1
14117578.1,8,,17,17,0,50.0,1.0,7.0463,0,0.0,2.2883,1
14119578.1,8,,17,17,0,50.0,1.0,6.9463,0,0.0,2.2597,1
14121578.1,8,,17,17,0,50.0,1.0,6.8463,0,0.0,2.2312,1
14123578.1,8,,17,17,0,50.0,1.0,6.7463,0,0.0,2.2026,1
14125453.7,8,,17,17,0,50.0,1.0,6.6525,0,0.0,2.1758,1
14125578.1,8,,16,16,0,50.0,1.0,6.6463,0,0.0,2.174,1
14127578.1,8,,16,16,0,50.0,1.0,6.5463,0,0.0,2.1454,1
14129578.1,8,,16,16,0,50.0,1.0,6.4463,0,0.0,2.1169,1
14131578.1,8,,16,16,0,50.0,1.0,6.3463,0,0.0,2.0883,1
14133578.1,8,,16,16,0,50.0,1.0,6.2463,0,0.0,2.0597,1
14135578.1,8,,16,16,0,50.0,1.0,6.1463,0,0.0,2.0312,1
14137578.1,8,,16,16,0,50.0,1.0,6.0463,0,0.0,2.0026,1
14139578.1,8,,16,16,0,50.0,1.0,5.9463,0,0.0,1.974,1
14141578.1,8,,16,16,0,50.0,1.0,5.8463,0,0.0,1.9454,1
14143578.1,8,,16,16,0,50.0,1.0,5.7463,0,0.0,1.9169,1
14145578.1,8,,16,16,0,50.0,1.0,5.6463,0,0.0,1.8883,1
14147578.1,8,,16,16,0,50.0,1.0,5.5463,0,0.0,1.8597,1
14149578.1,8,,16,16,0,50.0,1.0,5.4463,0,0.0,1.8312,1
14151578.1,8,,16,16,0,50.0,1.0,5.3463,0,0.0,1.8026,1
14153138.0,8,,16,16,0,50.0,1.0,5.2683,0,0.0,1.7803,1
14153578.1,8,,15,15,0,50.0,1.0,5.2463,0,0.0,1.774,1
14155578.1,8,,15,15,0,50.0,1.0,5.1463,0,0.0,1.7454,1
14157578.1,8,,15,15,0,50.0,1.0,5.0463,0,0.0,1.7169,1
14159578.1,8,,15,15,0,50.0,1.0,4.9463,0,0.0,1.6883,1
14161578.1,8,,15,15,0,50.0,1.0,4.8463,0,0.0,1.6597,1
14161637.5,8,,15,15,0,50.0,1.0,4.8433,0,0.0,1.6589,1
14163578.1,8,,14,14,0,50.0,1.0,4.7463,0,0.0,1.6312,1
14165578.1,8,,14,14,0,50.0,1.0,4.6463,0,0.0,1.6026,1
14167578.1,8,,14,14,0,50.0,1.0,4.5463,0,0.0,1.574,1
14169578.1,8,,14,14,0,50.0,1.0,4.4463,0,0.0,1.5454,1
14171552.9,8,,14,14,0,50.0,1.0,4.3475,0,0.0,1.5172,1
14171578.1,8,,13,13,0,50.0,1.0,4.3463,0,0.0,1.5168,1
14173578.1,8,,13,13,0,50.0,1.0,4.2463,0,0.0,1.4861,1
14175578.1,8,,13,13,0,50.0,1.0,4.1463,0,0.0,1.4553,1
14177578.1,8,,13,13,0,50.0,1.0,4.0463,0,0.0,1.4245,1
14179578.1,8,,13,13,0,50.0,1.0,3.9463,0,0.0,1.3938,1
14181578.1,8,,13,13,0,50.0,1.0,3.8463,0,0.0,1.363,1
14183578.1,8,,13,13,0,50.0,1.0,3.7463,0,0.0,1.3322,1
14185189.4,8,,13,13,0,50.0,1.0,3.6657,0,0.0,1.3074,1
14185333.4,8,,12,12,0,50.0,1.0,3.6585,0,0.0,1.3052,1
14185578.1,8,,11,11,0,50.0,1.0,3.6463,0,0.0,1.3012,1
14187578.1,8,,11,11,0,50.0,1.0,3.5463,0,0.0,1.2688,1
14189578.1,8,,11,11,0,50.0,1.0,3.4463,0,0.0,1.2363,1
14190637.8,8,,11,11,0,50.0,1.0,3.3933,0,0.0,1.2191,1
14191578.1,8,,10,10,0,50.0,1.0,3.3463,0,0.0,1.2021,1
14191683.9,8,,10,10,0,50.0,1.0,3.341,0,0.0,1.2001,1
14191858.9,8,,9,9,0,50.0,1.0,3.3322,0,0.0,1.1971,1
14193578.1,8,,8,8,0,50.0,1.0,3.2463,0,0.0,1.1634,1
14195578.1,8,,8,8,0,50.0,1.0,3.1463,0,0.0,1.1241,1
14197578.1,8,,8,8,0,50.0,1.0,3.0463,0,0.0,1.0848,1
14198013.6,8,,8,8,0,50.0,1.0,3.0245,0,0.0,1.0762,1
14199578.1,8,,7,7,0,50.0,1.0,2.9463,0,0.0,1.0534,1
14201578.1,8,,7,7,0,50.0,1.0,2.8463,0,0.0,1.0242,1
14202168.0,8,,7,7,0,50.0,1.0,2.8168,0,0.0,1.0156,1
14203578.1,8,,6,6,0,50.0,1.0,2.7463,0,0.0,0.9892,1
14205578.1,8,,6,6,0,50.0,1.0,2.6463,0,0.0,0.9517,1
14207578.1,8,,6,6,0,50.0,1.0,2.5463,0,0.0,0.9142,1
14208333.3,8,,6,6,0,50.0,1.0,2.5085,0,0.0,0.9,1
14209578.1,8,,5,5,0,50.0,1.0,2.4463,0,0.0,0.8689,1
14211216.8,8,,5,5,0,50.0,1.0,2.3643,0,0.0,0.828,1
14211578.1,8,,4,4,0,50.0,1.0,2.3463,0,0.0,0.8234,1
14213578.1,8,,4,4,0,50.0,1.0,2.2463,0,0.0,0.7984,1
14215578.1,8,,4,4,0,50.0,1.0,2.1463,0,0.0,0.7734,1
14217578.1,8,,4,4,0,50.0,1.0,2.0463,0,0.0,0.7484,1
14219578.1,8,,4,4,0,50.0,1.0,1.9463,0,0.0,0.7234,1
14221578.1,8,,4,4,0,50.0,1.0,1.8463,0,0.0,0.6984,1
14223578.1,8,,4,4,0,50.0,1.0,1.7463,0,0.0,0.6734,1
14225578.1,8,,4,4,0,50.0,1.0,1.6463,0,0.0,0.6484,1
14227578.1,8,,4,4,0,50.0,1.0,1.5463,0,0.0,0.6234,1
14229578.1,8,,4,4,0,50.0,1.0,1.4463,0,0.0,0.5984,1
14230151.0,8,,4,4,0,50.0,1.0,1.4176,0,0.0,0.5913,1
14231578.1,8,,3,3,0,50.0,1.0,1.3463,0,0.0,0.5675,1
14233578.1,8,,3,3,0,50.0,1.0,1.2463,0,0.0,0.5342,1
14235578.1,8,,3,3,0,50.0,1.0,1.1463,0,0.0,0.5008,1
14237578.1,8,,3,3,0,50.0,1.0,1.0463,0,0.0,0.4675,1
14239578.1,8,,3,3,0,50.0,1.0,0.9463,0,0.0,0.4342,1
14241578.1,8,,3,3,0,50.0,1.0,0.8463,0,0.0,0.4008,1
14243578.1,8,,3,3,0,50.0,1.0,0.7463,0,0.0,0.3675,1
14245578.1,8,,3,3,0,50.0,1.0,0.6463,0,0.0,0.3342,1
14247578.1,8,,3,3,0,50.0,1.0,0.5463,0,0.0,0.3008,1
14249578.1,8,,3,3,0,50.0,1.0,0.4463,0,0.0,0.2675,1
14251578.1,8,,3,3,0,50.0,1.0,0.3463,0,0.0,0.2342,1
14252221.4,8,,3,3,0,50.0,1.0,0.3141,0,0.0,0.2234,1
14253578.1,8,,2,2,0,50.0,1.0,0.2463,0,0.0,0.1895,1
14255578.1,8,,2,2,0,50.0,1.0,0.1463,0,0.0,0.1395,1
14255848.6,8,,2,2,0,50.0,1.0,0.1328,0,0.0,0.1328,1
14257578.1,8,,1,1,0,50.0,1.0,0.0463,0,0.0,0.0463,1
14258503.7,8,,1,1,0,50.0,1.0,0.0,0,0.0,0.0,1
14259578.1,9,,124,64,0,50.0,1.0,87.2484,0,0.0,10.1301,1
14261578.1,9,,124,64,0,50.0,1.0,87.1484,0,0.0,10.1239,1
14263578.1,9,,124,64,0,50.0,1.0,87.0484,0,0.0,10.1176,1
14265578.1,9,,124,64,0,50.0,1.0,86.9484,0,0.0,10.1114,1
14267578.1,9,,124,64,0,50.0,1.0,86.8484,0,0.0,10.1051,1
14269578.1,9,,124,64,0,50.0,1.0,86.7484,0,0.0,10.0989,1
14271578.1,9,,124,64,0,50.0,1.0,86.6484,0,0.0,10.0926,1
14273578.1,9,,124,64,0,50.0,1.0,86.5484,0,0.0,10.0864,1
14275578.1,9,,124,64,0,50.0,1.0,86.4484,0,0.0,10.0801,1
14277578.1,9,,124,64,0,50.0,1.0,86.3484,0,0.0,10.0739,1
14279578.1,9,,124,64,0,50.0,1.0,86.2484,0,0.0,10.0676,1
14281578.1,9,,124,64,0,50.0,1.0,86.1484,0,0.0,10.0614,1
14283578.1,9,,124,64,0,50.0,1.0,86.0484,0,0.0,10.0551,1
14285578.1,9,,124,64,0,50.0,1.0,85.9484,0,0.0,10.0489,1
14287578.1,9,,124,64,0,50.0,1.0,85.8484,0,0.0,10.0426,1
14289578.1,9,,124,64,0,50.0,1.0,85.7484,0,0.0,10.0364,1
14291578.1,9,,124,64,0,50.0,1.0,85.6484,0,0.0,10.0301,1
14292081.8,9,,124,64,0,50.0,1.0,85.6232,0,0.0,10.0286,1
14293578.1,9,,123,64,0,50.0,1.0,85.5484,0,0.0,10.0239,1
14293774.8,9,,123,64,0,50.0,1.0,85.5386,0,0.0,10.0233,1
14295578.1,9,,122,64,0,50.0,1.0,85.4484,0,0.0,10.0176,1
14295750.0,9,,122,64,0,50.0,1.0,85.4398,0,0.0,10.0171,1
14297578.1,9,,121,64,0,50.0,1.0,85.3484,0,0.0,10.0114,1
14299578.1,9,,121,64,0,50.0,1.0,85.2484,0,0.0,10.0051,1
14301578.1,9,,121,64,0,50.0,1.0,85.1484,0,0.0,9.9989,1
14302239.9,9,,121,64,0,50.0,1.0,85.1153,0,0.0,9.9968,1
14303368.5,9,,120,64,0,50.0,1.0,85.0589,0,0.0,9.9933,1
14303578.1,9,,119,64,0,50.0,1.0,85.0484,0,0.0,9.9926,1
14305578.1,9,,119,64,0,50.0,1.0,84.9484,0,0.0,9.9864,1
14305580.4,9,,119,64,0,50.0,1.0,84.9483,0,0.0,9.9864,1
14307578.1,9,,118,64,0,50.0,1.0,84.8484,0,0.0,9.9801,1
14309578.1,9,,118,64,0,50.0,1.0,84.7484,0,0.0,9.9739,1
14311578.1,9,,118,64,0,50.0,1.0,84.6484,0,0.0,9.9676,1
14313578.1,9,,118,64,0,50.0,1.0,84.5484,0,0.0,9.9614,1
14315578.1,9,,118,64,0,50.0,1.0,84.4484,0,0.0,9.9551,1
14317578.1,9,,118,64,0,50.0,1.0,84.3484,0,0.0,9.9489,1
14319578.1,9,,118,64,0,50.0,1.0,84.2484,0,0.0,9.9426,1
14321578.1,9,,118,64,0,50.0,1.0,84.1484,0,0.0,9.9364,1
14322483.2,9,,118,64,0,50.0,1.0,84.1032,0,0.0,9.9336,1
14323578.1,9,,117,64,0,50.0,1.0,84.0484,0,0.0,9.9301,1
14324585.8,9,,117,64,0,50.0,1.0,83.998,0,0.0,9.927,1
14325578.1,9,,116,64,0,50.0,1.0,83.9484,0,0.0,9.9239,1
14325996.7,9,,116,64,0,50.0,1.0,83.9275,0,0.0,9.9226,1
14326115.0,9,,115,64,0,50.0,1.0,83.9216,0,0.0,9.9222,1
14327578.1,9,,114,64,0,50.0,1.0,83.8484,0,0.0,9.9176,1
14329578.1,9,,114,64,0,50.0,1.0,83.7484,0,0.0,9.9114,1
14331578.1,9,,114,64,0,50.0,1.0,83.6484,0,0.0,9.9051,1
14332495.6,9,,114,64,0,50.0,1.0,83.6025,0,0.0,9.9023,1
14333578.1,9,,113,64,0,50.0,1.0,83.5484,0,0.0,9.8989,1
14335417.5,9,,113,64,0,50.0,1.0,83.4565,0,0.0,9.8931,1
14335578.1,9,,112,64,0,50.0,1.0,83.4484,0,0.0,9.8926,1
14337210.6,9,,112,64,0,50.0,1.0,83.3668,0,0.0,9.8875,1
14337578.1,9,,111,64,0,50.0,1.0,83.3484,0,0.0,9.8864,1
14338566.8,9,,111,64,0,50.0,1.0,83.299,0,0.0,9.8833,1
14338894.5,9,,110,64,0,50.0,1.0,83.2826,0,0.0,9.8823,1
14339578.1,9,,109,64,0,50.0,1.0,83.2484,0,0.0,9.8801,1
14341578.1,9,,109,64,0,50.0,1.0,83.1484,0,0.0,9.8739,1
14343578.1,9,,109,64,0,50.0,1.0,83.0484,0,0.0,9.8676,1
14344337.6,9,,109,64,0,50.0,1.0,83.0104,0,0.0,9.8653,1
14345578.1,9,,108,64,0,50.0,1.0,82.9484,0,0.0,9.8614,1
14345611.9,9,,108,64,0,50.0,1.0,82.9467,0,0.0,9.8613,1
14347578.1,9,,107,64,0,50.0,1.0,82.8484,0,0.0,9.8551,1
14347996.7,9,,107,64,0,50.0,1.0,82.8275,0,0.0,9.8538,1
14349578.1,9,,106,64,0,50.0,1.0,82.7484,0,0.0,9.8489,1
14351578.1,9,,106,64,0,50.0,1.0,82.6484,0,0.0,9.8426,1
14352911.9,9,,106,64,0,50.0,1.0,82.5817,0,0.0,9.8385,1
14353578.1,9,,105,64,0,50.0,1.0,82.5484,0,0.0,9.8364,1
14354750.6,9,,105,64,0,50.0,1.0,82.4898,0,0.0,9.8327,1
14355578.1,9,,104,64,0,50.0,1.0,82.4484,0,0.0,9.8301,1
14357578.1,9,,104,64,0,50.0,1.0,82.3484,0,0.0,9.8239,1
14359578.1,9,,104,64,0,50.0,1.0,82.2484,0,0.0,9.8176,1
14361094.8,9,,104,64,0,50.0,1.0,82.1726,0,0.0,9.8129,1
14361578.1,9,,103,64,0,50.0,1.0,82.1484,0,0.0,9.8114,1
14363578.1,9,,103,64,0,50.0,1.0,82.0484,0,0.0,9.8051,1
14364644.7,9,,103,64,0,50.0,1.0,81.9951,0,0.0,9.8018,1
14365445.7,9,,102,64,0,50.0,1.0,81.955,0,0.0,9.7993,1
14365578.1,9,,101,64,0,50.0,1.0,81.9484,0,0.0,9.7989,1
14366820.1,9,,101,64,0,50.0,1.0,81.8863,0,0.0,9.795,1
14367578.1,9,,100,64,0,50.0,1.0,81.8484,0,0.0,9.7926,1
14369578.1,9,,100,64,0,50.0,1.0,81.7484,0,0.0,9.7864,1
14370661.3,9,,100,64,0,50.0,1.0,81.6943,0,0.0,9.783,1
14371578.1,9,,99,64,0,50.0,1.0,81.6484,0,0.0,9.7801,1
14372509.0,9,,99,64,0,50.0,1.0,81.6019,0,0.0,9.7772,1
14373578.1,9,,98,64,0,50.0,1.0,81.5484,0,0.0,9.7739,1
14375578.1,9,,98,64,0,50.0,1.0,81.4484,0,0.0,9.7676,1
14376250.0,9,,98,64,0,50.0,1.0,81.4148,0,0.0,9.7655,1
14377487.9,9,,97,64,0,50.0,1.0,81.3529,0,0.0,9.7617,1
14377578.1,9,,96,64,0,50.0,1.0,81.3484,0,0.0,9.7614,1
14379578.1,9,,96,64,0,50.0,1.0,81.2484,0,0.0,9.7551,1
14381578.1,9,,96,64,0,50.0,1.0,81.1484,0,0.0,9.7489,1
14383578.1,9,,96,64,0,50.0,1.0,81.0484,0,0.0,9.7426,1
14385578.1,9,,96,64,0,50.0,1.0,80.9484,0,0.0,9.7364,1
14387578.1,9,,96,64,0,50.0,1.0,80.8484,0,0.0,9.7301,1
14389578.1,9,,96,64,0,50.0,1.0,80.7484,0,0.0,9.7239,1
14391578.1,9,,96,64,0,50.0,1.0,80.6484,0,0.0,9.7176,1
14393578.1,9,,96,64,0,50.0,1.0,80.5484,0,0.0,9.7114,1
14395578.1,9,,96,64,0,50.0,1.0,80.4484,0,0.0,9.7051,1
14397578.1,9,,96,64,0,50.0,1.0,80.3484,0,0.0,9.6989,1
14399578.1,9,,96,64,0,50.0,1.0,80.2484,0,0.0,9.6926,1
14401578.1,9,,96,64,0,50.0,1.0,80.1484,0,0.0,9.6864,1
14403578.1,9,,96,64,0,50.0,1.0,80.0484,0,0.0,9.6801,1
14405578.1,9,,96,64,0,50.0,1.0,79.9484,0,0.0,9.6739,1
14407578.1,9,,96,64,0,50.0,1.0,79.8484,0,0.0,9.6676,1
14409578.1,9,,96,64,0,50.0,1.0,79.7484,0,0.0,9.6614,1
14411578.1,9,,96,64,0,50.0,1.0,79.6484,0,0.0,9.6551,1
14413578.1,9,,96,64,0,50.0,1.0,79.5484,0,0.0,9.6489,1
14415578.1,9,,96,64,0,50.0,1.0,79.4484,0,0.0,9.6426,1
14417578.1,9,,96,64,0,50.0,1.0,79.3484,0,0.0,9.6364,1
14419578.1,9,,96,64,0,50.0,1.0,79.2484,0,0.0,9.6301,1
14421578.1,9,,96,64,0,50.0,1.0,79.1484,0,0.0,9.6239,1
14423578.1,9,,96,64,0,50.0,1.0,79.0484,0,0.0,9.6176,1
14425578.1,9,,96,64,0,50.0,1.0,78.9484,0,0.0,9.6114,1
14427578.1,9,,96,64,0,50.0,1.0,78.8484,0,0.0,9.6051,1
14429578.1,9,,96,64,0,50.0,1.0,78.7484,0,0.0,9.5989,1
14431578.1,9,,96,64,0,50.0,1.0,78.6484,0,0.0,9.5926,1
14433578.1,9,,96,64,0,50.0,1.0,78.5484,0,0.0,9.5864,1
14435578.1,9,,96,64,0,50.0,1.0,78.4484,0,0.0,9.5801,1
14437578.1,9,,96,64,0,50.0,1.0,78.3484,0,0.0,9.5739,1
14439578.1,9,,96,64,0,50.0,1.0,78.2484,0,0.0,9.5676,1
14441578.1,9,,96,64,0,50.0,1.0,78.1484,0,0.0,9.5614,1
14443578.1,9,,96,64,0,50.0,1.0,78.0484,0,0.0,9.5551,1
14445578.1,9,,96,64,0,50.0,1.0,77.9484,0,0.0,9.5489,1
14447578.1,9,,96,64,0,50.0,1.0,77.8484,0,0.0,9.5426,1
14449578.1,9,,96,64,0,50.0,1.0,77.7484,0,0.0,9.5364,1
14451578.1,9,,96,64,0,50.0,1.0,77.6484,0,0.0,9.5301,1
14453578.1,9,,96,64,0,50.0,1.0,77.5484,0,0.0,9.5239,1
14455578.1,9,,96,64,0,50.0,1.0,77.4484,0,0.0,9.5176,1
14457578.1,9,,96,64,0,50.0,1.0,77.3484,0,0.0,9.5114,1
14459578.1,9,,96,64,0,50.0,1.0,77.2484,0,0.0,9.5051,1
14461578.1,9,,96,64,0,50.0,1.0,77.1484,0,0.0,9.4989,1
14463578.1,9,,96,64,0,50.0,1.0,77.0484,0,0.0,9.4926,1
14465578.1,9,,96,64,0,50.0,1.0,76.9484,0,0.0,9.4864,1
14467578.1,9,,96,64,0,50.0,1.0,76.8484,0,0.0,9.4801,1
14469578.1,9,,96,64,0,50.0,1.0,76.7484,0,0.0,9.4739,1
14471578.1,9,,96,64,0,50.0,1.0,76.6484,0,0.0,9.4676,1
14473578.1,9,,96,64,0,50.0,1.0,76.5484,0,0.0,9.4614,1
14475578.1,9,,96,64,0,50.0,1.0,76.4484,0,0.0,9.4551,1
14477578.1,9,,96,64,0,50.0,1.0,76.3484,0,0.0,9.4489,1
14479578.1,9,,96,64,0,50.0,1.0,76.2484,0,0.0,9.4426,1
14481578.1,9,,96,64,0,50.0,1.0,76.1484,0,0.0,9.4364,1
14483578.1,9,,96,64,0,50.0,1.0,76.0484,0,0.0,9.4301,1
14485578.1,9,,96,64,0,50.0,1.0,75.9484,0,0.0,9.4239,1
14487578.1,9,,96,64,0,50.0,1.0,75.8484,0,0.0,9.4176,1
14489578.1,9,,96,64,0,50.0,1.0,75.7484,0,0.0,9.4114,1
14491578.1,9,,96,64,0,50.0,1.0,75.6484,0,0.0,9.4051,1
14493578.1,9,,96,64,0,50.0,1.0,75.5484,0,0.0,9.3989,1
14495578.1,9,,96,64,0,50.0,1.0,75.4484,0,0.0,9.3926,1
14497578.1,9,,96,64,0,50.0,1.0,75.3484,0,0.0,9.3864,1
14499578.1,9,,96,64,0,50.0,1.0,75.2484,0,0.0,9.3801,1
14501578.1,9,,96,64,0,50.0,1.0,75.1484,0,0.0,9.3739,1
14503578.1,9,,96,64,0,50.0,1.0,75.0484,0,0.0,9.3676,1
14505578.1,9,,96,64,0,50.0,1.0,74.9484,0,0.0,9.3614,1
14507578.1,9,,96,64,0,50.0,1.0,74.8484,0,0.0,9.3551,1
14509578.1,9,,96,64,0,50.0,1.0,74.7484,0,0.0,9.3489,1
14511578.1,9,,96,64,0,50.0,1.0,74.6484,0,0.0,9.3426,1
14513578.1,9,,96,64,0,50.0,1.0,74.5484,0,0.0,9.3364,1
14515578.1,9,,96,64,0,50.0,1.0,74.4484,0,0.0,9.3301,1
14517578.1,9,,96,64,0,50.0,1.0,74.3484,0,0.0,9.3239,1
14519578.1,9,,96,64,0,50.0,1.0,74.2484,0,0.0,9.3176,1
14521578.1,9,,96,64,0,50.0,1.0,74.1484,0,0.0,9.3114,1
14523578.1,9,,96,64,0,50.0,1.0,74.0484,0,0.0,9.3051,1
14525578.1,9,,96,64,0,50.0,1.0,73.9484,0,0.0,9.2989,1
14527578.1,9,,96,64,0,50.0,1.0,73.8484,0,0.0,9.2926,1
14529578.1,9,,96,64,0,50.0,1.0,73.7484,0,0.0,9.2864,1
14531578.1,9,,96,64,0,50.0,1.0,73.6484,0,0.0,9.2801,1
14533578.1,9,,96,64,0,50.0,1.0,73.5484,0,0.0,9.2739,1
14535578.1,9,,96,64,0,50.0,1.0,73.4484,0,0.0,9.2676,1
14537578.1,9,,96,64,0,50.0,1.0,73.3484,0,0.0,9.2614,1
14539578.1,9,,96,64,0,50.0,1.0,73.2484,0,0.0,9.2551,1
14541578.1,9,,96,64,0,50.0,1.0,73.1484,0,0.0,9.2489,1
14543578.1,9,,96,64,0,50.0,1.0,73.0484,0,0.0,9.2426,1
14545578.1,9,,96,64,0,50.0,1.0,72.9484,0,0.0,9.2364,1
14547578.1,9,,96,64,0,50.0,1.0,72.8484,0,0.0,9.2301,1
14549578.1,9,,96,64,0,50.0,1.0,72.7484,0,0.0,9.2239,1
14551578.1,9,,96,64,0,50.0,1.0,72.6484,0,0.0,9.2176,1
14553578.1,9,,96,64,0,50.0,1.0,72.5484,0,0.0,9.2114,1
14555578.1,9,,96,64,0,50.0,1.0,72.4484,0,0.0,9.2051,1
14557578.1,9,,96,64,0,50.0,1.0,72.3484,0,0.0,9.1989,1
14559578.1,9,,96,64,0,50.0,1.0,72.2484,0,0.0,9.1926,1
14561578.1,9,,96,64,0,50.0,1.0,72.1484,0,0.0,9.1864,1
14563578.1,9,,96,64,0,50.0,1.0,72.0484,0,0.0,9.1801,1
14565578.1,9,,96,64,0,50.0,1.0,71.9484,0,0.0,9.1739,1
14567578.1,9,,96,64,0,50.0,1.0,71.8484,0,0.0,9.1676,1
14569578.1,9,,96,64,0,50.0,1.0,71.7484,0,0.0,9.1614,1
14571578.1,9,,96,64,0,50.0,1.0,71.6484,0,0.0,9.1551,1
14573578.1,9,,96,64,0,50.0,1.0,71.5484,0,0.0,9.1489,1
14575578.1,9,,96,64,0,50.0,1.0,71.4484,0,0.0,9.1426,1
14577578.1,9,,96,64,0,50.0,1.0,71.3484,0,0.0,9.1364,1
14579578.1,9,,96,64,0,50.0,1.0,71.2484,0,0.0,9.1301,1
14581578.1,9,,96,64,0,50.0,1.0,71.1484,0,0.0,9.1239,1
14583578.1,9,,96,64,0,50.0,1.0,71.0484,0,0.0,9.1176,1
14585578.1,9,,96,64,0,50.0,1.0,70.9484,0,0.0,9.1114,1
14587578.1,9,,96,64,0,50.0,1.0,70.8484,0,0.0,9.1051,1
14589578.1,9,,96,64,0,50.0,1.0,70.7484,0,0.0,9.0989,1
14591578.1,9,,96,64,0,50.0,1.0,70.6484,0,0.0,9.0926,1
14593578.1,9,,96,64,0,50.0,1.0,70.5484,0,0.0,9.0864,1
14595578.1,9,,96,64,0,50.0,1.0,70.4484,0,0.0,9.0801,1
14597578.1,9,,96,64,0,50.0,1.0,70.3484,0,0.0,9.0739,1
14599578.1,9,,96,64,0,50.0,1.0,70.2484,0,0.0,9.0676,1
14601578.1,9,,96,64,0,50.0,1.0,70.1484,0,0.0,9.0614,1
14603578.1,9,,96,64,0,50.0,1.0,70.0484,0,0.0,9.0551,1
14605578.1,9,,96,64,0,50.0,1.0,69.9484,0,0.0,9.0489,1
14607578.1,9,,96,64,0,50.0,1.0,69.8484,0,0.0,9.0426,1
14609578.1,9,,96,64,0,50.0,1.0,69.7484,0,0.0,9.0364,1
14611578.1,9,,96,64,0,50.0,1.0,69.6484,0,0.0,9.0301,1
14613578.1,9,,96,64,0,50.0,1.0,69.5484,0,0.0,9.0239,1
14615578.1,9,,96,64,0,50.0,1.0,69.4484,0,0.0,9.0176,1
14617578.1,9,,96,64,0,50.0,1.0,69.3484,0,0.0,9.0114,1
14619578.1,9,,96,64,0,50.0,1.0,69.2484,0,0.0,9.0051,1
14621578.1,9,,96,64,0,50.0,1.0,69.1484,0,0.0,8.9989,1
14623578.1,9,,96,64,0,50.0,1.0,69.0484,0,0.0,8.9926,1
14625578.1,9,,96,64,0,50.0,1.0,68.9484,0,0.0,8.9864,1
14627578.1,9,,96,64,0,50.0,1.0,68.8484,0,0.0,8.9801,1
14629578.1,9,,96,64,0,50.0,1.0,68.7484,0,0.0,8.9739,1
14631578.1,9,,96,64,0,50.0,1.0,68.6484,0,0.0,8.9676,1
14633578.1,9,,96,64,0,50.0,1.0,68.5484,0,0.0,8.9614,1
14635578.1,9,,96,64,0,50.0,1.0,68.4484,0,0.0,8.9551,1
14637578.1,9,,96,64,0,50.0,1.0,68.3484,0,0.0,8.9489,1
14639578.1,9,,96,64,0,50.0,1.0,68.2484,0,0.0,8.9426,1
14641578.1,9,,96,64,0,50.0,1.0,68.1484,0,0.0,8.9364,1
14643578.1,9,,96,64,0,50.0,1.0,68.0484,0,0.0,8.9301,1
14645578.1,9,,96,64,0,50.0,1.0,67.9484,0,0.0,8.9239,1
14647578.1,9,,96,64,0,50.0,1.0,67.8484,0,0.0,8.9176,1
14649578.1,9,,96,64,0,50.0,1.0,67.7484,0,0.0,8.9114,1
14651578.1,9,,96,64,0,50.0,1.0,67.6484,0,0.0,8.9051,1
14653578.1,9,,96,64,0,50.0,1.0,67.5484,0,0.0,8.8989,1
14655578.1,9,,96,64,0,50.0,1.0,67.4484,0,0.0,8.8926,1
14657578.1,9,,96,64,0,50.0,1.0,67.3484,0,0.0,8.8864,1
14659578.1,9,,96,64,0,50.0,1.0,67.2484,0,0.0,8.8801,1
14661578.1,9,,96,64,0,50.0,1.0,67.1484,0,0.0,8.8739,1
14663578.1,9,,96,64,0,50.0,1.0,67.0484,0,0.0,8.8676,1
14665578.1,9,,96,64,0,50.0,1.0,66.9484,0,0.0,8.8614,1
14667578.1,9,,96,64,0,50.0,1.0,66.8484,0,0.0,8.8551,1
14669578.1,9,,96,64,0,50.0,1.0,66.7484,0,0.0,8.8489,1
14671578.1,9,,96,64,0,50.0,1.0,66.6484,0,0.0,8.8426,1
14673578.1,9,,96,64,0,50.0,1.0,66.5484,0,0.0,8.8364,1
14675578.1,9,,96,64,0,50.0,1.0,66.4484,0,0.0,8.8301,1
14677578.1,9,,96,64,0,50.0,1.0,66.3484,0,0.0,8.8239,1
14679578.1,9,,96,64,0,50.0,1.0,66.2484,0,0.0,8.8176,1
14681578.1,9,,96,64,0,50.0,1.0,66.1484,0,0.0,8.8114,1
14683578.1,9,,96,64,0,50.0,1.0,66.0484,0,0.0,8.8051,1
14685578.1,9,,96,64,0,50.0,1.0,65.9484,0,0.0,8.7989,1
14687578.1,9,,96,64,0,50.0,1.0,65.8484,0,0.0,8.7926,1
14689578.1,9,,96,64,0,50.0,1.0,65.7484,0,0.0,8.7864,1
14691578.1,9,,96,64,0,50.0,1.0,65.6484,0,0.0,8.7801,1
14693578.1,9,,96,64,0,50.0,1.0,65.5484,0,0.0,8.7739,1
14695578.1,9,,96,64,0,50.0,1.0,65.4484,0,0.0,8.7676,1
14697578.1,9,,96,64,0,50.0,1.0,65.3484,0,0.0,8.7614,1
14699578.1,9,,96,64,0,50.0,1.0,65.2484,0,0.0,8.7551,1
14701578.1,9,,96,64,0,50.0,1.0,65.1484,0,0.0,8.7489,1
14703578.1,9,,96,64,0,50.0,1.0,65.0484,0,0.0,8.7426,1
14705578.1,9,,96,64,0,50.0,1.0,64.9484,0,0.0,8.7364,1
14707578.1,9,,96,64,0,50.0,1.0,64.8484,0,0.0,8.7301,1
14709578.1,9,,96,64,0,50.0,1.0,64.7484,0,0.0,8.7239,1
14711578.1,9,,96,64,0,50.0,1.0,64.6484,0,0.0,8.7176,1
14713578.1,9,,96,64,0,50.0,1.0,64.5484,0,0.0,8.7114,1
14715578.1,9,,96,64,0,50.0,1.0,64.4484,0,0.0,8.7051,1
14717578.1,9,,96,64,0,50.0,1.0,64.3484,0,0.0,8.6989,1
14719578.1,9,,96,64,0,50.0,1.0,64.2484,0,0.0,8.6926,1
14721578.1,9,,96,64,0,50.0,1.0,64.1484,0,0.0,8.6864,1
14723578.1,9,,96,64,0,50.0,1.0,64.0484,0,0.0,8.6801,1
14725578.1,9,,96,64,0,50.0,1.0,63.9484,0,0.0,8.6739,1
14727578.1,9,,96,64,0,50.0,1.0,63.8484,0,0.0,8.6676,1
14729578.1,9,,96,64,0,50.0,1.0,63.7484,0,0.0,8.6614,1
14731578.1,9,,96,64,0,50.0,1.0,63.6484,0,0.0,8.6551,1
14733578.1,9,,96,64,0,50.0,1.0,63.5484,0,0.0,8.6489,1
14735578.1,9,,96,64,0,50.0,1.0,63.4484,0,0.0,8.6426,1
14737578.1,9,,96,64,0,50.0,1.0,63.3484,0,0.0,8.6364,1
14739578.1,9,,96,64,0,50.0,1.0,63.2484,0,0.0,8.6301,1
14741578.1,9,,96,64,0,50.0,1.0,63.1484,0,0.0,8.6239,1
14743578.1,9,,96,64,0,50.0,1.0,63.0484,0,0.0,8.6176,1
14745578.1,9,,96,64,0,50.0,1.0,62.9484,0,0.0,8.6114,1
14747578.1,9,,96,64,0,50.0,1.0,62.8484,0,0.0,8.6051,1
14749578.1,9,,96,64,0,50.0,1.0,62.7484,0,0.0,8.5989,1
14751578.1,9,,96,64,0,50.0,1.0,62.6484,0,0.0,8.5926,1
14753578.1,9,,96,64,0,50.0,1.0,62.5484,0,0.0,8.5864,1
14755578.1,9,,96,64,0,50.0,1.0,62.4484,0,0.0,8.5801,1
14757578.1,9,,96,64,0,50.0,1.0,62.3484,0,0.0,8.5739,1
14758470.5,9,,96,64,0,50.0,1.0,62.3038,0,0.0,8.5711,1
14759578.1,9,,95,64,0,50.0,1.0,62.2484,0,0.0,8.5676,1
14761578.1,9,,95,64,0,50.0,1.0,62.1484,0,0.0,8.5614,1
14763578.1,9,,95,64,0,50.0,1.0,62.0484,0,0.0,8.5551,1
14765578.1,9,,95,64,0,50.0,1.0,61.9484,0,0.0,8.5489,1
14767578.1,9,,95,64,0,50.0,1.0,61.8484,0,0.0,8.5426,1
14769578.1,9,,95,64,0,50.0,1.0,61.7484,0,0.0,8.5364,1
14771578.1,9,,95,64,0,50.0,1.0,61.6484,0,0.0,8.5301,1
14773578.1,9,,95,64,0,50.0,1.0,61.5484,0,0.0,8.5239,1
14775428.0,9,,95,64,0,50.0,1.0,61.4559,0,0.0,8.5181,1
14775578.1,9,,94,64,0,50.0,1.0,61.4484,0,0.0,8.5176,1
14777578.1,9,,94,64,0,50.0,1.0,61.3484,0,0.0,8.5114,1
14779578.1,9,,94,64,0,50.0,1.0,61.2484,0,0.0,8.5051,1
14781578.1,9,,94,64,0,50.0,1.0,61.1484,0,0.0,8.4989,1
14783578.1,9,,94,64,0,50.0,1.0,61.0484,0,0.0,8.4926,1
14785578.1,9,,94,64,0,50.0,1.0,60.9484,0,0.0,8.4864,1
14787578.1,9,,94,64,0,50.0,1.0,60.8484,0,0.0,8.4801,1
14789578.1,9,,94,64,0,50.0,1.0,60.7484,0,0.0,8.4739,1
14791578.1,9,,94,64,0,50.0,1.0,60.6484,0,0.0,8.4676,1
14793578.1,9,,94,64,0,50.0,1.0,60.5484,0,0.0,8.4614,1
14795578.1,9,,94,64,0,50.0,1.0,60.4484,0,0.0,8.4551,1
14797578.1,9,,94,64,0,50.0,1.0,60.3484,0,0.0,8.4489,1
14799578.1,9,,94,64,0,50.0,1.0,60.2484,0,0.0,8.4426,1
14801578.1,9,,94,64,0,50.0,1.0,60.1484,0,0.0,8.4364,1
14803578.1,9,,94,64,0,50.0,1.0,60.0484,0,0.0,8.4301,1
14805578.1,9,,94,64,0,50.0,1.0,59.9484,0,0.0,8.4239,1
14807578.1,9,,94,64,0,50.0,1.0,59.8484,0,0.0,8.4176,1
14809578.1,9,,94,64,0,50.0,1.0,59.7484,0,0.0,8.4114,1
14811578.1,9,,94,64,0,50.0,1.0,59.6484,0,0.0,8.4051,1
14813275.0,9,,94,64,0,50.0,1.0,59.5636,0,0.0,8.3998,1
14813578.1,9,,93,64,0,50.0,1.0,59.5484,0,0.0,8.3989,1
14815578.1,9,,93,64,0,50.0,1.0,59.4484,0,0.0,8.3926,1
14817578.1,9,,93,64,0,50.0,1.0,59.3484,0,0.0,8.3864,1
14819578.1,9,,93,64,0,50.0,1.0,59.2484,0,0.0,8.3801,1
14821239.5,9,,93,64,0,50.0,1.0,59.1654,0,0.0,8.375,1
14821578.1,9,,92,64,0,50.0,1.0,59.1484,0,0.0,8.3739,1
14823578.1,9,,92,64,0,50.0,1.0,59.0484,0,0.0,8.3676,1
14825578.1,9,,92,64,0,50.0,1.0,58.9484,0,0.0,8.3614,1
14827578.1,9,,92,64,0,50.0,1.0,58.8484,0,0.0,8.3551,1
14827911.4,9,,92,64,0,50.0,1.0,58.8318,0,0.0,8.3541,1
14829076.5,9,,91,64,0,50.0,1.0,58.7735,0,0.0,8.3505,1
14829578.1,9,,90,64,0,50.0,1.0,58.7484,0,0.0,8.3489,1
14831578.1,9,,90,64,0,50.0,1.0,58.6484,0,0.0,8.3426,1
14831679.7,9,,90,64,0,50.0,1.0,58.6433,0,0.0,8.3423,1
14833578.1,9,,89,64,0,50.0,1.0,58.5484,0,0.0,8.3364,1
14835578.1,9,,89,64,0,50.0,1.0,58.4484,0,0.0,8.3301,1
14836613.1,9,,89,64,0,50.0,1.0,58.3967,0,0.0,8.3269,1
14837086.4,9,,88,64,0,50.0,1.0,58.373,0,0.0,8.3254,1
14837578.1,9,,87,64,0,50.0,1.0,58.3484,0,0.0,8.3239,1
14839578.1,9,,87,64,0,50.0,1.0,58.2484,0,0.0,8.3176,1
14841578.1,9,,87,64,0,50.0,1.0,58.1484,0,0.0,8.3114,1
14841965.2,9,,87,64,0,50.0,1.0,58.1291,0,0.0,8.3102,1
14842019.8,9,,86,64,0,50.0,1.0,58.1263,0,0.0,8.31,1
14843578.1,9,,85,64,0,50.0,1.0,58.0484,0,0.0,8.3051,1
14845578.1,9,,85,64,0,50.0,1.0,57.9484,0,0.0,8.2989,1
14847578.1,9,,85,64,0,50.0,1.0,57.8484,0,0.0,8.2926,1
14849578.1,9,,85,64,0,50.0,1.0,57.7484,0,0.0,8.2864,1
14851578.1,9,,85,64,0,50.0,1.0,57.6484,0,0.0,8.2801,1
14852569.3,9,,85,64,0,50.0,1.0,57.5989,0,0.0,8.277,1
14853578.1,9,,84,64,0,50.0,1.0,57.5484,0,0.0,8.2739,1
14855578.1,9,,84,64,0,50.0,1.0,57.4484,0,0.0,8.2676,1
14857578.1,9,,84,64,0,50.0,1.0,57.3484,0,0.0,8.2614,1
14859578.1,9,,84,64,0,50.0,1.0,57.2484,0,0.0,8.2551,1
14861578.1,9,,84,64,0,50.0,1.0,57.1484,0,0.0,8.2489,1
14863164.3,9,,84,64,0,50.0,1.0,57.0691,0,0.0,8.2439,1
14863578.1,9,,83,64,0,50.0,1.0,57.0484,0,0.0,8.2426,1
14865578.1,9,,83,64,0,50.0,1.0,56.9484,0,0.0,8.2364,1
14866441.1,9,,83,64,0,50.0,1.0,56.9053,0,0.0,8.2337,1
14867196.6,9,,82,64,0,50.0,1.0,56.8675,0,0.0,8.2313,1
14867578.1,9,,81,64,0,50.0,1.0,56.8484,0,0.0,8.2301,1
14869578.1,9,,81,64,0,50.0,1.0,56.7484,0,0.0,8.2239,1
14870591.7,9,,81,64,0,50.0,1.0,56.6977,0,0.0,8.2207,1
14871578.1,9,,80,64,0,50.0,1.0,56.6484,0,0.0,8.2176,1
14873578.1,9,,80,64,0,50.0,1.0,56.5484,0,0.0,8.2114,1
14875578.1,9,,80,64,0,50.0,1.0,56.4484,0,0.0,8.2051,1
14877578.1,9,,80,64,0,50.0,1.0,56.3484,0,0.0,8.1989,1
14879578.1,9,,80,64,0,50.0,1.0,56.2484,0,0.0,8.1926,1
14881578.1,9,,80,64,0,50.0,1.0,56.1484,0,0.0,8.1864,1
14883578.1,9,,80,64,0,50.0,1.0,56.0484,0,0.0,8.1801,1
14885578.1,9,,80,64,0,50.0,1.0,55.9484,0,0.0,8.1739,1
14887578.1,9,,80,64,0,50.0,1.0,55.8484,0,0.0,8.1676,1
14889578.1,9,,80,64,0,50.0,1.0,55.7484,0,0.0,8.1614,1
14890188.8,9,,80,64,0,50.0,1.0,55.7179,0,0.0,8.1595,1
14891578.1,9,,79,64,0,50.0,1.0,55.6484,0,0.0,8.1551,1
14893578.1,9,,79,64,0,50.0,1.0,55.5484,0,0.0,8.1489,1
14895578.1,9,,79,64,0,50.0,1.0,55.4484,0,0.0,8.1426,1
14897578.1,9,,79,64,0,50.0,1.0,55.3484,0,0.0,8.1364,1
14899578.1,9,,79,64,0,50.0,1.0,55.2484,0,0.0,8.1301,1
14901578.1,9,,79,64,0,50.0,1.0,55.1484,0,0.0,8.1239,1
14901603.0,9,,79,64,0,50.0,1.0,55.1472,0,0.0,8.1238,1
14903578.1,9,,78,64,0,50.0,1.0,55.0484,0,0.0,8.1176,1
14905578.1,9,,78,64,0,50.0,1.0,54.9484,0,0.0,8.1114,1
14907578.1,9,,78,64,0,50.0,1.0,54.8484,0,0.0,8.1051,1
14909578.1,9,,78,64,0,50.0,1.0,54.7484,0,0.0,8.0989,1
14911433.4,9,,78,64,0,50.0,1.0,54.6557,0,0.0,8.0931,1
14911578.1,9,,77,64,0,50.0,1.0,54.6484,0,0.0,8.0926,1
14913578.1,9,,77,64,0,50.0,1.0,54.5484,0,0.0,8.0864,1
14914764.8,9,,77,64,0,50.0,1.0,54.4891,0,0.0,8.0827,1
14915578.1,9,,76,64,0,50.0,1.0,54.4484,0,0.0,8.0801,1
14917578.1,9,,76,64,0,50.0,1.0,54.3484,0,0.0,8.0739,1
14919578.1,9,,76,64,0,50.0,1.0,54.2484,0,0.0,8.0676,1
14921578.1,9,,76,64,0,50.0,1.0,54.1484,0,0.0,8.0614,1
14923578.1,9,,76,64,0,50.0,1.0,54.0484,0,0.0,8.0551,1
14925578.1,9,,76,64,0,50.0,1.0,53.9484,0,0.0,8.0489,1
14927578.1,9,,76,64,0,50.0,1.0,53.8484,0,0.0,8.0426,1
14929578.1,9,,76,64,0,50.0,1.0,53.7484,0,0.0,8.0364,1
14931578.1,9,,76,64,0,50.0,1.0,53.6484,0,0.0,8.0301,1
14933578.1,9,,76,64,0,50.0,1.0,53.5484,0,0.0,8.0239,1
14935578.1,9,,76,64,0,50.0,1.0,53.4484,0,0.0,8.0176,1
14935963.9,9,,76,64,0,50.0,1.0,53.4291,0,0.0,8.0164,1
14937578.1,9,,75,64,0,50.0,1.0,53.3484,0,0.0,8.0114,1
14939578.1,9,,75,64,0,50.0,1.0,53.2484,0,0.0,8.0051,1
14941578.1,9,,75,64,0,50.0,1.0,53.1484,0,0.0,7.9989,1
14943578.1,9,,75,64,0,50.0,1.0,53.0484,0,0.0,7.9926,1
14944119.5,9,,75,64,0,50.0,1.0,53.0214,0,0.0,7.991,1
14945578.1,9,,74,64,0,50.0,1.0,52.9484,0,0.0,7.9864,1
14947378.1,9,,74,64,0,50.0,1.0,52.8584,0,0.0,7.9808,1
14947578.1,9,,73,64,0,50.0,1.0,52.8484,0,0.0,7.9801,1
14949578.1,9,,73,64,0,50.0,1.0,52.7484,0,0.0,7.9739,1
14951578.1,9,,73,64,0,50.0,1.0,52.6484,0,0.0,7.9676,1
14953578.1,9,,73,64,0,50.0,1.0,52.5484,0,0.0,7.9614,1
14955233.3,9,,73,64,0,50.0,1.0,52.4657,0,0.0,7.9562,1
14955578.1,9,,72,64,0,50.0,1.0,52.4484,0,0.0,7.9551,1
14957578.1,9,,72,64,0,50.0,1.0,52.3484,0,0.0,7.9489,1
14959578.1,9,,72,64,0,50.0,1.0,52.2484,0,0.0,7.9426,1
14961031.4,9,,72,64,0,50.0,1.0,52.1758,0,0.0,7.9381,1
14961578.1,9,,71,64,0,50.0,1.0,52.1484,0,0.0,7.9364,1
14963578.1,9,,71,64,0,50.0,1.0,52.0484,0,0.0,7.9301,1
14965578.1,9,,71,64,0,50.0,1.0,51.9484,0,0.0,7.9239,1
14967578.1,9,,71,64,0,50.0,1.0,51.8484,0,0.0,7.9176,1
14969578.1,9,,71,64,0,50.0,1.0,51.7484,0,0.0,7.9114,1
14971578.1,9,,71,64,0,50.0,1.0,51.6484,0,0.0,7.9051,1
14973578.1,9,,71,64,0,50.0,1.0,51.5484,0,0.0,7.8989,1
14975578.1,9,,71,64,0,50.0,1.0,51.4484,0,0.0,7.8926,1
14977578.1,9,,71,64,0,50.0,1.0,51.3484,0,0.0,7.8864,1
14979578.1,9,,71,64,0,50.0,1.0,51.2484,0,0.0,7.8801,1
14981578.1,9,,71,64,0,50.0,1.0,51.1484,0,0.0,7.8739,1
14983578.1,9,,71,64,0,50.0,1.0,51.0484,0,0.0,7.8676,1
14985578.1,9,,71,64,0,50.0,1.0,50.9484,0,0.0,7.8614,1
14987578.1,9,,71,64,0,50.0,1.0,50.8484,0,0.0,7.8551,1
14989578.1,9,,71,64,0,50.0,1.0,50.7484,0,0.0,7.8489,1
14991578.1,9,,71,64,0,50.0,1.0,50.6484,0,0.0,7.8426,1
14993578.1,9,,71,64,0,50.0,1.0,50.5484,0,0.0,7.8364,1
14995578.1,9,,71,64,0,50.0,1.0,50.4484,0,0.0,7.8301,1
14997578.1,9,,71,64,0,50.0,1.0,50.3484,0,0.0,7.8239,1
14999578.1,9,,71,64,0,50.0,1.0,50.2484,0,0.0,7.8176,1
15001578.1,9,,71,64,0,50.0,1.0,50.1484,0,0.0,7.8114,1
15003101.9,9,,71,64,0,50.0,1.0,50.0722,0,0.0,7.8066,1
15003578.1,9,,70,64,0,50.0,1.0,50.0484,0,0.0,7.8051,1
15005578.1,9,,70,64,0,50.0,1.0,49.9484,0,0.0,7.7989,1
15007578.1,9,,70,64,0,50.0,1.0,49.8484,0,0.0,7.7926,1
15009578.1,9,,70,64,0,50.0,1.0,49.7484,0,0.0,7.7864,1
15011578.1,9,,70,64,0,50.0,1.0,49.6484,0,0.0,7.7801,1
15013578.1,9,,70,64,0,50.0,1.0,49.5484,0,0.0,7.7739,1
15015578.1,9,,70,64,0,50.0,1.0,49.4484,0,0.0,7.7676,1
15015690.2,9,,70,64,0,50.0,1.0,49.4428,0,0.0,7.7673,1
15017578.1,9,,69,64,0,50.0,1.0,49.3484,0,0.0,7.7614,1
15019578.1,9,,69,64,0,50.0,1.0,49.2484,0,0.0,7.7551,1
15021578.1,9,,69,64,0,50.0,1.0,49.1484,0,0.0,7.7489,1
15023578.1,9,,69,64,0,50.0,1.0,49.0484,0,0.0,7.7426,1
15025578.1,9,,69,64,0,50.0,1.0,48.9484,0,0.0,7.7364,1
15027578.1,9,,69,64,0,50.0,1.0,48.8484,0,0.0,7.7301,1
15029578.1,9,,69,64,0,50.0,1.0,48.7484,0,0.0,7.7239,1
15031578.1,9,,69,64,0,50.0,1.0,48.6484,0,0.0,7.7176,1
15033578.1,9,,69,64,0,50.0,1.0,48.5484,0,0.0,7.7114,1
15035578.1,9,,69,64,0,50.0,1.0,48.4484,0,0.0,7.7051,1
15037578.1,9,,69,64,0,50.0,1.0,48.3484,0,0.0,7.6989,1
15039578.1,9,,69,64,0,50.0,1.0,48.2484,0,0.0,7.6926,1
15041578.1,9,,69,64,0,50.0,1.0,48.1484,0,0.0,7.6864,1
15043578.1,9,,69,64,0,50.0,1.0,48.0484,0,0.0,7.6801,1
15045578.1,9,,69,64,0,50.0,1.0,47.9484,0,0.0,7.6739,1
15047578.1,9,,69,64,0,50.0,1.0,47.8484,0,0.0,7.6676,1
15047648.1,9,,69,64,0,50.0,1.0,47.8449,0,0.0,7.6674,1
15049578.1,9,,68,64,0,50.0,1.0,47.7484,0,0.0,7.6614,1
15051578.1,9,,68,64,0,50.0,1.0,47.6484,0,0.0,7.6551,1
15053578.1,9,,68,64,0,50.0,1.0,47.5484,0,0.0,7.6489,1
15055578.1,9,,68,64,0,50.0,1.0,47.4484,0,0.0,7.6426,1
15057578.1,9,,68,64,0,50.0,1.0,47.3484,0,0.0,7.6364,1
15058516.2,9,,68,64,0,50.0,1.0,47.3015,0,0.0,7.6335,1
15059578.1,9,,67,64,0,50.0,1.0,47.2484,0,0.0,7.6301,1
15061578.1,9,,67,64,0,50.0,1.0,47.1484,0,0.0,7.6239,1
15063578.1,9,,67,64,0,50.0,1.0,47.0484,0,0.0,7.6176,1
15065578.1,9,,67,64,0,50.0,1.0,46.9484,0,0.0,7.6114,1
15067578.1,9,,67,64,0,50.0,1.0,46.8484,0,0.0,7.6051,1
15069578.1,9,,67,64,0,50.0,1.0,46.7484,0,0.0,7.5989,1
15071578.1,9,,67,64,0,50.0,1.0,46.6484,0,0.0,7.5926,1
15073578.1,9,,67,64,0,50.0,1.0,46.5484,0,0.0,7.5864,1
15075578.1,9,,67,64,0,50.0,1.0,46.4484,0,0.0,7.5801,1
15077578.1,9,,67,64,0,50.0,1.0,46.3484,0,0.0,7.5739,1
15079578.1,9,,67,64,0,50.0,1.0,46.2484,0,0.0,7.5676,1
15081578.1,9,,67,64,0,50.0,1.0,46.1484,0,0.0,7.5614,1
15083578.1,9,,67,64,0,50.0,1.0,46.0484,0,0.0,7.5551,1
15085578.1,9,,67,64,0,50.0,1.0,45.9484,0,0.0,7.5489,1
15087578.1,9,,67,64,0,50.0,1.0,45.8484,0,0.0,7.5426,1
15089578.1,9,,67,64,0,50.0,1.0,45.7484,0,0.0,7.5364,1
15091578.1,9,,67,64,0,50.0,1.0,45.6484,0,0.0,7.5301,1
15093578.1,9,,67,64,0,50.0,1.0,45.5484,0,0.0,7.5239,1
15095578.1,9,,67,64,0,50.0,1.0,45.4484,0,0.0,7.5176,1
15097578.1,9,,67,64,0,50.0,1.0,45.3484,0,0.0,7.5114,1
15099578.1,9,,67,64,0,50.0,1.0,45.2484,0,0.0,7.5051,1
15101578.1,9,,67,64,0,50.0,1.0,45.1484,0,0.0,7.4989,1
15103578.1,9,,67,64,0,50.0,1.0,45.0484,0,0.0,7.4926,1
15105578.1,9,,67,64,0,50.0,1.0,44.9484,0,0.0,7.4864,1
15107578.1,9,,67,64,0,50.0,1.0,44.8484,0,0.0,7.4801,1
15109578.1,9,,67,64,0,50.0,1.0,44.7484,0,0.0,7.4739,1
15111578.1,9,,67,64,0,50.0,1.0,44.6484,0,0.0,7.4676,1
15111782.4,9,,67,64,0,50.0,1.0,44.6382,0,0.0,7.467,1
15113578.1,9,,66,64,0,50.0,1.0,44.5484,0,0.0,7.4614,1
15115578.1,9,,66,64,0,50.0,1.0,44.4484,0,0.0,7.4551,1
15117298.3,9,,66,64,0,50.0,1.0,44.3624,0,0.0,7.4498,1
15117578.1,9,,65,64,0,50.0,1.0,44.3484,0,0.0,7.4489,1
15119578.1,9,,65,64,0,50.0,1.0,44.2484,0,0.0,7.4426,1
15121578.1,9,,65,64,0,50.0,1.0,44.1484,0,0.0,7.4364,1
15123578.1,9,,65,64,0,50.0,1.0,44.0484,0,0.0,7.4301,1
15125578.1,9,,65,64,0,50.0,1.0,43.9484,0,0.0,7.4239,1
15125636.0,9,,65,64,0,50.0,1.0,43.9455,0,0.0,7.4237,1
15127578.1,9,,64,64,0,50.0,1.0,43.8484,0,0.0,7.4176,1
15129578.1,9,,64,64,0,50.0,1.0,43.7484,0,0.0,7.4114,1
15131578.1,9,,64,64,0,50.0,1.0,43.6484,0,0.0,7.4051,1
15133578.1,9,,64,64,0,50.0,1.0,43.5484,0,0.0,7.3989,1
15135578.1,9,,64,64,0,50.0,1.0,43.4484,0,0.0,7.3926,1
15137578.1,9,,64,64,0,50.0,1.0,43.3484,0,0.0,7.3864,1
15139578.1,9,,64,64,0,50.0,1.0,43.2484,0,0.0,7.3801,1
15141578.1,9,,64,64,0,50.0,1.0,43.1484,0,0.0,7.3739,1
15143578.1,9,,64,64,0,50.0,1.0,43.0484,0,0.0,7.3676,1
15145578.1,9,,64,64,0,50.0,1.0,42.9484,0,0.0,7.3614,1
15147578.1,9,,64,64,0,50.0,1.0,42.8484,0,0.0,7.3551,1
15149578.1,9,,64,64,0,50.0,1.0,42.7484,0,0.0,7.3489,1
15151578.1,9,,64,64,0,50.0,1.0,42.6484,0,0.0,7.3426,1
15153578.1,9,,64,64,0,50.0,1.0,42.5484,0,0.0,7.3364,1
15155578.1,9,,64,64,0,50.0,1.0,42.4484,0,0.0,7.3301,1
15157578.1,9,,64,64,0,50.0,1.0,42.3484,0,0.0,7.3239,1
15159578.1,9,,64,64,0,50.0,1.0,42.2484,0,0.0,7.3176,1
15161578.1,9,,64,64,0,50.0,1.0,42.1484,0,0.0,7.3114,1
15163578.1,9,,64,64,0,50.0,1.0,42.0484,0,0.0,7.3051,1
15165578.1,9,,64,64,0,50.0,1.0,41.9484,0,0.0,7.2989,1
15167578.1,9,,64,64,0,50.0,1.0,41.8484,0,0.0,7.2926,1
15169578.1,9,,64,64,0,50.0,1.0,41.7484,0,0.0,7.2864,1
15171578.1,9,,64,64,0,50.0,1.0,41.6484,0,0.0,7.2801,1
15173578.1,9,,64,64,0,50.0,1.0,41.5484,0,0.0,7.2739,1
15175578.1,9,,64,64,0,50.0,1.0,41.4484,0,0.0,7.2676,1
15177578.1,9,,64,64,0,50.0,1.0,41.3484,0,0.0,7.2614,1
15179578.1,9,,64,64,0,50.0,1.0,41.2484,0,0.0,7.2551,1
15181578.1,9,,64,64,0,50.0,1.0,41.1484,0,0.0,7.2489,1
15183578.1,9,,64,64,0,50.0,1.0,41.0484,0,0.0,7.2426,1
15185578.1,9,,64,64,0,50.0,1.0,40.9484,0,0.0,7.2364,1
15187578.1,9,,64,64,0,50.0,1.0,40.8484,0,0.0,7.2301,1
15189578.1,9,,64,64,0,50.0,1.0,40.7484,0,0.0,7.2239,1
15191578.1,9,,64,64,0,50.0,1.0,40.6484,0,0.0,7.2176,1
15193578.1,9,,64,64,0,50.0,1.0,40.5484,0,0.0,7.2114,1
15195578.1,9,,64,64,0,50.0,1.0,40.4484,0,0.0,7.2051,1
15197578.1,9,,64,64,0,50.0,1.0,40.3484,0,0.0,7.1989,1
15199578.1,9,,64,64,0,50.0,1.0,40.2484,0,0.0,7.1926,1
15201578.1,9,,64,64,0,50.0,1.0,40.1484,0,0.0,7.1864,1
15203578.1,9,,64,64,0,50.0,1.0,40.0484,0,0.0,7.1801,1
15205578.1,9,,64,64,0,50.0,1.0,39.9484,0,0.0,7.1739,1
15207578.1,9,,64,64,0,50.0,1.0,39.8484,0,0.0,7.1676,1
15209578.1,9,,64,64,0,50.0,1.0,39.7484,0,0.0,7.1614,1
15211578.1,9,,64,64,0,50.0,1.0,39.6484,0,0.0,7.1551,1
15213578.1,9,,64,64,0,50.0,1.0,39.5484,0,0.0,7.1489,1
15215578.1,9,,64,64,0,50.0,1.0,39.4484,0,0.0,7.1426,1
15217578.1,9,,64,64,0,50.0,1.0,39.3484,0,0.0,7.1364,1
15219578.1,9,,64,64,0,50.0,1.0,39.2484,0,0.0,7.1301,1
15221578.1,9,,64,64,0,50.0,1.0,39.1484,0,0.0,7.1239,1
15223578.1,9,,64,64,0,50.0,1.0,39.0484,0,0.0,7.1176,1
15224552.6,9,,64,64,0,50.0,1.0,38.9997,0,0.0,7.1146,1
15225578.1,9,,63,63,0,50.0,1.0,38.9484,0,0.0,7.1113,1
15227578.1,9,,63,63,0,50.0,1.0,38.8484,0,0.0,7.105,1
15229578.1,9,,63,63,0,50.0,1.0,38.7484,0,0.0,7.0986,1
15231578.1,9,,63,63,0,50.0,1.0,38.6484,0,0.0,7.0923,1
15233578.1,9,,63,63,0,50.0,1.0,38.5484,0,0.0,7.0859,1
15235578.1,9,,63,63,0,50.0,1.0,38.4484,0,0.0,7.0796,1
15237578.1,9,,63,63,0,50.0,1.0,38.3484,0,0.0,7.0732,1
15239578.1,9,,63,63,0,50.0,1.0,38.2484,0,0.0,7.0669,1
15241578.1,9,,63,63,0,50.0,1.0,38.1484,0,0.0,7.0605,1
15243578.1,9,,63,63,0,50.0,1.0,38.0484,0,0.0,7.0542,1
15245578.1,9,,63,63,0,50.0,1.0,37.9484,0,0.0,7.0478,1
15247578.1,9,,63,63,0,50.0,1.0,37.8484,0,0.0,7.0414,1
15249578.1,9,,63,63,0,50.0,1.0,37.7484,0,0.0,7.0351,1
15251578.1,9,,63,63,0,50.0,1.0,37.6484,0,0.0,7.0287,1
15253578.1,9,,63,63,0,50.0,1.0,37.5484,0,0.0,7.0224,1
15255578.1,9,,63,63,0,50.0,1.0,37.4484,0,0.0,7.016,1
15257578.1,9,,63,63,0,50.0,1.0,37.3484,0,0.0,7.0097,1
15258884.9,9,,63,63,0,50.0,1.0,37.2831,0,0.0,7.0055,1
15259578.1,9,,62,62,0,50.0,1.0,37.2484,0,0.0,7.0033,1
15261578.1,9,,62,62,0,50.0,1.0,37.1484,0,0.0,6.9968,1
15263578.1,9,,62,62,0,50.0,1.0,37.0484,0,0.0,6.9904,1
15265578.1,9,,62,62,0,50.0,1.0,36.9484,0,0.0,6.9839,1
15267578.1,9,,62,62,0,50.0,1.0,36.8484,0,0.0,6.9775,1
15268270.9,9,,62,62,0,50.0,1.0,36.8138,0,0.0,6.9752,1
15269578.1,9,,61,61,0,50.0,1.0,36.7484,0,0.0,6.9709,1
15271578.1,9,,61,61,0,50.0,1.0,36.6484,0,0.0,6.9644,1
15273578.1,9,,61,61,0,50.0,1.0,36.5484,0,0.0,6.9578,1
15275578.1,9,,61,61,0,50.0,1.0,36.4484,0,0.0,6.9512,1
15277578.1,9,,61,61,0,50.0,1.0,36.3484,0,0.0,6.9447,1
15279578.1,9,,61,61,0,50.0,1.0,36.2484,0,0.0,6.9381,1
15281578.1,9,,61,61,0,50.0,1.0,36.1484,0,0.0,6.9316,1
15283578.1,9,,61,61,0,50.0,1.0,36.0484,0,0.0,6.925,1
15285578.1,9,,61,61,0,50.0,1.0,35.9484,0,0.0,6.9184,1
15287578.1,9,,61,61,0,50.0,1.0,35.8484,0,0.0,6.9119,1
15289578.1,9,,61,61,0,50.0,1.0,35.7484,0,0.0,6.9053,1
15291578.1,9,,61,61,0,50.0,1.0,35.6484,0,0.0,6.8987,1
15293578.1,9,,61,61,0,50.0,1.0,35.5484,0,0.0,6.8922,1
15295578.1,9,,61,61,0,50.0,1.0,35.4484,0,0.0,6.8856,1
15297578.1,9,,61,61,0,50.0,1.0,35.3484,0,0.0,6.8791,1
15299578.1,9,,61,61,0,50.0,1.0,35.2484,0,0.0,6.8725,1
15301578.1,9,,61,61,0,50.0,1.0,35.1484,0,0.0,6.8659,1
15303578.1,9,,61,61,0,50.0,1.0,35.0484,0,0.0,6.8594,1
15305578.1,9,,61,61,0,50.0,1.0,34.9484,0,0.0,6.8528,1
15307578.1,9,,61,61,0,50.0,1.0,34.8484,0,0.0,6.8462,1
15309578.1,9,,61,61,0,50.0,1.0,34.7484,0,0.0,6.8397,1
15311578.1,9,,61,61,0,50.0,1.0,34.6484,0,0.0,6.8331,1
15313578.1,9,,61,61,0,50.0,1.0,34.5484,0,0.0,6.8266,1
15315578.1,9,,61,61,0,50.0,1.0,34.4484,0,0.0,6.82,1
15317578.1,9,,61,61,0,50.0,1.0,34.3484,0,0.0,6.8134,1
15319578.1,9,,61,61,0,50.0,1.0,34.2484,0,0.0,6.8069,1
15321578.1,9,,61,61,0,50.0,1.0,34.1484,0,0.0,6.8003,1
15323578.1,9,,61,61,0,50.0,1.0,34.0484,0,0.0,6.7937,1
15325578.1,9,,61,61,0,50.0,1.0,33.9484,0,0.0,6.7872,1
15327578.1,9,,61,61,0,50.0,1.0,33.8484,0,0.0,6.7806,1
15329578.1,9,,61,61,0,50.0,1.0,33.7484,0,0.0,6.7741,1
15331578.1,9,,61,61,0,50.0,1.0,33.6484,0,0.0,6.7675,1
15333578.1,9,,61,61,0,50.0,1.0,33.5484,0,0.0,6.7609,1
15335578.1,9,,61,61,0,50.0,1.0,33.4484,0,0.0,6.7544,1
15337578.1,9,,61,61,0,50.0,1.0,33.3484,0,0.0,6.7478,1
15339578.1,9,,61,61,0,50.0,1.0,33.2484,0,0.0,6.7412,1
15341578.1,9,,61,61,0,50.0,1.0,33.1484,0,0.0,6.7347,1
15343578.1,9,,61,61,0,50.0,1.0,33.0484,0,0.0,6.7281,1
15345578.1,9,,61,61,0,50.0,1.0,32.9484,0,0.0,6.7216,1
15347578.1,9,,61,61,0,50.0,1.0,32.8484,0,0.0,6.715,1
15349578.1,9,,61,61,0,50.0,1.0,32.7484,0,0.0,6.7084,1
15351578.1,9,,61,61,0,50.0,1.0,32.6484,0,0.0,6.7019,1
15353578.1,9,,61,61,0,50.0,1.0,32.5484,0,0.0,6.6953,1
15355578.1,9,,61,61,0,50.0,1.0,32.4484,0,0.0,6.6887,1
15357578.1,9,,61,61,0,50.0,1.0,32.3484,0,0.0,6.6822,1
15359578.1,9,,61,61,0,50.0,1.0,32.2484,0,0.0,6.6756,1
15361578.1,9,,61,61,0,50.0,1.0,32.1484,0,0.0,6.6691,1
15363578.1,9,,61,61,0,50.0,1.0,32.0484,0,0.0,6.6625,1
15365578.1,9,,61,61,0,50.0,1.0,31.9484,0,0.0,6.6559,1
15367578.1,9,,61,61,0,50.0,1.0,31.8484,0,0.0,6.6494,1
15369578.1,9,,61,61,0,50.0,1.0,31.7484,0,0.0,6.6428,1
15371578.1,9,,61,61,0,50.0,1.0,31.6484,0,0.0,6.6362,1
15371752.6,9,,61,61,0,50.0,1.0,31.6397,0,0.0,6.6357,1
15373578.1,9,,60,60,0,50.0,1.0,31.5484,0,0.0,6.6296,1
15375578.1,9,,60,60,0,50.0,1.0,31.4484,0,0.0,6.6229,1
15377578.1,9,,60,60,0,50.0,1.0,31.3484,0,0.0,6.6162,1
15379578.1,9,,60,60,0,50.0,1.0,31.2484,0,0.0,6.6096,1
15381578.1,9,,60,60,0,50.0,1.0,31.1484,0,0.0,6.6029,1
15383578.1,9,,60,60,0,50.0,1.0,31.0484,0,0.0,6.5962,1
15385578.1,9,,60,60,0,50.0,1.0,30.9484,0,0.0,6.5896,1
15387578.1,9,,60,60,0,50.0,1.0,30.8484,0,0.0,6.5829,1
15389578.1,9,,60,60,0,50.0,1.0,30.7484,0,0.0,6.5762,1
15391578.1,9,,60,60,0,50.0,1.0,30.6484,0,0.0,6.5696,1
15393578.1,9,,60,60,0,50.0,1.0,30.5484,0,0.0,6.5629,1
15395578.1,9,,60,60,0,50.0,1.0,30.4484,0,0.0,6.5562,1
15397578.1,9,,60,60,0,50.0,1.0,30.3484,0,0.0,6.5496,1
15399578.1,9,,60,60,0,50.0,1.0,30.2484,0,0.0,6.5429,1
15401578.1,9,,60,60,0,50.0,1.0,30.1484,0,0.0,6.5362,1
15403578.1,9,,60,60,0,50.0,1.0,30.0484,0,0.0,6.5296,1
15405578.1,9,,60,60,0,50.0,1.0,29.9484,0,0.0,6.5229,1
15406415.0,9,,60,60,0,50.0,1.0,29.9066,0,0.0,6.5201,1
15407578.1,9,,59,59,0,50.0,1.0,29.8484,0,0.0,6.5162,1
15409578.1,9,,59,59,0,50.0,1.0,29.7484,0,0.0,6.5094,1
15411578.1,9,,59,59,0,50.0,1.0,29.6484,0,0.0,6.5026,1
15413578.1,9,,59,59,0,50.0,1.0,29.5484,0,0.0,6.4958,1
15415578.1,9,,59,59,0,50.0,1.0,29.4484,0,0.0,6.489,1
15417578.1,9,,59,59,0,50.0,1.0,29.3484,0,0.0,6.4823,1
15419578.1,9,,59,59,0,50.0,1.0,29.2484,0,0.0,6.4755,1
15421578.1,9,,59,59,0,50.0,1.0,29.1484,0,0.0,6.4687,1
15423578.1,9,,59,59,0,50.0,1.0,29.0484,0,0.0,6.4619,1
15425578.1,9,,59,59,0,50.0,1.0,28.9484,0,0.0,6.4551,1
15427578.1,9,,59,59,0,50.0,1.0,28.8484,0,0.0,6.4483,1
15429578.1,9,,59,59,0,50.0,1.0,28.7484,0,0.0,6.4415,1
15431578.1,9,,59,59,0,50.0,1.0,28.6484,0,0.0,6.4348,1
15433578.1,9,,59,59,0,50.0,1.0,28.5484,0,0.0,6.428,1
15435578.1,9,,59,59,0,50.0,1.0,28.4484,0,0.0,6.4212,1
15437578.1,9,,59,59,0,50.0,1.0,28.3484,0,0.0,6.4144,1
15439578.1,9,,59,59,0,50.0,1.0,28.2484,0,0.0,6.4076,1
15441578.1,9,,59,59,0,50.0,1.0,28.1484,0,0.0,6.4008,1
15443578.1,9,,59,59,0,50.0,1.0,28.0484,0,0.0,6.394,1
15445578.1,9,,59,59,0,50.0,1.0,27.9484,0,0.0,6.3873,1
15447578.1,9,,59,59,0,50.0,1.0,27.8484,0,0.0,6.3805,1
15449578.1,9,,59,59,0,50.0,1.0,27.7484,0,0.0,6.3737,1
15451578.1,9,,59,59,0,50.0,1.0,27.6484,0,0.0,6.3669,1
15453578.1,9,,59,59,0,50.0,1.0,27.5484,0,0.0,6.3601,1
15455578.1,9,,59,59,0,50.0,1.0,27.4484,0,0.0,6.3533,1
15457578.1,9,,59,59,0,50.0,1.0,27.3484,0,0.0,6.3465,1
15459578.1,9,,59,59,0,50.0,1.0,27.2484,0,0.0,6.3398,1
15461578.1,9,,59,59,0,50.0,1.0,27.1484,0,0.0,6.333,1
15463578.1,9,,59,59,0,50.0,1.0,27.0484,0,0.0,6.3262,1
15465323.3,9,,59,59,0,50.0,1.0,26.9612,0,0.0,6.3203,1
15465578.1,9,,58,58,0,50.0,1.0,26.9484,0,0.0,6.3194,1
15466052.8,9,,58,58,0,50.0,1.0,26.9247,0,0.0,6.3177,1
15467578.1,9,,57,57,0,50.0,1.0,26.8484,0,0.0,6.3124,1
15469578.1,9,,57,57,0,50.0,1.0,26.7484,0,0.0,6.3053,1
15471578.1,9,,57,57,0,50.0,1.0,26.6484,0,0.0,6.2983,1
15473578.1,9,,57,57,0,50.0,1.0,26.5484,0,0.0,6.2912,1
15474498.4,9,,57,57,0,50.0,1.0,26.5024,0,0.0,6.288,1
15475578.1,9,,56,56,0,50.0,1.0,26.4484,0,0.0,6.2841,1
15477578.1,9,,56,56,0,50.0,1.0,26.3484,0,0.0,6.2769,1
15479578.1,9,,56,56,0,50.0,1.0,26.2484,0,0.0,6.2698,1
15481578.1,9,,56,56,0,50.0,1.0,26.1484,0,0.0,6.2626,1
15483578.1,9,,56,56,0,50.0,1.0,26.0484,0,0.0,6.2554,1
15485578.1,9,,56,56,0,50.0,1.0,25.9484,0,0.0,6.2482,1
15487578.1,9,,56,56,0,50.0,1.0,25.8484,0,0.0,6.241,1
15489454.9,9,,56,56,0,50.0,1.0,25.7546,0,0.0,6.2343,1
15489578.1,9,,55,55,0,50.0,1.0,25.7484,0,0.0,6.2339,1
15491578.1,9,,55,55,0,50.0,1.0,25.6484,0,0.0,6.2266,1
15493578.1,9,,55,55,0,50.0,1.0,25.5484,0,0.0,6.2193,1
15495578.1,9,,55,55,0,50.0,1.0,25.4484,0,0.0,6.212,1
15497578.1,9,,55,55,0,50.0,1.0,25.3484,0,0.0,6.2047,1
15499578.1,9,,55,55,0,50.0,1.0,25.2484,0,0.0,6.1974,1
15501578.1,9,,55,55,0,50.0,1.0,25.1484,0,0.0,6.1901,1
15503217.5,9,,55,55,0,50.0,1.0,25.0665,0,0.0,6.1841,1
15503578.1,9,,54,54,0,50.0,1.0,25.0484,0,0.0,6.1827,1
15504391.3,9,,54,54,0,50.0,1.0,25.0078,0,0.0,6.1797,1
15505578.1,9,,53,53,0,50.0,1.0,24.9484,0,0.0,6.1752,1
15507578.1,9,,53,53,0,50.0,1.0,24.8484,0,0.0,6.1676,1
15509578.1,9,,53,53,0,50.0,1.0,24.7484,0,0.0,6.16,1
15511578.1,9,,53,53,0,50.0,1.0,24.6484,0,0.0,6.1524,1
15512255.7,9,,53,53,0,50.0,1.0,24.6145,0,0.0,6.1499,1
15513578.1,9,,52,52,0,50.0,1.0,24.5484,0,0.0,6.1447,1
15515578.1,9,,52,52,0,50.0,1.0,24.4484,0,0.0,6.1369,1
15517578.1,9,,52,52,0,50.0,1.0,24.3484,0,0.0,6.1291,1
15519208.6,9,,52,52,0,50.0,1.0,24.2669,0,0.0,6.1228,1
15519578.1,9,,51,51,0,50.0,1.0,24.2484,0,0.0,6.1213,1
15521578.1,9,,51,51,0,50.0,1.0,24.1484,0,0.0,6.1134,1
15523578.1,9,,51,51,0,50.0,1.0,24.0484,0,0.0,6.1055,1
15525578.1,9,,51,51,0,50.0,1.0,23.9484,0,0.0,6.0976,1
15527578.1,9,,51,51,0,50.0,1.0,23.8484,0,0.0,6.0897,1
15529578.1,9,,51,51,0,50.0,1.0,23.7484,0,0.0,6.0818,1
15530278.1,9,,51,51,0,50.0,1.0,23.7134,0,0.0,6.079,1
15531578.1,9,,50,50,0,50.0,1.0,23.6484,0,0.0,6.0738,1
15533578.1,9,,50,50,0,50.0,1.0,23.5484,0,0.0,6.0656,1
15535578.1,9,,50,50,0,50.0,1.0,23.4484,0,0.0,6.0575,1
15537578.1,9,,50,50,0,50.0,1.0,23.3484,0,0.0,6.0494,1
15539578.1,9,,50,50,0,50.0,1.0,23.2484,0,0.0,6.0412,1
15541578.1,9,,50,50,0,50.0,1.0,23.1484,0,0.0,6.0331,1
15543578.1,9,,50,50,0,50.0,1.0,23.0484,0,0.0,6.025,1
15545578.1,9,,50,50,0,50.0,1.0,22.9484,0,0.0,6.0168,1
15545815.9,9,,50,50,0,50.0,1.0,22.9365,0,0.0,6.0159,1
15547578.1,9,,49,49,0,50.0,1.0,22.8484,0,0.0,6.0086,1
15549578.1,9,,49,49,0,50.0,1.0,22.7484,0,0.0,6.0003,1
15551578.1,9,,49,49,0,50.0,1.0,22.6484,0,0.0,5.992,1
15553578.1,9,,49,49,0,50.0,1.0,22.5484,0,0.0,5.9837,1
15555578.1,9,,49,49,0,50.0,1.0,22.4484,0,0.0,5.9754,1
15555908.8,9,,49,49,0,50.0,1.0,22.4319,0,0.0,5.974,1
15557578.1,9,,48,48,0,50.0,1.0,22.3484,0,0.0,5.967,1
15559578.1,9,,48,48,0,50.0,1.0,22.2484,0,0.0,5.9586,1
15559695.2,9,,48,48,0,50.0,1.0,22.2426,0,0.0,5.9581,1
15561578.1,9,,47,47,0,50.0,1.0,22.1484,0,0.0,5.95,1
15563578.1,9,,47,47,0,50.0,1.0,22.0484,0,0.0,5.9414,1
15565578.1,9,,47,47,0,50.0,1.0,21.9484,0,0.0,5.9328,1
15567578.1,9,,47,47,0,50.0,1.0,21.8484,0,0.0,5.9242,1
15569408.9,9,,47,47,0,50.0,1.0,21.7569,0,0.0,5.9163,1
15569578.1,9,,46,46,0,50.0,1.0,21.7484,0,0.0,5.9156,1
15571578.1,9,,46,46,0,50.0,1.0,21.6484,0,0.0,5.9068,1
15573578.1,9,,46,46,0,50.0,1.0,21.5484,0,0.0,5.898,1
15575578.1,9,,46,46,0,50.0,1.0,21.4484,0,0.0,5.8893,1
15577578.1,9,,46,46,0,50.0,1.0,21.3484,0,0.0,5.8805,1
15579578.1,9,,46,46,0,50.0,1.0,21.2484,0,0.0,5.8717,1
15581578.1,9,,46,46,0,50.0,1.0,21.1484,0,0.0,5.8629,1
15583578.1,9,,46,46,0,50.0,1.0,21.0484,0,0.0,5.8541,1
15585578.1,9,,46,46,0,50.0,1.0,20.9484,0,0.0,5.8454,1
15587578.1,9,,46,46,0,50.0,1.0,20.8484,0,0.0,5.8366,1
15589578.1,9,,46,46,0,50.0,1.0,20.7484,0,0.0,5.8278,1
15591578.1,9,,46,46,0,50.0,1.0,20.6484,0,0.0,5.819,1
15593578.1,9,,46,46,0,50.0,1.0,20.5484,0,0.0,5.8102,1
15594640.2,9,,46,46,0,50.0,1.0,20.4953,0,0.0,5.8056,1
15595578.1,9,,45,45,0,50.0,1.0,20.4484,0,0.0,5.8014,1
15597578.1,9,,45,45,0,50.0,1.0,20.3484,0,0.0,5.7924,1
15599578.1,9,,45,45,0,50.0,1.0,20.2484,0,0.0,5.7833,1
15601578.1,9,,45,45,0,50.0,1.0,20.1484,0,0.0,5.7743,1
15603578.1,9,,45,45,0,50.0,1.0,20.0484,0,0.0,5.7653,1
15605578.1,9,,45,45,0,50.0,1.0,19.9484,0,0.0,5.7563,1
15607578.1,9,,45,45,0,50.0,1.0,19.8484,0,0.0,5.7473,1
15609578.1,9,,45,45,0,50.0,1.0,19.7484,0,0.0,5.7383,1
15610813.3,9,,45,45,0,50.0,1.0,19.6867,0,0.0,5.7328,1
15611578.1,9,,44,44,0,50.0,1.0,19.6484,0,0.0,5.7292,1
15613578.1,9,,44,44,0,50.0,1.0,19.5484,0,0.0,5.72,1
15615578.1,9,,44,44,0,50.0,1.0,19.4484,0,0.0,5.7108,1
15617578.1,9,,44,44,0,50.0,1.0,19.3484,0,0.0,5.7016,1
15619578.1,9,,44,44,0,50.0,1.0,19.2484,0,0.0,5.6925,1
15621578.1,9,,44,44,0,50.0,1.0,19.1484,0,0.0,5.6833,1
15623578.1,9,,44,44,0,50.0,1.0,19.0484,0,0.0,5.6741,1
15624066.2,9,,44,44,0,50.0,1.0,19.024,0,0.0,5.6718,1
15625578.1,9,,43,43,0,50.0,1.0,18.9484,0,0.0,5.6647,1
15627578.1,9,,43,43,0,50.0,1.0,18.8484,0,0.0,5.6554,1
15629578.1,9,,43,43,0,50.0,1.0,18.7484,0,0.0,5.646,1
15631578.1,9,,43,43,0,50.0,1.0,18.6484,0,0.0,5.6367,1
15632440.1,9,,43,43,0,50.0,1.0,18.6053,0,0.0,5.6326,1
15633578.1,9,,42,42,0,50.0,1.0,18.5484,0,0.0,5.6272,1
15635578.1,9,,42,42,0,50.0,1.0,18.4484,0,0.0,5.6176,1
15637578.1,9,,42,42,0,50.0,1.0,18.3484,0,0.0,5.608,1
15639578.1,9,,42,42,0,50.0,1.0,18.2484,0,0.0,5.5984,1
15641578.1,9,,42,42,0,50.0,1.0,18.1484,0,0.0,5.5889,1
15643578.1,9,,42,42,0,50.0,1.0,18.0484,0,0.0,5.5793,1
15644966.1,9,,42,42,0,50.0,1.0,17.979,0,0.0,5.5726,1
15645578.1,9,,41,41,0,50.0,1.0,17.9484,0,0.0,5.5696,1
15647578.1,9,,41,41,0,50.0,1.0,17.8484,0,0.0,5.5597,1
15649578.1,9,,41,41,0,50.0,1.0,17.7484,0,0.0,5.5499,1
15651578.1,9,,41,41,0,50.0,1.0,17.6484,0,0.0,5.54,1
15651591.3,9,,41,41,0,50.0,1.0,17.6478,0,0.0,5.54,1
15653578.1,9,,40,40,0,50.0,1.0,17.5484,0,0.0,5.53,1
15655578.1,9,,40,40,0,50.0,1.0,17.4484,0,0.0,5.5199,1
15657578.1,9,,40,40,0,50.0,1.0,17.3484,0,0.0,5.5099,1
15659578.1,9,,40,40,0,50.0,1.0,17.2484,0,0.0,5.4998,1
15661578.1,9,,40,40,0,50.0,1.0,17.1484,0,0.0,5.4898,1
15663578.1,9,,40,40,0,50.0,1.0,17.0484,0,0.0,5.4797,1
15665578.1,9,,40,40,0,50.0,1.0,16.9484,0,0.0,5.4697,1
15666009.3,9,,40,40,0,50.0,1.0,16.9269,0,0.0,5.4675,1
15667578.1,9,,39,39,0,50.0,1.0,16.8484,0,0.0,5.4594,1
15669578.1,9,,39,39,0,50.0,1.0,16.7484,0,0.0,5.4492,1
15671578.1,9,,39,39,0,50.0,1.0,16.6484,0,0.0,5.4389,1
15673578.1,9,,39,39,0,50.0,1.0,16.5484,0,0.0,5.4286,1
15675578.1,9,,39,39,0,50.0,1.0,16.4484,0,0.0,5.4183,1
15677578.1,9,,39,39,0,50.0,1.0,16.3484,0,0.0,5.4081,1
15679578.1,9,,39,39,0,50.0,1.0,16.2484,0,0.0,5.3978,1
15681578.1,9,,39,39,0,50.0,1.0,16.1484,0,0.0,5.3875,1
15683578.1,9,,39,39,0,50.0,1.0,16.0484,0,0.0,5.3772,1
15685578.1,9,,39,39,0,50.0,1.0,15.9484,0,0.0,5.3669,1
15687578.1,9,,39,39,0,50.0,1.0,15.8484,0,0.0,5.3567,1
15689578.1,9,,39,39,0,50.0,1.0,15.7484,0,0.0,5.3464,1
15691578.1,9,,39,39,0,50.0,1.0,15.6484,0,0.0,5.3361,1
15693578.1,9,,39,39,0,50.0,1.0,15.5484,0,0.0,5.3258,1
15695101.1,9,,39,39,0,50.0,1.0,15.4723,0,0.0,5.318,1
15695578.1,9,,38,38,0,50.0,1.0,15.4484,0,0.0,5.3155,1
15697578.1,9,,38,38,0,50.0,1.0,15.3484,0,0.0,5.3048,1
15699578.1,9,,38,38,0,50.0,1.0,15.2484,0,0.0,5.2942,1
15701578.1,9,,38,38,0,50.0,1.0,15.1484,0,0.0,5.2836,1
15703578.1,9,,38,38,0,50.0,1.0,15.0484,0,0.0,5.273,1
15705578.1,9,,38,38,0,50.0,1.0,14.9484,0,0.0,5.2623,1
15707578.1,9,,38,38,0,50.0,1.0,14.8484,0,0.0,5.2517,1
15709578.1,9,,38,38,0,50.0,1.0,14.7484,0,0.0,5.2411,1
15711083.3,9,,38,38,0,50.0,1.0,14.6732,0,0.0,5.2331,1
15711578.1,9,,36,36,0,50.0,1.0,14.6484,0,0.0,5.2303,1
15713578.1,9,,36,36,0,50.0,1.0,14.5484,0,0.0,5.2191,1
15715578.1,9,,36,36,0,50.0,1.0,14.4484,0,0.0,5.2078,1
15716072.6,9,,36,36,0,50.0,1.0,14.4237,0,0.0,5.205,1
15717578.1,9,,35,35,0,50.0,1.0,14.3484,0,0.0,5.1962,1
15719578.1,9,,35,35,0,50.0,1.0,14.2484,0,0.0,5.1845,1
15721578.1,9,,35,35,0,50.0,1.0,14.1484,0,0.0,5.1728,1
15723578.1,9,,35,35,0,50.0,1.0,14.0484,0,0.0,5.1611,1
15725578.1,9,,35,35,0,50.0,1.0,13.9484,0,0.0,5.1494,1
15725712.2,9,,35,35,0,50.0,1.0,13.9417,0,0.0,5.1487,1
15727541.4,9,,34,34,0,50.0,1.0,13.8503,0,0.0,5.1377,1
15727578.1,9,,33,33,0,50.0,1.0,13.8484,0,0.0,5.1375,1
15728268.5,9,,33,33,0,50.0,1.0,13.8139,0,0.0,5.1331,1
15729433.4,9,,32,32,0,50.0,1.0,13.7557,0,0.0,5.1257,1
15729507.5,9,,31,31,0,50.0,1.0,13.752,0,0.0,5.1252,1
15729578.1,9,,30,30,0,50.0,1.0,13.7484,0,0.0,5.1247,1
15731578.1,9,,30,30,0,50.0,1.0,13.6484,0,0.0,5.1105,1
15733578.1,9,,30,30,0,50.0,1.0,13.5484,0,0.0,5.0964,1
15734559.6,9,,30,30,0,50.0,1.0,13.4993,0,0.0,5.0895,1
15735578.1,9,,29,29,0,50.0,1.0,13.4484,0,0.0,5.0821,1
15737115.8,9,,29,29,0,50.0,1.0,13.3715,0,0.0,5.071,1
15737578.1,9,,28,28,0,50.0,1.0,13.3484,0,0.0,5.0676,1
15739578.1,9,,28,28,0,50.0,1.0,13.2484,0,0.0,5.0527,1
15741578.1,9,,28,28,0,50.0,1.0,13.1484,0,0.0,5.0379,1
15743578.1,9,,28,28,0,50.0,1.0,13.0484,0,0.0,5.0231,1
15745578.1,9,,28,28,0,50.0,1.0,12.9484,0,0.0,5.0083,1
15747578.1,9,,28,28,0,50.0,1.0,12.8484,0,0.0,4.9934,1
15747666.8,9,,28,28,0,50.0,1.0,12.844,0,0.0,4.9928,1
15749578.1,9,,27,27,0,50.0,1.0,12.7484,0,0.0,4.9782,1
15750077.3,9,,27,27,0,50.0,1.0,12.7235,0,0.0,4.9744,1
15751578.1,9,,26,26,0,50.0,1.0,12.6484,0,0.0,4.9625,1
15752254.3,9,,26,26,0,50.0,1.0,12.6146,0,0.0,4.9571,1
15753578.1,9,,25,25,0,50.0,1.0,12.5484,0,0.0,4.9462,1
15755578.1,9,,25,25,0,50.0,1.0,12.4484,0,0.0,4.9298,1
15757578.1,9,,25,25,0,50.0,1.0,12.3484,0,0.0,4.9133,1
15759578.1,9,,25,25,0,50.0,1.0,12.2484,0,0.0,4.8969,1
15761578.1,9,,25,25,0,50.0,1.0,12.1484,0,0.0,4.8804,1
15763578.1,9,,25,25,0,50.0,1.0,12.0484,0,0.0,4.8639,1
15765578.1,9,,25,25,0,50.0,1.0,11.9484,0,0.0,4.8475,1
15767578.1,9,,25,25,0,50.0,1.0,11.8484,0,0.0,4.831,1
15769578.1,9,,25,25,0,50.0,1.0,11.7484,0,0.0,4.8146,1
15771194.5,9,,25,25,0,50.0,1.0,11.6676,0,0.0,4.8013,1
15771578.1,9,,24,24,0,50.0,1.0,11.6484,0,0.0,4.798,1
15773578.1,9,,24,24,0,50.0,1.0,11.5484,0,0.0,4.7811,1
15775578.1,9,,24,24,0,50.0,1.0,11.4484,0,0.0,4.7642,1
15775782.1,9,,24,24,0,50.0,1.0,11.4382,0,0.0,4.7625,1
15777578.1,9,,23,23,0,50.0,1.0,11.3484,0,0.0,4.7468,1
15779578.1,9,,23,23,0,50.0,1.0,11.2484,0,0.0,4.7293,1
15781578.1,9,,23,23,0,50.0,1.0,11.1484,0,0.0,4.7118,1
15783578.1,9,,23,23,0,50.0,1.0,11.0484,0,0.0,4.6943,1
15785578.1,9,,23,23,0,50.0,1.0,10.9484,0,0.0,4.6768,1
15787578.1,9,,23,23,0,50.0,1.0,10.8484,0,0.0,4.6593,1
15789578.1,9,,23,23,0,50.0,1.0,10.7484,0,0.0,4.6418,1
15791578.1,9,,23,23,0,50.0,1.0,10.6484,0,0.0,4.6243,1
15793578.1,9,,23,23,0,50.0,1.0,10.5484,0,0.0,4.6068,1
15795578.1,9,,23,23,0,50.0,1.0,10.4484,0,0.0,4.5893,1
15797578.1,9,,23,23,0,50.0,1.0,10.3484,0,0.0,4.5718,1
15798320.3,9,,23,23,0,50.0,1.0,10.3113,0,0.0,4.5653,1
15799578.1,9,,22,22,0,50.0,1.0,10.2484,0,0.0,4.5535,1
15801578.1,9,,22,22,0,50.0,1.0,10.1484,0,0.0,4.5347,1
15803578.1,9,,22,22,0,50.0,1.0,10.0484,0,0.0,4.516,1
15805273.3,9,,22,22,0,50.0,1.0,9.9637,0,0.0,4.5001,1
15805578.1,9,,21,21,0,50.0,1.0,9.9484,0,0.0,4.4971,1
15807578.1,9,,21,21,0,50.0,1.0,9.8484,0,0.0,4.4775,1
15809578.1,9,,21,21,0,50.0,1.0,9.7484,0,0.0,4.4579,1
15811578.1,9,,21,21,0,50.0,1.0,9.6484,0,0.0,4.4384,1
15813578.1,9,,21,21,0,50.0,1.0,9.5484,0,0.0,4.4188,1
15815578.1,9,,21,21,0,50.0,1.0,9.4484,0,0.0,4.3992,1
15817578.1,9,,21,21,0,50.0,1.0,9.3484,0,0.0,4.3796,1
15818890.1,9,,21,21,0,50.0,1.0,9.2828,0,0.0,4.3668,1
15819578.1,9,,20,20,0,50.0,1.0,9.2484,0,0.0,4.3597,1
15821578.1,9,,20,20,0,50.0,1.0,9.1484,0,0.0,4.3393,1
15823578.1,9,,20,20,0,50.0,1.0,9.0484,0,0.0,4.3189,1
15825578.1,9,,20,20,0,50.0,1.0,8.9484,0,0.0,4.2985,1
15826965.3,9,,20,20,0,50.0,1.0,8.8791,0,0.0,4.2843,1
15827578.1,9,,19,19,0,50.0,1.0,8.8484,0,0.0,4.2778,1
15829578.1,9,,19,19,0,50.0,1.0,8.7484,0,0.0,4.2566,1
15831578.1,9,,19,19,0,50.0,1.0,8.6484,0,0.0,4.2353,1
15833578.1,9,,19,19,0,50.0,1.0,8.5484,0,0.0,4.2141,1
15835578.1,9,,19,19,0,50.0,1.0,8.4484,0,0.0,4.1928,1
15837578.1,9,,19,19,0,50.0,1.0,8.3484,0,0.0,4.1716,1
15839578.1,9,,19,19,0,50.0,1.0,8.2484,0,0.0,4.1503,1
15841578.1,9,,19,19,0,50.0,1.0,8.1484,0,0.0,4.1291,1
15843578.1,9,,19,19,0,50.0,1.0,8.0484,0,0.0,4.1078,1
15845578.1,9,,19,19,0,50.0,1.0,7.9484,0,0.0,4.0866,1
15847578.1,9,,19,19,0,50.0,1.0,7.8484,0,0.0,4.0653,1
15849578.1,9,,19,19,0,50.0,1.0,7.7484,0,0.0,4.0441,1
15851578.1,9,,19,19,0,50.0,1.0,7.6484,0,0.0,4.0228,1
15853370.5,9,,19,19,0,50.0,1.0,7.5588,0,0.0,4.0038,1
15853578.1,9,,17,17,0,50.0,1.0,7.5484,0,0.0,4.0012,1
15855578.1,9,,17,17,0,50.0,1.0,7.4484,0,0.0,3.977,1
15857578.1,9,,17,17,0,50.0,1.0,7.3484,0,0.0,3.9527,1
15859578.1,9,,17,17,0,50.0,1.0,7.2484,0,0.0,3.9284,1
15861578.1,9,,17,17,0,50.0,1.0,7.1484,0,0.0,3.9041,1
15863578.1,9,,17,17,0,50.0,1.0,7.0484,0,0.0,3.8798,1
15865578.1,9,,17,17,0,50.0,1.0,6.9484,0,0.0,3.8555,1
15867578.1,9,,17,17,0,50.0,1.0,6.8484,0,0.0,3.8312,1
15869578.1,9,,17,17,0,50.0,1.0,6.7484,0,0.0,3.807,1
15871496.6,9,,17,17,0,50.0,1.0,6.6525,0,0.0,3.7837,1
15871578.1,9,,16,16,0,50.0,1.0,6.6484,0,0.0,3.7826,1
15873578.1,9,,16,16,0,50.0,1.0,6.5484,0,0.0,3.7569,1
15875578.1,9,,16,16,0,50.0,1.0,6.4484,0,0.0,3.7312,1
15877578.1,9,,16,16,0,50.0,1.0,6.3484,0,0.0,3.7055,1
15879578.1,9,,16,16,0,50.0,1.0,6.2484,0,0.0,3.6798,1
15881578.1,9,,16,16,0,50.0,1.0,6.1484,0,0.0,3.654,1
15883578.1,9,,16,16,0,50.0,1.0,6.0484,0,0.0,3.6283,1
15885578.1,9,,16,16,0,50.0,1.0,5.9484,0,0.0,3.6026,1
15887578.1,9,,16,16,0,50.0,1.0,5.8484,0,0.0,3.5769,1
15889578.1,9,,16,16,0,50.0,1.0,5.7484,0,0.0,3.5512,1
15891578.1,9,,16,16,0,50.0,1.0,5.6484,0,0.0,3.5255,1
15893578.1,9,,16,16,0,50.0,1.0,5.5484,0,0.0,3.4998,1
15895578.1,9,,16,16,0,50.0,1.0,5.4484,0,0.0,3.474,1
15897578.1,9,,16,16,0,50.0,1.0,5.3484,0,0.0,3.4483,1
15899180.9,9,,16,16,0,50.0,1.0,5.2683,0,0.0,3.4277,1
15899578.1,9,,15,15,0,50.0,1.0,5.2484,0,0.0,3.4223,1
15901578.1,9,,15,15,0,50.0,1.0,5.1484,0,0.0,3.3952,1
15903578.1,9,,15,15,0,50.0,1.0,5.0484,0,0.0,3.368,1
15905578.1,9,,15,15,0,50.0,1.0,4.9484,0,0.0,3.3409,1
15907578.1,9,,15,15,0,50.0,1.0,4.8484,0,0.0,3.3138,1
15907680.4,9,,15,15,0,50.0,1.0,4.8433,0,0.0,3.3124,1
15909578.1,9,,14,14,0,50.0,1.0,4.7484,0,0.0,3.2853,1
15911578.1,9,,14,14,0,50.0,1.0,4.6484,0,0.0,3.2567,1
15913578.1,9,,14,14,0,50.0,1.0,4.5484,0,0.0,3.2281,1
15915578.1,9,,14,14,0,50.0,1.0,4.4484,0,0.0,3.1995,1
15917578.1,9,,14,14,0,50.0,1.0,4.3484,0,0.0,3.171,1
15917595.8,9,,14,14,0,50.0,1.0,4.3475,0,0.0,3.1707,1
15919578.1,9,,13,13,0,50.0,1.0,4.2484,0,0.0,3.1402,1
15921578.1,9,,13,13,0,50.0,1.0,4.1484,0,0.0,3.1095,1
15923578.1,9,,13,13,0,50.0,1.0,4.0484,0,0.0,3.0787,1
15925578.1,9,,13,13,0,50.0,1.0,3.9484,0,0.0,3.0479,1
15927578.1,9,,13,13,0,50.0,1.0,3.8484,0,0.0,3.0172,1
15929578.1,9,,13,13,0,50.0,1.0,3.7484,0,0.0,2.9864,1
15931232.3,9,,13,13,0,50.0,1.0,3.6657,0,0.0,2.9609,1
15931376.3,9,,12,12,0,50.0,1.0,3.6585,0,0.0,2.9587,1
15931578.1,9,,11,11,0,50.0,1.0,3.6484,0,0.0,2.9554,1
15933578.1,9,,11,11,0,50.0,1.0,3.5484,0,0.0,2.923,1
15935578.1,9,,11,11,0,50.0,1.0,3.4484,0,0.0,2.8905,1
15936680.6,9,,11,11,0,50.0,1.0,3.3933,0,0.0,2.8726,1
15937578.1,9,,10,10,0,50.0,1.0,3.3484,0,0.0,2.8563,1
15937726.8,9,,10,10,0,50.0,1.0,3.341,0,0.0,2.8536,1
15937901.8,9,,9,9,0,50.0,1.0,3.3322,0,0.0,2.8503,1
15939578.1,9,,8,8,0,50.0,1.0,3.2484,0,0.0,2.8144,1
15941578.1,9,,8,8,0,50.0,1.0,3.1484,0,0.0,2.7716,1
15943578.1,9,,8,8,0,50.0,1.0,3.0484,0,0.0,2.7287,1
15944056.5,9,,8,8,0,50.0,1.0,3.0245,0,0.0,2.7185,1
15945578.1,9,,7,7,0,50.0,1.0,2.9484,0,0.0,2.6804,1
15947578.1,9,,7,7,0,50.0,1.0,2.8484,0,0.0,2.6304,1
15948210.9,9,,7,7,0,50.0,1.0,2.8168,0,0.0,2.6146,1
15949578.1,9,,6,6,0,50.0,1.0,2.7484,0,0.0,2.5804,1
15951578.1,9,,6,6,0,50.0,1.0,2.6484,0,0.0,2.5304,1
15953578.1,9,,6,6,0,50.0,1.0,2.5484,0,0.0,2.4804,1
15954376.1,9,,6,6,0,50.0,1.0,2.5085,0,0.0,2.4605,1
15955578.1,9,,5,5,0,50.0,1.0,2.4484,0,0.0,2.4204,1
15957259.6,9,,5,5,0,50.0,1.0,2.3643,0,0.0,2.3643,1
15957578.1,9,,4,4,0,50.0,1.0,2.3484,0,0.0,2.3484,1
15959578.1,9,,4,4,0,50.0,1.0,2.2484,0,0.0,2.2484,1
15961578.1,9,,4,4,0,50.0,1.0,2.1484,0,0.0,2.1484,1
15963578.1,9,,4,4,0,50.0,1.0,2.0484,0,0.0,2.0484,1
15965578.1,9,,4,4,0,50.0,1.0,1.9484,0,0.0,1.9484,1
15967578.1,9,,4,4,0,50.0,1.0,1.8484,0,0.0,1.8484,1
15969578.1,9,,4,4,0,50.0,1.0,1.7484,0,0.0,1.7484,1
15971578.1,9,,4,4,0,50.0,1.0,1.6484,0,0.0,1.6484,1
15973578.1,9,,4,4,0,50.0,1.0,1.5484,0,0.0,1.5484,1
15975578.1,9,,4,4,0,50.0,1.0,1.4484,0,0.0,1.4484,1
15976193.8,9,,4,4,0,50.0,1.0,1.4176,0,0.0,1.4176,1
15977578.1,9,,3,3,0,50.0,1.0,1.3484,0,0.0,1.3484,1
15979578.1,9,,3,3,0,50.0,1.0,1.2484,0,0.0,1.2484,1
15981578.1,9,,3,3,0,50.0,1.0,1.1484,0,0.0,1.1484,1
15983578.1,9,,3,3,0,50.0,1.0,1.0484,0,0.0,1.0484,1
15985578.1,9,,3,3,0,50.0,1.0,0.9484,0,0.0,0.9484,1
15987578.1,9,,3,3,0,50.0,1.0,0.8484,0,0.0,0.8484,1
15989578.1,9,,3,3,0,50.0,1.0,0.7484,0,0.0,0.7484,1
15991578.1,9,,3,3,0,50.0,1.0,0.6484,0,0.0,0.6484,1
15993578.1,9,,3,3,0,50.0,1.0,0.5484,0,0.0,0.5484,1
15995578.1,9,,3,3,0,50.0,1.0,0.4484,0,0.0,0.4484,1
15997578.1,9,,3,3,0,50.0,1.0,0.3484,0,0.0,0.3484,1
15998264.2,9,,3,3,0,50.0,1.0,0.3141,0,0.0,0.3141,1
15999578.1,9,,2,2,0,50.0,1.0,0.2484,0,0.0,0.2484,1
16001578.1,9,,2,2,0,50.0,1.0,0.1484,0,0.0,0.1484,1
16001891.5,9,,2,2,0,50.0,1.0,0.1328,0,0.0,0.1328,1
16003578.1,9,,1,1,0,50.0,1.0,0.0484,0,0.0,0.0484,1
16004546.6,9,,1,1,0,50.0,1.0,0.0,0,0.0,0.0,1
16005578.1,10,,124,64,0,50.0,1.0,85.2435,0,0.0,41.8857,1
16007578.1,10,,124,64,0,50.0,1.0,85.1435,0,0.0,41.6317,1
16009578.1,10,,124,64,0,50.0,1.0,85.0435,0,0.0,41.3777,1
16011578.1,10,,124,64,0,50.0,1.0,84.9435,0,0.0,41.1236,1
16013578.1,10,,124,64,0,50.0,1.0,84.8435,0,0.0,40.8696,1
16015578.1,10,,124,64,0,50.0,1.0,84.7435,0,0.0,40.6156,1
16017578.1,10,,124,64,0,50.0,1.0,84.6435,0,0.0,40.3616,1
16019578.1,10,,124,64,0,50.0,1.0,84.5435,0,0.0,40.1075,1
16021578.1,10,,124,64,0,50.0,1.0,84.4435,0,0.0,39.8535,1
16023578.1,10,,124,64,0,50.0,1.0,84.3435,0,0.0,39.5995,1
16025578.1,10,,124,64,0,50.0,1.0,84.2435,0,0.0,39.3454,1
16027578.1,10,,124,64,0,50.0,1.0,84.1435,0,0.0,39.0914,1
16029578.1,10,,124,64,0,50.0,1.0,84.0435,0,0.0,38.8374,1
16031578.1,10,,124,64,0,50.0,1.0,83.9435,0,0.0,38.5833,1
16033578.1,10,,124,64,0,50.0,1.0,83.8435,0,0.0,38.3293,1
16035578.1,10,,124,64,0,50.0,1.0,83.7435,0,0.0,38.0753,1
16037578.1,10,,124,64,0,50.0,1.0,83.6435,0,0.0,37.8212,1
16039578.1,10,,124,64,0,50.0,1.0,83.5435,0,0.0,37.5672,1
16041578.1,10,,124,64,0,50.0,1.0,83.4435,0,0.0,37.3132,1
16043578.1,10,,124,64,0,50.0,1.0,83.3435,0,0.0,37.0591,1
16045578.1,10,,124,64,0,50.0,1.0,83.2435,0,0.0,36.8051,1
16047578.1,10,,124,64,0,50.0,1.0,83.1435,0,0.0,36.5511,1
16049578.1,10,,124,64,0,50.0,1.0,83.0435,0,0.0,36.297,1
16051578.1,10,,124,64,0,50.0,1.0,82.9435,0,0.0,36.043,1
16053578.1,10,,124,64,0,50.0,1.0,82.8435,0,0.0,35.789,1
16054208.3,10,,124,64,0,50.0,1.0,82.812,0,0.0,35.7089,1
16055578.1,10,,123,64,0,50.0,1.0,82.7435,0,0.0,35.5498,1
16057578.1,10,,123,64,0,50.0,1.0,82.6435,0,0.0,35.3175,1
16059005.2,10,,123,64,0,50.0,1.0,82.5722,0,0.0,35.1518,1
16059578.1,10,,122,64,0,50.0,1.0,82.5435,0,0.0,35.0853,1
16060416.0,10,,122,64,0,50.0,1.0,82.5016,0,0.0,34.9881,1
16060698.2,10,,121,64,0,50.0,1.0,82.4875,0,0.0,34.9554,1
16061578.1,10,,120,64,0,50.0,1.0,82.4435,0,0.0,34.8535,1
16062127.2,10,,120,64,0,50.0,1.0,82.4161,0,0.0,34.7898,1
16063578.1,10,,119,64,0,50.0,1.0,82.3435,0,0.0,34.6387,1
16063920.4,10,,119,64,0,50.0,1.0,82.3264,0,0.0,34.603,1
16064794.2,10,,118,64,0,50.0,1.0,82.2827,0,0.0,34.512,1
16065578.1,10,,116,64,0,50.0,1.0,82.2435,0,0.0,34.4306,1
16067578.1,10,,116,64,0,50.0,1.0,82.1435,0,0.0,34.2229,1
16068608.0,10,,116,64,0,50.0,1.0,82.092,0,0.0,34.1159,1
16068935.7,10,,115,64,0,50.0,1.0,82.0756,0,0.0,34.0819,1
16069578.1,10,,114,64,0,50.0,1.0,82.0435,0,0.0,34.0153,1
16071578.1,10,,114,64,0,50.0,1.0,81.9435,0,0.0,33.808,1
16073578.1,10,,114,64,0,50.0,1.0,81.8435,0,0.0,33.6007,1
16075578.1,10,,114,64,0,50.0,1.0,81.7435,0,0.0,33.3933,1
16077578.1,10,,114,64,0,50.0,1.0,81.6435,0,0.0,33.186,1
16079578.1,10,,114,64,0,50.0,1.0,81.5435,0,0.0,32.9787,1
16081578.1,10,,114,64,0,50.0,1.0,81.4435,0,0.0,32.7714,1
16083578.1,10,,114,64,0,50.0,1.0,81.3435,0,0.0,32.5641,1
16085578.1,10,,114,64,0,50.0,1.0,81.2435,0,0.0,32.3567,1
16087578.1,10,,114,64,0,50.0,1.0,81.1435,0,0.0,32.1494,1
16088405.3,10,,114,64,0,50.0,1.0,81.1022,0,0.0,32.0637,1
16089578.1,10,,113,64,0,50.0,1.0,81.0435,0,0.0,31.9422,1
16090899.3,10,,113,64,0,50.0,1.0,80.9775,0,0.0,31.8054,1
16091578.1,10,,112,64,0,50.0,1.0,80.9435,0,0.0,31.7436,1
16093578.1,10,,112,64,0,50.0,1.0,80.8435,0,0.0,31.5614,1
16095186.5,10,,112,64,0,50.0,1.0,80.7631,0,0.0,31.415,1
16095578.1,10,,111,64,0,50.0,1.0,80.7435,0,0.0,31.3794,1
16096651.9,10,,111,64,0,50.0,1.0,80.6898,0,0.0,31.2817,1
16097578.1,10,,110,64,0,50.0,1.0,80.6435,0,0.0,31.1975,1
16099578.1,10,,110,64,0,50.0,1.0,80.5435,0,0.0,31.0159,1
16101578.1,10,,110,64,0,50.0,1.0,80.4435,0,0.0,30.8342,1
16101658.2,10,,110,64,0,50.0,1.0,80.4395,0,0.0,30.8269,1
16102067.8,10,,109,64,0,50.0,1.0,80.419,0,0.0,30.7897,1
16103578.1,10,,108,64,0,50.0,1.0,80.3435,0,0.0,30.6529,1
16105578.1,10,,108,64,0,50.0,1.0,80.2435,0,0.0,30.4716,1
16106091.0,10,,108,64,0,50.0,1.0,80.2179,0,0.0,30.4252,1
16106445.9,10,,107,64,0,50.0,1.0,80.2001,0,0.0,30.393,1
16106728.1,10,,106,64,0,50.0,1.0,80.186,0,0.0,30.3713,1
16107310.6,10,,105,64,0,50.0,1.0,80.1569,0,0.0,30.3265,1
16107578.1,10,,104,64,0,50.0,1.0,80.1435,0,0.0,30.3059,1
16107920.5,10,,104,64,0,50.0,1.0,80.1264,0,0.0,30.2796,1
16109578.1,10,,103,64,0,50.0,1.0,80.0435,0,0.0,30.1762,1
16111578.1,10,,103,64,0,50.0,1.0,79.9435,0,0.0,30.0514,1
16113578.1,10,,103,64,0,50.0,1.0,79.8435,0,0.0,29.9267,1
16115578.1,10,,103,64,0,50.0,1.0,79.7435,0,0.0,29.8019,1
16116777.0,10,,103,64,0,50.0,1.0,79.6836,0,0.0,29.7272,1
16117578.1,10,,102,64,0,50.0,1.0,79.6435,0,0.0,29.6773,1
16118806.8,10,,102,64,0,50.0,1.0,79.5821,0,0.0,29.6008,1
16119578.1,10,,101,64,0,50.0,1.0,79.5435,0,0.0,29.5648,1
16120645.4,10,,101,64,0,50.0,1.0,79.4902,0,0.0,29.5151,1
16121337.2,10,,100,64,0,50.0,1.0,79.4556,0,0.0,29.4829,1
16121400.9,10,,99,64,0,50.0,1.0,79.4524,0,0.0,29.48,1
16121578.1,10,,98,64,0,50.0,1.0,79.4435,0,0.0,29.4718,1
16123578.1,10,,98,64,0,50.0,1.0,79.3435,0,0.0,29.3793,1
16125578.1,10,,98,64,0,50.0,1.0,79.2435,0,0.0,29.2868,1
16127578.1,10,,98,64,0,50.0,1.0,79.1435,0,0.0,29.1943,1
16128682.7,10,,98,64,0,50.0,1.0,79.0883,0,0.0,29.1432,1
16129578.1,10,,97,64,0,50.0,1.0,79.0435,0,0.0,29.1019,1
16131578.1,10,,97,64,0,50.0,1.0,78.9435,0,0.0,29.0097,1
16133578.1,10,,97,64,0,50.0,1.0,78.8435,0,0.0,28.9174,1
16135578.1,10,,97,64,0,50.0,1.0,78.7435,0,0.0,28.8252,1
16137578.1,10,,97,64,0,50.0,1.0,78.6435,0,0.0,28.7435,1
16138604.1,10,,97,64,0,50.0,1.0,78.5922,0,0.0,28.7135,1
16139578.1,10,,96,64,0,50.0,1.0,78.5435,0,0.0,28.6851,1
16141578.1,10,,96,64,0,50.0,1.0,78.4435,0,0.0,28.6267,1
16143578.1,10,,96,64,0,50.0,1.0,78.3435,0,0.0,28.5684,1
16145578.1,10,,96,64,0,50.0,1.0,78.2435,0,0.0,28.5101,1
16147578.1,10,,96,64,0,50.0,1.0,78.1435,0,0.0,28.4517,1
16149578.1,10,,96,64,0,50.0,1.0,78.0435,0,0.0,28.3934,1
16151578.1,10,,96,64,0,50.0,1.0,77.9435,0,0.0,28.3351,1
16153578.1,10,,96,64,0,50.0,1.0,77.8435,0,0.0,28.2767,1
16155578.1,10,,96,64,0,50.0,1.0,77.7435,0,0.0,28.2184,1
16157578.1,10,,96,64,0,50.0,1.0,77.6435,0,0.0,28.1601,1
16159578.1,10,,96,64,0,50.0,1.0,77.5435,0,0.0,28.1017,1
16161578.1,10,,96,64,0,50.0,1.0,77.4435,0,0.0,28.0434,1
16163578.1,10,,96,64,0,50.0,1.0,77.3435,0,0.0,27.9851,1
16165578.1,10,,96,64,0,50.0,1.0,77.2435,0,0.0,27.9267,1
16167578.1,10,,96,64,0,50.0,1.0,77.1435,0,0.0,27.8684,1
16169578.1,10,,96,64,0,50.0,1.0,77.0435,0,0.0,27.8101,1
16171578.1,10,,96,64,0,50.0,1.0,76.9435,0,0.0,27.7517,1
16173578.1,10,,96,64,0,50.0,1.0,76.8435,0,0.0,27.6934,1
16175578.1,10,,96,64,0,50.0,1.0,76.7435,0,0.0,27.6351,1
16177578.1,10,,96,64,0,50.0,1.0,76.6435,0,0.0,27.5767,1
16179578.1,10,,96,64,0,50.0,1.0,76.5435,0,0.0,27.5184,1
16181578.1,10,,96,64,0,50.0,1.0,76.4435,0,0.0,27.4601,1
16183578.1,10,,96,64,0,50.0,1.0,76.3435,0,0.0,27.4017,1
16185578.1,10,,96,64,0,50.0,1.0,76.2435,0,0.0,27.3434,1
16187578.1,10,,96,64,0,50.0,1.0,76.1435,0,0.0,27.2851,1
16189578.1,10,,96,64,0,50.0,1.0,76.0435,0,0.0,27.2267,1
16191578.1,10,,96,64,0,50.0,1.0,75.9435,0,0.0,27.1684,1
16193578.1,10,,96,64,0,50.0,1.0,75.8435,0,0.0,27.1101,1
16195578.1,10,,96,64,0,50.0,1.0,75.7435,0,0.0,27.0517,1
16197578.1,10,,96,64,0,50.0,1.0,75.6435,0,0.0,26.9934,1
16199578.1,10,,96,64,0,50.0,1.0,75.5435,0,0.0,26.9351,1
16201578.1,10,,96,64,0,50.0,1.0,75.4435,0,0.0,26.8767,1
16203578.1,10,,96,64,0,50.0,1.0,75.3435,0,0.0,26.8184,1
16205578.1,10,,96,64,0,50.0,1.0,75.2435,0,0.0,26.7601,1
16207578.1,10,,96,64,0,50.0,1.0,75.1435,0,0.0,26.7017,1
16209578.1,10,,96,64,0,50.0,1.0,75.0435,0,0.0,26.6434,1
16211578.1,10,,96,64,0,50.0,1.0,74.9435,0,0.0,26.5851,1
16213578.1,10,,96,64,0,50.0,1.0,74.8435,0,0.0,26.5267,1
16215578.1,10,,96,64,0,50.0,1.0,74.7435,0,0.0,26.4684,1
16217578.1,10,,96,64,0,50.0,1.0,74.6435,0,0.0,26.4101,1
16219578.1,10,,96,64,0,50.0,1.0,74.5435,0,0.0,26.3517,1
16221578.1,10,,96,64,0,50.0,1.0,74.4435,0,0.0,26.2934,1
16223578.1,10,,96,64,0,50.0,1.0,74.3435,0,0.0,26.2351,1
16225578.1,10,,96,64,0,50.0,1.0,74.2435,0,0.0,26.1767,1
16227578.1,10,,96,64,0,50.0,1.0,74.1435,0,0.0,26.1184,1
16229578.1,10,,96,64,0,50.0,1.0,74.0435,0,0.0,26.0601,1
16231578.1,10,,96,64,0,50.0,1.0,73.9435,0,0.0,26.0017,1
16233578.1,10,,96,64,0,50.0,1.0,73.8435,0,0.0,25.9434,1
16235578.1,10,,96,64,0,50.0,1.0,73.7435,0,0.0,25.8851,1
16237578.1,10,,96,64,0,50.0,1.0,73.6435,0,0.0,25.8267,1
16239578.1,10,,96,64,0,50.0,1.0,73.5435,0,0.0,25.7684,1
16241578.1,10,,96,64,0,50.0,1.0,73.4435,0,0.0,25.7101,1
16243578.1,10,,96,64,0,50.0,1.0,73.3435,0,0.0,25.6517,1
16245578.1,10,,96,64,0,50.0,1.0,73.2435,0,0.0,25.5934,1
16247578.1,10,,96,64,0,50.0,1.0,73.1435,0,0.0,25.5351,1
16249578.1,10,,96,64,0,50.0,1.0,73.0435,0,0.0,25.4767,1
16251578.1,10,,96,64,0,50.0,1.0,72.9435,0,0.0,25.4184,1
16253578.1,10,,96,64,0,50.0,1.0,72.8435,0,0.0,25.3601,1
16255578.1,10,,96,64,0,50.0,1.0,72.7435,0,0.0,25.3017,1
16257578.1,10,,96,64,0,50.0,1.0,72.6435,0,0.0,25.2434,1
16259578.1,10,,96,64,0,50.0,1.0,72.5435,0,0.0,25.1851,1
16261578.1,10,,96,64,0,50.0,1.0,72.4435,0,0.0,25.1267,1
16263578.1,10,,96,64,0,50.0,1.0,72.3435,0,0.0,25.0684,1
16265578.1,10,,96,64,0,50.0,1.0,72.2435,0,0.0,25.0101,1
16267578.1,10,,96,64,0,50.0,1.0,72.1435,0,0.0,24.9517,1
16269578.1,10,,96,64,0,50.0,1.0,72.0435,0,0.0,24.8934,1
16271578.1,10,,96,64,0,50.0,1.0,71.9435,0,0.0,24.8351,1
16273578.1,10,,96,64,0,50.0,1.0,71.8435,0,0.0,24.7767,1
16275578.1,10,,96,64,0,50.0,1.0,71.7435,0,0.0,24.7184,1
16277578.1,10,,96,64,0,50.0,1.0,71.6435,0,0.0,24.6601,1
16279578.1,10,,96,64,0,50.0,1.0,71.5435,0,0.0,24.6017,1
16281578.1,10,,96,64,0,50.0,1.0,71.4435,0,0.0,24.5434,1
16283578.1,10,,96,64,0,50.0,1.0,71.3435,0,0.0,24.4851,1
16285578.1,10,,96,64,0,50.0,1.0,71.2435,0,0.0,24.4267,1
16287578.1,10,,96,64,0,50.0,1.0,71.1435,0,0.0,24.3684,1
16289578.1,10,,96,64,0,50.0,1.0,71.0435,0,0.0,24.3101,1
16291578.1,10,,96,64,0,50.0,1.0,70.9435,0,0.0,24.2517,1
16293578.1,10,,96,64,0,50.0,1.0,70.8435,0,0.0,24.1934,1
16295578.1,10,,96,64,0,50.0,1.0,70.7435,0,0.0,24.1351,1
16297578.1,10,,96,64,0,50.0,1.0,70.6435,0,0.0,24.0767,1
16299578.1,10,,96,64,0,50.0,1.0,70.5435,0,0.0,24.0184,1
16301578.1,10,,96,64,0,50.0,1.0,70.4435,0,0.0,23.9601,1
16303578.1,10,,96,64,0,50.0,1.0,70.3435,0,0.0,23.9017,1
16305578.1,10,,96,64,0,50.0,1.0,70.2435,0,0.0,23.8434,1
16307578.1,10,,96,64,0,50.0,1.0,70.1435,0,0.0,23.7851,1
16309578.1,10,,96,64,0,50.0,1.0,70.0435,0,0.0,23.7267,1
16311578.1,10,,96,64,0,50.0,1.0,69.9435,0,0.0,23.6684,1
16313578.1,10,,96,64,0,50.0,1.0,69.8435,0,0.0,23.6101,1
16315578.1,10,,96,64,0,50.0,1.0,69.7435,0,0.0,23.5517,1
16317578.1,10,,96,64,0,50.0,1.0,69.6435,0,0.0,23.4934,1
16319578.1,10,,96,64,0,50.0,1.0,69.5435,0,0.0,23.4351,1
16321578.1,10,,96,64,0,50.0,1.0,69.4435,0,0.0,23.3767,1
16323197.2,10,,96,64,0,50.0,1.0,69.3626,0,0.0,23.3295,1
16323578.1,10,,95,64,0,50.0,1.0,69.3435,0,0.0,23.3184,1
16325578.1,10,,95,64,0,50.0,1.0,69.2435,0,0.0,23.2604,1
16327578.1,10,,95,64,0,50.0,1.0,69.1435,0,0.0,23.2023,1
16329578.1,10,,95,64,0,50.0,1.0,69.0435,0,0.0,23.1442,1
16331578.1,10,,95,64,0,50.0,1.0,68.9435,0,0.0,23.0862,1
16333578.1,10,,95,64,0,50.0,1.0,68.8435,0,0.0,23.0281,1
16335578.1,10,,95,64,0,50.0,1.0,68.7435,0,0.0,22.9701,1
16337578.1,10,,95,64,0,50.0,1.0,68.6435,0,0.0,22.912,1
16339578.1,10,,95,64,0,50.0,1.0,68.5435,0,0.0,22.8539,1
16341578.1,10,,95,64,0,50.0,1.0,68.4435,0,0.0,22.7959,1
16343578.1,10,,95,64,0,50.0,1.0,68.3435,0,0.0,22.7378,1
16345578.1,10,,95,64,0,50.0,1.0,68.2435,0,0.0,22.6797,1
16347578.1,10,,95,64,0,50.0,1.0,68.1435,0,0.0,22.6217,1
16349539.0,10,,95,64,0,50.0,1.0,68.0455,0,0.0,22.5647,1
16349578.1,10,,94,64,0,50.0,1.0,68.0435,0,0.0,22.5636,1
16351578.1,10,,94,64,0,50.0,1.0,67.9435,0,0.0,22.5058,1
16353578.1,10,,94,64,0,50.0,1.0,67.8435,0,0.0,22.448,1
16355578.1,10,,94,64,0,50.0,1.0,67.7435,0,0.0,22.3919,1
16357578.1,10,,94,64,0,50.0,1.0,67.6435,0,0.0,22.336,1
16359578.1,10,,94,64,0,50.0,1.0,67.5435,0,0.0,22.28,1
16361578.1,10,,94,64,0,50.0,1.0,67.4435,0,0.0,22.224,1
16361817.9,10,,94,64,0,50.0,1.0,67.4315,0,0.0,22.2173,1
16363578.1,10,,93,64,0,50.0,1.0,67.3435,0,0.0,22.1683,1
16365578.1,10,,93,64,0,50.0,1.0,67.2435,0,0.0,22.1126,1
16367578.1,10,,93,64,0,50.0,1.0,67.1435,0,0.0,22.0569,1
16369578.1,10,,93,64,0,50.0,1.0,67.0435,0,0.0,22.0012,1
16371578.1,10,,93,64,0,50.0,1.0,66.9435,0,0.0,21.9455,1
16373578.1,10,,93,64,0,50.0,1.0,66.8435,0,0.0,21.8898,1
16375578.1,10,,93,64,0,50.0,1.0,66.7435,0,0.0,21.8341,1
16377578.1,10,,93,64,0,50.0,1.0,66.6435,0,0.0,21.7784,1
16379578.1,10,,93,64,0,50.0,1.0,66.5435,0,0.0,21.7227,1
16381578.1,10,,93,64,0,50.0,1.0,66.4435,0,0.0,21.667,1
16383578.1,10,,93,64,0,50.0,1.0,66.3435,0,0.0,21.6113,1
16383918.1,10,,93,64,0,50.0,1.0,66.3265,0,0.0,21.6018,1
16385578.1,10,,92,64,0,50.0,1.0,66.2435,0,0.0,21.5558,1
16387578.1,10,,92,64,0,50.0,1.0,66.1435,0,0.0,21.5004,1
16389578.1,10,,92,64,0,50.0,1.0,66.0435,0,0.0,21.445,1
16391578.1,10,,92,64,0,50.0,1.0,65.9435,0,0.0,21.3895,1
16393578.1,10,,92,64,0,50.0,1.0,65.8435,0,0.0,21.3341,1
16395578.1,10,,92,64,0,50.0,1.0,65.7435,0,0.0,21.2787,1
16397578.1,10,,92,64,0,50.0,1.0,65.6435,0,0.0,21.2232,1
16399578.1,10,,92,64,0,50.0,1.0,65.5435,0,0.0,21.1678,1
16401578.1,10,,92,64,0,50.0,1.0,65.4435,0,0.0,21.1124,1
16403578.1,10,,92,64,0,50.0,1.0,65.3435,0,0.0,21.0569,1
16405578.1,10,,92,64,0,50.0,1.0,65.2435,0,0.0,21.0015,1
16407578.1,10,,92,64,0,50.0,1.0,65.1435,0,0.0,20.9461,1
16409578.1,10,,92,64,0,50.0,1.0,65.0435,0,0.0,20.8906,1
16411578.1,10,,92,64,0,50.0,1.0,64.9435,0,0.0,20.8352,1
16413578.1,10,,92,64,0,50.0,1.0,64.8435,0,0.0,20.7797,1
16415578.1,10,,92,64,0,50.0,1.0,64.7435,0,0.0,20.7243,1
16417578.1,10,,92,64,0,50.0,1.0,64.6435,0,0.0,20.6689,1
16419578.1,10,,92,64,0,50.0,1.0,64.5435,0,0.0,20.6134,1
16421578.1,10,,92,64,0,50.0,1.0,64.4435,0,0.0,20.558,1
16423578.1,10,,92,64,0,50.0,1.0,64.3435,0,0.0,20.5026,1
16425578.1,10,,92,64,0,50.0,1.0,64.2435,0,0.0,20.4471,1
16427578.1,10,,92,64,0,50.0,1.0,64.1435,0,0.0,20.3917,1
16429578.1,10,,92,64,0,50.0,1.0,64.0435,0,0.0,20.3363,1
16431578.1,10,,92,64,0,50.0,1.0,63.9435,0,0.0,20.2808,1
16433578.1,10,,92,64,0,50.0,1.0,63.8435,0,0.0,20.2254,1
16435578.1,10,,92,64,0,50.0,1.0,63.7435,0,0.0,20.17,1
16437578.1,10,,92,64,0,50.0,1.0,63.6435,0,0.0,20.1145,1
16439578.1,10,,92,64,0,50.0,1.0,63.5435,0,0.0,20.0591,1
16441578.1,10,,92,64,0,50.0,1.0,63.4435,0,0.0,20.0037,1
16443578.1,10,,92,64,0,50.0,1.0,63.3435,0,0.0,19.9482,1
16445578.1,10,,92,64,0,50.0,1.0,63.2435,0,0.0,19.8928,1
16447578.1,10,,92,64,0,50.0,1.0,63.1435,0,0.0,19.8374,1
16449578.1,10,,92,64,0,50.0,1.0,63.0435,0,0.0,19.7819,1
16451578.1,10,,92,64,0,50.0,1.0,62.9435,0,0.0,19.7265,1
16453578.1,10,,92,64,0,50.0,1.0,62.8435,0,0.0,19.6711,1
16455578.1,10,,92,64,0,50.0,1.0,62.7435,0,0.0,19.6156,1
16457578.1,10,,92,64,0,50.0,1.0,62.6435,0,0.0,19.5602,1
16459578.1,10,,92,64,0,50.0,1.0,62.5435,0,0.0,19.5047,1
16460740.8,10,,92,64,0,50.0,1.0,62.4854,0,0.0,19.4725,1
16461578.1,10,,91,64,0,50.0,1.0,62.4435,0,0.0,19.4503,1
16463578.1,10,,91,64,0,50.0,1.0,62.3435,0,0.0,19.3972,1
16465578.1,10,,91,64,0,50.0,1.0,62.2435,0,0.0,19.3441,1
16467578.1,10,,91,64,0,50.0,1.0,62.1435,0,0.0,19.2909,1
16469578.1,10,,91,64,0,50.0,1.0,62.0435,0,0.0,19.2378,1
16471578.1,10,,91,64,0,50.0,1.0,61.9435,0,0.0,19.1847,1
16473578.1,10,,91,64,0,50.0,1.0,61.8435,0,0.0,19.1316,1
16474867.5,10,,91,64,0,50.0,1.0,61.7791,0,0.0,19.0973,1
16475578.1,10,,90,64,0,50.0,1.0,61.7435,0,0.0,19.0786,1
16477578.1,10,,90,64,0,50.0,1.0,61.6435,0,0.0,19.0257,1
16479578.1,10,,90,64,0,50.0,1.0,61.5435,0,0.0,18.9729,1
16481578.1,10,,90,64,0,50.0,1.0,61.4435,0,0.0,18.9201,1
16482367.7,10,,90,64,0,50.0,1.0,61.404,0,0.0,18.8992,1
16483578.1,10,,89,64,0,50.0,1.0,61.3435,0,0.0,18.8688,1
16485578.1,10,,89,64,0,50.0,1.0,61.2435,0,0.0,18.8186,1
16487578.1,10,,89,64,0,50.0,1.0,61.1435,0,0.0,18.7683,1
16489578.1,10,,89,64,0,50.0,1.0,61.0435,0,0.0,18.718,1
16491578.1,10,,89,64,0,50.0,1.0,60.9435,0,0.0,18.6678,1
16493578.1,10,,89,64,0,50.0,1.0,60.8435,0,0.0,18.6175,1
16495578.1,10,,89,64,0,50.0,1.0,60.7435,0,0.0,18.5673,1
16497578.1,10,,89,64,0,50.0,1.0,60.6435,0,0.0,18.517,1
16498296.6,10,,89,64,0,50.0,1.0,60.6076,0,0.0,18.4989,1
16498851.8,10,,88,64,0,50.0,1.0,60.5798,0,0.0,18.4851,1
16499578.1,10,,87,64,0,50.0,1.0,60.5435,0,0.0,18.467,1
16501578.1,10,,87,64,0,50.0,1.0,60.4435,0,0.0,18.4174,1
16503578.1,10,,87,64,0,50.0,1.0,60.3435,0,0.0,18.3677,1
16505578.1,10,,87,64,0,50.0,1.0,60.2435,0,0.0,18.318,1
16507578.1,10,,87,64,0,50.0,1.0,60.1435,0,0.0,18.2684,1
16509578.1,10,,87,64,0,50.0,1.0,60.0435,0,0.0,18.2187,1
16511467.5,10,,87,64,0,50.0,1.0,59.9491,0,0.0,18.1718,1
16511576.7,10,,86,64,0,50.0,1.0,59.9436,0,0.0,18.1691,1
16511578.1,10,,85,64,0,50.0,1.0,59.9435,0,0.0,18.1691,1
16513578.1,10,,85,64,0,50.0,1.0,59.8435,0,0.0,18.12,1
16513779.5,10,,85,64,0,50.0,1.0,59.8335,0,0.0,18.115,1
16515578.1,10,,84,64,0,50.0,1.0,59.7435,0,0.0,18.0712,1
16517578.1,10,,84,64,0,50.0,1.0,59.6435,0,0.0,18.0224,1
16519578.1,10,,84,64,0,50.0,1.0,59.5435,0,0.0,17.9736,1
16521578.1,10,,84,64,0,50.0,1.0,59.4435,0,0.0,17.9248,1
16523578.1,10,,84,64,0,50.0,1.0,59.3435,0,0.0,17.876,1
16524192.4,10,,84,64,0,50.0,1.0,59.3128,0,0.0,17.861,1
16525578.1,10,,83,64,0,50.0,1.0,59.2435,0,0.0,17.8274,1
16527578.1,10,,83,64,0,50.0,1.0,59.1435,0,0.0,17.7789,1
16529578.1,10,,83,64,0,50.0,1.0,59.0435,0,0.0,17.7304,1
16531578.1,10,,83,64,0,50.0,1.0,58.9435,0,0.0,17.6819,1
16533578.1,10,,83,64,0,50.0,1.0,58.8435,0,0.0,17.6334,1
16535578.1,10,,83,64,0,50.0,1.0,58.7435,0,0.0,17.5849,1
16537578.1,10,,83,64,0,50.0,1.0,58.6435,0,0.0,17.5364,1
16539578.1,10,,83,64,0,50.0,1.0,58.5435,0,0.0,17.4879,1
16541578.1,10,,83,64,0,50.0,1.0,58.4435,0,0.0,17.4394,1
16543578.1,10,,83,64,0,50.0,1.0,58.3435,0,0.0,17.3909,1
16545578.1,10,,83,64,0,50.0,1.0,58.2435,0,0.0,17.3424,1
16547578.1,10,,83,64,0,50.0,1.0,58.1435,0,0.0,17.2939,1
16548276.9,10,,83,64,0,50.0,1.0,58.1086,0,0.0,17.277,1
16549314.6,10,,82,64,0,50.0,1.0,58.0567,0,0.0,17.252,1
16549578.1,10,,81,64,0,50.0,1.0,58.0435,0,0.0,17.2457,1
16551578.1,10,,81,64,0,50.0,1.0,57.9435,0,0.0,17.1978,1
16553578.1,10,,81,64,0,50.0,1.0,57.8435,0,0.0,17.1499,1
16555578.1,10,,81,64,0,50.0,1.0,57.7435,0,0.0,17.1019,1
16557578.1,10,,81,64,0,50.0,1.0,57.6435,0,0.0,17.054,1
16559578.1,10,,81,64,0,50.0,1.0,57.5435,0,0.0,17.0061,1
16561578.1,10,,81,64,0,50.0,1.0,57.4435,0,0.0,16.9582,1
16563578.1,10,,81,64,0,50.0,1.0,57.3435,0,0.0,16.9103,1
16565578.1,10,,81,64,0,50.0,1.0,57.2435,0,0.0,16.8624,1
16567578.1,10,,81,64,0,50.0,1.0,57.1435,0,0.0,16.8145,1
16569578.1,10,,81,64,0,50.0,1.0,57.0435,0,0.0,16.7666,1
16571214.5,10,,81,64,0,50.0,1.0,56.9617,0,0.0,16.7274,1
16571578.1,10,,80,64,0,50.0,1.0,56.9435,0,0.0,16.7188,1
16573578.1,10,,80,64,0,50.0,1.0,56.8435,0,0.0,16.6712,1
16575578.1,10,,80,64,0,50.0,1.0,56.7435,0,0.0,16.6236,1
16577167.4,10,,80,64,0,50.0,1.0,56.6641,0,0.0,16.5858,1
16577578.1,10,,79,64,0,50.0,1.0,56.6435,0,0.0,16.5761,1
16579578.1,10,,79,64,0,50.0,1.0,56.5435,0,0.0,16.5288,1
16580426.0,10,,79,64,0,50.0,1.0,56.5011,0,0.0,16.5087,1
16581578.1,10,,78,64,0,50.0,1.0,56.4435,0,0.0,16.4832,1
16583578.1,10,,78,64,0,50.0,1.0,56.3435,0,0.0,16.4388,1
16585578.1,10,,78,64,0,50.0,1.0,56.2435,0,0.0,16.3945,1
16587578.1,10,,78,64,0,50.0,1.0,56.1435,0,0.0,16.3501,1
16589578.1,10,,78,64,0,50.0,1.0,56.0435,0,0.0,16.3057,1
16591578.1,10,,78,64,0,50.0,1.0,55.9435,0,0.0,16.2614,1
16593578.1,10,,78,64,0,50.0,1.0,55.8435,0,0.0,16.217,1
16595578.1,10,,78,64,0,50.0,1.0,55.7435,0,0.0,16.1727,1
16597578.1,10,,78,64,0,50.0,1.0,55.6435,0,0.0,16.1283,1
16599578.1,10,,78,64,0,50.0,1.0,55.5435,0,0.0,16.0839,1
16600086.8,10,,78,64,0,50.0,1.0,55.5181,0,0.0,16.0727,1
16601578.1,10,,77,64,0,50.0,1.0,55.4435,0,0.0,16.042,1
16602253.1,10,,77,64,0,50.0,1.0,55.4098,0,0.0,16.0281,1
16603578.1,10,,76,64,0,50.0,1.0,55.3435,0,0.0,16.0011,1
16605578.1,10,,76,64,0,50.0,1.0,55.2435,0,0.0,15.9603,1
16607578.1,10,,76,64,0,50.0,1.0,55.1435,0,0.0,15.9195,1
16609578.1,10,,76,64,0,50.0,1.0,55.0435,0,0.0,15.8787,1
16611578.1,10,,76,64,0,50.0,1.0,54.9435,0,0.0,15.838,1
16613578.1,10,,76,64,0,50.0,1.0,54.8435,0,0.0,15.7972,1
16615578.1,10,,76,64,0,50.0,1.0,54.7435,0,0.0,15.7564,1
16617578.1,10,,76,64,0,50.0,1.0,54.6435,0,0.0,15.7156,1
16619578.1,10,,76,64,0,50.0,1.0,54.5435,0,0.0,15.6748,1
16621578.1,10,,76,64,0,50.0,1.0,54.4435,0,0.0,15.634,1
16623578.1,10,,76,64,0,50.0,1.0,54.3435,0,0.0,15.5932,1
16625578.1,10,,76,64,0,50.0,1.0,54.2435,0,0.0,15.5524,1
16627578.1,10,,76,64,0,50.0,1.0,54.1435,0,0.0,15.5116,1
16629578.1,10,,76,64,0,50.0,1.0,54.0435,0,0.0,15.4709,1
16631578.1,10,,76,64,0,50.0,1.0,53.9435,0,0.0,15.4301,1
16633578.1,10,,76,64,0,50.0,1.0,53.8435,0,0.0,15.3893,1
16635578.1,10,,76,64,0,50.0,1.0,53.7435,0,0.0,15.3485,1
16637578.1,10,,76,64,0,50.0,1.0,53.6435,0,0.0,15.3077,1
16639578.1,10,,76,64,0,50.0,1.0,53.5435,0,0.0,15.2669,1
16641578.1,10,,76,64,0,50.0,1.0,53.4435,0,0.0,15.2261,1
16643578.1,10,,76,64,0,50.0,1.0,53.3435,0,0.0,15.1853,1
16645578.1,10,,76,64,0,50.0,1.0,53.2435,0,0.0,15.1445,1
16647578.1,10,,76,64,0,50.0,1.0,53.1435,0,0.0,15.1037,1
16649578.1,10,,76,64,0,50.0,1.0,53.0435,0,0.0,15.063,1
16651578.1,10,,76,64,0,50.0,1.0,52.9435,0,0.0,15.0222,1
16653578.1,10,,76,64,0,50.0,1.0,52.8435,0,0.0,14.9814,1
16655578.1,10,,76,64,0,50.0,1.0,52.7435,0,0.0,14.9406,1
16657578.1,10,,76,64,0,50.0,1.0,52.6435,0,0.0,14.8998,1
16659578.1,10,,76,64,0,50.0,1.0,52.5435,0,0.0,14.859,1
16661578.1,10,,76,64,0,50.0,1.0,52.4435,0,0.0,14.8182,1
16663578.1,10,,76,64,0,50.0,1.0,52.3435,0,0.0,14.7774,1
16665578.1,10,,76,64,0,50.0,1.0,52.2435,0,0.0,14.7366,1
16667578.1,10,,76,64,0,50.0,1.0,52.1435,0,0.0,14.6959,1
16669578.1,10,,76,64,0,50.0,1.0,52.0435,0,0.0,14.6551,1
16671578.1,10,,76,64,0,50.0,1.0,51.9435,0,0.0,14.6143,1
16673578.1,10,,76,64,0,50.0,1.0,51.8435,0,0.0,14.5735,1
16675578.1,10,,76,64,0,50.0,1.0,51.7435,0,0.0,14.5327,1
16677578.1,10,,76,64,0,50.0,1.0,51.6435,0,0.0,14.4919,1
16679578.1,10,,76,64,0,50.0,1.0,51.5435,0,0.0,14.4511,1
16681578.1,10,,76,64,0,50.0,1.0,51.4435,0,0.0,14.4103,1
16683578.1,10,,76,64,0,50.0,1.0,51.3435,0,0.0,14.3695,1
16685578.1,10,,76,64,0,50.0,1.0,51.2435,0,0.0,14.3287,1
16687578.1,10,,76,64,0,50.0,1.0,51.1435,0,0.0,14.288,1
16689578.1,10,,76,64,0,50.0,1.0,51.0435,0,0.0,14.2472,1
16691578.1,10,,76,64,0,50.0,1.0,50.9435,0,0.0,14.2064,1
16693578.1,10,,76,64,0,50.0,1.0,50.8435,0,0.0,14.1656,1
16695578.1,10,,76,64,0,50.0,1.0,50.7435,0,0.0,14.1248,1
16697578.1,10,,76,64,0,50.0,1.0,50.6435,0,0.0,14.084,1
16699578.1,10,,76,64,0,50.0,1.0,50.5435,0,0.0,14.0432,1
16701578.1,10,,76,64,0,50.0,1.0,50.4435,0,0.0,14.0024,1
16703578.1,10,,76,64,0,50.0,1.0,50.3435,0,0.0,13.9616,1
16705578.1,10,,76,64,0,50.0,1.0,50.2435,0,0.0,13.9209,1
16707578.1,10,,76,64,0,50.0,1.0,50.1435,0,0.0,13.8801,1
16709578.1,10,,76,64,0,50.0,1.0,50.0435,0,0.0,13.8393,1
16711578.1,10,,76,64,0,50.0,1.0,49.9435,0,0.0,13.7985,1
16713578.1,10,,76,64,0,50.0,1.0,49.8435,0,0.0,13.7577,1
16715578.1,10,,76,64,0,50.0,1.0,49.7435,0,0.0,13.7169,1
16717578.1,10,,76,64,0,50.0,1.0,49.6435,0,0.0,13.6761,1
16719578.1,10,,76,64,0,50.0,1.0,49.5435,0,0.0,13.6353,1
16721578.1,10,,76,64,0,50.0,1.0,49.4435,0,0.0,13.5945,1
16723578.1,10,,76,64,0,50.0,1.0,49.3435,0,0.0,13.5537,1
16725578.1,10,,76,64,0,50.0,1.0,49.2435,0,0.0,13.513,1
16727578.1,10,,76,64,0,50.0,1.0,49.1435,0,0.0,13.4722,1
16729578.1,10,,76,64,0,50.0,1.0,49.0435,0,0.0,13.4314,1
16731578.1,10,,76,64,0,50.0,1.0,48.9435,0,0.0,13.3906,1
16733578.1,10,,76,64,0,50.0,1.0,48.8435,0,0.0,13.3498,1
16735578.1,10,,76,64,0,50.0,1.0,48.7435,0,0.0,13.309,1
16737578.1,10,,76,64,0,50.0,1.0,48.6435,0,0.0,13.2682,1
16739578.1,10,,76,64,0,50.0,1.0,48.5435,0,0.0,13.2274,1
16741578.1,10,,76,64,0,50.0,1.0,48.4435,0,0.0,13.1866,1
16743578.1,10,,76,64,0,50.0,1.0,48.3435,0,0.0,13.1459,1
16745578.1,10,,76,64,0,50.0,1.0,48.2435,0,0.0,13.1051,1
16747578.1,10,,76,64,0,50.0,1.0,48.1435,0,0.0,13.0643,1
16749578.1,10,,76,64,0,50.0,1.0,48.0435,0,0.0,13.0235,1
16751578.1,10,,76,64,0,50.0,1.0,47.9435,0,0.0,12.9827,1
16753578.1,10,,76,64,0,50.0,1.0,47.8435,0,0.0,12.9419,1
16755578.1,10,,76,64,0,50.0,1.0,47.7435,0,0.0,12.9011,1
16757578.1,10,,76,64,0,50.0,1.0,47.6435,0,0.0,12.8603,1
16759457.6,10,,76,64,0,50.0,1.0,47.5496,0,0.0,12.822,1
16759578.1,10,,75,64,0,50.0,1.0,47.5435,0,0.0,12.8196,1
16761578.1,10,,75,64,0,50.0,1.0,47.4435,0,0.0,12.7791,1
16763578.1,10,,75,64,0,50.0,1.0,47.3435,0,0.0,12.7387,1
16765578.1,10,,75,64,0,50.0,1.0,47.2435,0,0.0,12.6982,1
16767578.1,10,,75,64,0,50.0,1.0,47.1435,0,0.0,12.6578,1
16769578.1,10,,75,64,0,50.0,1.0,47.0435,0,0.0,12.6173,1
16771578.1,10,,75,64,0,50.0,1.0,46.9435,0,0.0,12.5769,1
16773578.1,10,,75,64,0,50.0,1.0,46.8435,0,0.0,12.5364,1
16775578.1,10,,75,64,0,50.0,1.0,46.7435,0,0.0,12.496,1
16777578.1,10,,75,64,0,50.0,1.0,46.6435,0,0.0,12.4555,1
16778626.8,10,,75,64,0,50.0,1.0,46.5911,0,0.0,12.4343,1
16779578.1,10,,74,64,0,50.0,1.0,46.5435,0,0.0,12.4153,1
16781578.1,10,,74,64,0,50.0,1.0,46.4435,0,0.0,12.3752,1
16783578.1,10,,74,64,0,50.0,1.0,46.3435,0,0.0,12.3351,1
16785578.1,10,,74,64,0,50.0,1.0,46.2435,0,0.0,12.295,1
16787578.1,10,,74,64,0,50.0,1.0,46.1435,0,0.0,12.255,1
16789578.1,10,,74,64,0,50.0,1.0,46.0435,0,0.0,12.2149,1
16789768.0,10,,74,64,0,50.0,1.0,46.034,0,0.0,12.2111,1
16791578.1,10,,73,64,0,50.0,1.0,45.9435,0,0.0,12.1752,1
16793518.1,10,,73,64,0,50.0,1.0,45.8465,0,0.0,12.1367,1
16793578.1,10,,72,64,0,50.0,1.0,45.8435,0,0.0,12.1355,1
16795578.1,10,,72,64,0,50.0,1.0,45.7435,0,0.0,12.0962,1
16796904.1,10,,72,64,0,50.0,1.0,45.6772,0,0.0,12.0701,1
16797578.1,10,,71,64,0,50.0,1.0,45.6435,0,0.0,12.0569,1
16799578.1,10,,71,64,0,50.0,1.0,45.5435,0,0.0,12.0179,1
16801578.1,10,,71,64,0,50.0,1.0,45.4435,0,0.0,11.9788,1
16803578.1,10,,71,64,0,50.0,1.0,45.3435,0,0.0,11.9397,1
16805578.1,10,,71,64,0,50.0,1.0,45.2435,0,0.0,11.9007,1
16807578.1,10,,71,64,0,50.0,1.0,45.1435,0,0.0,11.8616,1
16809578.1,10,,71,64,0,50.0,1.0,45.0435,0,0.0,11.8239,1
16811578.1,10,,71,64,0,50.0,1.0,44.9435,0,0.0,11.7882,1
16813578.1,10,,71,64,0,50.0,1.0,44.8435,0,0.0,11.7526,1
16815578.1,10,,71,64,0,50.0,1.0,44.7435,0,0.0,11.7169,1
16816073.4,10,,71,64,0,50.0,1.0,44.7188,0,0.0,11.7081,1
16817578.1,10,,70,64,0,50.0,1.0,44.6435,0,0.0,11.6815,1
16817994.0,10,,70,64,0,50.0,1.0,44.6227,0,0.0,11.6741,1
16819578.1,10,,69,64,0,50.0,1.0,44.5435,0,0.0,11.6464,1
16821578.1,10,,69,64,0,50.0,1.0,44.4435,0,0.0,11.6114,1
16823578.1,10,,69,64,0,50.0,1.0,44.3435,0,0.0,11.5764,1
16823892.2,10,,69,64,0,50.0,1.0,44.3278,0,0.0,11.5709,1
16825578.1,10,,68,64,0,50.0,1.0,44.2435,0,0.0,11.5416,1
16827578.1,10,,68,64,0,50.0,1.0,44.1435,0,0.0,11.507,1
16829578.1,10,,68,64,0,50.0,1.0,44.0435,0,0.0,11.4723,1
16830855.4,10,,68,64,0,50.0,1.0,43.9797,0,0.0,11.4501,1
16831578.1,10,,67,64,0,50.0,1.0,43.9435,0,0.0,11.4385,1
16833578.1,10,,67,64,0,50.0,1.0,43.8435,0,0.0,11.4124,1
16835578.1,10,,67,64,0,50.0,1.0,43.7435,0,0.0,11.3863,1
16837578.1,10,,67,64,0,50.0,1.0,43.6435,0,0.0,11.3602,1
16839578.1,10,,67,64,0,50.0,1.0,43.5435,0,0.0,11.3341,1
16841578.1,10,,67,64,0,50.0,1.0,43.4435,0,0.0,11.308,1
16843578.1,10,,67,64,0,50.0,1.0,43.3435,0,0.0,11.2819,1
16845127.7,10,,67,64,0,50.0,1.0,43.266,0,0.0,11.2616,1
16845578.1,10,,66,64,0,50.0,1.0,43.2435,0,0.0,11.2558,1
16847578.1,10,,66,64,0,50.0,1.0,43.1435,0,0.0,11.2301,1
16849578.1,10,,66,64,0,50.0,1.0,43.0435,0,0.0,11.2043,1
16851578.1,10,,66,64,0,50.0,1.0,42.9435,0,0.0,11.1786,1
16853578.1,10,,66,64,0,50.0,1.0,42.8435,0,0.0,11.1528,1
16855578.1,10,,66,64,0,50.0,1.0,42.7435,0,0.0,11.127,1
16857578.1,10,,66,64,0,50.0,1.0,42.6435,0,0.0,11.1013,1
16859245.2,10,,66,64,0,50.0,1.0,42.5602,0,0.0,11.0798,1
16859578.1,10,,65,64,0,50.0,1.0,42.5435,0,0.0,11.0756,1
16861578.1,10,,65,64,0,50.0,1.0,42.4435,0,0.0,11.0502,1
16863578.1,10,,65,64,0,50.0,1.0,42.3435,0,0.0,11.0248,1
16865578.1,10,,65,64,0,50.0,1.0,42.2435,0,0.0,10.9995,1
16866017.3,10,,65,64,0,50.0,1.0,42.2216,0,0.0,10.9939,1
16867578.1,10,,64,64,0,50.0,1.0,42.1435,0,0.0,10.9744,1
16869578.1,10,,64,64,0,50.0,1.0,42.0435,0,0.0,10.9494,1
16871578.1,10,,64,64,0,50.0,1.0,41.9435,0,0.0,10.9244,1
16873578.1,10,,64,64,0,50.0,1.0,41.8435,0,0.0,10.8994,1
16875578.1,10,,64,64,0,50.0,1.0,41.7435,0,0.0,10.8744,1
16877578.1,10,,64,64,0,50.0,1.0,41.6435,0,0.0,10.8494,1
16879578.1,10,,64,64,0,50.0,1.0,41.5435,0,0.0,10.8244,1
16881578.1,10,,64,64,0,50.0,1.0,41.4435,0,0.0,10.7994,1
16883578.1,10,,64,64,0,50.0,1.0,41.3435,0,0.0,10.7744,1
16885578.1,10,,64,64,0,50.0,1.0,41.2435,0,0.0,10.7494,1
16887578.1,10,,64,64,0,50.0,1.0,41.1435,0,0.0,10.7244,1
16889578.1,10,,64,64,0,50.0,1.0,41.0435,0,0.0,10.6994,1
16891578.1,10,,64,64,0,50.0,1.0,40.9435,0,0.0,10.6744,1
16893578.1,10,,64,64,0,50.0,1.0,40.8435,0,0.0,10.6494,1
16895578.1,10,,64,64,0,50.0,1.0,40.7435,0,0.0,10.6244,1
16897578.1,10,,64,64,0,50.0,1.0,40.6435,0,0.0,10.5994,1
16899578.1,10,,64,64,0,50.0,1.0,40.5435,0,0.0,10.5744,1
16901578.1,10,,64,64,0,50.0,1.0,40.4435,0,0.0,10.5494,1
16903578.1,10,,64,64,0,50.0,1.0,40.3435,0,0.0,10.5244,1
16905578.1,10,,64,64,0,50.0,1.0,40.2435,0,0.0,10.4994,1
16907578.1,10,,64,64,0,50.0,1.0,40.1435,0,0.0,10.4744,1
16909578.1,10,,64,64,0,50.0,1.0,40.0435,0,0.0,10.4494,1
16911578.1,10,,64,64,0,50.0,1.0,39.9435,0,0.0,10.4244,1
16913578.1,10,,64,64,0,50.0,1.0,39.8435,0,0.0,10.3994,1
16915578.1,10,,64,64,0,50.0,1.0,39.7435,0,0.0,10.3744,1
16917578.1,10,,64,64,0,50.0,1.0,39.6435,0,0.0,10.3494,1
16919578.1,10,,64,64,0,50.0,1.0,39.5435,0,0.0,10.3244,1
16921578.1,10,,64,64,0,50.0,1.0,39.4435,0,0.0,10.2994,1
16923578.1,10,,64,64,0,50.0,1.0,39.3435,0,0.0,10.2744,1
16925578.1,10,,64,64,0,50.0,1.0,39.2435,0,0.0,10.2494,1
16927578.1,10,,64,64,0,50.0,1.0,39.1435,0,0.0,10.2244,1
16929578.1,10,,64,64,0,50.0,1.0,39.0435,0,0.0,10.1994,1
16929818.4,10,,64,64,0,50.0,1.0,39.0315,0,0.0,10.1964,1
16931578.1,10,,63,63,0,50.0,1.0,38.9435,0,0.0,10.1744,1
16933578.1,10,,63,63,0,50.0,1.0,38.8435,0,0.0,10.1494,1
16935578.1,10,,63,63,0,50.0,1.0,38.7435,0,0.0,10.1244,1
16937578.1,10,,63,63,0,50.0,1.0,38.6435,0,0.0,10.0994,1
16939578.1,10,,63,63,0,50.0,1.0,38.5435,0,0.0,10.0744,1
16941578.1,10,,63,63,0,50.0,1.0,38.4435,0,0.0,10.0494,1
16943578.1,10,,63,63,0,50.0,1.0,38.3435,0,0.0,10.0244,1
16945578.1,10,,63,63,0,50.0,1.0,38.2435,0,0.0,9.9994,1
16947578.1,10,,63,63,0,50.0,1.0,38.1435,0,0.0,9.9744,1
16949578.1,10,,63,63,0,50.0,1.0,38.0435,0,0.0,9.9494,1
16950920.5,10,,63,63,0,50.0,1.0,37.9764,0,0.0,9.9326,1
16951578.1,10,,62,62,0,50.0,1.0,37.9435,0,0.0,9.9244,1
16952240.4,10,,62,62,0,50.0,1.0,37.9104,0,0.0,9.9161,1
16953578.1,10,,61,61,0,50.0,1.0,37.8435,0,0.0,9.8994,1
16955578.1,10,,61,61,0,50.0,1.0,37.7435,0,0.0,9.8744,1
16957578.1,10,,61,61,0,50.0,1.0,37.6435,0,0.0,9.8494,1
16959578.1,10,,61,61,0,50.0,1.0,37.5435,0,0.0,9.8244,1
16961578.1,10,,61,61,0,50.0,1.0,37.4435,0,0.0,9.7994,1
16963578.1,10,,61,61,0,50.0,1.0,37.3435,0,0.0,9.7744,1
16965578.1,10,,61,61,0,50.0,1.0,37.2435,0,0.0,9.7494,1
16967578.1,10,,61,61,0,50.0,1.0,37.1435,0,0.0,9.7244,1
16969578.1,10,,61,61,0,50.0,1.0,37.0435,0,0.0,9.6994,1
16971578.1,10,,61,61,0,50.0,1.0,36.9435,0,0.0,9.6744,1
16973578.1,10,,61,61,0,50.0,1.0,36.8435,0,0.0,9.6494,1
16975578.1,10,,61,61,0,50.0,1.0,36.7435,0,0.0,9.6244,1
16977578.1,10,,61,61,0,50.0,1.0,36.6435,0,0.0,9.5994,1
16979578.1,10,,61,61,0,50.0,1.0,36.5435,0,0.0,9.5744,1
16981578.1,10,,61,61,0,50.0,1.0,36.4435,0,0.0,9.5494,1
16983578.1,10,,61,61,0,50.0,1.0,36.3435,0,0.0,9.5244,1
16985578.1,10,,61,61,0,50.0,1.0,36.2435,0,0.0,9.4994,1
16987578.1,10,,61,61,0,50.0,1.0,36.1435,0,0.0,9.4744,1
16989578.1,10,,61,61,0,50.0,1.0,36.0435,0,0.0,9.4494,1
16991578.1,10,,61,61,0,50.0,1.0,35.9435,0,0.0,9.4244,1
16993578.1,10,,61,61,0,50.0,1.0,35.8435,0,0.0,9.3994,1
16995578.1,10,,61,61,0,50.0,1.0,35.7435,0,0.0,9.3744,1
16997578.1,10,,61,61,0,50.0,1.0,35.6435,0,0.0,9.3494,1
16999578.1,10,,61,61,0,50.0,1.0,35.5435,0,0.0,9.3244,1
17001578.1,10,,61,61,0,50.0,1.0,35.4435,0,0.0,9.2994,1
17003578.1,10,,61,61,0,50.0,1.0,35.3435,0,0.0,9.2744,1
17005578.1,10,,61,61,0,50.0,1.0,35.2435,0,0.0,9.2494,1
17007578.1,10,,61,61,0,50.0,1.0,35.1435,0,0.0,9.2244,1
17009578.1,10,,61,61,0,50.0,1.0,35.0435,0,0.0,9.1994,1
17011578.1,10,,61,61,0,50.0,1.0,34.9435,0,0.0,9.1744,1
17013578.1,10,,61,61,0,50.0,1.0,34.8435,0,0.0,9.1494,1
17015578.1,10,,61,61,0,50.0,1.0,34.7435,0,0.0,9.1244,1
17017578.1,10,,61,61,0,50.0,1.0,34.6435,0,0.0,9.0994,1
17017752.1,10,,61,61,0,50.0,1.0,34.6348,0,0.0,9.0972,1
17019578.1,10,,60,60,0,50.0,1.0,34.5435,0,0.0,9.0744,1
17021578.1,10,,60,60,0,50.0,1.0,34.4435,0,0.0,9.0494,1
17023578.1,10,,60,60,0,50.0,1.0,34.3435,0,0.0,9.0244,1
17024648.5,10,,60,60,0,50.0,1.0,34.29,0,0.0,9.011,1
17025578.1,10,,59,59,0,50.0,1.0,34.2435,0,0.0,8.9994,1
17027578.1,10,,59,59,0,50.0,1.0,34.1435,0,0.0,8.9744,1
17027582.5,10,,59,59,0,50.0,1.0,34.1433,0,0.0,8.9743,1
17029236.1,10,,58,58,0,50.0,1.0,34.0606,0,0.0,8.9537,1
17029578.1,10,,57,57,0,50.0,1.0,34.0435,0,0.0,8.9494,1
17031578.1,10,,57,57,0,50.0,1.0,33.9435,0,0.0,8.9244,1
17033578.1,10,,57,57,0,50.0,1.0,33.8435,0,0.0,8.8994,1
17035578.1,10,,57,57,0,50.0,1.0,33.7435,0,0.0,8.8744,1
17037578.1,10,,57,57,0,50.0,1.0,33.6435,0,0.0,8.8494,1
17037952.8,10,,57,57,0,50.0,1.0,33.6248,0,0.0,8.8447,1
17039578.1,10,,56,56,0,50.0,1.0,33.5435,0,0.0,8.8244,1
17041578.1,10,,56,56,0,50.0,1.0,33.4435,0,0.0,8.7994,1
17043578.1,10,,56,56,0,50.0,1.0,33.3435,0,0.0,8.7744,1
17045578.1,10,,56,56,0,50.0,1.0,33.2435,0,0.0,8.7494,1
17047578.1,10,,56,56,0,50.0,1.0,33.1435,0,0.0,8.7244,1
17049578.1,10,,56,56,0,50.0,1.0,33.0435,0,0.0,8.6994,1
17051578.1,10,,56,56,0,50.0,1.0,32.9435,0,0.0,8.6744,1
17053578.1,10,,56,56,0,50.0,1.0,32.8435,0,0.0,8.6494,1
17055459.6,10,,56,56,0,50.0,1.0,32.7495,0,0.0,8.6259,1
17055578.1,10,,55,55,0,50.0,1.0,32.7435,0,0.0,8.6244,1
17057578.1,10,,55,55,0,50.0,1.0,32.6435,0,0.0,8.5994,1
17059578.1,10,,55,55,0,50.0,1.0,32.5435,0,0.0,8.5744,1
17061578.1,10,,55,55,0,50.0,1.0,32.4435,0,0.0,8.5494,1
17063578.1,10,,55,55,0,50.0,1.0,32.3435,0,0.0,8.5244,1
17064282.7,10,,55,55,0,50.0,1.0,32.3083,0,0.0,8.5156,1
17065578.1,10,,53,53,0,50.0,1.0,32.2435,0,0.0,8.4994,1
17067578.1,10,,53,53,0,50.0,1.0,32.1435,0,0.0,8.4744,1
17069578.1,10,,53,53,0,50.0,1.0,32.0435,0,0.0,8.4494,1
17071578.1,10,,53,53,0,50.0,1.0,31.9435,0,0.0,8.4244,1
17073578.1,10,,53,53,0,50.0,1.0,31.8435,0,0.0,8.3994,1
17075578.1,10,,53,53,0,50.0,1.0,31.7435,0,0.0,8.3744,1
17077578.1,10,,53,53,0,50.0,1.0,31.6435,0,0.0,8.3494,1
17079578.1,10,,53,53,0,50.0,1.0,31.5435,0,0.0,8.3244,1
17081578.1,10,,53,53,0,50.0,1.0,31.4435,0,0.0,8.2994,1
17083578.1,10,,53,53,0,50.0,1.0,31.3435,0,0.0,8.2744,1
17085578.1,10,,53,53,0,50.0,1.0,31.2435,0,0.0,8.2494,1
17087578.1,10,,53,53,0,50.0,1.0,31.1435,0,0.0,8.2244,1
17089578.1,10,,53,53,0,50.0,1.0,31.0435,0,0.0,8.1994,1
17091578.1,10,,53,53,0,50.0,1.0,30.9435,0,0.0,8.1744,1
17093578.1,10,,53,53,0,50.0,1.0,30.8435,0,0.0,8.1494,1
17095578.1,10,,53,53,0,50.0,1.0,30.7435,0,0.0,8.1244,1
17096747.3,10,,53,53,0,50.0,1.0,30.6851,0,0.0,8.1098,1
17097578.1,10,,52,52,0,50.0,1.0,30.6435,0,0.0,8.0994,1
17099578.1,10,,52,52,0,50.0,1.0,30.5435,0,0.0,8.0744,1
17101007.1,10,,52,52,0,50.0,1.0,30.4721,0,0.0,8.0565,1
17101578.1,10,,51,51,0,50.0,1.0,30.4435,0,0.0,8.0494,1
17102178.1,10,,51,51,0,50.0,1.0,30.4135,0,0.0,8.0419,1
17103578.1,10,,50,50,0,50.0,1.0,30.3435,0,0.0,8.0244,1
17105578.1,10,,50,50,0,50.0,1.0,30.2435,0,0.0,7.9994,1
17107578.1,10,,50,50,0,50.0,1.0,30.1435,0,0.0,7.9744,1
17109578.1,10,,50,50,0,50.0,1.0,30.0435,0,0.0,7.9494,1
17111578.1,10,,50,50,0,50.0,1.0,29.9435,0,0.0,7.9244,1
17113578.1,10,,50,50,0,50.0,1.0,29.8435,0,0.0,7.8994,1
17115578.1,10,,50,50,0,50.0,1.0,29.7435,0,0.0,7.8744,1
17117578.1,10,,50,50,0,50.0,1.0,29.6435,0,0.0,7.8494,1
17119578.1,10,,50,50,0,50.0,1.0,29.5435,0,0.0,7.8244,1
17121578.1,10,,50,50,0,50.0,1.0,29.4435,0,0.0,7.7994,1
17123477.3,10,,50,50,0,50.0,1.0,29.3486,0,0.0,7.7757,1
17123578.1,10,,49,49,0,50.0,1.0,29.3435,0,0.0,7.7744,1
17125578.1,10,,49,49,0,50.0,1.0,29.2435,0,0.0,7.7494,1
17127578.1,10,,49,49,0,50.0,1.0,29.1435,0,0.0,7.7244,1
17129578.1,10,,49,49,0,50.0,1.0,29.0435,0,0.0,7.6994,1
17131578.1,10,,49,49,0,50.0,1.0,28.9435,0,0.0,7.6744,1
17133578.1,10,,49,49,0,50.0,1.0,28.8435,0,0.0,7.6494,1
17135578.1,10,,49,49,0,50.0,1.0,28.7435,0,0.0,7.6244,1
17135732.1,10,,49,49,0,50.0,1.0,28.7358,0,0.0,7.6225,1
17137578.1,10,,48,48,0,50.0,1.0,28.6435,0,0.0,7.5994,1
17139578.1,10,,48,48,0,50.0,1.0,28.5435,0,0.0,7.5744,1
17141578.1,10,,48,48,0,50.0,1.0,28.4435,0,0.0,7.5494,1
17143578.1,10,,48,48,0,50.0,1.0,28.3435,0,0.0,7.5244,1
17145578.1,10,,48,48,0,50.0,1.0,28.2435,0,0.0,7.4994,1
17147578.1,10,,48,48,0,50.0,1.0,28.1435,0,0.0,7.4744,1
17149578.1,10,,48,48,0,50.0,1.0,28.0435,0,0.0,7.4494,1
17151578.1,10,,48,48,0,50.0,1.0,27.9435,0,0.0,7.4244,1
17153578.1,10,,48,48,0,50.0,1.0,27.8435,0,0.0,7.3994,1
17155578.1,10,,48,48,0,50.0,1.0,27.7435,0,0.0,7.3744,1
17157578.1,10,,48,48,0,50.0,1.0,27.6435,0,0.0,7.3494,1
17159578.1,10,,48,48,0,50.0,1.0,27.5435,0,0.0,7.3244,1
17161578.1,10,,48,48,0,50.0,1.0,27.4435,0,0.0,7.2994,1
17163578.1,10,,48,48,0,50.0,1.0,27.3435,0,0.0,7.2744,1
17165578.1,10,,48,48,0,50.0,1.0,27.2435,0,0.0,7.2494,1
17167578.1,10,,48,48,0,50.0,1.0,27.1435,0,0.0,7.2244,1
17169578.1,10,,48,48,0,50.0,1.0,27.0435,0,0.0,7.1994,1
17171578.1,10,,48,48,0,50.0,1.0,26.9435,0,0.0,7.1744,1
17173578.1,10,,48,48,0,50.0,1.0,26.8435,0,0.0,7.1494,1
17174383.2,10,,48,48,0,50.0,1.0,26.8033,0,0.0,7.1393,1
17175578.1,10,,47,47,0,50.0,1.0,26.7435,0,0.0,7.1244,1
17177578.1,10,,47,47,0,50.0,1.0,26.6435,0,0.0,7.0994,1
17179578.1,10,,47,47,0,50.0,1.0,26.5435,0,0.0,7.0744,1
17181578.1,10,,47,47,0,50.0,1.0,26.4435,0,0.0,7.0494,1
17183578.1,10,,47,47,0,50.0,1.0,26.3435,0,0.0,7.0244,1
17185578.1,10,,47,47,0,50.0,1.0,26.2435,0,0.0,6.9994,1
17186391.9,10,,47,47,0,50.0,1.0,26.2028,0,0.0,6.9892,1
17186850.1,10,,46,46,0,50.0,1.0,26.1799,0,0.0,6.9835,1
17187578.1,10,,45,45,0,50.0,1.0,26.1435,0,0.0,6.9744,1
17189578.1,10,,45,45,0,50.0,1.0,26.0435,0,0.0,6.9494,1
17191578.1,10,,45,45,0,50.0,1.0,25.9435,0,0.0,6.9244,1
17193578.1,10,,45,45,0,50.0,1.0,25.8435,0,0.0,6.8994,1
17195578.1,10,,45,45,0,50.0,1.0,25.7435,0,0.0,6.8744,1
17197578.1,10,,45,45,0,50.0,1.0,25.6435,0,0.0,6.8494,1
17199578.1,10,,45,45,0,50.0,1.0,25.5435,0,0.0,6.8244,1
17201578.1,10,,45,45,0,50.0,1.0,25.4435,0,0.0,6.7994,1
17203578.1,10,,45,45,0,50.0,1.0,25.3435,0,0.0,6.7744,1
17205578.1,10,,45,45,0,50.0,1.0,25.2435,0,0.0,6.7494,1
17207578.1,10,,45,45,0,50.0,1.0,25.1435,0,0.0,6.7244,1
17208477.0,10,,45,45,0,50.0,1.0,25.0986,0,0.0,6.7132,1
17209578.1,10,,44,44,0,50.0,1.0,25.0435,0,0.0,6.6994,1
17211578.1,10,,44,44,0,50.0,1.0,24.9435,0,0.0,6.6744,1
17213578.1,10,,44,44,0,50.0,1.0,24.8435,0,0.0,6.6494,1
17215030.6,10,,44,44,0,50.0,1.0,24.7709,0,0.0,6.6312,1
17215578.1,10,,43,43,0,50.0,1.0,24.7435,0,0.0,6.6244,1
17217578.1,10,,43,43,0,50.0,1.0,24.6435,0,0.0,6.5994,1
17219578.1,10,,43,43,0,50.0,1.0,24.5435,0,0.0,6.5744,1
17221578.1,10,,43,43,0,50.0,1.0,24.4435,0,0.0,6.5494,1
17223578.1,10,,43,43,0,50.0,1.0,24.3435,0,0.0,6.5244,1
17225578.1,10,,43,43,0,50.0,1.0,24.2435,0,0.0,6.4994,1
17227578.1,10,,43,43,0,50.0,1.0,24.1435,0,0.0,6.4744,1
17229578.1,10,,43,43,0,50.0,1.0,24.0435,0,0.0,6.4494,1
17231578.1,10,,43,43,0,50.0,1.0,23.9435,0,0.0,6.4244,1
17233578.1,10,,43,43,0,50.0,1.0,23.8435,0,0.0,6.3994,1
17235578.1,10,,43,43,0,50.0,1.0,23.7435,0,0.0,6.3744,1
17237578.1,10,,43,43,0,50.0,1.0,23.6435,0,0.0,6.3494,1
17239578.1,10,,43,43,0,50.0,1.0,23.5435,0,0.0,6.3244,1
17241578.1,10,,43,43,0,50.0,1.0,23.4435,0,0.0,6.2994,1
17243578.1,10,,43,43,0,50.0,1.0,23.3435,0,0.0,6.2744,1
17245578.1,10,,43,43,0,50.0,1.0,23.2435,0,0.0,6.2494,1
17246472.8,10,,43,43,0,50.0,1.0,23.1988,0,0.0,6.2382,1
17247578.1,10,,42,42,0,50.0,1.0,23.1435,0,0.0,6.2244,1
17249578.1,10,,42,42,0,50.0,1.0,23.0435,0,0.0,6.1994,1
17251578.1,10,,42,42,0,50.0,1.0,22.9435,0,0.0,6.1744,1
17253578.1,10,,42,42,0,50.0,1.0,22.8435,0,0.0,6.1494,1
17255578.1,10,,42,42,0,50.0,1.0,22.7435,0,0.0,6.1244,1
17257578.1,10,,42,42,0,50.0,1.0,22.6435,0,0.0,6.0994,1
17259578.1,10,,42,42,0,50.0,1.0,22.5435,0,0.0,6.0744,1
17261578.1,10,,42,42,0,50.0,1.0,22.4435,0,0.0,6.0494,1
17262085.9,10,,42,42,0,50.0,1.0,22.4181,0,0.0,6.043,1
17263578.1,10,,41,41,0,50.0,1.0,22.3435,0,0.0,6.0244,1
17265362.7,10,,41,41,0,50.0,1.0,22.2543,0,0.0,6.0021,1
17265578.1,10,,40,40,0,50.0,1.0,22.2435,0,0.0,5.9994,1
17267578.1,10,,40,40,0,50.0,1.0,22.1435,0,0.0,5.9744,1
17269578.1,10,,40,40,0,50.0,1.0,22.0435,0,0.0,5.9494,1
17270090.0,10,,40,40,0,50.0,1.0,22.0179,0,0.0,5.943,1
17271578.1,10,,39,39,0,50.0,1.0,21.9435,0,0.0,5.9244,1
17273578.1,10,,39,39,0,50.0,1.0,21.8435,0,0.0,5.8994,1
17275578.1,10,,39,39,0,50.0,1.0,21.7435,0,0.0,5.8744,1
17277578.1,10,,39,39,0,50.0,1.0,21.6435,0,0.0,5.8494,1
17279578.1,10,,39,39,0,50.0,1.0,21.5435,0,0.0,5.8244,1
17279911.3,10,,39,39,0,50.0,1.0,21.5269,0,0.0,5.8202,1
17281578.1,10,,38,38,0,50.0,1.0,21.4435,0,0.0,5.7994,1
17283578.1,10,,38,38,0,50.0,1.0,21.3435,0,0.0,5.7744,1
17285578.1,10,,38,38,0,50.0,1.0,21.2435,0,0.0,5.7494,1
17285794.4,10,,38,38,0,50.0,1.0,21.2327,0,0.0,5.7467,1
17287578.1,10,,37,37,0,50.0,1.0,21.1435,0,0.0,5.7244,1
17289578.1,10,,37,37,0,50.0,1.0,21.0435,0,0.0,5.6994,1
17291578.1,10,,37,37,0,50.0,1.0,20.9435,0,0.0,5.6744,1
17293578.1,10,,37,37,0,50.0,1.0,20.8435,0,0.0,5.6494,1
17295578.1,10,,37,37,0,50.0,1.0,20.7435,0,0.0,5.6244,1
17297578.1,10,,37,37,0,50.0,1.0,20.6435,0,0.0,5.5994,1
17299578.1,10,,37,37,0,50.0,1.0,20.5435,0,0.0,5.5744,1
17301578.1,10,,37,37,0,50.0,1.0,20.4435,0,0.0,5.5494,1
17303578.1,10,,37,37,0,50.0,1.0,20.3435,0,0.0,5.5244,1
17305578.1,10,,37,37,0,50.0,1.0,20.2435,0,0.0,5.4994,1
17307578.1,10,,37,37,0,50.0,1.0,20.1435,0,0.0,5.4744,1
17309578.1,10,,37,37,0,50.0,1.0,20.0435,0,0.0,5.4494,1
17309739.3,10,,37,37,0,50.0,1.0,20.0355,0,0.0,5.4474,1
17311578.1,10,,36,36,0,50.0,1.0,19.9435,0,0.0,5.4244,1
17313578.1,10,,36,36,0,50.0,1.0,19.8435,0,0.0,5.3994,1
17315578.1,10,,36,36,0,50.0,1.0,19.7435,0,0.0,5.3744,1
17317578.1,10,,36,36,0,50.0,1.0,19.6435,0,0.0,5.3494,1
17319578.1,10,,36,36,0,50.0,1.0,19.5435,0,0.0,5.3244,1
17321578.1,10,,36,36,0,50.0,1.0,19.4435,0,0.0,5.2994,1
17323578.1,10,,36,36,0,50.0,1.0,19.3435,0,0.0,5.2744,1
17325578.1,10,,36,36,0,50.0,1.0,19.2435,0,0.0,5.2494,1
17327578.1,10,,36,36,0,50.0,1.0,19.1435,0,0.0,5.2244,1
17329578.1,10,,36,36,0,50.0,1.0,19.0435,0,0.0,5.1994,1
17331578.1,10,,36,36,0,50.0,1.0,18.9435,0,0.0,5.1744,1
17333578.1,10,,36,36,0,50.0,1.0,18.8435,0,0.0,5.1494,1
17335578.1,10,,36,36,0,50.0,1.0,18.7435,0,0.0,5.1244,1
17337578.1,10,,36,36,0,50.0,1.0,18.6435,0,0.0,5.0994,1
17339578.1,10,,36,36,0,50.0,1.0,18.5435,0,0.0,5.0744,1
17341578.1,10,,36,36,0,50.0,1.0,18.4435,0,0.0,5.0494,1
17343578.1,10,,36,36,0,50.0,1.0,18.3435,0,0.0,5.0244,1
17345578.1,10,,36,36,0,50.0,1.0,18.2435,0,0.0,4.9994,1
17347578.1,10,,36,36,0,50.0,1.0,18.1435,0,0.0,4.9744,1
17347725.9,10,,36,36,0,50.0,1.0,18.1361,0,0.0,4.9725,1
17349578.1,10,,35,35,0,50.0,1.0,18.0435,0,0.0,4.9494,1
17351578.1,10,,35,35,0,50.0,1.0,17.9435,0,0.0,4.9244,1
17353578.1,10,,35,35,0,50.0,1.0,17.8435,0,0.0,4.8994,1
17355578.1,10,,35,35,0,50.0,1.0,17.7435,0,0.0,4.8744,1
17357578.1,10,,35,35,0,50.0,1.0,17.6435,0,0.0,4.8494,1
17359578.1,10,,35,35,0,50.0,1.0,17.5435,0,0.0,4.8244,1
17361578.1,10,,35,35,0,50.0,1.0,17.4435,0,0.0,4.7994,1
17363578.1,10,,35,35,0,50.0,1.0,17.3435,0,0.0,4.7744,1
17365578.1,10,,35,35,0,50.0,1.0,17.2435,0,0.0,4.7494,1
17367578.1,10,,35,35,0,50.0,1.0,17.1435,0,0.0,4.7244,1
17368581.9,10,,35,35,0,50.0,1.0,17.0933,0,0.0,4.7118,1
17369578.1,10,,34,34,0,50.0,1.0,17.0435,0,0.0,4.6994,1
17371578.1,10,,34,34,0,50.0,1.0,16.9435,0,0.0,4.6744,1
17373578.1,10,,34,34,0,50.0,1.0,16.8435,0,0.0,4.6494,1
17375578.1,10,,34,34,0,50.0,1.0,16.7435,0,0.0,4.6244,1
17377578.1,10,,34,34,0,50.0,1.0,16.6435,0,0.0,4.5994,1
17379578.1,10,,34,34,0,50.0,1.0,16.5435,0,0.0,4.5744,1
17381578.1,10,,34,34,0,50.0,1.0,16.4435,0,0.0,4.5494,1
17383578.1,10,,34,34,0,50.0,1.0,16.3435,0,0.0,4.5244,1
17385105.7,10,,34,34,0,50.0,1.0,16.2671,0,0.0,4.5053,1
17385578.1,10,,33,33,0,50.0,1.0,16.2435,0,0.0,4.4994,1
17387578.1,10,,33,33,0,50.0,1.0,16.1435,0,0.0,4.4744,1
17389578.1,10,,33,33,0,50.0,1.0,16.0435,0,0.0,4.4494,1
17391578.1,10,,33,33,0,50.0,1.0,15.9435,0,0.0,4.4244,1
17393578.1,10,,33,33,0,50.0,1.0,15.8435,0,0.0,4.3994,1
17395578.1,10,,33,33,0,50.0,1.0,15.7435,0,0.0,4.3744,1
17397578.1,10,,33,33,0,50.0,1.0,15.6435,0,0.0,4.3494,1
17399578.1,10,,33,33,0,50.0,1.0,15.5435,0,0.0,4.3244,1
17401578.1,10,,33,33,0,50.0,1.0,15.4435,0,0.0,4.2994,1
17403578.1,10,,33,33,0,50.0,1.0,15.3435,0,0.0,4.2744,1
17405578.1,10,,33,33,0,50.0,1.0,15.2435,0,0.0,4.2494,1
17407578.1,10,,33,33,0,50.0,1.0,15.1435,0,0.0,4.2244,1
17409578.1,10,,33,33,0,50.0,1.0,15.0435,0,0.0,4.1994,1
17411578.1,10,,33,33,0,50.0,1.0,14.9435,0,0.0,4.1744,1
17413578.1,10,,33,33,0,50.0,1.0,14.8435,0,0.0,4.1494,1
17415578.1,10,,33,33,0,50.0,1.0,14.7435,0,0.0,4.1244,1
17417578.1,10,,33,33,0,50.0,1.0,14.6435,0,0.0,4.0994,1
17419578.1,10,,33,33,0,50.0,1.0,14.5435,0,0.0,4.0744,1
17421578.1,10,,33,33,0,50.0,1.0,14.4435,0,0.0,4.0494,1
17423578.1,10,,33,33,0,50.0,1.0,14.3435,0,0.0,4.0244,1
17425578.1,10,,33,33,0,50.0,1.0,14.2435,0,0.0,3.9994,1
17427578.1,10,,33,33,0,50.0,1.0,14.1435,0,0.0,3.9744,1
17429333.3,10,,33,33,0,50.0,1.0,14.0558,0,0.0,3.9525,1
17429578.1,10,,32,32,0,50.0,1.0,14.0435,0,0.0,3.9494,1
17431578.1,10,,32,32,0,50.0,1.0,13.9435,0,0.0,3.9244,1
17433578.1,10,,32,32,0,50.0,1.0,13.8435,0,0.0,3.8994,1
17435578.1,10,,32,32,0,50.0,1.0,13.7435,0,0.0,3.8744,1
17437578.1,10,,32,32,0,50.0,1.0,13.6435,0,0.0,3.8494,1
17439578.1,10,,32,32,0,50.0,1.0,13.5435,0,0.0,3.8244,1
17441578.1,10,,32,32,0,50.0,1.0,13.4435,0,0.0,3.7994,1
17443578.1,10,,32,32,0,50.0,1.0,13.3435,0,0.0,3.7744,1
17445578.1,10,,32,32,0,50.0,1.0,13.2435,0,0.0,3.7494,1
17447578.1,10,,32,32,0,50.0,1.0,13.1435,0,0.0,3.7244,1
17449578.1,10,,32,32,0,50.0,1.0,13.0435,0,0.0,3.6994,1
17449986.3,10,,32,32,0,50.0,1.0,13.0231,0,0.0,3.6943,1
17451578.1,10,,31,31,0,50.0,1.0,12.9435,0,0.0,3.6744,1
17453578.1,10,,31,31,0,50.0,1.0,12.8435,0,0.0,3.6494,1
17455578.1,10,,31,31,0,50.0,1.0,12.7435,0,0.0,3.6244,1
17457578.1,10,,31,31,0,50.0,1.0,12.6435,0,0.0,3.5994,1
17459578.1,10,,31,31,0,50.0,1.0,12.5435,0,0.0,3.5744,1
17461578.1,10,,31,31,0,50.0,1.0,12.4435,0,0.0,3.5494,1
17463578.1,10,,31,31,0,50.0,1.0,12.3435,0,0.0,3.5244,1
17465578.1,10,,31,31,0,50.0,1.0,12.2435,0,0.0,3.4994,1
17467578.1,10,,31,31,0,50.0,1.0,12.1435,0,0.0,3.4744,1
17469578.1,10,,31,31,0,50.0,1.0,12.0435,0,0.0,3.4494,1
17471578.1,10,,31,31,0,50.0,1.0,11.9435,0,0.0,3.4244,1
17473578.1,10,,31,31,0,50.0,1.0,11.8435,0,0.0,3.3994,1
17475578.1,10,,31,31,0,50.0,1.0,11.7435,0,0.0,3.3744,1
17477578.1,10,,31,31,0,50.0,1.0,11.6435,0,0.0,3.3494,1
17479578.1,10,,31,31,0,50.0,1.0,11.5435,0,0.0,3.3244,1
17481578.1,10,,31,31,0,50.0,1.0,11.4435,0,0.0,3.2994,1
17483578.1,10,,31,31,0,50.0,1.0,11.3435,0,0.0,3.2744,1
17485578.1,10,,31,31,0,50.0,1.0,11.2435,0,0.0,3.2494,1
17487578.1,10,,31,31,0,50.0,1.0,11.1435,0,0.0,3.2244,1
17489578.1,10,,31,31,0,50.0,1.0,11.0435,0,0.0,3.1994,1
17491578.1,10,,31,31,0,50.0,1.0,10.9435,0,0.0,3.1744,1
17493578.1,10,,31,31,0,50.0,1.0,10.8435,0,0.0,3.1494,1
17495578.1,10,,31,31,0,50.0,1.0,10.7435,0,0.0,3.1244,1
17497578.1,10,,31,31,0,50.0,1.0,10.6435,0,0.0,3.0994,1
17499578.1,10,,31,31,0,50.0,1.0,10.5435,0,0.0,3.0744,1
17501578.1,10,,31,31,0,50.0,1.0,10.4435,0,0.0,3.0494,1
17503578.1,10,,31,31,0,50.0,1.0,10.3435,0,0.0,3.0244,1
17505578.1,10,,31,31,0,50.0,1.0,10.2435,0,0.0,2.9994,1
17507578.1,10,,31,31,0,50.0,1.0,10.1435,0,0.0,2.9744,1
17509578.1,10,,31,31,0,50.0,1.0,10.0435,0,0.0,2.9494,1
17511578.1,10,,31,31,0,50.0,1.0,9.9435,0,0.0,2.9244,1
17513578.1,10,,31,31,0,50.0,1.0,9.8435,0,0.0,2.8994,1
17515578.1,10,,31,31,0,50.0,1.0,9.7435,0,0.0,2.8744,1
17517578.1,10,,31,31,0,50.0,1.0,9.6435,0,0.0,2.8494,1
17518790.0,10,,31,31,0,50.0,1.0,9.5829,0,0.0,2.8342,1
17519578.1,10,,30,30,0,50.0,1.0,9.5435,0,0.0,2.8244,1
17521578.1,10,,30,30,0,50.0,1.0,9.4435,0,0.0,2.7994,1
17523578.1,10,,30,30,0,50.0,1.0,9.3435,0,0.0,2.7744,1
17525578.1,10,,30,30,0,50.0,1.0,9.2435,0,0.0,2.7494,1
17525983.8,10,,30,30,0,50.0,1.0,9.2232,0,0.0,2.7443,1
17527578.1,10,,29,29,0,50.0,1.0,9.1435,0,0.0,2.7244,1
17529578.1,10,,29,29,0,50.0,1.0,9.0435,0,0.0,2.6994,1
17530586.5,10,,29,29,0,50.0,1.0,8.9931,0,0.0,2.6868,1
17531578.1,10,,28,28,0,50.0,1.0,8.9435,0,0.0,2.6744,1
17533578.1,10,,28,28,0,50.0,1.0,8.8435,0,0.0,2.6494,1
17533863.3,10,,28,28,0,50.0,1.0,8.8293,0,0.0,2.6458,1
17535578.1,10,,27,27,0,50.0,1.0,8.7435,0,0.0,2.6244,1
17537578.1,10,,27,27,0,50.0,1.0,8.6435,0,0.0,2.5994,1
17539578.1,10,,27,27,0,50.0,1.0,8.5435,0,0.0,2.5744,1
17541578.1,10,,27,27,0,50.0,1.0,8.4435,0,0.0,2.5494,1
17543578.1,10,,27,27,0,50.0,1.0,8.3435,0,0.0,2.5244,1
17545578.1,10,,27,27,0,50.0,1.0,8.2435,0,0.0,2.4994,1
17547578.1,10,,27,27,0,50.0,1.0,8.1435,0,0.0,2.4744,1
17549578.1,10,,27,27,0,50.0,1.0,8.0435,0,0.0,2.4494,1
17551578.1,10,,27,27,0,50.0,1.0,7.9435,0,0.0,2.4244,1
17553578.1,10,,27,27,0,50.0,1.0,7.8435,0,0.0,2.3994,1
17554704.2,10,,27,27,0,50.0,1.0,7.7872,0,0.0,2.3853,1
17555578.1,10,,26,26,0,50.0,1.0,7.7435,0,0.0,2.3744,1
17557578.1,10,,26,26,0,50.0,1.0,7.6435,0,0.0,2.3494,1
17559578.1,10,,26,26,0,50.0,1.0,7.5435,0,0.0,2.3244,1
17561578.1,10,,26,26,0,50.0,1.0,7.4435,0,0.0,2.2994,1
17563578.1,10,,26,26,0,50.0,1.0,7.3435,0,0.0,2.2744,1
17565578.1,10,,26,26,0,50.0,1.0,7.2435,0,0.0,2.2494,1
17567578.1,10,,26,26,0,50.0,1.0,7.1435,0,0.0,2.2244,1
17569578.1,10,,26,26,0,50.0,1.0,7.0435,0,0.0,2.1994,1
17571578.1,10,,26,26,0,50.0,1.0,6.9435,0,0.0,2.1744,1
17573578.1,10,,26,26,0,50.0,1.0,6.8435,0,0.0,2.1494,1
17575578.1,10,,26,26,0,50.0,1.0,6.7435,0,0.0,2.1244,1
17575815.5,10,,26,26,0,50.0,1.0,6.7317,0,0.0,2.1214,1
17577578.1,10,,25,25,0,50.0,1.0,6.6435,0,0.0,2.0994,1
17579578.1,10,,25,25,0,50.0,1.0,6.5435,0,0.0,2.0744,1
17581578.1,10,,25,25,0,50.0,1.0,6.4435,0,0.0,2.0494,1
17583578.1,10,,25,25,0,50.0,1.0,6.3435,0,0.0,2.0244,1
17584523.1,10,,25,25,0,50.0,1.0,6.2963,0,0.0,2.0126,1
17585578.1,10,,24,24,0,50.0,1.0,6.2435,0,0.0,1.9994,1
17587578.1,10,,24,24,0,50.0,1.0,6.1435,0,0.0,1.9744,1
17587602.8,10,,24,24,0,50.0,1.0,6.1423,0,0.0,1.9741,1
17589454.6,10,,23,23,0,50.0,1.0,6.0497,0,0.0,1.9494,1
17589578.1,10,,21,21,0,50.0,1.0,6.0435,0,0.0,1.9477,1
17590060.4,10,,21,21,0,50.0,1.0,6.0194,0,0.0,1.9413,1
17591578.1,10,,20,20,0,50.0,1.0,5.9435,0,0.0,1.9196,1
17592054.2,10,,20,20,0,50.0,1.0,5.9197,0,0.0,1.9128,1
17593578.1,10,,19,19,0,50.0,1.0,5.8435,0,0.0,1.8911,1
17595578.1,10,,19,19,0,50.0,1.0,5.7435,0,0.0,1.8625,1
17597114.1,10,,19,19,0,50.0,1.0,5.6667,0,0.0,1.8405,1
17597578.1,10,,18,18,0,50.0,1.0,5.6435,0,0.0,1.8339,1
17599578.1,10,,18,18,0,50.0,1.0,5.5435,0,0.0,1.8053,1
17601578.1,10,,18,18,0,50.0,1.0,5.4435,0,0.0,1.7768,1
17603578.1,10,,18,18,0,50.0,1.0,5.3435,0,0.0,1.7482,1
17604096.4,10,,18,18,0,50.0,1.0,5.3176,0,0.0,1.7408,1
17605578.1,10,,17,17,0,50.0,1.0,5.2435,0,0.0,1.7196,1
17607578.1,10,,17,17,0,50.0,1.0,5.1435,0,0.0,1.6911,1
17609578.1,10,,17,17,0,50.0,1.0,5.0435,0,0.0,1.6625,1
17611578.1,10,,17,17,0,50.0,1.0,4.9435,0,0.0,1.6339,1
17613578.1,10,,17,17,0,50.0,1.0,4.8435,0,0.0,1.6053,1
17615565.2,10,,17,17,0,50.0,1.0,4.7442,0,0.0,1.577,1
17615578.1,10,,16,16,0,50.0,1.0,4.7435,0,0.0,1.5768,1
17617578.1,10,,16,16,0,50.0,1.0,4.6435,0,0.0,1.5482,1
17619578.1,10,,16,16,0,50.0,1.0,4.5435,0,0.0,1.5196,1
17621578.1,10,,16,16,0,50.0,1.0,4.4435,0,0.0,1.4911,1
17623578.1,10,,16,16,0,50.0,1.0,4.3435,0,0.0,1.4625,1
17625578.1,10,,16,16,0,50.0,1.0,4.2435,0,0.0,1.4339,1
17627578.1,10,,16,16,0,50.0,1.0,4.1435,0,0.0,1.4053,1
17629578.1,10,,16,16,0,50.0,1.0,4.0435,0,0.0,1.3768,1
17631520.5,10,,16,16,0,50.0,1.0,3.9464,0,0.0,1.349,1
17631578.1,10,,15,15,0,50.0,1.0,3.9435,0,0.0,1.3482,1
17633578.1,10,,15,15,0,50.0,1.0,3.8435,0,0.0,1.3196,1
17635578.1,10,,15,15,0,50.0,1.0,3.7435,0,0.0,1.2911,1
17636108.0,10,,15,15,0,50.0,1.0,3.717,0,0.0,1.2835,1
17637578.1,10,,14,14,0,50.0,1.0,3.6435,0,0.0,1.2614,1
17639578.1,10,,14,14,0,50.0,1.0,3.5435,0,0.0,1.2314,1
17641578.1,10,,14,14,0,50.0,1.0,3.4435,0,0.0,1.2014,1
17643578.1,10,,14,14,0,50.0,1.0,3.3435,0,0.0,1.1714,1
17643850.1,10,,14,14,0,50.0,1.0,3.3299,0,0.0,1.1674,1
17644907.0,10,,13,13,0,50.0,1.0,3.2771,0,0.0,1.1535,1
17645578.1,10,,12,12,0,50.0,1.0,3.2435,0,0.0,1.1446,1
17647578.1,10,,12,12,0,50.0,1.0,3.1435,0,0.0,1.1183,1
17648168.7,10,,12,12,0,50.0,1.0,3.114,0,0.0,1.1105,1
17649578.1,10,,11,11,0,50.0,1.0,3.0435,0,0.0,1.0898,1
17649653.9,10,,11,11,0,50.0,1.0,3.0397,0,0.0,1.0887,1
17651578.1,10,,10,10,0,50.0,1.0,2.9435,0,0.0,1.0566,1
17651896.3,10,,10,10,0,50.0,1.0,2.9276,0,0.0,1.0513,1
17653296.8,10,,9,9,0,50.0,1.0,2.8576,0,0.0,1.0344,1
17653578.1,10,,8,8,0,50.0,1.0,2.8435,0,0.0,1.0309,1
17655578.1,10,,8,8,0,50.0,1.0,2.7435,0,0.0,1.0059,1
17657578.1,10,,8,8,0,50.0,1.0,2.6435,0,0.0,0.9809,1
17659578.1,10,,8,8,0,50.0,1.0,2.5435,0,0.0,0.9559,1
17661578.1,10,,8,8,0,50.0,1.0,2.4435,0,0.0,0.9309,1
17663045.2,10,,8,8,0,50.0,1.0,2.3702,0,0.0,0.9126,1
17663578.1,10,,7,7,0,50.0,1.0,2.3435,0,0.0,0.9048,1
17665578.1,10,,7,7,0,50.0,1.0,2.2435,0,0.0,0.8756,1
17667578.1,10,,7,7,0,50.0,1.0,2.1435,0,0.0,0.8465,1
17669578.1,10,,7,7,0,50.0,1.0,2.0435,0,0.0,0.8173,1
17671578.1,10,,7,7,0,50.0,1.0,1.9435,0,0.0,0.7881,1
17673578.1,10,,7,7,0,50.0,1.0,1.8435,0,0.0,0.759,1
17675578.1,10,,7,7,0,50.0,1.0,1.7435,0,0.0,0.7298,1
17677578.1,10,,7,7,0,50.0,1.0,1.6435,0,0.0,0.7006,1
17678024.0,10,,7,7,0,50.0,1.0,1.6212,0,0.0,0.6941,1
17679578.1,10,,6,6,0,50.0,1.0,1.5435,0,0.0,0.665,1
17681578.1,10,,6,6,0,50.0,1.0,1.4435,0,0.0,0.6275,1
17683578.1,10,,6,6,0,50.0,1.0,1.3435,0,0.0,0.59,1
17683766.8,10,,6,6,0,50.0,1.0,1.3341,0,0.0,0.5864,1
17685578.1,10,,5,5,0,50.0,1.0,1.2435,0,0.0,0.5412,1
17686362.6,10,,5,5,0,50.0,1.0,1.2043,0,0.0,0.5216,1
17686393.2,10,,4,4,0,50.0,1.0,1.2028,0,0.0,0.5212,1
17687578.1,10,,3,3,0,50.0,1.0,1.1435,0,0.0,0.5014,1
17689578.1,10,,3,3,0,50.0,1.0,1.0435,0,0.0,0.4681,1
17691578.1,10,,3,3,0,50.0,1.0,0.9435,0,0.0,0.4348,1
17693578.1,10,,3,3,0,50.0,1.0,0.8435,0,0.0,0.4014,1
17695578.1,10,,3,3,0,50.0,1.0,0.7435,0,0.0,0.3681,1
17697578.1,10,,3,3,0,50.0,1.0,0.6435,0,0.0,0.3348,1
17699578.1,10,,3,3,0,50.0,1.0,0.5435,0,0.0,0.3014,1
17701578.1,10,,3,3,0,50.0,1.0,0.4435,0,0.0,0.2681,1
17703578.1,10,,3,3,0,50.0,1.0,0.3435,0,0.0,0.2348,1
17705578.1,10,,3,3,0,50.0,1.0,0.2435,0,0.0,0.2014,1
17705599.4,10,,3,3,0,50.0,1.0,0.2425,0,0.0,0.2011,1
17707255.3,10,,2,2,0,50.0,1.0,0.1597,0,0.0,0.1597,1
17707578.1,10,,1,1,0,50.0,1.0,0.1435,0,0.0,0.1435,1
17709578.1,10,,1,1,0,50.0,1.0,0.0435,0,0.0,0.0435,1
17710448.6,10,,1,1,0,50.0,1.0,0.0,0,0.0,0.0,1
17711578.1,11,,124,64,0,50.0,1.0,85.2386,0,0.0,9.1387,1
17713578.1,11,,124,64,0,50.0,1.0,85.1386,0,0.0,9.1325,1
17715578.1,11,,124,64,0,50.0,1.0,85.0386,0,0.0,9.1262,1
17717578.1,11,,124,64,0,50.0,1.0,84.9386,0,0.0,9.12,1
17719578.1,11,,124,64,0,50.0,1.0,84.8386,0,0.0,9.1137,1
17721578.1,11,,124,64,0,50.0,1.0,84.7386,0,0.0,9.1075,1
17723578.1,11,,124,64,0,50.0,1.0,84.6386,0,0.0,9.1012,1
17725578.1,11,,124,64,0,50.0,1.0,84.5386,0,0.0,9.095,1
17727578.1,11,,124,64,0,50.0,1.0,84.4386,0,0.0,9.0887,1
17729578.1,11,,124,64,0,50.0,1.0,84.3386,0,0.0,9.0825,1
17731578.1,11,,124,64,0,50.0,1.0,84.2386,0,0.0,9.0762,1
17733578.1,11,,124,64,0,50.0,1.0,84.1386,0,0.0,9.07,1
17735578.1,11,,124,64,0,50.0,1.0,84.0386,0,0.0,9.0637,1
17737578.1,11,,124,64,0,50.0,1.0,83.9386,0,0.0,9.0575,1
17739578.1,11,,124,64,0,50.0,1.0,83.8386,0,0.0,9.0512,1
17741578.1,11,,124,64,0,50.0,1.0,83.7386,0,0.0,9.045,1
17743578.1,11,,124,64,0,50.0,1.0,83.6386,0,0.0,9.0387,1
17745578.1,11,,124,64,0,50.0,1.0,83.5386,0,0.0,9.0325,1
17747578.1,11,,124,64,0,50.0,1.0,83.4386,0,0.0,9.0262,1
17749578.1,11,,124,64,0,50.0,1.0,83.3386,0,0.0,9.02,1
17751578.1,11,,124,64,0,50.0,1.0,83.2386,0,0.0,9.0137,1
17753578.1,11,,124,64,0,50.0,1.0,83.1386,0,0.0,9.0075,1
17755578.1,11,,124,64,0,50.0,1.0,83.0386,0,0.0,9.0012,1
17757578.1,11,,124,64,0,50.0,1.0,82.9386,0,0.0,8.995,1
17759578.1,11,,124,64,0,50.0,1.0,82.8386,0,0.0,8.9887,1
17760110.4,11,,124,64,0,50.0,1.0,82.812,0,0.0,8.9871,1
17761578.1,11,,123,64,0,50.0,1.0,82.7386,0,0.0,8.9825,1
17763578.1,11,,123,64,0,50.0,1.0,82.6386,0,0.0,8.9762,1
17764907.2,11,,123,64,0,50.0,1.0,82.5722,0,0.0,8.9721,1
17765578.1,11,,122,64,0,50.0,1.0,82.5386,0,0.0,8.97,1
17766318.1,11,,122,64,0,50.0,1.0,82.5016,0,0.0,8.9677,1
17766600.2,11,,121,64,0,50.0,1.0,82.4875,0,0.0,8.9668,1
17767578.1,11,,120,64,0,50.0,1.0,82.4386,0,0.0,8.9637,1
17768029.3,11,,120,64,0,50.0,1.0,82.4161,0,0.0,8.9623,1
17769578.1,11,,119,64,0,50.0,1.0,82.3386,0,0.0,8.9575,1
17769822.4,11,,119,64,0,50.0,1.0,82.3264,0,0.0,8.9567,1
17770696.2,11,,118,64,0,50.0,1.0,82.2827,0,0.0,8.954,1
17771578.1,11,,116,64,0,50.0,1.0,82.2386,0,0.0,8.9512,1
17773578.1,11,,116,64,0,50.0,1.0,82.1386,0,0.0,8.945,1
17774510.1,11,,116,64,0,50.0,1.0,82.092,0,0.0,8.9421,1
17774837.8,11,,115,64,0,50.0,1.0,82.0756,0,0.0,8.9411,1
17775578.1,11,,114,64,0,50.0,1.0,82.0386,0,0.0,8.9387,1
17777578.1,11,,114,64,0,50.0,1.0,81.9386,0,0.0,8.9325,1
17779578.1,11,,114,64,0,50.0,1.0,81.8386,0,0.0,8.9262,1
17781578.1,11,,114,64,0,50.0,1.0,81.7386,0,0.0,8.92,1
17783578.1,11,,114,64,0,50.0,1.0,81.6386,0,0.0,8.9137,1
17785578.1,11,,114,64,0,50.0,1.0,81.5386,0,0.0,8.9075,1
17787578.1,11,,114,64,0,50.0,1.0,81.4386,0,0.0,8.9012,1
17789578.1,11,,114,64,0,50.0,1.0,81.3386,0,0.0,8.895,1
17791578.1,11,,114,64,0,50.0,1.0,81.2386,0,0.0,8.8887,1
17793578.1,11,,114,64,0,50.0,1.0,81.1386,0,0.0,8.8825,1
17794307.4,11,,114,64,0,50.0,1.0,81.1022,0,0.0,8.8802,1
17795578.1,11,,113,64,0,50.0,1.0,81.0386,0,0.0,8.8762,1
17796801.4,11,,113,64,0,50.0,1.0,80.9775,0,0.0,8.8724,1
17797578.1,11,,112,64,0,50.0,1.0,80.9386,0,0.0,8.87,1
17799578.1,11,,112,64,0,50.0,1.0,80.8386,0,0.0,8.8637,1
17801088.6,11,,112,64,0,50.0,1.0,80.7631,0,0.0,8.859,1
17801578.1,11,,111,64,0,50.0,1.0,80.7386,0,0.0,8.8575,1
17802554.0,11,,111,64,0,50.0,1.0,80.6898,0,0.0,8.8544,1
17803578.1,11,,110,64,0,50.0,1.0,80.6386,0,0.0,8.8512,1
17805578.1,11,,110,64,0,50.0,1.0,80.5386,0,0.0,8.845,1
17807560.2,11,,110,64,0,50.0,1.0,80.4395,0,0.0,8.8388,1
17807578.1,11,,109,64,0,50.0,1.0,80.4386,0,0.0,8.8387,1
17807969.8,11,,109,64,0,50.0,1.0,80.419,0,0.0,8.8375,1
17809578.1,11,,108,64,0,50.0,1.0,80.3386,0,0.0,8.8325,1
17811578.1,11,,108,64,0,50.0,1.0,80.2386,0,0.0,8.8262,1
17811993.0,11,,108,64,0,50.0,1.0,80.2179,0,0.0,8.8249,1
17812348.0,11,,107,64,0,50.0,1.0,80.2001,0,0.0,8.8238,1
17812630.2,11,,106,64,0,50.0,1.0,80.186,0,0.0,8.823,1
17813212.7,11,,105,64,0,50.0,1.0,80.1569,0,0.0,8.8211,1
17813578.1,11,,104,64,0,50.0,1.0,80.1386,0,0.0,8.82,1
17813822.6,11,,104,64,0,50.0,1.0,80.1264,0,0.0,8.8192,1
17815578.1,11,,103,64,0,50.0,1.0,80.0386,0,0.0,8.8137,1
17817578.1,11,,103,64,0,50.0,1.0,79.9386,0,0.0,8.8075,1
17819578.1,11,,103,64,0,50.0,1.0,79.8386,0,0.0,8.8012,1
17821578.1,11,,103,64,0,50.0,1.0,79.7386,0,0.0,8.795,1
17822679.0,11,,103,64,0,50.0,1.0,79.6836,0,0.0,8.7916,1
17823578.1,11,,102,64,0,50.0,1.0,79.6386,0,0.0,8.7887,1
17824708.8,11,,102,64,0,50.0,1.0,79.5821,0,0.0,8.7852,1
17825578.1,11,,101,64,0,50.0,1.0,79.5386,0,0.0,8.7825,1
17826547.5,11,,101,64,0,50.0,1.0,79.4902,0,0.0,8.7795,1
17827239.3,11,,100,64,0,50.0,1.0,79.4556,0,0.0,8.7773,1
17827303.0,11,,99,64,0,50.0,1.0,79.4524,0,0.0,8.7771,1
17827578.1,11,,98,64,0,50.0,1.0,79.4386,0,0.0,8.7762,1
17829578.1,11,,98,64,0,50.0,1.0,79.3386,0,0.0,8.77,1
17831578.1,11,,98,64,0,50.0,1.0,79.2386,0,0.0,8.7637,1
17833578.1,11,,98,64,0,50.0,1.0,79.1386,0,0.0,8.7575,1
17834584.7,11,,98,64,0,50.0,1.0,79.0883,0,0.0,8.7543,1
17835578.1,11,,97,64,0,50.0,1.0,79.0386,0,0.0,8.7512,1
17837578.1,11,,97,64,0,50.0,1.0,78.9386,0,0.0,8.745,1
17839578.1,11,,97,64,0,50.0,1.0,78.8386,0,0.0,8.7387,1
17841578.1,11,,97,64,0,50.0,1.0,78.7386,0,0.0,8.7325,1
17843578.1,11,,97,64,0,50.0,1.0,78.6386,0,0.0,8.7262,1
17844506.2,11,,97,64,0,50.0,1.0,78.5922,0,0.0,8.7233,1
17845578.1,11,,96,64,0,50.0,1.0,78.5386,0,0.0,8.72,1
17847578.1,11,,96,64,0,50.0,1.0,78.4386,0,0.0,8.7137,1
17849578.1,11,,96,64,0,50.0,1.0,78.3386,0,0.0,8.7075,1
17851578.1,11,,96,64,0,50.0,1.0,78.2386,0,0.0,8.7012,1
17853578.1,11,,96,64,0,50.0,1.0,78.1386,0,0.0,8.695,1
17855578.1,11,,96,64,0,50.0,1.0,78.0386,0,0.0,8.6887,1
17857578.1,11,,96,64,0,50.0,1.0,77.9386,0,0.0,8.6825,1
17859578.1,11,,96,64,0,50.0,1.0,77.8386,0,0.0,8.6762,1
17861578.1,11,,96,64,0,50.0,1.0,77.7386,0,0.0,8.67,1
17863578.1,11,,96,64,0,50.0,1.0,77.6386,0,0.0,8.6637,1
17865578.1,11,,96,64,0,50.0,1.0,77.5386,0,0.0,8.6575,1
17867578.1,11,,96,64,0,50.0,1.0,77.4386,0,0.0,8.6512,1
17869578.1,11,,96,64,0,50.0,1.0,77.3386,0,0.0,8.645,1
17871578.1,11,,96,64,0,50.0,1.0,77.2386,0,0.0,8.6387,1
17873578.1,11,,96,64,0,50.0,1.0,77.1386,0,0.0,8.6325,1
17875578.1,11,,96,64,0,50.0,1.0,77.0386,0,0.0,8.6262,1
17877578.1,11,,96,64,0,50.0,1.0,76.9386,0,0.0,8.62,1
17879578.1,11,,96,64,0,50.0,1.0,76.8386,0,0.0,8.6137,1
17881578.1,11,,96,64,0,50.0,1.0,76.7386,0,0.0,8.6075,1
17883578.1,11,,96,64,0,50.0,1.0,76.6386,0,0.0,8.6012,1
17885578.1,11,,96,64,0,50.0,1.0,76.5386,0,0.0,8.595,1
17887578.1,11,,96,64,0,50.0,1.0,76.4386,0,0.0,8.5887,1
17889578.1,11,,96,64,0,50.0,1.0,76.3386,0,0.0,8.5825,1
17891578.1,11,,96,64,0,50.0,1.0,76.2386,0,0.0,8.5762,1
17893578.1,11,,96,64,0,50.0,1.0,76.1386,0,0.0,8.57,1
17895578.1,11,,96,64,0,50.0,1.0,76.0386,0,0.0,8.5637,1
17897578.1,11,,96,64,0,50.0,1.0,75.9386,0,0.0,8.5575,1
17899578.1,11,,96,64,0,50.0,1.0,75.8386,0,0.0,8.5512,1
17901578.1,11,,96,64,0,50.0,1.0,75.7386,0,0.0,8.545,1
17903578.1,11,,96,64,0,50.0,1.0,75.6386,0,0.0,8.5387,1
17905578.1,11,,96,64,0,50.0,1.0,75.5386,0,0.0,8.5325,1
17907578.1,11,,96,64,0,50.0,1.0,75.4386,0,0.0,8.5262,1
17909578.1,11,,96,64,0,50.0,1.0,75.3386,0,0.0,8.52,1
17911578.1,11,,96,64,0,50.0,1.0,75.2386,0,0.0,8.5137,1
17913578.1,11,,96,64,0,50.0,1.0,75.1386,0,0.0,8.5075,1
17915578.1,11,,96,64,0,50.0,1.0,75.0386,0,0.0,8.5012,1
17917578.1,11,,96,64,0,50.0,1.0,74.9386,0,0.0,8.495,1
17919578.1,11,,96,64,0,50.0,1.0,74.8386,0,0.0,8.4887,1
17921578.1,11,,96,64,0,50.0,1.0,74.7386,0,0.0,8.4825,1
17923578.1,11,,96,64,0,50.0,1.0,74.6386,0,0.0,8.4762,1
17925578.1,11,,96,64,0,50.0,1.0,74.5386,0,0.0,8.47,1
17927578.1,11,,96,64,0,50.0,1.0,74.4386,0,0.0,8.4637,1
17929578.1,11,,96,64,0,50.0,1.0,74.3386,0,0.0,8.4575,1
17931578.1,11,,96,64,0,50.0,1.0,74.2386,0,0.0,8.4512,1
17933578.1,11,,96,64,0,50.0,1.0,74.1386,0,0.0,8.445,1
17935578.1,11,,96,64,0,50.0,1.0,74.0386,0,0.0,8.4387,1
17937578.1,11,,96,64,0,50.0,1.0,73.9386,0,0.0,8.4325,1
17939578.1,11,,96,64,0,50.0,1.0,73.8386,0,0.0,8.4262,1
17941578.1,11,,96,64,0,50.0,1.0,73.7386,0,0.0,8.42,1
17943578.1,11,,96,64,0,50.0,1.0,73.6386,0,0.0,8.4137,1
17945578.1,11,,96,64,0,50.0,1.0,73.5386,0,0.0,8.4075,1
17947578.1,11,,96,64,0,50.0,1.0,73.4386,0,0.0,8.4012,1
17949578.1,11,,96,64,0,50.0,1.0,73.3386,0,0.0,8.395,1
17951578.1,11,,96,64,0,50.0,1.0,73.2386,0,0.0,8.3887,1
17953578.1,11,,96,64,0,50.0,1.0,73.1386,0,0.0,8.3825,1
17955578.1,11,,96,64,0,50.0,1.0,73.0386,0,0.0,8.3762,1
17957578.1,11,,96,64,0,50.0,1.0,72.9386,0,0.0,8.37,1
17959578.1,11,,96,64,0,50.0,1.0,72.8386,0,0.0,8.3637,1
17961578.1,11,,96,64,0,50.0,1.0,72.7386,0,0.0,8.3575,1
17963578.1,11,,96,64,0,50.0,1.0,72.6386,0,0.0,8.3512,1
17965578.1,11,,96,64,0,50.0,1.0,72.5386,0,0.0,8.345,1
17967578.1,11,,96,64,0,50.0,1.0,72.4386,0,0.0,8.3387,1
17969578.1,11,,96,64,0,50.0,1.0,72.3386,0,0.0,8.3325,1
17971578.1,11,,96,64,0,50.0,1.0,72.2386,0,0.0,8.3262,1
17973578.1,11,,96,64,0,50.0,1.0,72.1386,0,0.0,8.32,1
17975578.1,11,,96,64,0,50.0,1.0,72.0386,0,0.0,8.3137,1
17977578.1,11,,96,64,0,50.0,1.0,71.9386,0,0.0,8.3075,1
17979578.1,11,,96,64,0,50.0,1.0,71.8386,0,0.0,8.3012,1
17981578.1,11,,96,64,0,50.0,1.0,71.7386,0,0.0,8.295,1
17983578.1,11,,96,64,0,50.0,1.0,71.6386,0,0.0,8.2887,1
17985578.1,11,,96,64,0,50.0,1.0,71.5386,0,0.0,8.2825,1
17987578.1,11,,96,64,0,50.0,1.0,71.4386,0,0.0,8.2762,1
17989578.1,11,,96,64,0,50.0,1.0,71.3386,0,0.0,8.27,1
17991578.1,11,,96,64,0,50.0,1.0,71.2386,0,0.0,8.2637,1
17993578.1,11,,96,64,0,50.0,1.0,71.1386,0,0.0,8.2575,1
17995578.1,11,,96,64,0,50.0,1.0,71.0386,0,0.0,8.2512,1
17997578.1,11,,96,64,0,50.0,1.0,70.9386,0,0.0,8.245,1
17999578.1,11,,96,64,0,50.0,1.0,70.8386,0,0.0,8.2387,1
18001578.1,11,,96,64,0,50.0,1.0,70.7386,0,0.0,8.2325,1
18003578.1,11,,96,64,0,50.0,1.0,70.6386,0,0.0,8.2262,1
18005578.1,11,,96,64,0,50.0,1.0,70.5386,0,0.0,8.22,1
18007578.1,11,,96,64,0,50.0,1.0,70.4386,0,0.0,8.2137,1
18009578.1,11,,96,64,0,50.0,1.0,70.3386,0,0.0,8.2075,1
18011578.1,11,,96,64,0,50.0,1.0,70.2386,0,0.0,8.2012,1
18013578.1,11,,96,64,0,50.0,1.0,70.1386,0,0.0,8.195,1
18015578.1,11,,96,64,0,50.0,1.0,70.0386,0,0.0,8.1887,1
18017578.1,11,,96,64,0,50.0,1.0,69.9386,0,0.0,8.1825,1
18019578.1,11,,96,64,0,50.0,1.0,69.8386,0,0.0,8.1762,1
18021578.1,11,,96,64,0,50.0,1.0,69.7386,0,0.0,8.17,1
18023578.1,11,,96,64,0,50.0,1.0,69.6386,0,0.0,8.1637,1
18025578.1,11,,96,64,0,50.0,1.0,69.5386,0,0.0,8.1575,1
18027578.1,11,,96,64,0,50.0,1.0,69.4386,0,0.0,8.1512,1
18029099.2,11,,96,64,0,50.0,1.0,69.3626,0,0.0,8.1465,1
18029578.1,11,,95,64,0,50.0,1.0,69.3386,0,0.0,8.145,1
18031578.1,11,,95,64,0,50.0,1.0,69.2386,0,0.0,8.1387,1
18033578.1,11,,95,64,0,50.0,1.0,69.1386,0,0.0,8.1325,1
18035578.1,11,,95,64,0,50.0,1.0,69.0386,0,0.0,8.1262,1
18037578.1,11,,95,64,0,50.0,1.0,68.9386,0,0.0,8.12,1
18039578.1,11,,95,64,0,50.0,1.0,68.8386,0,0.0,8.1137,1
18041578.1,11,,95,64,0,50.0,1.0,68.7386,0,0.0,8.1075,1
18043578.1,11,,95,64,0,50.0,1.0,68.6386,0,0.0,8.1012,1
18045578.1,11,,95,64,0,50.0,1.0,68.5386,0,0.0,8.095,1
18047578.1,11,,95,64,0,50.0,1.0,68.4386,0,0.0,8.0887,1
18049578.1,11,,95,64,0,50.0,1.0,68.3386,0,0.0,8.0825,1
18051578.1,11,,95,64,0,50.0,1.0,68.2386,0,0.0,8.0762,1
18053578.1,11,,95,64,0,50.0,1.0,68.1386,0,0.0,8.07,1
18055441.1,11,,95,64,0,50.0,1.0,68.0455,0,0.0,8.0642,1
18055578.1,11,,94,64,0,50.0,1.0,68.0386,0,0.0,8.0637,1
18057578.1,11,,94,64,0,50.0,1.0,67.9386,0,0.0,8.0575,1
18059578.1,11,,94,64,0,50.0,1.0,67.8386,0,0.0,8.0512,1
18061578.1,11,,94,64,0,50.0,1.0,67.7386,0,0.0,8.045,1
18063578.1,11,,94,64,0,50.0,1.0,67.6386,0,0.0,8.0387,1
18065578.1,11,,94,64,0,50.0,1.0,67.5386,0,0.0,8.0325,1
18067578.1,11,,94,64,0,50.0,1.0,67.4386,0,0.0,8.0262,1
18067720.0,11,,94,64,0,50.0,1.0,67.4315,0,0.0,8.0258,1
18069578.1,11,,93,64,0,50.0,1.0,67.3386,0,0.0,8.02,1
18071578.1,11,,93,64,0,50.0,1.0,67.2386,0,0.0,8.0137,1
18073578.1,11,,93,64,0,50.0,1.0,67.1386,0,0.0,8.0075,1
18075578.1,11,,93,64,0,50.0,1.0,67.0386,0,0.0,8.0012,1
18077578.1,11,,93,64,0,50.0,1.0,66.9386,0,0.0,7.995,1
18079578.1,11,,93,64,0,50.0,1.0,66.8386,0,0.0,7.9887,1
18081578.1,11,,93,64,0,50.0,1.0,66.7386,0,0.0,7.9825,1
18083578.1,11,,93,64,0,50.0,1.0,66.6386,0,0.0,7.9762,1
18085578.1,11,,93,64,0,50.0,1.0,66.5386,0,0.0,7.97,1
18087578.1,11,,93,64,0,50.0,1.0,66.4386,0,0.0,7.9637,1
18089578.1,11,,93,64,0,50.0,1.0,66.3386,0,0.0,7.9575,1
18089820.2,11,,93,64,0,50.0,1.0,66.3265,0,0.0,7.9567,1
18091578.1,11,,92,64,0,50.0,1.0,66.2386,0,0.0,7.9512,1
18093578.1,11,,92,64,0,50.0,1.0,66.1386,0,0.0,7.945,1
18095578.1,11,,92,64,0,50.0,1.0,66.0386,0,0.0,7.9387,1
18097578.1,11,,92,64,0,50.0,1.0,65.9386,0,0.0,7.9325,1
18099578.1,11,,92,64,0,50.0,1.0,65.8386,0,0.0,7.9262,1
18101578.1,11,,92,64,0,50.0,1.0,65.7386,0,0.0,7.92,1
18103578.1,11,,92,64,0,50.0,1.0,65.6386,0,0.0,7.9137,1
18105578.1,11,,92,64,0,50.0,1.0,65.5386,0,0.0,7.9075,1
18107578.1,11,,92,64,0,50.0,1.0,65.4386,0,0.0,7.9012,1
18109578.1,11,,92,64,0,50.0,1.0,65.3386,0,0.0,7.895,1
18111578.1,11,,92,64,0,50.0,1.0,65.2386,0,0.0,7.8887,1
18113578.1,11,,92,64,0,50.0,1.0,65.1386,0,0.0,7.8825,1
18115578.1,11,,92,64,0,50.0,1.0,65.0386,0,0.0,7.8762,1
18117578.1,11,,92,64,0,50.0,1.0,64.9386,0,0.0,7.87,1
18119578.1,11,,92,64,0,50.0,1.0,64.8386,0,0.0,7.8637,1
18121578.1,11,,92,64,0,50.0,1.0,64.7386,0,0.0,7.8575,1
18123578.1,11,,92,64,0,50.0,1.0,64.6386,0,0.0,7.8512,1
18125578.1,11,,92,64,0,50.0,1.0,64.5386,0,0.0,7.845,1
18127578.1,11,,92,64,0,50.0,1.0,64.4386,0,0.0,7.8387,1
18129578.1,11,,92,64,0,50.0,1.0,64.3386,0,0.0,7.8325,1
18131578.1,11,,92,64,0,50.0,1.0,64.2386,0,0.0,7.8262,1
18133578.1,11,,92,64,0,50.0,1.0,64.1386,0,0.0,7.82,1
18135578.1,11,,92,64,0,50.0,1.0,64.0386,0,0.0,7.8137,1
18137578.1,11,,92,64,0,50.0,1.0,63.9386,0,0.0,7.8075,1
18139578.1,11,,92,64,0,50.0,1.0,63.8386,0,0.0,7.8012,1
18141578.1,11,,92,64,0,50.0,1.0,63.7386,0,0.0,7.795,1
18143578.1,11,,92,64,0,50.0,1.0,63.6386,0,0.0,7.7887,1
18145578.1,11,,92,64,0,50.0,1.0,63.5386,0,0.0,7.7825,1
18147578.1,11,,92,64,0,50.0,1.0,63.4386,0,0.0,7.7762,1
18149578.1,11,,92,64,0,50.0,1.0,63.3386,0,0.0,7.77,1
18151578.1,11,,92,64,0,50.0,1.0,63.2386,0,0.0,7.7637,1
18153578.1,11,,92,64,0,50.0,1.0,63.1386,0,0.0,7.7575,1
18155578.1,11,,92,64,0,50.0,1.0,63.0386,0,0.0,7.7512,1
18157578.1,11,,92,64,0,50.0,1.0,62.9386,0,0.0,7.745,1
18159578.1,11,,92,64,0,50.0,1.0,62.8386,0,0.0,7.7387,1
18161578.1,11,,92,64,0,50.0,1.0,62.7386,0,0.0,7.7325,1
18163578.1,11,,92,64,0,50.0,1.0,62.6386,0,0.0,7.7262,1
18165578.1,11,,92,64,0,50.0,1.0,62.5386,0,0.0,7.72,1
18166642.9,11,,92,64,0,50.0,1.0,62.4854,0,0.0,7.7167,1
18167578.1,11,,91,64,0,50.0,1.0,62.4386,0,0.0,7.7137,1
18169578.1,11,,91,64,0,50.0,1.0,62.3386,0,0.0,7.7075,1
18171578.1,11,,91,64,0,50.0,1.0,62.2386,0,0.0,7.7012,1
18173578.1,11,,91,64,0,50.0,1.0,62.1386,0,0.0,7.695,1
18175578.1,11,,91,64,0,50.0,1.0,62.0386,0,0.0,7.6887,1
18177578.1,11,,91,64,0,50.0,1.0,61.9386,0,0.0,7.6825,1
18179578.1,11,,91,64,0,50.0,1.0,61.8386,0,0.0,7.6762,1
18180769.6,11,,91,64,0,50.0,1.0,61.7791,0,0.0,7.6725,1
18181578.1,11,,90,64,0,50.0,1.0,61.7386,0,0.0,7.67,1
18183578.1,11,,90,64,0,50.0,1.0,61.6386,0,0.0,7.6637,1
18185578.1,11,,90,64,0,50.0,1.0,61.5386,0,0.0,7.6575,1
18187578.1,11,,90,64,0,50.0,1.0,61.4386,0,0.0,7.6512,1
18188269.8,11,,90,64,0,50.0,1.0,61.404,0,0.0,7.6491,1
18189578.1,11,,89,64,0,50.0,1.0,61.3386,0,0.0,7.645,1
18191578.1,11,,89,64,0,50.0,1.0,61.2386,0,0.0,7.6387,1
18193578.1,11,,89,64,0,50.0,1.0,61.1386,0,0.0,7.6325,1
18195578.1,11,,89,64,0,50.0,1.0,61.0386,0,0.0,7.6262,1
18197578.1,11,,89,64,0,50.0,1.0,60.9386,0,0.0,7.62,1
18199578.1,11,,89,64,0,50.0,1.0,60.8386,0,0.0,7.6137,1
18201578.1,11,,89,64,0,50.0,1.0,60.7386,0,0.0,7.6075,1
18203578.1,11,,89,64,0,50.0,1.0,60.6386,0,0.0,7.6012,1
18204198.7,11,,89,64,0,50.0,1.0,60.6076,0,0.0,7.5993,1
18204753.9,11,,88,64,0,50.0,1.0,60.5798,0,0.0,7.5976,1
18205578.1,11,,87,64,0,50.0,1.0,60.5386,0,0.0,7.595,1
18207578.1,11,,87,64,0,50.0,1.0,60.4386,0,0.0,7.5887,1
18209578.1,11,,87,64,0,50.0,1.0,60.3386,0,0.0,7.5825,1
18211578.1,11,,87,64,0,50.0,1.0,60.2386,0,0.0,7.5762,1
18213578.1,11,,87,64,0,50.0,1.0,60.1386,0,0.0,7.57,1
18215578.1,11,,87,64,0,50.0,1.0,60.0386,0,0.0,7.5637,1
18217369.6,11,,87,64,0,50.0,1.0,59.9491,0,0.0,7.5581,1
18217478.8,11,,86,64,0,50.0,1.0,59.9436,0,0.0,7.5578,1
18217578.1,11,,85,64,0,50.0,1.0,59.9386,0,0.0,7.5575,1
18219578.1,11,,85,64,0,50.0,1.0,59.8386,0,0.0,7.5512,1
18219681.6,11,,85,64,0,50.0,1.0,59.8335,0,0.0,7.5509,1
18221578.1,11,,84,64,0,50.0,1.0,59.7386,0,0.0,7.545,1
18223578.1,11,,84,64,0,50.0,1.0,59.6386,0,0.0,7.5387,1
18225578.1,11,,84,64,0,50.0,1.0,59.5386,0,0.0,7.5325,1
18227578.1,11,,84,64,0,50.0,1.0,59.4386,0,0.0,7.5262,1
18229578.1,11,,84,64,0,50.0,1.0,59.3386,0,0.0,7.52,1
18230094.5,11,,84,64,0,50.0,1.0,59.3128,0,0.0,7.5184,1
18231578.1,11,,83,64,0,50.0,1.0,59.2386,0,0.0,7.5137,1
18233578.1,11,,83,64,0,50.0,1.0,59.1386,0,0.0,7.5075,1
18235578.1,11,,83,64,0,50.0,1.0,59.0386,0,0.0,7.5012,1
18237578.1,11,,83,64,0,50.0,1.0,58.9386,0,0.0,7.495,1
18239578.1,11,,83,64,0,50.0,1.0,58.8386,0,0.0,7.4887,1
18241578.1,11,,83,64,0,50.0,1.0,58.7386,0,0.0,7.4825,1
18243578.1,11,,83,64,0,50.0,1.0,58.6386,0,0.0,7.4762,1
18245578.1,11,,83,64,0,50.0,1.0,58.5386,0,0.0,7.47,1
18247578.1,11,,83,64,0,50.0,1.0,58.4386,0,0.0,7.4637,1
18249578.1,11,,83,64,0,50.0,1.0,58.3386,0,0.0,7.4575,1
18251578.1,11,,83,64,0,50.0,1.0,58.2386,0,0.0,7.4512,1
18253578.1,11,,83,64,0,50.0,1.0,58.1386,0,0.0,7.445,1
18254179.0,11,,83,64,0,50.0,1.0,58.1086,0,0.0,7.4431,1
18255216.6,11,,82,64,0,50.0,1.0,58.0567,0,0.0,7.4399,1
18255578.1,11,,81,64,0,50.0,1.0,58.0386,0,0.0,7.4387,1
18257578.1,11,,81,64,0,50.0,1.0,57.9386,0,0.0,7.4325,1
18259578.1,11,,81,64,0,50.0,1.0,57.8386,0,0.0,7.4262,1
18261578.1,11,,81,64,0,50.0,1.0,57.7386,0,0.0,7.42,1
18263578.1,11,,81,64,0,50.0,1.0,57.6386,0,0.0,7.4137,1
18265578.1,11,,81,64,0,50.0,1.0,57.5386,0,0.0,7.4075,1
18267578.1,11,,81,64,0,50.0,1.0,57.4386,0,0.0,7.4012,1
18269578.1,11,,81,64,0,50.0,1.0,57.3386,0,0.0,7.395,1
18271578.1,11,,81,64,0,50.0,1.0,57.2386,0,0.0,7.3887,1
18273578.1,11,,81,64,0,50.0,1.0,57.1386,0,0.0,7.3825,1
18275578.1,11,,81,64,0,50.0,1.0,57.0386,0,0.0,7.3762,1
18277116.6,11,,81,64,0,50.0,1.0,56.9617,0,0.0,7.3714,1
18277578.1,11,,80,64,0,50.0,1.0,56.9386,0,0.0,7.37,1
18279578.1,11,,80,64,0,50.0,1.0,56.8386,0,0.0,7.3637,1
18281578.1,11,,80,64,0,50.0,1.0,56.7386,0,0.0,7.3575,1
18283069.4,11,,80,64,0,50.0,1.0,56.6641,0,0.0,7.3528,1
18283578.1,11,,79,64,0,50.0,1.0,56.6386,0,0.0,7.3512,1
18285578.1,11,,79,64,0,50.0,1.0,56.5386,0,0.0,7.345,1
18286328.0,11,,79,64,0,50.0,1.0,56.5011,0,0.0,7.3426,1
18287578.1,11,,78,64,0,50.0,1.0,56.4386,0,0.0,7.3387,1
18289578.1,11,,78,64,0,50.0,1.0,56.3386,0,0.0,7.3325,1
18291578.1,11,,78,64,0,50.0,1.0,56.2386,0,0.0,7.3262,1
18293578.1,11,,78,64,0,50.0,1.0,56.1386,0,0.0,7.32,1
18295578.1,11,,78,64,0,50.0,1.0,56.0386,0,0.0,7.3137,1
18297578.1,11,,78,64,0,50.0,1.0,55.9386,0,0.0,7.3075,1
18299578.1,11,,78,64,0,50.0,1.0,55.8386,0,0.0,7.3012,1
18301578.1,11,,78,64,0,50.0,1.0,55.7386,0,0.0,7.295,1
18303578.1,11,,78,64,0,50.0,1.0,55.6386,0,0.0,7.2887,1
18305578.1,11,,78,64,0,50.0,1.0,55.5386,0,0.0,7.2825,1
18305988.8,11,,78,64,0,50.0,1.0,55.5181,0,0.0,7.2812,1
18307578.1,11,,77,64,0,50.0,1.0,55.4386,0,0.0,7.2762,1
18308155.2,11,,77,64,0,50.0,1.0,55.4098,0,0.0,7.2744,1
18309578.1,11,,76,64,0,50.0,1.0,55.3386,0,0.0,7.27,1
18311578.1,11,,76,64,0,50.0,1.0,55.2386,0,0.0,7.2637,1
18313578.1,11,,76,64,0,50.0,1.0,55.1386,0,0.0,7.2575,1
18315578.1,11,,76,64,0,50.0,1.0,55.0386,0,0.0,7.2512,1
18317578.1,11,,76,64,0,50.0,1.0,54.9386,0,0.0,7.245,1
18319578.1,11,,76,64,0,50.0,1.0,54.8386,0,0.0,7.2387,1
18321578.1,11,,76,64,0,50.0,1.0,54.7386,0,0.0,7.2325,1
18323578.1,11,,76,64,0,50.0,1.0,54.6386,0,0.0,7.2262,1
18325578.1,11,,76,64,0,50.0,1.0,54.5386,0,0.0,7.22,1
18327578.1,11,,76,64,0,50.0,1.0,54.4386,0,0.0,7.2137,1
18329578.1,11,,76,64,0,50.0,1.0,54.3386,0,0.0,7.2075,1
18331578.1,11,,76,64,0,50.0,1.0,54.2386,0,0.0,7.2012,1
18333578.1,11,,76,64,0,50.0,1.0,54.1386,0,0.0,7.195,1
18335578.1,11,,76,64,0,50.0,1.0,54.0386,0,0.0,7.1887,1
18337578.1,11,,76,64,0,50.0,1.0,53.9386,0,0.0,7.1825,1
18339578.1,11,,76,64,0,50.0,1.0,53.8386,0,0.0,7.1762,1
18341578.1,11,,76,64,0,50.0,1.0,53.7386,0,0.0,7.17,1
18343578.1,11,,76,64,0,50.0,1.0,53.6386,0,0.0,7.1637,1
18345578.1,11,,76,64,0,50.0,1.0,53.5386,0,0.0,7.1575,1
18347578.1,11,,76,64,0,50.0,1.0,53.4386,0,0.0,7.1512,1
18349578.1,11,,76,64,0,50.0,1.0,53.3386,0,0.0,7.145,1
18351578.1,11,,76,64,0,50.0,1.0,53.2386,0,0.0,7.1387,1
18353578.1,11,,76,64,0,50.0,1.0,53.1386,0,0.0,7.1325,1
18355578.1,11,,76,64,0,50.0,1.0,53.0386,0,0.0,7.1262,1
18357578.1,11,,76,64,0,50.0,1.0,52.9386,0,0.0,7.12,1
18359578.1,11,,76,64,0,50.0,1.0,52.8386,0,0.0,7.1137,1
18361578.1,11,,76,64,0,50.0,1.0,52.7386,0,0.0,7.1075,1
18363578.1,11,,76,64,0,50.0,1.0,52.6386,0,0.0,7.1012,1
18365578.1,11,,76,64,0,50.0,1.0,52.5386,0,0.0,7.095,1
18367578.1,11,,76,64,0,50.0,1.0,52.4386,0,0.0,7.0887,1
18369578.1,11,,76,64,0,50.0,1.0,52.3386,0,0.0,7.0825,1
18371578.1,11,,76,64,0,50.0,1.0,52.2386,0,0.0,7.0762,1
18373578.1,11,,76,64,0,50.0,1.0,52.1386,0,0.0,7.07,1
18375578.1,11,,76,64,0,50.0,1.0,52.0386,0,0.0,7.0637,1
18377578.1,11,,76,64,0,50.0,1.0,51.9386,0,0.0,7.0575,1
18379578.1,11,,76,64,0,50.0,1.0,51.8386,0,0.0,7.0512,1
18381578.1,11,,76,64,0,50.0,1.0,51.7386,0,0.0,7.045,1
18383578.1,11,,76,64,0,50.0,1.0,51.6386,0,0.0,7.0387,1
18385578.1,11,,76,64,0,50.0,1.0,51.5386,0,0.0,7.0325,1
18387578.1,11,,76,64,0,50.0,1.0,51.4386,0,0.0,7.0262,1
18389578.1,11,,76,64,0,50.0,1.0,51.3386,0,0.0,7.02,1
18391578.1,11,,76,64,0,50.0,1.0,51.2386,0,0.0,7.0137,1
18393578.1,11,,76,64,0,50.0,1.0,51.1386,0,0.0,7.0075,1
18395578.1,11,,76,64,0,50.0,1.0,51.0386,0,0.0,7.0012,1
18397578.1,11,,76,64,0,50.0,1.0,50.9386,0,0.0,6.995,1
18399578.1,11,,76,64,0,50.0,1.0,50.8386,0,0.0,6.9887,1
18401578.1,11,,76,64,0,50.0,1.0,50.7386,0,0.0,6.9825,1
18403578.1,11,,76,64,0,50.0,1.0,50.6386,0,0.0,6.9762,1
18405578.1,11,,76,64,0,50.0,1.0,50.5386,0,0.0,6.97,1
18407578.1,11,,76,64,0,50.0,1.0,50.4386,0,0.0,6.9637,1
18409578.1,11,,76,64,0,50.0,1.0,50.3386,0,0.0,6.9575,1
18411578.1,11,,76,64,0,50.0,1.0,50.2386,0,0.0,6.9512,1
18413578.1,11,,76,64,0,50.0,1.0,50.1386,0,0.0,6.945,1
18415578.1,11,,76,64,0,50.0,1.0,50.0386,0,0.0,6.9387,1
18417578.1,11,,76,64,0,50.0,1.0,49.9386,0,0.0,6.9325,1
18419578.1,11,,76,64,0,50.0,1.0,49.8386,0,0.0,6.9262,1
18421578.1,11,,76,64,0,50.0,1.0,49.7386,0,0.0,6.92,1
18423578.1,11,,76,64,0,50.0,1.0,49.6386,0,0.0,6.9137,1
18425578.1,11,,76,64,0,50.0,1.0,49.5386,0,0.0,6.9075,1
18427578.1,11,,76,64,0,50.0,1.0,49.4386,0,0.0,6.9012,1
18429578.1,11,,76,64,0,50.0,1.0,49.3386,0,0.0,6.895,1
18431578.1,11,,76,64,0,50.0,1.0,49.2386,0,0.0,6.8887,1
18433578.1,11,,76,64,0,50.0,1.0,49.1386,0,0.0,6.8825,1
18435578.1,11,,76,64,0,50.0,1.0,49.0386,0,0.0,6.8762,1
18437578.1,11,,76,64,0,50.0,1.0,48.9386,0,0.0,6.87,1
18439578.1,11,,76,64,0,50.0,1.0,48.8386,0,0.0,6.8637,1
18441578.1,11,,76,64,0,50.0,1.0,48.7386,0,0.0,6.8575,1
18443578.1,11,,76,64,0,50.0,1.0,48.6386,0,0.0,6.8512,1
18445578.1,11,,76,64,0,50.0,1.0,48.5386,0,0.0,6.845,1
18447578.1,11,,76,64,0,50.0,1.0,48.4386,0,0.0,6.8387,1
18449578.1,11,,76,64,0,50.0,1.0,48.3386,0,0.0,6.8325,1
18451578.1,11,,76,64,0,50.0,1.0,48.2386,0,0.0,6.8262,1
18453578.1,11,,76,64,0,50.0,1.0,48.1386,0,0.0,6.82,1
18455578.1,11,,76,64,0,50.0,1.0,48.0386,0,0.0,6.8137,1
18457578.1,11,,76,64,0,50.0,1.0,47.9386,0,0.0,6.8075,1
18459578.1,11,,76,64,0,50.0,1.0,47.8386,0,0.0,6.8012,1
18461578.1,11,,76,64,0,50.0,1.0,47.7386,0,0.0,6.795,1
18463578.1,11,,76,64,0,50.0,1.0,47.6386,0,0.0,6.7887,1
18465359.6,11,,76,64,0,50.0,1.0,47.5496,0,0.0,6.7832,1
18465578.1,11,,75,64,0,50.0,1.0,47.5386,0,0.0,6.7825,1
18467578.1,11,,75,64,0,50.0,1.0,47.4386,0,0.0,6.7762,1
18469578.1,11,,75,64,0,50.0,1.0,47.3386,0,0.0,6.77,1
18471578.1,11,,75,64,0,50.0,1.0,47.2386,0,0.0,6.7637,1
18473578.1,11,,75,64,0,50.0,1.0,47.1386,0,0.0,6.7575,1
18475578.1,11,,75,64,0,50.0,1.0,47.0386,0,0.0,6.7512,1
18477578.1,11,,75,64,0,50.0,1.0,46.9386,0,0.0,6.745,1
18479578.1,11,,75,64,0,50.0,1.0,46.8386,0,0.0,6.7387,1
18481578.1,11,,75,64,0,50.0,1.0,46.7386,0,0.0,6.7325,1
18483578.1,11,,75,64,0,50.0,1.0,46.6386,0,0.0,6.7262,1
18484528.9,11,,75,64,0,50.0,1.0,46.5911,0,0.0,6.7233,1
18485578.1,11,,74,64,0,50.0,1.0,46.5386,0,0.0,6.72,1
18487578.1,11,,74,64,0,50.0,1.0,46.4386,0,0.0,6.7137,1
18489578.1,11,,74,64,0,50.0,1.0,46.3386,0,0.0,6.7075,1
18491578.1,11,,74,64,0,50.0,1.0,46.2386,0,0.0,6.7012,1
18493578.1,11,,74,64,0,50.0,1.0,46.1386,0,0.0,6.695,1
18495578.1,11,,74,64,0,50.0,1.0,46.0386,0,0.0,6.6887,1
18495670.0,11,,74,64,0,50.0,1.0,46.034,0,0.0,6.6885,1
18497578.1,11,,73,64,0,50.0,1.0,45.9386,0,0.0,6.6825,1
18499420.2,11,,73,64,0,50.0,1.0,45.8465,0,0.0,6.6767,1
18499578.1,11,,72,64,0,50.0,1.0,45.8386,0,0.0,6.6762,1
18501578.1,11,,72,64,0,50.0,1.0,45.7386,0,0.0,6.67,1
18502806.2,11,,72,64,0,50.0,1.0,45.6772,0,0.0,6.6662,1
18503578.1,11,,71,64,0,50.0,1.0,45.6386,0,0.0,6.6637,1
18505578.1,11,,71,64,0,50.0,1.0,45.5386,0,0.0,6.6575,1
18507578.1,11,,71,64,0,50.0,1.0,45.4386,0,0.0,6.6512,1
18509578.1,11,,71,64,0,50.0,1.0,45.3386,0,0.0,6.645,1
18511578.1,11,,71,64,0,50.0,1.0,45.2386,0,0.0,6.6387,1
18513578.1,11,,71,64,0,50.0,1.0,45.1386,0,0.0,6.6325,1
18515578.1,11,,71,64,0,50.0,1.0,45.0386,0,0.0,6.6262,1
18517578.1,11,,71,64,0,50.0,1.0,44.9386,0,0.0,6.62,1
18519578.1,11,,71,64,0,50.0,1.0,44.8386,0,0.0,6.6137,1
18521578.1,11,,71,64,0,50.0,1.0,44.7386,0,0.0,6.6075,1
18521975.5,11,,71,64,0,50.0,1.0,44.7188,0,0.0,6.6063,1
18523578.1,11,,70,64,0,50.0,1.0,44.6386,0,0.0,6.6012,1
18523896.0,11,,70,64,0,50.0,1.0,44.6227,0,0.0,6.6002,1
18525578.1,11,,69,64,0,50.0,1.0,44.5386,0,0.0,6.595,1
18527578.1,11,,69,64,0,50.0,1.0,44.4386,0,0.0,6.5887,1
18529578.1,11,,69,64,0,50.0,1.0,44.3386,0,0.0,6.5825,1
18529794.3,11,,69,64,0,50.0,1.0,44.3278,0,0.0,6.5818,1
18531578.1,11,,68,64,0,50.0,1.0,44.2386,0,0.0,6.5762,1
18533578.1,11,,68,64,0,50.0,1.0,44.1386,0,0.0,6.57,1
18535578.1,11,,68,64,0,50.0,1.0,44.0386,0,0.0,6.5637,1
18536757.5,11,,68,64,0,50.0,1.0,43.9797,0,0.0,6.5601,1
18537578.1,11,,67,64,0,50.0,1.0,43.9386,0,0.0,6.5575,1
18539578.1,11,,67,64,0,50.0,1.0,43.8386,0,0.0,6.5512,1
18541578.1,11,,67,64,0,50.0,1.0,43.7386,0,0.0,6.545,1
18543578.1,11,,67,64,0,50.0,1.0,43.6386,0,0.0,6.5387,1
18545578.1,11,,67,64,0,50.0,1.0,43.5386,0,0.0,6.5325,1
18547578.1,11,,67,64,0,50.0,1.0,43.4386,0,0.0,6.5262,1
18549578.1,11,,67,64,0,50.0,1.0,43.3386,0,0.0,6.52,1
18551029.8,11,,67,64,0,50.0,1.0,43.266,0,0.0,6.5155,1
18551578.1,11,,66,64,0,50.0,1.0,43.2386,0,0.0,6.5137,1
18553578.1,11,,66,64,0,50.0,1.0,43.1386,0,0.0,6.5075,1
18555578.1,11,,66,64,0,50.0,1.0,43.0386,0,0.0,6.5012,1
18557578.1,11,,66,64,0,50.0,1.0,42.9386,0,0.0,6.495,1
18559578.1,11,,66,64,0,50.0,1.0,42.8386,0,0.0,6.4887,1
18561578.1,11,,66,64,0,50.0,1.0,42.7386,0,0.0,6.4825,1
18563578.1,11,,66,64,0,50.0,1.0,42.6386,0,0.0,6.4762,1
18565147.3,11,,66,64,0,50.0,1.0,42.5602,0,0.0,6.4713,1
18565578.1,11,,65,64,0,50.0,1.0,42.5386,0,0.0,6.47,1
18567578.1,11,,65,64,0,50.0,1.0,42.4386,0,0.0,6.4637,1
18569578.1,11,,65,64,0,50.0,1.0,42.3386,0,0.0,6.4575,1
18571578.1,11,,65,64,0,50.0,1.0,42.2386,0,0.0,6.4512,1
18571919.4,11,,65,64,0,50.0,1.0,42.2216,0,0.0,6.4502,1
18573578.1,11,,64,64,0,50.0,1.0,42.1386,0,0.0,6.445,1
18575578.1,11,,64,64,0,50.0,1.0,42.0386,0,0.0,6.4387,1
18577578.1,11,,64,64,0,50.0,1.0,41.9386,0,0.0,6.4325,1
18579578.1,11,,64,64,0,50.0,1.0,41.8386,0,0.0,6.4262,1
18581578.1,11,,64,64,0,50.0,1.0,41.7386,0,0.0,6.42,1
18583578.1,11,,64,64,0,50.0,1.0,41.6386,0,0.0,6.4137,1
18585578.1,11,,64,64,0,50.0,1.0,41.5386,0,0.0,6.4075,1
18587578.1,11,,64,64,0,50.0,1.0,41.4386,0,0.0,6.4012,1
18589578.1,11,,64,64,0,50.0,1.0,41.3386,0,0.0,6.395,1
18591578.1,11,,64,64,0,50.0,1.0,41.2386,0,0.0,6.3887,1
18593578.1,11,,64,64,0,50.0,1.0,41.1386,0,0.0,6.3825,1
18595578.1,11,,64,64,0,50.0,1.0,41.0386,0,0.0,6.3762,1
18597578.1,11,,64,64,0,50.0,1.0,40.9386,0,0.0,6.37,1
18599578.1,11,,64,64,0,50.0,1.0,40.8386,0,0.0,6.3637,1
18601578.1,11,,64,64,0,50.0,1.0,40.7386,0,0.0,6.3575,1
18603578.1,11,,64,64,0,50.0,1.0,40.6386,0,0.0,6.3512,1
18605578.1,11,,64,64,0,50.0,1.0,40.5386,0,0.0,6.345,1
18607578.1,11,,64,64,0,50.0,1.0,40.4386,0,0.0,6.3387,1
18609578.1,11,,64,64,0,50.0,1.0,40.3386,0,0.0,6.3325,1
18611578.1,11,,64,64,0,50.0,1.0,40.2386,0,0.0,6.3262,1
18613578.1,11,,64,64,0,50.0,1.0,40.1386,0,0.0,6.32,1
18615578.1,11,,64,64,0,50.0,1.0,40.0386,0,0.0,6.3137,1
18617578.1,11,,64,64,0,50.0,1.0,39.9386,0,0.0,6.3075,1
18619578.1,11,,64,64,0,50.0,1.0,39.8386,0,0.0,6.3012,1
18621578.1,11,,64,64,0,50.0,1.0,39.7386,0,0.0,6.295,1
18623578.1,11,,64,64,0,50.0,1.0,39.6386,0,0.0,6.2887,1
18625578.1,11,,64,64,0,50.0,1.0,39.5386,0,0.0,6.2825,1
18627578.1,11,,64,64,0,50.0,1.0,39.4386,0,0.0,6.2762,1
18629578.1,11,,64,64,0,50.0,1.0,39.3386,0,0.0,6.27,1
18631578.1,11,,64,64,0,50.0,1.0,39.2386,0,0.0,6.2637,1
18633578.1,11,,64,64,0,50.0,1.0,39.1386,0,0.0,6.2575,1
18635578.1,11,,64,64,0,50.0,1.0,39.0386,0,0.0,6.2512,1
18635720.5,11,,64,64,0,50.0,1.0,39.0315,0,0.0,6.2508,1
18637578.1,11,,63,63,0,50.0,1.0,38.9386,0,0.0,6.2449,1
18639578.1,11,,63,63,0,50.0,1.0,38.8386,0,0.0,6.2385,1
18641578.1,11,,63,63,0,50.0,1.0,38.7386,0,0.0,6.2322,1
18643578.1,11,,63,63,0,50.0,1.0,38.6386,0,0.0,6.2258,1
18645578.1,11,,63,63,0,50.0,1.0,38.5386,0,0.0,6.2195,1
18647578.1,11,,63,63,0,50.0,1.0,38.4386,0,0.0,6.2131,1
18649578.1,11,,63,63,0,50.0,1.0,38.3386,0,0.0,6.2068,1
18651578.1,11,,63,63,0,50.0,1.0,38.2386,0,0.0,6.2004,1
18653578.1,11,,63,63,0,50.0,1.0,38.1386,0,0.0,6.1941,1
18655578.1,11,,63,63,0,50.0,1.0,38.0386,0,0.0,6.1877,1
18656822.6,11,,63,63,0,50.0,1.0,37.9764,0,0.0,6.1838,1
18657578.1,11,,62,62,0,50.0,1.0,37.9386,0,0.0,6.1813,1
18658142.5,11,,62,62,0,50.0,1.0,37.9104,0,0.0,6.1795,1
18659578.1,11,,61,61,0,50.0,1.0,37.8386,0,0.0,6.1748,1
18661578.1,11,,61,61,0,50.0,1.0,37.7386,0,0.0,6.1682,1
18663578.1,11,,61,61,0,50.0,1.0,37.6386,0,0.0,6.1617,1
18665578.1,11,,61,61,0,50.0,1.0,37.5386,0,0.0,6.1551,1
18667578.1,11,,61,61,0,50.0,1.0,37.4386,0,0.0,6.1485,1
18669578.1,11,,61,61,0,50.0,1.0,37.3386,0,0.0,6.142,1
18671578.1,11,,61,61,0,50.0,1.0,37.2386,0,0.0,6.1354,1
18673578.1,11,,61,61,0,50.0,1.0,37.1386,0,0.0,6.1288,1
18675578.1,11,,61,61,0,50.0,1.0,37.0386,0,0.0,6.1223,1
18677578.1,11,,61,61,0,50.0,1.0,36.9386,0,0.0,6.1157,1
18679578.1,11,,61,61,0,50.0,1.0,36.8386,0,0.0,6.1092,1
18681578.1,11,,61,61,0,50.0,1.0,36.7386,0,0.0,6.1026,1
18683578.1,11,,61,61,0,50.0,1.0,36.6386,0,0.0,6.096,1
18685578.1,11,,61,61,0,50.0,1.0,36.5386,0,0.0,6.0895,1
18687578.1,11,,61,61,0,50.0,1.0,36.4386,0,0.0,6.0829,1
18689578.1,11,,61,61,0,50.0,1.0,36.3386,0,0.0,6.0763,1
18691578.1,11,,61,61,0,50.0,1.0,36.2386,0,0.0,6.0698,1
18693578.1,11,,61,61,0,50.0,1.0,36.1386,0,0.0,6.0632,1
18695578.1,11,,61,61,0,50.0,1.0,36.0386,0,0.0,6.0567,1
18697578.1,11,,61,61,0,50.0,1.0,35.9386,0,0.0,6.0501,1
18699578.1,11,,61,61,0,50.0,1.0,35.8386,0,0.0,6.0435,1
18701578.1,11,,61,61,0,50.0,1.0,35.7386,0,0.0,6.037,1
18703578.1,11,,61,61,0,50.0,1.0,35.6386,0,0.0,6.0304,1
18705578.1,11,,61,61,0,50.0,1.0,35.5386,0,0.0,6.0238,1
18707578.1,11,,61,61,0,50.0,1.0,35.4386,0,0.0,6.0173,1
18709578.1,11,,61,61,0,50.0,1.0,35.3386,0,0.0,6.0107,1
18711578.1,11,,61,61,0,50.0,1.0,35.2386,0,0.0,6.0042,1
18713578.1,11,,61,61,0,50.0,1.0,35.1386,0,0.0,5.9976,1
18715578.1,11,,61,61,0,50.0,1.0,35.0386,0,0.0,5.991,1
18717578.1,11,,61,61,0,50.0,1.0,34.9386,0,0.0,5.9845,1
18719578.1,11,,61,61,0,50.0,1.0,34.8386,0,0.0,5.9779,1
18721578.1,11,,61,61,0,50.0,1.0,34.7386,0,0.0,5.9713,1
18723578.1,11,,61,61,0,50.0,1.0,34.6386,0,0.0,5.9648,1
18723654.2,11,,61,61,0,50.0,1.0,34.6348,0,0.0,5.9645,1
18725578.1,11,,60,60,0,50.0,1.0,34.5386,0,0.0,5.9581,1
18727578.1,11,,60,60,0,50.0,1.0,34.4386,0,0.0,5.9515,1
18729578.1,11,,60,60,0,50.0,1.0,34.3386,0,0.0,5.9448,1
18730550.6,11,,60,60,0,50.0,1.0,34.29,0,0.0,5.9415,1
18731578.1,11,,59,59,0,50.0,1.0,34.2386,0,0.0,5.9381,1
18733484.6,11,,59,59,0,50.0,1.0,34.1433,0,0.0,5.9316,1
18733578.1,11,,58,58,0,50.0,1.0,34.1386,0,0.0,5.9313,1
18735138.1,11,,58,58,0,50.0,1.0,34.0606,0,0.0,5.9259,1
18735578.1,11,,57,57,0,50.0,1.0,34.0386,0,0.0,5.9243,1
18737578.1,11,,57,57,0,50.0,1.0,33.9386,0,0.0,5.9173,1
18739578.1,11,,57,57,0,50.0,1.0,33.8386,0,0.0,5.9102,1
18741578.1,11,,57,57,0,50.0,1.0,33.7386,0,0.0,5.9032,1
18743578.1,11,,57,57,0,50.0,1.0,33.6386,0,0.0,5.8962,1
18743854.9,11,,57,57,0,50.0,1.0,33.6248,0,0.0,5.8952,1
18745578.1,11,,56,56,0,50.0,1.0,33.5386,0,0.0,5.889,1
18747578.1,11,,56,56,0,50.0,1.0,33.4386,0,0.0,5.8819,1
18749578.1,11,,56,56,0,50.0,1.0,33.3386,0,0.0,5.8747,1
18751578.1,11,,56,56,0,50.0,1.0,33.2386,0,0.0,5.8675,1
18753578.1,11,,56,56,0,50.0,1.0,33.1386,0,0.0,5.8604,1
18755578.1,11,,56,56,0,50.0,1.0,33.0386,0,0.0,5.8532,1
18757578.1,11,,56,56,0,50.0,1.0,32.9386,0,0.0,5.8461,1
18759578.1,11,,56,56,0,50.0,1.0,32.8386,0,0.0,5.8389,1
18761361.7,11,,56,56,0,50.0,1.0,32.7495,0,0.0,5.8325,1
18761578.1,11,,55,55,0,50.0,1.0,32.7386,0,0.0,5.8317,1
18763578.1,11,,55,55,0,50.0,1.0,32.6386,0,0.0,5.8244,1
18765578.1,11,,55,55,0,50.0,1.0,32.5386,0,0.0,5.8172,1
18767578.1,11,,55,55,0,50.0,1.0,32.4386,0,0.0,5.8099,1
18769578.1,11,,55,55,0,50.0,1.0,32.3386,0,0.0,5.8026,1
18770184.8,11,,55,55,0,50.0,1.0,32.3083,0,0.0,5.8004,1
18771578.1,11,,53,53,0,50.0,1.0,32.2386,0,0.0,5.7951,1
18773578.1,11,,53,53,0,50.0,1.0,32.1386,0,0.0,5.7875,1
18775578.1,11,,53,53,0,50.0,1.0,32.0386,0,0.0,5.78,1
18777578.1,11,,53,53,0,50.0,1.0,31.9386,0,0.0,5.7724,1
18779578.1,11,,53,53,0,50.0,1.0,31.8386,0,0.0,5.7648,1
18781578.1,11,,53,53,0,50.0,1.0,31.7386,0,0.0,5.7572,1
18783578.1,11,,53,53,0,50.0,1.0,31.6386,0,0.0,5.7496,1
18785578.1,11,,53,53,0,50.0,1.0,31.5386,0,0.0,5.7421,1
18787578.1,11,,53,53,0,50.0,1.0,31.4386,0,0.0,5.7345,1
18789578.1,11,,53,53,0,50.0,1.0,31.3386,0,0.0,5.7269,1
18791578.1,11,,53,53,0,50.0,1.0,31.2386,0,0.0,5.7193,1
18793578.1,11,,53,53,0,50.0,1.0,31.1386,0,0.0,5.7118,1
18795578.1,11,,53,53,0,50.0,1.0,31.0386,0,0.0,5.7042,1
18797578.1,11,,53,53,0,50.0,1.0,30.9386,0,0.0,5.6966,1
18799578.1,11,,53,53,0,50.0,1.0,30.8386,0,0.0,5.689,1
18801578.1,11,,53,53,0,50.0,1.0,30.7386,0,0.0,5.6814,1
18802649.4,11,,53,53,0,50.0,1.0,30.6851,0,0.0,5.6774,1
18803578.1,11,,52,52,0,50.0,1.0,30.6386,0,0.0,5.6738,1
18805578.1,11,,52,52,0,50.0,1.0,30.5386,0,0.0,5.6661,1
18806909.2,11,,52,52,0,50.0,1.0,30.4721,0,0.0,5.6609,1
18807578.1,11,,51,51,0,50.0,1.0,30.4386,0,0.0,5.6583,1
18808080.2,11,,51,51,0,50.0,1.0,30.4135,0,0.0,5.6563,1
18809578.1,11,,50,50,0,50.0,1.0,30.3386,0,0.0,5.6503,1
18811578.1,11,,50,50,0,50.0,1.0,30.2386,0,0.0,5.6423,1
18813578.1,11,,50,50,0,50.0,1.0,30.1386,0,0.0,5.6343,1
18815578.1,11,,50,50,0,50.0,1.0,30.0386,0,0.0,5.6263,1
18817578.1,11,,50,50,0,50.0,1.0,29.9386,0,0.0,5.6183,1
18819578.1,11,,50,50,0,50.0,1.0,29.8386,0,0.0,5.6103,1
18821578.1,11,,50,50,0,50.0,1.0,29.7386,0,0.0,5.6023,1
18823578.1,11,,50,50,0,50.0,1.0,29.6386,0,0.0,5.5942,1
18825578.1,11,,50,50,0,50.0,1.0,29.5386,0,0.0,5.5862,1
18827578.1,11,,50,50,0,50.0,1.0,29.4386,0,0.0,5.5782,1
18829379.4,11,,50,50,0,50.0,1.0,29.3486,0,0.0,5.571,1
18829578.1,11,,49,49,0,50.0,1.0,29.3386,0,0.0,5.5702,1
18831578.1,11,,49,49,0,50.0,1.0,29.2386,0,0.0,5.562,1
18833578.1,11,,49,49,0,50.0,1.0,29.1386,0,0.0,5.5538,1
18835578.1,11,,49,49,0,50.0,1.0,29.0386,0,0.0,5.5457,1
18837578.1,11,,49,49,0,50.0,1.0,28.9386,0,0.0,5.5375,1
18839578.1,11,,49,49,0,50.0,1.0,28.8386,0,0.0,5.5293,1
18841578.1,11,,49,49,0,50.0,1.0,28.7386,0,0.0,5.5212,1
18841634.1,11,,49,49,0,50.0,1.0,28.7358,0,0.0,5.5209,1
18843578.1,11,,48,48,0,50.0,1.0,28.6386,0,0.0,5.5128,1
18845578.1,11,,48,48,0,50.0,1.0,28.5386,0,0.0,5.5045,1
18847578.1,11,,48,48,0,50.0,1.0,28.4386,0,0.0,5.4962,1
18849578.1,11,,48,48,0,50.0,1.0,28.3386,0,0.0,5.4878,1
18851578.1,11,,48,48,0,50.0,1.0,28.2386,0,0.0,5.4795,1
18853578.1,11,,48,48,0,50.0,1.0,28.1386,0,0.0,5.4712,1
18855578.1,11,,48,48,0,50.0,1.0,28.0386,0,0.0,5.4628,1
18857578.1,11,,48,48,0,50.0,1.0,27.9386,0,0.0,5.4545,1
18859578.1,11,,48,48,0,50.0,1.0,27.8386,0,0.0,5.4462,1
18861578.1,11,,48,48,0,50.0,1.0,27.7386,0,0.0,5.4378,1
18863578.1,11,,48,48,0,50.0,1.0,27.6386,0,0.0,5.4295,1
18865578.1,11,,48,48,0,50.0,1.0,27.5386,0,0.0,5.4212,1
18867578.1,11,,48,48,0,50.0,1.0,27.4386,0,0.0,5.4128,1
18869578.1,11,,48,48,0,50.0,1.0,27.3386,0,0.0,5.4045,1
18871578.1,11,,48,48,0,50.0,1.0,27.2386,0,0.0,5.3962,1
18873578.1,11,,48,48,0,50.0,1.0,27.1386,0,0.0,5.3878,1
18875578.1,11,,48,48,0,50.0,1.0,27.0386,0,0.0,5.3795,1
18877578.1,11,,48,48,0,50.0,1.0,26.9386,0,0.0,5.3712,1
18879578.1,11,,48,48,0,50.0,1.0,26.8386,0,0.0,5.3628,1
18880285.3,11,,48,48,0,50.0,1.0,26.8033,0,0.0,5.3599,1
18881578.1,11,,47,47,0,50.0,1.0,26.7386,0,0.0,5.3544,1
18883578.1,11,,47,47,0,50.0,1.0,26.6386,0,0.0,5.3458,1
18885578.1,11,,47,47,0,50.0,1.0,26.5386,0,0.0,5.3373,1
18887578.1,11,,47,47,0,50.0,1.0,26.4386,0,0.0,5.3288,1
18889578.1,11,,47,47,0,50.0,1.0,26.3386,0,0.0,5.3203,1
18891578.1,11,,47,47,0,50.0,1.0,26.2386,0,0.0,5.3118,1
18892293.9,11,,47,47,0,50.0,1.0,26.2028,0,0.0,5.3087,1
18892752.2,11,,46,46,0,50.0,1.0,26.1799,0,0.0,5.3067,1
18893578.1,11,,45,45,0,50.0,1.0,26.1386,0,0.0,5.303,1
18895578.1,11,,45,45,0,50.0,1.0,26.0386,0,0.0,5.2941,1
18897578.1,11,,45,45,0,50.0,1.0,25.9386,0,0.0,5.2852,1
18899578.1,11,,45,45,0,50.0,1.0,25.8386,0,0.0,5.2763,1
18901578.1,11,,45,45,0,50.0,1.0,25.7386,0,0.0,5.2674,1
18903578.1,11,,45,45,0,50.0,1.0,25.6386,0,0.0,5.2585,1
18905578.1,11,,45,45,0,50.0,1.0,25.5386,0,0.0,5.2496,1
18907578.1,11,,45,45,0,50.0,1.0,25.4386,0,0.0,5.2407,1
18909578.1,11,,45,45,0,50.0,1.0,25.3386,0,0.0,5.2318,1
18911578.1,11,,45,45,0,50.0,1.0,25.2386,0,0.0,5.2229,1
18913578.1,11,,45,45,0,50.0,1.0,25.1386,0,0.0,5.214,1
18914379.1,11,,45,45,0,50.0,1.0,25.0986,0,0.0,5.2105,1
18915578.1,11,,44,44,0,50.0,1.0,25.0386,0,0.0,5.205,1
18917578.1,11,,44,44,0,50.0,1.0,24.9386,0,0.0,5.1959,1
18919578.1,11,,44,44,0,50.0,1.0,24.8386,0,0.0,5.1867,1
18920932.7,11,,44,44,0,50.0,1.0,24.7709,0,0.0,5.1805,1
18921578.1,11,,43,43,0,50.0,1.0,24.7386,0,0.0,5.1775,1
18923578.1,11,,43,43,0,50.0,1.0,24.6386,0,0.0,5.1681,1
18925578.1,11,,43,43,0,50.0,1.0,24.5386,0,0.0,5.1587,1
18927578.1,11,,43,43,0,50.0,1.0,24.4386,0,0.0,5.1493,1
18929578.1,11,,43,43,0,50.0,1.0,24.3386,0,0.0,5.1399,1
18931578.1,11,,43,43,0,50.0,1.0,24.2386,0,0.0,5.1305,1
18933578.1,11,,43,43,0,50.0,1.0,24.1386,0,0.0,5.1211,1
18935578.1,11,,43,43,0,50.0,1.0,24.0386,0,0.0,5.1117,1
18937578.1,11,,43,43,0,50.0,1.0,23.9386,0,0.0,5.1023,1
18939578.1,11,,43,43,0,50.0,1.0,23.8386,0,0.0,5.0928,1
18941578.1,11,,43,43,0,50.0,1.0,23.7386,0,0.0,5.0834,1
18943578.1,11,,43,43,0,50.0,1.0,23.6386,0,0.0,5.074,1
18945578.1,11,,43,43,0,50.0,1.0,23.5386,0,0.0,5.0646,1
18947578.1,11,,43,43,0,50.0,1.0,23.4386,0,0.0,5.0552,1
18949578.1,11,,43,43,0,50.0,1.0,23.3386,0,0.0,5.0458,1
18951578.1,11,,43,43,0,50.0,1.0,23.2386,0,0.0,5.0364,1
18952374.9,11,,43,43,0,50.0,1.0,23.1988,0,0.0,5.0327,1
18953578.1,11,,42,42,0,50.0,1.0,23.1386,0,0.0,5.0269,1
18955578.1,11,,42,42,0,50.0,1.0,23.0386,0,0.0,5.0172,1
18957578.1,11,,42,42,0,50.0,1.0,22.9386,0,0.0,5.0076,1
18959578.1,11,,42,42,0,50.0,1.0,22.8386,0,0.0,4.998,1
18961578.1,11,,42,42,0,50.0,1.0,22.7386,0,0.0,4.9883,1
18963578.1,11,,42,42,0,50.0,1.0,22.6386,0,0.0,4.9787,1
18965578.1,11,,42,42,0,50.0,1.0,22.5386,0,0.0,4.9691,1
18967578.1,11,,42,42,0,50.0,1.0,22.4386,0,0.0,4.9594,1
18967988.0,11,,42,42,0,50.0,1.0,22.4181,0,0.0,4.9575,1
18969578.1,11,,41,41,0,50.0,1.0,22.3386,0,0.0,4.9496,1
18971264.8,11,,41,41,0,50.0,1.0,22.2543,0,0.0,4.9413,1
18971578.1,11,,40,40,0,50.0,1.0,22.2386,0,0.0,4.9397,1
18973578.1,11,,40,40,0,50.0,1.0,22.1386,0,0.0,4.9296,1
18975578.1,11,,40,40,0,50.0,1.0,22.0386,0,0.0,4.9194,1
18975992.1,11,,40,40,0,50.0,1.0,22.0179,0,0.0,4.9173,1
18977578.1,11,,39,39,0,50.0,1.0,21.9386,0,0.0,4.9091,1
18979578.1,11,,39,39,0,50.0,1.0,21.8386,0,0.0,4.8988,1
18981578.1,11,,39,39,0,50.0,1.0,21.7386,0,0.0,4.8885,1
18983578.1,11,,39,39,0,50.0,1.0,21.6386,0,0.0,4.8782,1
18985578.1,11,,39,39,0,50.0,1.0,21.5386,0,0.0,4.8678,1
18985813.3,11,,39,39,0,50.0,1.0,21.5269,0,0.0,4.8666,1
18987578.1,11,,38,38,0,50.0,1.0,21.4386,0,0.0,4.8572,1
18989578.1,11,,38,38,0,50.0,1.0,21.3386,0,0.0,4.8465,1
18991578.1,11,,38,38,0,50.0,1.0,21.2386,0,0.0,4.8358,1
18991696.5,11,,38,38,0,50.0,1.0,21.2327,0,0.0,4.8352,1
18993578.1,11,,37,37,0,50.0,1.0,21.1386,0,0.0,4.8249,1
18995578.1,11,,37,37,0,50.0,1.0,21.0386,0,0.0,4.814,1
18997578.1,11,,37,37,0,50.0,1.0,20.9386,0,0.0,4.803,1
18999578.1,11,,37,37,0,50.0,1.0,20.8386,0,0.0,4.792,1
19001578.1,11,,37,37,0,50.0,1.0,20.7386,0,0.0,4.7811,1
19003578.1,11,,37,37,0,50.0,1.0,20.6386,0,0.0,4.7701,1
19005578.1,11,,37,37,0,50.0,1.0,20.5386,0,0.0,4.7592,1
19007578.1,11,,37,37,0,50.0,1.0,20.4386,0,0.0,4.7482,1
19009578.1,11,,37,37,0,50.0,1.0,20.3386,0,0.0,4.7373,1
19011578.1,11,,37,37,0,50.0,1.0,20.2386,0,0.0,4.7263,1
19013578.1,11,,37,37,0,50.0,1.0,20.1386,0,0.0,4.7154,1
19015578.1,11,,37,37,0,50.0,1.0,20.0386,0,0.0,4.7044,1
19015641.4,11,,37,37,0,50.0,1.0,20.0355,0,0.0,4.7041,1
19017578.1,11,,36,36,0,50.0,1.0,19.9386,0,0.0,4.6932,1
19019578.1,11,,36,36,0,50.0,1.0,19.8386,0,0.0,4.6821,1
19021578.1,11,,36,36,0,50.0,1.0,19.7386,0,0.0,4.6709,1
19023578.1,11,,36,36,0,50.0,1.0,19.6386,0,0.0,4.6597,1
19025578.1,11,,36,36,0,50.0,1.0,19.5386,0,0.0,4.6485,1
19027578.1,11,,36,36,0,50.0,1.0,19.4386,0,0.0,4.6373,1
19029578.1,11,,36,36,0,50.0,1.0,19.3386,0,0.0,4.6262,1
19031578.1,11,,36,36,0,50.0,1.0,19.2386,0,0.0,4.615,1
19033578.1,11,,36,36,0,50.0,1.0,19.1386,0,0.0,4.6038,1
19035578.1,11,,36,36,0,50.0,1.0,19.0386,0,0.0,4.5926,1
19037578.1,11,,36,36,0,50.0,1.0,18.9386,0,0.0,4.5814,1
19039578.1,11,,36,36,0,50.0,1.0,18.8386,0,0.0,4.5703,1
19041578.1,11,,36,36,0,50.0,1.0,18.7386,0,0.0,4.5591,1
19043578.1,11,,36,36,0,50.0,1.0,18.6386,0,0.0,4.5479,1
19045578.1,11,,36,36,0,50.0,1.0,18.5386,0,0.0,4.5367,1
19047578.1,11,,36,36,0,50.0,1.0,18.4386,0,0.0,4.5255,1
19049578.1,11,,36,36,0,50.0,1.0,18.3386,0,0.0,4.5144,1
19051578.1,11,,36,36,0,50.0,1.0,18.2386,0,0.0,4.5032,1
19053578.1,11,,36,36,0,50.0,1.0,18.1386,0,0.0,4.492,1
19053628.0,11,,36,36,0,50.0,1.0,18.1361,0,0.0,4.4917,1
19055578.1,11,,35,35,0,50.0,1.0,18.0386,0,0.0,4.4805,1
19057578.1,11,,35,35,0,50.0,1.0,17.9386,0,0.0,4.4689,1
19059578.1,11,,35,35,0,50.0,1.0,17.8386,0,0.0,4.4574,1
19061578.1,11,,35,35,0,50.0,1.0,17.7386,0,0.0,4.4459,1
19063578.1,11,,35,35,0,50.0,1.0,17.6386,0,0.0,4.4344,1
19065578.1,11,,35,35,0,50.0,1.0,17.5386,0,0.0,4.4228,1
19067578.1,11,,35,35,0,50.0,1.0,17.4386,0,0.0,4.4113,1
19069578.1,11,,35,35,0,50.0,1.0,17.3386,0,0.0,4.3998,1
19071578.1,11,,35,35,0,50.0,1.0,17.2386,0,0.0,4.3883,1
19073578.1,11,,35,35,0,50.0,1.0,17.1386,0,0.0,4.3767,1
19074484.0,11,,35,35,0,50.0,1.0,17.0933,0,0.0,4.3715,1
19075578.1,11,,34,34,0,50.0,1.0,17.0386,0,0.0,4.365,1
19077578.1,11,,34,34,0,50.0,1.0,16.9386,0,0.0,4.3531,1
19079578.1,11,,34,34,0,50.0,1.0,16.8386,0,0.0,4.3413,1
19081578.1,11,,34,34,0,50.0,1.0,16.7386,0,0.0,4.3294,1
19083578.1,11,,34,34,0,50.0,1.0,16.6386,0,0.0,4.3175,1
19085578.1,11,,34,34,0,50.0,1.0,16.5386,0,0.0,4.3056,1
19087578.1,11,,34,34,0,50.0,1.0,16.4386,0,0.0,4.2938,1
19089578.1,11,,34,34,0,50.0,1.0,16.3386,0,0.0,4.2819,1
19091007.8,11,,34,34,0,50.0,1.0,16.2671,0,0.0,4.2734,1
19091578.1,11,,33,33,0,50.0,1.0,16.2386,0,0.0,4.2699,1
19093578.1,11,,33,33,0,50.0,1.0,16.1386,0,0.0,4.2578,1
19095578.1,11,,33,33,0,50.0,1.0,16.0386,0,0.0,4.2456,1
19097578.1,11,,33,33,0,50.0,1.0,15.9386,0,0.0,4.2335,1
19099578.1,11,,33,33,0,50.0,1.0,15.8386,0,0.0,4.2213,1
19101578.1,11,,33,33,0,50.0,1.0,15.7386,0,0.0,4.2092,1
19103578.1,11,,33,33,0,50.0,1.0,15.6386,0,0.0,4.197,1
19105578.1,11,,33,33,0,50.0,1.0,15.5386,0,0.0,4.1849,1
19107578.1,11,,33,33,0,50.0,1.0,15.4386,0,0.0,4.1727,1
19109578.1,11,,33,33,0,50.0,1.0,15.3386,0,0.0,4.1606,1
19111578.1,11,,33,33,0,50.0,1.0,15.2386,0,0.0,4.1484,1
19113578.1,11,,33,33,0,50.0,1.0,15.1386,0,0.0,4.1362,1
19115578.1,11,,33,33,0,50.0,1.0,15.0386,0,0.0,4.1241,1
19117578.1,11,,33,33,0,50.0,1.0,14.9386,0,0.0,4.1119,1
19119578.1,11,,33,33,0,50.0,1.0,14.8386,0,0.0,4.0998,1
19121578.1,11,,33,33,0,50.0,1.0,14.7386,0,0.0,4.0876,1
19123578.1,11,,33,33,0,50.0,1.0,14.6386,0,0.0,4.0755,1
19125578.1,11,,33,33,0,50.0,1.0,14.5386,0,0.0,4.0633,1
19127578.1,11,,33,33,0,50.0,1.0,14.4386,0,0.0,4.0512,1
19129578.1,11,,33,33,0,50.0,1.0,14.3386,0,0.0,4.039,1
19131578.1,11,,33,33,0,50.0,1.0,14.2386,0,0.0,4.0269,1
19133578.1,11,,33,33,0,50.0,1.0,14.1386,0,0.0,4.0147,1
19135235.4,11,,33,33,0,50.0,1.0,14.0558,0,0.0,4.0046,1
19135578.1,11,,32,32,0,50.0,1.0,14.0386,0,0.0,4.0025,1
19137578.1,11,,32,32,0,50.0,1.0,13.9386,0,0.0,3.9899,1
19139578.1,11,,32,32,0,50.0,1.0,13.8386,0,0.0,3.9773,1
19141578.1,11,,32,32,0,50.0,1.0,13.7386,0,0.0,3.9647,1
19143578.1,11,,32,32,0,50.0,1.0,13.6386,0,0.0,3.9521,1
19145578.1,11,,32,32,0,50.0,1.0,13.5386,0,0.0,3.9395,1
19147578.1,11,,32,32,0,50.0,1.0,13.4386,0,0.0,3.9269,1
19149578.1,11,,32,32,0,50.0,1.0,13.3386,0,0.0,3.9143,1
19151578.1,11,,32,32,0,50.0,1.0,13.2386,0,0.0,3.9017,1
19153578.1,11,,32,32,0,50.0,1.0,13.1386,0,0.0,3.8891,1
19155578.1,11,,32,32,0,50.0,1.0,13.0386,0,0.0,3.8765,1
19155888.4,11,,32,32,0,50.0,1.0,13.0231,0,0.0,3.8745,1
19157578.1,11,,31,31,0,50.0,1.0,12.9386,0,0.0,3.8636,1
19159578.1,11,,31,31,0,50.0,1.0,12.8386,0,0.0,3.8507,1
19161578.1,11,,31,31,0,50.0,1.0,12.7386,0,0.0,3.8377,1
19163578.1,11,,31,31,0,50.0,1.0,12.6386,0,0.0,3.8248,1
19165578.1,11,,31,31,0,50.0,1.0,12.5386,0,0.0,3.8118,1
19167578.1,11,,31,31,0,50.0,1.0,12.4386,0,0.0,3.7989,1
19169578.1,11,,31,31,0,50.0,1.0,12.3386,0,0.0,3.7859,1
19171578.1,11,,31,31,0,50.0,1.0,12.2386,0,0.0,3.773,1
19173578.1,11,,31,31,0,50.0,1.0,12.1386,0,0.0,3.76,1
19175578.1,11,,31,31,0,50.0,1.0,12.0386,0,0.0,3.7471,1
19177578.1,11,,31,31,0,50.0,1.0,11.9386,0,0.0,3.7341,1
19179578.1,11,,31,31,0,50.0,1.0,11.8386,0,0.0,3.7212,1
19181578.1,11,,31,31,0,50.0,1.0,11.7386,0,0.0,3.7082,1
19183578.1,11,,31,31,0,50.0,1.0,11.6386,0,0.0,3.6953,1
19185578.1,11,,31,31,0,50.0,1.0,11.5386,0,0.0,3.6824,1
19187578.1,11,,31,31,0,50.0,1.0,11.4386,0,0.0,3.6694,1
19189578.1,11,,31,31,0,50.0,1.0,11.3386,0,0.0,3.6565,1
19191578.1,11,,31,31,0,50.0,1.0,11.2386,0,0.0,3.6435,1
19193578.1,11,,31,31,0,50.0,1.0,11.1386,0,0.0,3.6306,1
19195578.1,11,,31,31,0,50.0,1.0,11.0386,0,0.0,3.6176,1
19197578.1,11,,31,31,0,50.0,1.0,10.9386,0,0.0,3.6047,1
19199578.1,11,,31,31,0,50.0,1.0,10.8386,0,0.0,3.5917,1
19201578.1,11,,31,31,0,50.0,1.0,10.7386,0,0.0,3.5788,1
19203578.1,11,,31,31,0,50.0,1.0,10.6386,0,0.0,3.5658,1
19205578.1,11,,31,31,0,50.0,1.0,10.5386,0,0.0,3.5529,1
19207578.1,11,,31,31,0,50.0,1.0,10.4386,0,0.0,3.5399,1
19209578.1,11,,31,31,0,50.0,1.0,10.3386,0,0.0,3.527,1
19211578.1,11,,31,31,0,50.0,1.0,10.2386,0,0.0,3.5141,1
19213578.1,11,,31,31,0,50.0,1.0,10.1386,0,0.0,3.5011,1
19215578.1,11,,31,31,0,50.0,1.0,10.0386,0,0.0,3.4882,1
19217578.1,11,,31,31,0,50.0,1.0,9.9386,0,0.0,3.4752,1
19219578.1,11,,31,31,0,50.0,1.0,9.8386,0,0.0,3.4623,1
19221578.1,11,,31,31,0,50.0,1.0,9.7386,0,0.0,3.4493,1
19223578.1,11,,31,31,0,50.0,1.0,9.6386,0,0.0,3.4364,1
19224692.1,11,,31,31,0,50.0,1.0,9.5829,0,0.0,3.4292,1
19225578.1,11,,30,30,0,50.0,1.0,9.5386,0,0.0,3.4232,1
19227578.1,11,,30,30,0,50.0,1.0,9.4386,0,0.0,3.4096,1
19229578.1,11,,30,30,0,50.0,1.0,9.3386,0,0.0,3.3961,1
19231578.1,11,,30,30,0,50.0,1.0,9.2386,0,0.0,3.3825,1
19231885.9,11,,30,30,0,50.0,1.0,9.2232,0,0.0,3.3805,1
19233578.1,11,,29,29,0,50.0,1.0,9.1386,0,0.0,3.3686,1
19235578.1,11,,29,29,0,50.0,1.0,9.0386,0,0.0,3.3546,1
19236488.5,11,,29,29,0,50.0,1.0,8.9931,0,0.0,3.3483,1
19237578.1,11,,28,28,0,50.0,1.0,8.9386,0,0.0,3.3402,1
19239578.1,11,,28,28,0,50.0,1.0,8.8386,0,0.0,3.3254,1
19239765.3,11,,28,28,0,50.0,1.0,8.8293,0,0.0,3.324,1
19241578.1,11,,27,27,0,50.0,1.0,8.7386,0,0.0,3.3094,1
19243578.1,11,,27,27,0,50.0,1.0,8.6386,0,0.0,3.2933,1
19245578.1,11,,27,27,0,50.0,1.0,8.5386,0,0.0,3.2773,1
19247578.1,11,,27,27,0,50.0,1.0,8.4386,0,0.0,3.2612,1
19249578.1,11,,27,27,0,50.0,1.0,8.3386,0,0.0,3.2451,1
19251578.1,11,,27,27,0,50.0,1.0,8.2386,0,0.0,3.2291,1
19253578.1,11,,27,27,0,50.0,1.0,8.1386,0,0.0,3.213,1
19255578.1,11,,27,27,0,50.0,1.0,8.0386,0,0.0,3.1969,1
19257578.1,11,,27,27,0,50.0,1.0,7.9386,0,0.0,3.1808,1
19259578.1,11,,27,27,0,50.0,1.0,7.8386,0,0.0,3.1648,1
19260606.3,11,,27,27,0,50.0,1.0,7.7872,0,0.0,3.1565,1
19261578.1,11,,26,26,0,50.0,1.0,7.7386,0,0.0,3.1485,1
19263578.1,11,,26,26,0,50.0,1.0,7.6386,0,0.0,3.132,1
19265578.1,11,,26,26,0,50.0,1.0,7.5386,0,0.0,3.1154,1
19267578.1,11,,26,26,0,50.0,1.0,7.4386,0,0.0,3.0989,1
19269578.1,11,,26,26,0,50.0,1.0,7.3386,0,0.0,3.0824,1
19271578.1,11,,26,26,0,50.0,1.0,7.2386,0,0.0,3.0659,1
19273578.1,11,,26,26,0,50.0,1.0,7.1386,0,0.0,3.0494,1
19275578.1,11,,26,26,0,50.0,1.0,7.0386,0,0.0,3.0329,1
19277578.1,11,,26,26,0,50.0,1.0,6.9386,0,0.0,3.0163,1
19279578.1,11,,26,26,0,50.0,1.0,6.8386,0,0.0,2.9998,1
19281578.1,11,,26,26,0,50.0,1.0,6.7386,0,0.0,2.9833,1
19281717.5,11,,26,26,0,50.0,1.0,6.7317,0,0.0,2.9822,1
19283578.1,11,,25,25,0,50.0,1.0,6.6386,0,0.0,2.9664,1
19285578.1,11,,25,25,0,50.0,1.0,6.5386,0,0.0,2.9494,1
19287578.1,11,,25,25,0,50.0,1.0,6.4386,0,0.0,2.9324,1
19289578.1,11,,25,25,0,50.0,1.0,6.3386,0,0.0,2.9155,1
19290425.1,11,,25,25,0,50.0,1.0,6.2963,0,0.0,2.9083,1
19291578.1,11,,24,24,0,50.0,1.0,6.2386,0,0.0,2.8982,1
19293504.9,11,,24,24,0,50.0,1.0,6.1423,0,0.0,2.8813,1
19293578.1,11,,23,23,0,50.0,1.0,6.1386,0,0.0,2.8806,1
19295356.6,11,,23,23,0,50.0,1.0,6.0497,0,0.0,2.8639,1
19295578.1,11,,21,21,0,50.0,1.0,6.0386,0,0.0,2.8617,1
19295962.5,11,,21,21,0,50.0,1.0,6.0194,0,0.0,2.8578,1
19297578.1,11,,20,20,0,50.0,1.0,5.9386,0,0.0,2.8402,1
19297956.3,11,,20,20,0,50.0,1.0,5.9197,0,0.0,2.8361,1
19299578.1,11,,19,19,0,50.0,1.0,5.8386,0,0.0,2.818,1
19301578.1,11,,19,19,0,50.0,1.0,5.7386,0,0.0,2.7956,1
19303016.2,11,,19,19,0,50.0,1.0,5.6667,0,0.0,2.7795,1
19303578.1,11,,18,18,0,50.0,1.0,5.6386,0,0.0,2.773,1
19305578.1,11,,18,18,0,50.0,1.0,5.5386,0,0.0,2.7496,1
19307578.1,11,,18,18,0,50.0,1.0,5.4386,0,0.0,2.7263,1
19309578.1,11,,18,18,0,50.0,1.0,5.3386,0,0.0,2.703,1
19309998.5,11,,18,18,0,50.0,1.0,5.3176,0,0.0,2.6981,1
19311578.1,11,,17,17,0,50.0,1.0,5.2386,0,0.0,2.6789,1
19313578.1,11,,17,17,0,50.0,1.0,5.1386,0,0.0,2.6546,1
19315578.1,11,,17,17,0,50.0,1.0,5.0386,0,0.0,2.6303,1
19317578.1,11,,17,17,0,50.0,1.0,4.9386,0,0.0,2.606,1
19319578.1,11,,17,17,0,50.0,1.0,4.8386,0,0.0,2.5817,1
19321467.3,11,,17,17,0,50.0,1.0,4.7442,0,0.0,2.5588,1
19321578.1,11,,16,16,0,50.0,1.0,4.7386,0,0.0,2.5574,1
19323578.1,11,,16,16,0,50.0,1.0,4.6386,0,0.0,2.5317,1
19325578.1,11,,16,16,0,50.0,1.0,4.5386,0,0.0,2.5059,1
19327578.1,11,,16,16,0,50.0,1.0,4.4386,0,0.0,2.4802,1
19329578.1,11,,16,16,0,50.0,1.0,4.3386,0,0.0,2.4545,1
19331578.1,11,,16,16,0,50.0,1.0,4.2386,0,0.0,2.4288,1
19333578.1,11,,16,16,0,50.0,1.0,4.1386,0,0.0,2.4031,1
19335578.1,11,,16,16,0,50.0,1.0,4.0386,0,0.0,2.3774,1
19337422.6,11,,16,16,0,50.0,1.0,3.9464,0,0.0,2.3537,1
19337578.1,11,,15,15,0,50.0,1.0,3.9386,0,0.0,2.3515,1
19339578.1,11,,15,15,0,50.0,1.0,3.8386,0,0.0,2.3244,1
19341578.1,11,,15,15,0,50.0,1.0,3.7386,0,0.0,2.2973,1
19342010.1,11,,15,15,0,50.0,1.0,3.717,0,0.0,2.2914,1
19343578.1,11,,14,14,0,50.0,1.0,3.6386,0,0.0,2.2691,1
19345578.1,11,,14,14,0,50.0,1.0,3.5386,0,0.0,2.2406,1
19347578.1,11,,14,14,0,50.0,1.0,3.4386,0,0.0,2.2121,1
19349578.1,11,,14,14,0,50.0,1.0,3.3386,0,0.0,2.1836,1
19349752.2,11,,14,14,0,50.0,1.0,3.3299,0,0.0,2.1811,1
19350809.1,11,,13,13,0,50.0,1.0,3.2771,0,0.0,2.1652,1
19351578.1,11,,12,12,0,50.0,1.0,3.2386,0,0.0,2.1531,1
19353578.1,11,,12,12,0,50.0,1.0,3.1386,0,0.0,2.1215,1
19354070.8,11,,12,12,0,50.0,1.0,3.114,0,0.0,2.1137,1
19355556.0,11,,11,11,0,50.0,1.0,3.0397,0,0.0,2.0875,1
19355578.1,11,,10,10,0,50.0,1.0,3.0386,0,0.0,2.0871,1
19357578.1,11,,10,10,0,50.0,1.0,2.9386,0,0.0,2.0507,1
19357798.4,11,,10,10,0,50.0,1.0,2.9276,0,0.0,2.0467,1
19359198.8,11,,9,9,0,50.0,1.0,2.8576,0,0.0,2.0178,1
19359578.1,11,,8,8,0,50.0,1.0,2.8386,0,0.0,2.0096,1
19361578.1,11,,8,8,0,50.0,1.0,2.7386,0,0.0,1.9668,1
19363578.1,11,,8,8,0,50.0,1.0,2.6386,0,0.0,1.9239,1
19365578.1,11,,8,8,0,50.0,1.0,2.5386,0,0.0,1.8811,1
19367578.1,11,,8,8,0,50.0,1.0,2.4386,0,0.0,1.8382,1
19368947.3,11,,8,8,0,50.0,1.0,2.3702,0,0.0,1.8089,1
19369578.1,11,,7,7,0,50.0,1.0,2.3386,0,0.0,1.7931,1
19371578.1,11,,7,7,0,50.0,1.0,2.2386,0,0.0,1.7431,1
19373578.1,11,,7,7,0,50.0,1.0,2.1386,0,0.0,1.6931,1
19375578.1,11,,7,7,0,50.0,1.0,2.0386,0,0.0,1.6431,1
19377578.1,11,,7,7,0,50.0,1.0,1.9386,0,0.0,1.5931,1
19379578.1,11,,7,7,0,50.0,1.0,1.8386,0,0.0,1.5431,1
19381578.1,11,,7,7,0,50.0,1.0,1.7386,0,0.0,1.4931,1
19383578.1,11,,7,7,0,50.0,1.0,1.6386,0,0.0,1.4431,1
19383926.1,11,,7,7,0,50.0,1.0,1.6212,0,0.0,1.4344,1
19385578.1,11,,6,6,0,50.0,1.0,1.5386,0,0.0,1.3931,1
19387578.1,11,,6,6,0,50.0,1.0,1.4386,0,0.0,1.3431,1
19389578.1,11,,6,6,0,50.0,1.0,1.3386,0,0.0,1.2931,1
19389668.9,11,,6,6,0,50.0,1.0,1.3341,0,0.0,1.2908,1
19391578.1,11,,5,5,0,50.0,1.0,1.2386,0,0.0,1.2272,1
19392264.7,11,,5,5,0,50.0,1.0,1.2043,0,0.0,1.2043,1
19392295.3,11,,4,4,0,50.0,1.0,1.2028,0,0.0,1.2028,1
19393578.1,11,,3,3,0,50.0,1.0,1.1386,0,0.0,1.1386,1
19395578.1,11,,3,3,0,50.0,1.0,1.0386,0,0.0,1.0386,1
19397578.1,11,,3,3,0,50.0,1.0,0.9386,0,0.0,0.9386,1
19399578.1,11,,3,3,0,50.0,1.0,0.8386,0,0.0,0.8386,1
19401578.1,11,,3,3,0,50.0,1.0,0.7386,0,0.0,0.7386,1
19403578.1,11,,3,3,0,50.0,1.0,0.6386,0,0.0,0.6386,1
19405578.1,11,,3,3,0,50.0,1.0,0.5386,0,0.0,0.5386,1
19407578.1,11,,3,3,0,50.0,1.0,0.4386,0,0.0,0.4386,1
19409578.1,11,,3,3,0,50.0,1.0,0.3386,0,0.0,0.3386,1
19411501.5,11,,3,3,0,50.0,1.0,0.2425,0,0.0,0.2425,1
19411578.1,11,,2,2,0,50.0,1.0,0.2386,0,0.0,0.2386,1
19413157.4,11,,2,2,0,50.0,1.0,0.1597,0,0.0,0.1597,1
19413578.1,11,,1,1,0,50.0,1.0,0.1386,0,0.0,0.1386,1
19415578.1,11,,1,1,0,50.0,1.0,0.0386,0,0.0,0.0386,1
19416350.7,11,,1,1,0,50.0,1.0,0.0,0,0.0,0.0,1
19417578.1,12,,124,64,0,50.0,1.0,76.5707,0,0.0,40.2225,1
19419578.1,12,,124,64,0,50.0,1.0,76.4707,0,0.0,39.9684,1
19421578.1,12,,124,64,0,50.0,1.0,76.3707,0,0.0,39.7144,1
19423578.1,12,,124,64,0,50.0,1.0,76.2707,0,0.0,39.4604,1
19425578.1,12,,124,64,0,50.0,1.0,76.1707,0,0.0,39.2063,1
19427578.1,12,,124,64,0,50.0,1.0,76.0707,0,0.0,38.9523,1
19429578.1,12,,124,64,0,50.0,1.0,75.9707,0,0.0,38.6983,1
19431578.1,12,,124,64,0,50.0,1.0,75.8707,0,0.0,38.4442,1
19433578.1,12,,124,64,0,50.0,1.0,75.7707,0,0.0,38.1902,1
19435578.1,12,,124,64,0,50.0,1.0,75.6707,0,0.0,37.9362,1
19437578.1,12,,124,64,0,50.0,1.0,75.5707,0,0.0,37.6821,1
19439578.1,12,,124,64,0,50.0,1.0,75.4707,0,0.0,37.4281,1
19441578.1,12,,124,64,0,50.0,1.0,75.3707,0,0.0,37.1741,1
19443578.1,12,,124,64,0,50.0,1.0,75.2707,0,0.0,36.9201,1
19445578.1,12,,124,64,0,50.0,1.0,75.1707,0,0.0,36.666,1
19447578.1,12,,124,64,0,50.0,1.0,75.0707,0,0.0,36.412,1
19449578.1,12,,124,64,0,50.0,1.0,74.9707,0,0.0,36.158,1
19451578.1,12,,124,64,0,50.0,1.0,74.8707,0,0.0,35.9039,1
19453578.1,12,,124,64,0,50.0,1.0,74.7707,0,0.0,35.6499,1
19453597.0,12,,124,64,0,50.0,1.0,74.7697,0,0.0,35.6475,1
19453879.2,12,,123,64,0,50.0,1.0,74.7556,0,0.0,35.6117,1
19455578.1,12,,122,64,0,50.0,1.0,74.6707,0,0.0,35.3962,1
19457578.1,12,,122,64,0,50.0,1.0,74.5707,0,0.0,35.1426,1
19459240.4,12,,122,64,0,50.0,1.0,74.4876,0,0.0,34.9318,1
19459578.1,12,,121,64,0,50.0,1.0,74.4707,0,0.0,34.8927,1
19461578.1,12,,121,64,0,50.0,1.0,74.3707,0,0.0,34.6608,1
19463578.1,12,,121,64,0,50.0,1.0,74.2707,0,0.0,34.4289,1
19465578.1,12,,121,64,0,50.0,1.0,74.1707,0,0.0,34.1971,1
19467578.1,12,,121,64,0,50.0,1.0,74.0707,0,0.0,33.9652,1
19469578.1,12,,121,64,0,50.0,1.0,73.9707,0,0.0,33.7333,1
19471578.1,12,,121,64,0,50.0,1.0,73.8707,0,0.0,33.5014,1
19473578.1,12,,121,64,0,50.0,1.0,73.7707,0,0.0,33.2696,1
19475578.1,12,,121,64,0,50.0,1.0,73.6707,0,0.0,33.0377,1
19477578.1,12,,121,64,0,50.0,1.0,73.5707,0,0.0,32.8058,1
19479578.1,12,,121,64,0,50.0,1.0,73.4707,0,0.0,32.574,1
19481578.1,12,,121,64,0,50.0,1.0,73.3707,0,0.0,32.3421,1
19483578.1,12,,121,64,0,50.0,1.0,73.2707,0,0.0,32.1102,1
19485554.9,12,,121,64,0,50.0,1.0,73.1719,0,0.0,31.881,1
19485578.1,12,,120,64,0,50.0,1.0,73.1707,0,0.0,31.8784,1
19487578.1,12,,120,64,0,50.0,1.0,73.0707,0,0.0,31.6467,1
19487912.4,12,,120,64,0,50.0,1.0,73.054,0,0.0,31.608,1
19489578.1,12,,119,64,0,50.0,1.0,72.9707,0,0.0,31.4344,1
19490843.3,12,,119,64,0,50.0,1.0,72.9074,0,0.0,31.3026,1
19491578.1,12,,118,64,0,50.0,1.0,72.8707,0,0.0,31.2261,1
19493578.1,12,,118,64,0,50.0,1.0,72.7707,0,0.0,31.0179,1
19495578.1,12,,118,64,0,50.0,1.0,72.6707,0,0.0,30.8098,1
19495922.3,12,,118,64,0,50.0,1.0,72.6535,0,0.0,30.7739,1
19497578.1,12,,117,64,0,50.0,1.0,72.5707,0,0.0,30.6017,1
19499578.1,12,,117,64,0,50.0,1.0,72.4707,0,0.0,30.3938,1
19501578.1,12,,117,64,0,50.0,1.0,72.3707,0,0.0,30.1858,1
19503578.1,12,,117,64,0,50.0,1.0,72.2707,0,0.0,29.9778,1
19505161.1,12,,117,64,0,50.0,1.0,72.1915,0,0.0,29.8132,1
19505315.8,12,,116,64,0,50.0,1.0,72.1838,0,0.0,29.7972,1
19505578.1,12,,115,64,0,50.0,1.0,72.1707,0,0.0,29.7699,1
19507578.1,12,,115,64,0,50.0,1.0,72.0707,0,0.0,29.5624,1
19509578.1,12,,115,64,0,50.0,1.0,71.9707,0,0.0,29.3549,1
19511578.1,12,,115,64,0,50.0,1.0,71.8707,0,0.0,29.1473,1
19513535.1,12,,115,64,0,50.0,1.0,71.7728,0,0.0,28.9443,1
19513578.1,12,,114,64,0,50.0,1.0,71.7707,0,0.0,28.9398,1
19514290.6,12,,114,64,0,50.0,1.0,71.7351,0,0.0,28.8659,1
19515578.1,12,,113,64,0,50.0,1.0,71.6707,0,0.0,28.7326,1
19516629.9,12,,113,64,0,50.0,1.0,71.6181,0,0.0,28.6237,1
19517578.1,12,,112,64,0,50.0,1.0,71.5707,0,0.0,28.5256,1
19519578.1,12,,112,64,0,50.0,1.0,71.4707,0,0.0,28.3187,1
19519588.1,12,,112,64,0,50.0,1.0,71.4702,0,0.0,28.3177,1
19520316.3,12,,111,64,0,50.0,1.0,71.4338,0,0.0,28.2515,1
19520416.4,12,,110,64,0,50.0,1.0,71.4288,0,0.0,28.2424,1
19521578.1,12,,109,64,0,50.0,1.0,71.3707,0,0.0,28.137,1
19521681.6,12,,109,64,0,50.0,1.0,71.3655,0,0.0,28.1276,1
19523578.1,12,,108,64,0,50.0,1.0,71.2707,0,0.0,27.9557,1
19525578.1,12,,108,64,0,50.0,1.0,71.1707,0,0.0,27.7745,1
19525823.1,12,,108,64,0,50.0,1.0,71.1584,0,0.0,27.7523,1
19527334.1,12,,107,64,0,50.0,1.0,71.0829,0,0.0,27.6573,1
19527578.1,12,,106,64,0,50.0,1.0,71.0707,0,0.0,27.642,1
19529578.1,12,,106,64,0,50.0,1.0,70.9707,0,0.0,27.5165,1
19529782.6,12,,106,64,0,50.0,1.0,70.9605,0,0.0,27.5037,1
19530647.3,12,,105,64,0,50.0,1.0,70.9172,0,0.0,27.4496,1
19531578.1,12,,104,64,0,50.0,1.0,70.8707,0,0.0,27.3914,1
19532212.9,12,,104,64,0,50.0,1.0,70.839,0,0.0,27.3517,1
19533578.1,12,,103,64,0,50.0,1.0,70.7707,0,0.0,27.2666,1
19534716.0,12,,103,64,0,50.0,1.0,70.7138,0,0.0,27.1956,1
19535578.1,12,,102,64,0,50.0,1.0,70.6707,0,0.0,27.142,1
19536663.9,12,,102,64,0,50.0,1.0,70.6164,0,0.0,27.0744,1
19537018.9,12,,101,64,0,50.0,1.0,70.5987,0,0.0,27.0523,1
19537578.1,12,,100,64,0,50.0,1.0,70.5707,0,0.0,27.0177,1
19539578.1,12,,100,64,0,50.0,1.0,70.4707,0,0.0,26.8937,1
19541142.2,12,,100,64,0,50.0,1.0,70.3925,0,0.0,26.7967,1
19541578.1,12,,99,64,0,50.0,1.0,70.3707,0,0.0,26.7765,1
19543578.1,12,,99,64,0,50.0,1.0,70.2707,0,0.0,26.6838,1
19545578.1,12,,99,64,0,50.0,1.0,70.1707,0,0.0,26.591,1
19546603.5,12,,99,64,0,50.0,1.0,70.1194,0,0.0,26.5526,1
19547578.1,12,,98,64,0,50.0,1.0,70.0707,0,0.0,26.5239,1
19548496.8,12,,98,64,0,50.0,1.0,70.0248,0,0.0,26.4969,1
19549578.1,12,,97,64,0,50.0,1.0,69.9707,0,0.0,26.4652,1
19551578.1,12,,97,64,0,50.0,1.0,69.8707,0,0.0,26.4066,1
19553578.1,12,,97,64,0,50.0,1.0,69.7707,0,0.0,26.348,1
19553730.6,12,,97,64,0,50.0,1.0,69.7631,0,0.0,26.3436,1
19555578.1,12,,96,64,0,50.0,1.0,69.6707,0,0.0,26.2897,1
19557578.1,12,,96,64,0,50.0,1.0,69.5707,0,0.0,26.2314,1
19559578.1,12,,96,64,0,50.0,1.0,69.4707,0,0.0,26.173,1
19561578.1,12,,96,64,0,50.0,1.0,69.3707,0,0.0,26.1147,1
19563578.1,12,,96,64,0,50.0,1.0,69.2707,0,0.0,26.0564,1
19565578.1,12,,96,64,0,50.0,1.0,69.1707,0,0.0,25.998,1
19567578.1,12,,96,64,0,50.0,1.0,69.0707,0,0.0,25.9397,1
19569578.1,12,,96,64,0,50.0,1.0,68.9707,0,0.0,25.8814,1
19571578.1,12,,96,64,0,50.0,1.0,68.8707,0,0.0,25.823,1
19573578.1,12,,96,64,0,50.0,1.0,68.7707,0,0.0,25.7647,1
19575578.1,12,,96,64,0,50.0,1.0,68.6707,0,0.0,25.7064,1
19577578.1,12,,96,64,0,50.0,1.0,68.5707,0,0.0,25.648,1
19579578.1,12,,96,64,0,50.0,1.0,68.4707,0,0.0,25.5897,1
19581578.1,12,,96,64,0,50.0,1.0,68.3707,0,0.0,25.5314,1
19583578.1,12,,96,64,0,50.0,1.0,68.2707,0,0.0,25.473,1
19585578.1,12,,96,64,0,50.0,1.0,68.1707,0,0.0,25.4147,1
19587578.1,12,,96,64,0,50.0,1.0,68.0707,0,0.0,25.3564,1
19589578.1,12,,96,64,0,50.0,1.0,67.9707,0,0.0,25.298,1
19591578.1,12,,96,64,0,50.0,1.0,67.8707,0,0.0,25.2397,1
19593578.1,12,,96,64,0,50.0,1.0,67.7707,0,0.0,25.1814,1
19595578.1,12,,96,64,0,50.0,1.0,67.6707,0,0.0,25.123,1
19597578.1,12,,96,64,0,50.0,1.0,67.5707,0,0.0,25.0647,1
19599578.1,12,,96,64,0,50.0,1.0,67.4707,0,0.0,25.0064,1
19601578.1,12,,96,64,0,50.0,1.0,67.3707,0,0.0,24.948,1
19603578.1,12,,96,64,0,50.0,1.0,67.2707,0,0.0,24.8897,1
19605578.1,12,,96,64,0,50.0,1.0,67.1707,0,0.0,24.8314,1
19607578.1,12,,96,64,0,50.0,1.0,67.0707,0,0.0,24.773,1
19609578.1,12,,96,64,0,50.0,1.0,66.9707,0,0.0,24.7147,1
19611578.1,12,,96,64,0,50.0,1.0,66.8707,0,0.0,24.6564,1
19613578.1,12,,96,64,0,50.0,1.0,66.7707,0,0.0,24.598,1
19615578.1,12,,96,64,0,50.0,1.0,66.6707,0,0.0,24.5397,1
19617578.1,12,,96,64,0,50.0,1.0,66.5707,0,0.0,24.4814,1
19619578.1,12,,96,64,0,50.0,1.0,66.4707,0,0.0,24.423,1
19621578.1,12,,96,64,0,50.0,1.0,66.3707,0,0.0,24.3647,1
19623578.1,12,,96,64,0,50.0,1.0,66.2707,0,0.0,24.3064,1
19625578.1,12,,96,64,0,50.0,1.0,66.1707,0,0.0,24.248,1
19627578.1,12,,96,64,0,50.0,1.0,66.0707,0,0.0,24.1897,1
19629578.1,12,,96,64,0,50.0,1.0,65.9707,0,0.0,24.1314,1
19631578.1,12,,96,64,0,50.0,1.0,65.8707,0,0.0,24.073,1
19633578.1,12,,96,64,0,50.0,1.0,65.7707,0,0.0,24.0147,1
19635578.1,12,,96,64,0,50.0,1.0,65.6707,0,0.0,23.9564,1
19637578.1,12,,96,64,0,50.0,1.0,65.5707,0,0.0,23.898,1
19639578.1,12,,96,64,0,50.0,1.0,65.4707,0,0.0,23.8397,1
19641578.1,12,,96,64,0,50.0,1.0,65.3707,0,0.0,23.7814,1
19643578.1,12,,96,64,0,50.0,1.0,65.2707,0,0.0,23.723,1
19645578.1,12,,96,64,0,50.0,1.0,65.1707,0,0.0,23.6647,1
19647578.1,12,,96,64,0,50.0,1.0,65.0707,0,0.0,23.6064,1
19649578.1,12,,96,64,0,50.0,1.0,64.9707,0,0.0,23.548,1
19651578.1,12,,96,64,0,50.0,1.0,64.8707,0,0.0,23.4897,1
19653578.1,12,,96,64,0,50.0,1.0,64.7707,0,0.0,23.4314,1
19655578.1,12,,96,64,0,50.0,1.0,64.6707,0,0.0,23.373,1
19657578.1,12,,96,64,0,50.0,1.0,64.5707,0,0.0,23.3147,1
19659578.1,12,,96,64,0,50.0,1.0,64.4707,0,0.0,23.2564,1
19661578.1,12,,96,64,0,50.0,1.0,64.3707,0,0.0,23.198,1
19663578.1,12,,96,64,0,50.0,1.0,64.2707,0,0.0,23.1397,1
19665578.1,12,,96,64,0,50.0,1.0,64.1707,0,0.0,23.0814,1
19667578.1,12,,96,64,0,50.0,1.0,64.0707,0,0.0,23.023,1
19669578.1,12,,96,64,0,50.0,1.0,63.9707,0,0.0,22.9647,1
19671578.1,12,,96,64,0,50.0,1.0,63.8707,0,0.0,22.9064,1
19673578.1,12,,96,64,0,50.0,1.0,63.7707,0,0.0,22.848,1
19675578.1,12,,96,64,0,50.0,1.0,63.6707,0,0.0,22.7897,1
19677578.1,12,,96,64,0,50.0,1.0,63.5707,0,0.0,22.7314,1
19679578.1,12,,96,64,0,50.0,1.0,63.4707,0,0.0,22.673,1
19681578.1,12,,96,64,0,50.0,1.0,63.3707,0,0.0,22.6147,1
19683578.1,12,,96,64,0,50.0,1.0,63.2707,0,0.0,22.5564,1
19685578.1,12,,96,64,0,50.0,1.0,63.1707,0,0.0,22.498,1
19687578.1,12,,96,64,0,50.0,1.0,63.0707,0,0.0,22.4397,1
19689578.1,12,,96,64,0,50.0,1.0,62.9707,0,0.0,22.3814,1
19691578.1,12,,96,64,0,50.0,1.0,62.8707,0,0.0,22.323,1
19693578.1,12,,96,64,0,50.0,1.0,62.7707,0,0.0,22.2647,1
19695578.1,12,,96,64,0,50.0,1.0,62.6707,0,0.0,22.2064,1
19697578.1,12,,96,64,0,50.0,1.0,62.5707,0,0.0,22.148,1
19699578.1,12,,96,64,0,50.0,1.0,62.4707,0,0.0,22.0897,1
19701578.1,12,,96,64,0,50.0,1.0,62.3707,0,0.0,22.0314,1
19703578.1,12,,96,64,0,50.0,1.0,62.2707,0,0.0,21.973,1
19705578.1,12,,96,64,0,50.0,1.0,62.1707,0,0.0,21.9147,1
19707578.1,12,,96,64,0,50.0,1.0,62.0707,0,0.0,21.8564,1
19709578.1,12,,96,64,0,50.0,1.0,61.9707,0,0.0,21.798,1
19711578.1,12,,96,64,0,50.0,1.0,61.8707,0,0.0,21.7397,1
19713578.1,12,,96,64,0,50.0,1.0,61.7707,0,0.0,21.6814,1
19715578.1,12,,96,64,0,50.0,1.0,61.6707,0,0.0,21.623,1
19715822.9,12,,96,64,0,50.0,1.0,61.6585,0,0.0,21.6159,1
19717578.1,12,,95,64,0,50.0,1.0,61.5707,0,0.0,21.5649,1
19719578.1,12,,95,64,0,50.0,1.0,61.4707,0,0.0,21.5069,1
19721578.1,12,,95,64,0,50.0,1.0,61.3707,0,0.0,21.4488,1
19723578.1,12,,95,64,0,50.0,1.0,61.2707,0,0.0,21.3907,1
19725578.1,12,,95,64,0,50.0,1.0,61.1707,0,0.0,21.3327,1
19727578.1,12,,95,64,0,50.0,1.0,61.0707,0,0.0,21.2746,1
19729578.1,12,,95,64,0,50.0,1.0,60.9707,0,0.0,21.2165,1
19731578.1,12,,95,64,0,50.0,1.0,60.8707,0,0.0,21.1585,1
19733578.1,12,,95,64,0,50.0,1.0,60.7707,0,0.0,21.1004,1
19735578.1,12,,95,64,0,50.0,1.0,60.6707,0,0.0,21.0423,1
19737578.1,12,,95,64,0,50.0,1.0,60.5707,0,0.0,20.9843,1
19739578.1,12,,95,64,0,50.0,1.0,60.4707,0,0.0,20.9262,1
19741578.1,12,,95,64,0,50.0,1.0,60.3707,0,0.0,20.8681,1
19743578.1,12,,95,64,0,50.0,1.0,60.2707,0,0.0,20.8101,1
19745578.1,12,,95,64,0,50.0,1.0,60.1707,0,0.0,20.752,1
19747362.1,12,,95,64,0,50.0,1.0,60.0815,0,0.0,20.7002,1
19747578.1,12,,94,64,0,50.0,1.0,60.0707,0,0.0,20.694,1
19749578.1,12,,94,64,0,50.0,1.0,59.9707,0,0.0,20.6362,1
19751578.1,12,,94,64,0,50.0,1.0,59.8707,0,0.0,20.5784,1
19753014.6,12,,94,64,0,50.0,1.0,59.7989,0,0.0,20.5369,1
19753506.1,12,,93,64,0,50.0,1.0,59.7743,0,0.0,20.5227,1
19753578.1,12,,92,64,0,50.0,1.0,59.7707,0,0.0,20.5207,1
19755578.1,12,,92,64,0,50.0,1.0,59.6707,0,0.0,20.4645,1
19757578.1,12,,92,64,0,50.0,1.0,59.5707,0,0.0,20.4112,1
19759578.1,12,,92,64,0,50.0,1.0,59.4707,0,0.0,20.3578,1
19760596.8,12,,92,64,0,50.0,1.0,59.4198,0,0.0,20.3306,1
19761578.1,12,,91,64,0,50.0,1.0,59.3707,0,0.0,20.3046,1
19762244.3,12,,91,64,0,50.0,1.0,59.3374,0,0.0,20.2869,1
19763578.1,12,,90,64,0,50.0,1.0,59.2707,0,0.0,20.2517,1
19765578.1,12,,90,64,0,50.0,1.0,59.1707,0,0.0,20.1988,1
19767578.1,12,,90,64,0,50.0,1.0,59.0707,0,0.0,20.146,1
19769578.1,12,,90,64,0,50.0,1.0,58.9707,0,0.0,20.0932,1
19771578.1,12,,90,64,0,50.0,1.0,58.8707,0,0.0,20.0403,1
19773578.1,12,,90,64,0,50.0,1.0,58.7707,0,0.0,19.9875,1
19775578.1,12,,90,64,0,50.0,1.0,58.6707,0,0.0,19.9347,1
19777578.1,12,,90,64,0,50.0,1.0,58.5707,0,0.0,19.8819,1
19779578.1,12,,90,64,0,50.0,1.0,58.4707,0,0.0,19.829,1
19781578.1,12,,90,64,0,50.0,1.0,58.3707,0,0.0,19.7762,1
19783578.1,12,,90,64,0,50.0,1.0,58.2707,0,0.0,19.7234,1
19785578.1,12,,90,64,0,50.0,1.0,58.1707,0,0.0,19.6705,1
19787578.1,12,,90,64,0,50.0,1.0,58.0707,0,0.0,19.6177,1
19789578.1,12,,90,64,0,50.0,1.0,57.9707,0,0.0,19.5649,1
19791578.1,12,,90,64,0,50.0,1.0,57.8707,0,0.0,19.5121,1
19793578.1,12,,90,64,0,50.0,1.0,57.7707,0,0.0,19.4592,1
19794275.0,12,,90,64,0,50.0,1.0,57.7359,0,0.0,19.4408,1
19795578.1,12,,89,64,0,50.0,1.0,57.6707,0,0.0,19.4066,1
19797578.1,12,,89,64,0,50.0,1.0,57.5707,0,0.0,19.354,1
19799578.1,12,,89,64,0,50.0,1.0,57.4707,0,0.0,19.3015,1
19801578.1,12,,89,64,0,50.0,1.0,57.3707,0,0.0,19.2489,1
19803578.1,12,,89,64,0,50.0,1.0,57.2707,0,0.0,19.1964,1
19805578.1,12,,89,64,0,50.0,1.0,57.1707,0,0.0,19.1439,1
19807578.1,12,,89,64,0,50.0,1.0,57.0707,0,0.0,19.0913,1
19809578.1,12,,89,64,0,50.0,1.0,56.9707,0,0.0,19.0388,1
19811578.1,12,,89,64,0,50.0,1.0,56.8707,0,0.0,18.9862,1
19813578.1,12,,89,64,0,50.0,1.0,56.7707,0,0.0,18.9337,1
19815578.1,12,,89,64,0,50.0,1.0,56.6707,0,0.0,18.8811,1
19817578.1,12,,89,64,0,50.0,1.0,56.5707,0,0.0,18.8286,1
19819578.1,12,,89,64,0,50.0,1.0,56.4707,0,0.0,18.776,1
19821578.1,12,,89,64,0,50.0,1.0,56.3707,0,0.0,18.7235,1
19823578.1,12,,89,64,0,50.0,1.0,56.2707,0,0.0,18.6709,1
19825578.1,12,,89,64,0,50.0,1.0,56.1707,0,0.0,18.6184,1
19827398.0,12,,89,64,0,50.0,1.0,56.0797,0,0.0,18.5706,1
19827578.1,12,,88,64,0,50.0,1.0,56.0707,0,0.0,18.5659,1
19829578.1,12,,88,64,0,50.0,1.0,55.9707,0,0.0,18.5136,1
19831578.1,12,,88,64,0,50.0,1.0,55.8707,0,0.0,18.4614,1
19833578.1,12,,88,64,0,50.0,1.0,55.7707,0,0.0,18.4091,1
19835578.1,12,,88,64,0,50.0,1.0,55.6707,0,0.0,18.3569,1
19837578.1,12,,88,64,0,50.0,1.0,55.5707,0,0.0,18.3046,1
19839578.1,12,,88,64,0,50.0,1.0,55.4707,0,0.0,18.2524,1
19841578.1,12,,88,64,0,50.0,1.0,55.3707,0,0.0,18.2001,1
19843578.1,12,,88,64,0,50.0,1.0,55.2707,0,0.0,18.1479,1
19845578.1,12,,88,64,0,50.0,1.0,55.1707,0,0.0,18.0956,1
19847578.1,12,,88,64,0,50.0,1.0,55.0707,0,0.0,18.0434,1
19849578.1,12,,88,64,0,50.0,1.0,54.9707,0,0.0,17.9911,1
19851578.1,12,,88,64,0,50.0,1.0,54.8707,0,0.0,17.9389,1
19852920.6,12,,88,64,0,50.0,1.0,54.8036,0,0.0,17.9038,1
19853578.1,12,,87,64,0,50.0,1.0,54.7707,0,0.0,17.8867,1
19855578.1,12,,87,64,0,50.0,1.0,54.6707,0,0.0,17.8348,1
19857578.1,12,,87,64,0,50.0,1.0,54.5707,0,0.0,17.7828,1
19858327.3,12,,87,64,0,50.0,1.0,54.5332,0,0.0,17.7633,1
19859155.6,12,,86,64,0,50.0,1.0,54.4918,0,0.0,17.7419,1
19859578.1,12,,85,64,0,50.0,1.0,54.4707,0,0.0,17.731,1
19861578.1,12,,85,64,0,50.0,1.0,54.3707,0,0.0,17.6796,1
19863578.1,12,,85,64,0,50.0,1.0,54.2707,0,0.0,17.6282,1
19865578.1,12,,85,64,0,50.0,1.0,54.1707,0,0.0,17.5768,1
19866555.7,12,,85,64,0,50.0,1.0,54.1218,0,0.0,17.5517,1
19867578.1,12,,84,64,0,50.0,1.0,54.0707,0,0.0,17.5267,1
19869578.1,12,,84,64,0,50.0,1.0,53.9707,0,0.0,17.4779,1
19871578.1,12,,84,64,0,50.0,1.0,53.8707,0,0.0,17.4291,1
19873578.1,12,,84,64,0,50.0,1.0,53.7707,0,0.0,17.3803,1
19875578.1,12,,84,64,0,50.0,1.0,53.6707,0,0.0,17.3315,1
19877578.1,12,,84,64,0,50.0,1.0,53.5707,0,0.0,17.2827,1
19879578.1,12,,84,64,0,50.0,1.0,53.4707,0,0.0,17.2339,1
19881578.1,12,,84,64,0,50.0,1.0,53.3707,0,0.0,17.1851,1
19883578.1,12,,84,64,0,50.0,1.0,53.2707,0,0.0,17.1362,1
19885578.1,12,,84,64,0,50.0,1.0,53.1707,0,0.0,17.0874,1
19887578.1,12,,84,64,0,50.0,1.0,53.0707,0,0.0,17.0386,1
19889578.1,12,,84,64,0,50.0,1.0,52.9707,0,0.0,16.9898,1
19891578.1,12,,84,64,0,50.0,1.0,52.8707,0,0.0,16.941,1
19893578.1,12,,84,64,0,50.0,1.0,52.7707,0,0.0,16.8922,1
19895578.1,12,,84,64,0,50.0,1.0,52.6707,0,0.0,16.8434,1
19897578.1,12,,84,64,0,50.0,1.0,52.5707,0,0.0,16.7946,1
19899578.1,12,,84,64,0,50.0,1.0,52.4707,0,0.0,16.7458,1
19901578.1,12,,84,64,0,50.0,1.0,52.3707,0,0.0,16.697,1
19903578.1,12,,84,64,0,50.0,1.0,52.2707,0,0.0,16.6482,1
19905578.1,12,,84,64,0,50.0,1.0,52.1707,0,0.0,16.5993,1
19907578.1,12,,84,64,0,50.0,1.0,52.0707,0,0.0,16.5505,1
19909578.1,12,,84,64,0,50.0,1.0,51.9707,0,0.0,16.5017,1
19911578.1,12,,84,64,0,50.0,1.0,51.8707,0,0.0,16.4529,1
19913578.1,12,,84,64,0,50.0,1.0,51.7707,0,0.0,16.4041,1
19915578.1,12,,84,64,0,50.0,1.0,51.6707,0,0.0,16.3553,1
19917578.1,12,,84,64,0,50.0,1.0,51.5707,0,0.0,16.3065,1
19919578.1,12,,84,64,0,50.0,1.0,51.4707,0,0.0,16.2577,1
19921578.1,12,,84,64,0,50.0,1.0,51.3707,0,0.0,16.2089,1
19923578.1,12,,84,64,0,50.0,1.0,51.2707,0,0.0,16.1601,1
19925578.1,12,,84,64,0,50.0,1.0,51.1707,0,0.0,16.1112,1
19927578.1,12,,84,64,0,50.0,1.0,51.0707,0,0.0,16.0624,1
19929578.1,12,,84,64,0,50.0,1.0,50.9707,0,0.0,16.0136,1
19931578.1,12,,84,64,0,50.0,1.0,50.8707,0,0.0,15.9648,1
19933578.1,12,,84,64,0,50.0,1.0,50.7707,0,0.0,15.916,1
19935578.1,12,,84,64,0,50.0,1.0,50.6707,0,0.0,15.8672,1
19937578.1,12,,84,64,0,50.0,1.0,50.5707,0,0.0,15.8184,1
19939578.1,12,,84,64,0,50.0,1.0,50.4707,0,0.0,15.7696,1
19941578.1,12,,84,64,0,50.0,1.0,50.3707,0,0.0,15.7208,1
19941731.0,12,,84,64,0,50.0,1.0,50.3631,0,0.0,15.717,1
19943578.1,12,,83,64,0,50.0,1.0,50.2707,0,0.0,15.6722,1
19945578.1,12,,83,64,0,50.0,1.0,50.1707,0,0.0,15.6237,1
19947578.1,12,,83,64,0,50.0,1.0,50.0707,0,0.0,15.5752,1
19949578.1,12,,83,64,0,50.0,1.0,49.9707,0,0.0,15.5267,1
19951578.1,12,,83,64,0,50.0,1.0,49.8707,0,0.0,15.4782,1
19953578.1,12,,83,64,0,50.0,1.0,49.7707,0,0.0,15.4297,1
19955578.1,12,,83,64,0,50.0,1.0,49.6707,0,0.0,15.3812,1
19957578.1,12,,83,64,0,50.0,1.0,49.5707,0,0.0,15.3327,1
19959578.1,12,,83,64,0,50.0,1.0,49.4707,0,0.0,15.2842,1
19961578.1,12,,83,64,0,50.0,1.0,49.3707,0,0.0,15.2357,1
19963578.1,12,,83,64,0,50.0,1.0,49.2707,0,0.0,15.1872,1
19965578.1,12,,83,64,0,50.0,1.0,49.1707,0,0.0,15.1387,1
19967578.1,12,,83,64,0,50.0,1.0,49.0707,0,0.0,15.0902,1
19969578.1,12,,83,64,0,50.0,1.0,48.9707,0,0.0,15.0417,1
19971578.1,12,,83,64,0,50.0,1.0,48.8707,0,0.0,14.9932,1
19973578.1,12,,83,64,0,50.0,1.0,48.7707,0,0.0,14.9447,1
19973625.2,12,,83,64,0,50.0,1.0,48.7683,0,0.0,14.9436,1
19975578.1,12,,82,64,0,50.0,1.0,48.6707,0,0.0,14.8965,1
19977578.1,12,,82,64,0,50.0,1.0,48.5707,0,0.0,14.8483,1
19979578.1,12,,82,64,0,50.0,1.0,48.4707,0,0.0,14.8001,1
19981578.1,12,,82,64,0,50.0,1.0,48.3707,0,0.0,14.7519,1
19983578.1,12,,82,64,0,50.0,1.0,48.2707,0,0.0,14.7037,1
19985578.1,12,,82,64,0,50.0,1.0,48.1707,0,0.0,14.6555,1
19987578.1,12,,82,64,0,50.0,1.0,48.0707,0,0.0,14.6073,1
19989578.1,12,,82,64,0,50.0,1.0,47.9707,0,0.0,14.5591,1
19991578.1,12,,82,64,0,50.0,1.0,47.8707,0,0.0,14.5109,1
19993578.1,12,,82,64,0,50.0,1.0,47.7707,0,0.0,14.4627,1
19995578.1,12,,82,64,0,50.0,1.0,47.6707,0,0.0,14.4145,1
19997578.1,12,,82,64,0,50.0,1.0,47.5707,0,0.0,14.3663,1
19999578.1,12,,82,64,0,50.0,1.0,47.4707,0,0.0,14.3181,1
20001578.1,12,,82,64,0,50.0,1.0,47.3707,0,0.0,14.2699,1
20003578.1,12,,82,64,0,50.0,1.0,47.2707,0,0.0,14.2217,1
20005578.1,12,,82,64,0,50.0,1.0,47.1707,0,0.0,14.1735,1
20007578.1,12,,82,64,0,50.0,1.0,47.0707,0,0.0,14.1253,1
20009578.1,12,,82,64,0,50.0,1.0,46.9707,0,0.0,14.0771,1
20011578.1,12,,82,64,0,50.0,1.0,46.8707,0,0.0,14.0289,1
20013578.1,12,,82,64,0,50.0,1.0,46.7707,0,0.0,13.9807,1
20015578.1,12,,82,64,0,50.0,1.0,46.6707,0,0.0,13.9325,1
20016223.6,12,,82,64,0,50.0,1.0,46.6384,0,0.0,13.917,1
20017578.1,12,,81,64,0,50.0,1.0,46.5707,0,0.0,13.8863,1
20018317.1,12,,81,64,0,50.0,1.0,46.5337,0,0.0,13.8696,1
20019578.1,12,,80,64,0,50.0,1.0,46.4707,0,0.0,13.8412,1
20021578.1,12,,80,64,0,50.0,1.0,46.3707,0,0.0,13.7962,1
20023578.1,12,,80,64,0,50.0,1.0,46.2707,0,0.0,13.7512,1
20025578.1,12,,80,64,0,50.0,1.0,46.1707,0,0.0,13.7062,1
20027578.1,12,,80,64,0,50.0,1.0,46.0707,0,0.0,13.6612,1
20029578.1,12,,80,64,0,50.0,1.0,45.9707,0,0.0,13.6162,1
20031578.1,12,,80,64,0,50.0,1.0,45.8707,0,0.0,13.5712,1
20033578.1,12,,80,64,0,50.0,1.0,45.7707,0,0.0,13.5262,1
20035578.1,12,,80,64,0,50.0,1.0,45.6707,0,0.0,13.4812,1
20037578.1,12,,80,64,0,50.0,1.0,45.5707,0,0.0,13.4362,1
20039578.1,12,,80,64,0,50.0,1.0,45.4707,0,0.0,13.3912,1
20041578.1,12,,80,64,0,50.0,1.0,45.3707,0,0.0,13.3462,1
20043578.1,12,,80,64,0,50.0,1.0,45.2707,0,0.0,13.3012,1
20045578.1,12,,80,64,0,50.0,1.0,45.1707,0,0.0,13.2562,1
20047578.1,12,,80,64,0,50.0,1.0,45.0707,0,0.0,13.2112,1
20049578.1,12,,80,64,0,50.0,1.0,44.9707,0,0.0,13.1662,1
20051578.1,12,,80,64,0,50.0,1.0,44.8707,0,0.0,13.1212,1
20053578.1,12,,80,64,0,50.0,1.0,44.7707,0,0.0,13.0762,1
20055578.1,12,,80,64,0,50.0,1.0,44.6707,0,0.0,13.0312,1
20057578.1,12,,80,64,0,50.0,1.0,44.5707,0,0.0,12.9862,1
20059578.1,12,,80,64,0,50.0,1.0,44.4707,0,0.0,12.9412,1
20061578.1,12,,80,64,0,50.0,1.0,44.3707,0,0.0,12.8962,1
20063578.1,12,,80,64,0,50.0,1.0,44.2707,0,0.0,12.8512,1
20065578.1,12,,80,64,0,50.0,1.0,44.1707,0,0.0,12.8062,1
20067578.1,12,,80,64,0,50.0,1.0,44.0707,0,0.0,12.7612,1
20068292.2,12,,80,64,0,50.0,1.0,44.035,0,0.0,12.7451,1
20069578.1,12,,79,63,0,50.0,1.0,43.9707,0,0.0,12.7161,1
20071437.6,12,,79,63,0,50.0,1.0,43.8777,0,0.0,12.6742,1
20071578.1,12,,78,62,0,50.0,1.0,43.8707,0,0.0,12.671,1
20073578.1,12,,78,62,0,50.0,1.0,43.7707,0,0.0,12.6259,1
20075578.1,12,,78,62,0,50.0,1.0,43.6707,0,0.0,12.5807,1
20077578.1,12,,78,62,0,50.0,1.0,43.5707,0,0.0,12.5355,1
20079578.1,12,,78,62,0,50.0,1.0,43.4707,0,0.0,12.4904,1
20081578.1,12,,78,62,0,50.0,1.0,43.3707,0,0.0,12.4452,1
20083578.1,12,,78,62,0,50.0,1.0,43.2707,0,0.0,12.4,1
20085578.1,12,,78,62,0,50.0,1.0,43.1707,0,0.0,12.3549,1
20087578.1,12,,78,62,0,50.0,1.0,43.0707,0,0.0,12.3097,1
20089578.1,12,,78,62,0,50.0,1.0,42.9707,0,0.0,12.2646,1
20091578.1,12,,78,62,0,50.0,1.0,42.8707,0,0.0,12.2194,1
20093578.1,12,,78,62,0,50.0,1.0,42.7707,0,0.0,12.1742,1
20095578.1,12,,78,62,0,50.0,1.0,42.6707,0,0.0,12.1291,1
20097578.1,12,,78,62,0,50.0,1.0,42.5707,0,0.0,12.0839,1
20099578.1,12,,78,62,0,50.0,1.0,42.4707,0,0.0,12.0387,1
20101578.1,12,,78,62,0,50.0,1.0,42.3707,0,0.0,11.9936,1
20103578.1,12,,78,62,0,50.0,1.0,42.2707,0,0.0,11.9484,1
20105420.8,12,,78,62,0,50.0,1.0,42.1786,0,0.0,11.9068,1
20105578.1,12,,77,62,0,50.0,1.0,42.1707,0,0.0,11.9033,1
20107578.1,12,,77,62,0,50.0,1.0,42.0707,0,0.0,11.8584,1
20109102.8,12,,77,62,0,50.0,1.0,41.9945,0,0.0,11.8243,1
20109578.1,12,,76,62,0,50.0,1.0,41.9707,0,0.0,11.8137,1
20111250.8,12,,76,62,0,50.0,1.0,41.8871,0,0.0,11.7765,1
20111578.1,12,,75,62,0,50.0,1.0,41.8707,0,0.0,11.7697,1
20111705.9,12,,75,62,0,50.0,1.0,41.8643,0,0.0,11.7671,1
20113578.1,12,,74,62,0,50.0,1.0,41.7707,0,0.0,11.7288,1
20115578.1,12,,74,62,0,50.0,1.0,41.6707,0,0.0,11.6879,1
20117387.7,12,,74,62,0,50.0,1.0,41.5802,0,0.0,11.6508,1
20117578.1,12,,73,61,0,50.0,1.0,41.5707,0,0.0,11.6469,1
20119578.1,12,,73,61,0,50.0,1.0,41.4707,0,0.0,11.606,1
20121578.1,12,,73,61,0,50.0,1.0,41.3707,0,0.0,11.565,1
20123578.1,12,,73,61,0,50.0,1.0,41.2707,0,0.0,11.524,1
20125578.1,12,,73,61,0,50.0,1.0,41.1707,0,0.0,11.483,1
20127578.1,12,,73,61,0,50.0,1.0,41.0707,0,0.0,11.442,1
20129578.1,12,,73,61,0,50.0,1.0,40.9707,0,0.0,11.401,1
20131578.1,12,,73,61,0,50.0,1.0,40.8707,0,0.0,11.36,1
20133578.1,12,,73,61,0,50.0,1.0,40.7707,0,0.0,11.3191,1
20135578.1,12,,73,61,0,50.0,1.0,40.6707,0,0.0,11.2781,1
20137578.1,12,,73,61,0,50.0,1.0,40.5707,0,0.0,11.2371,1
20139578.1,12,,73,61,0,50.0,1.0,40.4707,0,0.0,11.1961,1
20141578.1,12,,73,61,0,50.0,1.0,40.3707,0,0.0,11.1551,1
20143578.1,12,,73,61,0,50.0,1.0,40.2707,0,0.0,11.1141,1
20145578.1,12,,73,61,0,50.0,1.0,40.1707,0,0.0,11.0731,1
20147578.1,12,,73,61,0,50.0,1.0,40.0707,0,0.0,11.0321,1
20149578.1,12,,73,61,0,50.0,1.0,39.9707,0,0.0,10.9912,1
20150248.3,12,,73,61,0,50.0,1.0,39.9372,0,0.0,10.9774,1
20151578.1,12,,72,60,0,50.0,1.0,39.8707,0,0.0,10.9501,1
20153578.1,12,,72,60,0,50.0,1.0,39.7707,0,0.0,10.9091,1
20155578.1,12,,72,60,0,50.0,1.0,39.6707,0,0.0,10.868,1
20157162.8,12,,72,60,0,50.0,1.0,39.5915,0,0.0,10.8355,1
20157578.1,12,,71,59,0,50.0,1.0,39.5707,0,0.0,10.8269,1
20159578.1,12,,71,59,0,50.0,1.0,39.4707,0,0.0,10.7858,1
20161578.1,12,,71,59,0,50.0,1.0,39.3707,0,0.0,10.7447,1
20163578.1,12,,71,59,0,50.0,1.0,39.2707,0,0.0,10.7035,1
20163616.8,12,,71,59,0,50.0,1.0,39.2688,0,0.0,10.7027,1
20165578.1,12,,70,59,0,50.0,1.0,39.1707,0,0.0,10.6628,1
20167578.1,12,,70,59,0,50.0,1.0,39.0707,0,0.0,10.622,1
20168840.5,12,,70,59,0,50.0,1.0,39.0076,0,0.0,10.5963,1
20168859.7,12,,69,59,0,50.0,1.0,39.0066,0,0.0,10.5959,1
20169578.1,12,,68,59,0,50.0,1.0,38.9707,0,0.0,10.5828,1
20171578.1,12,,68,59,0,50.0,1.0,38.8707,0,0.0,10.5461,1
20173049.0,12,,68,59,0,50.0,1.0,38.7971,0,0.0,10.5192,1
20173578.1,12,,67,59,0,50.0,1.0,38.7707,0,0.0,10.5096,1
20175578.1,12,,67,59,0,50.0,1.0,38.6707,0,0.0,10.4733,1
20177578.1,12,,67,59,0,50.0,1.0,38.5707,0,0.0,10.437,1
20179578.1,12,,67,59,0,50.0,1.0,38.4707,0,0.0,10.4007,1
20181578.1,12,,67,59,0,50.0,1.0,38.3707,0,0.0,10.3644,1
20183578.1,12,,67,59,0,50.0,1.0,38.2707,0,0.0,10.3281,1
20185578.1,12,,67,59,0,50.0,1.0,38.1707,0,0.0,10.2918,1
20187578.1,12,,67,59,0,50.0,1.0,38.0707,0,0.0,10.2555,1
20189578.1,12,,67,59,0,50.0,1.0,37.9707,0,0.0,10.2192,1
20191578.1,12,,67,59,0,50.0,1.0,37.8707,0,0.0,10.183,1
20192504.4,12,,67,59,0,50.0,1.0,37.8244,0,0.0,10.1662,1
20193578.1,12,,66,58,0,50.0,1.0,37.7707,0,0.0,10.1466,1
20195331.2,12,,66,58,0,50.0,1.0,37.683,0,0.0,10.1148,1
20195578.1,12,,65,58,0,50.0,1.0,37.6707,0,0.0,10.1103,1
20197578.1,12,,65,58,0,50.0,1.0,37.5707,0,0.0,10.0744,1
20199578.1,12,,65,58,0,50.0,1.0,37.4707,0,0.0,10.0384,1
20201578.1,12,,65,58,0,50.0,1.0,37.3707,0,0.0,10.0025,1
20203282.6,12,,65,58,0,50.0,1.0,37.2855,0,0.0,9.9718,1
20203578.1,12,,64,57,0,50.0,1.0,37.2707,0,0.0,9.9665,1
20205578.1,12,,64,57,0,50.0,1.0,37.1707,0,0.0,9.9306,1
20205606.1,12,,64,57,0,50.0,1.0,37.1693,0,0.0,9.93,1
20207323.8,12,,63,57,0,50.0,1.0,37.0834,0,0.0,9.8995,1
20207578.1,12,,62,56,0,50.0,1.0,37.0707,0,0.0,9.8949,1
20209578.1,12,,62,56,0,50.0,1.0,36.9707,0,0.0,9.8592,1
20211578.1,12,,62,56,0,50.0,1.0,36.8707,0,0.0,9.8235,1
20213578.1,12,,62,56,0,50.0,1.0,36.7707,0,0.0,9.7879,1
20215578.1,12,,62,56,0,50.0,1.0,36.6707,0,0.0,9.7522,1
20217578.1,12,,62,56,0,50.0,1.0,36.5707,0,0.0,9.7165,1
20218011.7,12,,62,56,0,50.0,1.0,36.549,0,0.0,9.7088,1
20219578.1,12,,61,56,0,50.0,1.0,36.4707,0,0.0,9.6812,1
20221578.1,12,,61,56,0,50.0,1.0,36.3707,0,0.0,9.6459,1
20223103.2,12,,61,56,0,50.0,1.0,36.2944,0,0.0,9.6191,1
20223578.1,12,,59,54,0,50.0,1.0,36.2707,0,0.0,9.6104,1
20225578.1,12,,59,54,0,50.0,1.0,36.1707,0,0.0,9.5741,1
20226603.0,12,,59,54,0,50.0,1.0,36.1194,0,0.0,9.5555,1
20227578.1,12,,58,54,0,50.0,1.0,36.0707,0,0.0,9.5379,1
20227936.0,12,,58,54,0,50.0,1.0,36.0528,0,0.0,9.5315,1
20229578.1,12,,57,53,0,50.0,1.0,35.9707,0,0.0,9.5014,1
20231024.8,12,,57,53,0,50.0,1.0,35.8984,0,0.0,9.475,1
20231578.1,12,,56,53,0,50.0,1.0,35.8707,0,0.0,9.4662,1
20233578.1,12,,56,53,0,50.0,1.0,35.7707,0,0.0,9.4345,1
20235578.1,12,,56,53,0,50.0,1.0,35.6707,0,0.0,9.4029,1
20237578.1,12,,56,53,0,50.0,1.0,35.5707,0,0.0,9.3712,1
20239578.1,12,,56,53,0,50.0,1.0,35.4707,0,0.0,9.3395,1
20241578.1,12,,56,53,0,50.0,1.0,35.3707,0,0.0,9.3079,1
20243578.1,12,,56,53,0,50.0,1.0,35.2707,0,0.0,9.2762,1
20245578.1,12,,56,53,0,50.0,1.0,35.1707,0,0.0,9.2445,1
20247578.1,12,,56,53,0,50.0,1.0,35.0707,0,0.0,9.2128,1
20249578.1,12,,56,53,0,50.0,1.0,34.9707,0,0.0,9.1812,1
20251578.1,12,,56,53,0,50.0,1.0,34.8707,0,0.0,9.1495,1
20253578.1,12,,56,53,0,50.0,1.0,34.7707,0,0.0,9.1178,1
20255578.1,12,,56,53,0,50.0,1.0,34.6707,0,0.0,9.0862,1
20257578.1,12,,56,53,0,50.0,1.0,34.5707,0,0.0,9.0545,1
20259578.1,12,,56,53,0,50.0,1.0,34.4707,0,0.0,9.0228,1
20261578.1,12,,56,53,0,50.0,1.0,34.3707,0,0.0,8.9911,1
20263578.1,12,,56,53,0,50.0,1.0,34.2707,0,0.0,8.9595,1
20265578.1,12,,56,53,0,50.0,1.0,34.1707,0,0.0,8.9278,1
20267578.1,12,,56,53,0,50.0,1.0,34.0707,0,0.0,8.8961,1
20269578.1,12,,56,53,0,50.0,1.0,33.9707,0,0.0,8.8645,1
20271578.1,12,,56,53,0,50.0,1.0,33.8707,0,0.0,8.8328,1
20272765.7,12,,56,53,0,50.0,1.0,33.8113,0,0.0,8.814,1
20273459.3,12,,55,52,0,50.0,1.0,33.7766,0,0.0,8.803,1
20273578.1,12,,54,52,0,50.0,1.0,33.7707,0,0.0,8.8015,1
20275578.1,12,,54,52,0,50.0,1.0,33.6707,0,0.0,8.7755,1
20277578.1,12,,54,52,0,50.0,1.0,33.5707,0,0.0,8.7496,1
20279359.5,12,,54,52,0,50.0,1.0,33.4816,0,0.0,8.7265,1
20279578.1,12,,53,52,0,50.0,1.0,33.4707,0,0.0,8.7237,1
20281578.1,12,,53,52,0,50.0,1.0,33.3707,0,0.0,8.6983,1
20283578.1,12,,53,52,0,50.0,1.0,33.2707,0,0.0,8.6728,1
20285578.1,12,,53,52,0,50.0,1.0,33.1707,0,0.0,8.6474,1
20287578.1,12,,53,52,0,50.0,1.0,33.0707,0,0.0,8.6219,1
20289578.1,12,,53,52,0,50.0,1.0,32.9707,0,0.0,8.5965,1
20289905.5,12,,53,52,0,50.0,1.0,32.9543,0,0.0,8.5923,1
20291578.1,12,,52,52,0,50.0,1.0,32.8707,0,0.0,8.5714,1
20293578.1,12,,52,52,0,50.0,1.0,32.7707,0,0.0,8.5464,1
20295578.1,12,,52,52,0,50.0,1.0,32.6707,0,0.0,8.5214,1
20297578.1,12,,52,52,0,50.0,1.0,32.5707,0,0.0,8.4964,1
20299578.1,12,,52,52,0,50.0,1.0,32.4707,0,0.0,8.4714,1
20301578.1,12,,52,52,0,50.0,1.0,32.3707,0,0.0,8.4464,1
20303578.1,12,,52,52,0,50.0,1.0,32.2707,0,0.0,8.4214,1
20305578.1,12,,52,52,0,50.0,1.0,32.1707,0,0.0,8.3964,1
20307578.1,12,,52,52,0,50.0,1.0,32.0707,0,0.0,8.3714,1
20309578.1,12,,52,52,0,50.0,1.0,31.9707,0,0.0,8.3464,1
20311578.1,12,,52,52,0,50.0,1.0,31.8707,0,0.0,8.3214,1
20313578.1,12,,52,52,0,50.0,1.0,31.7707,0,0.0,8.2964,1
20315578.1,12,,52,52,0,50.0,1.0,31.6707,0,0.0,8.2714,1
20317578.1,12,,52,52,0,50.0,1.0,31.5707,0,0.0,8.2464,1
20319578.1,12,,52,52,0,50.0,1.0,31.4707,0,0.0,8.2214,1
20321578.1,12,,52,52,0,50.0,1.0,31.3707,0,0.0,8.1964,1
20323578.1,12,,52,52,0,50.0,1.0,31.2707,0,0.0,8.1714,1
20325578.1,12,,52,52,0,50.0,1.0,31.1707,0,0.0,8.1464,1
20327578.1,12,,52,52,0,50.0,1.0,31.0707,0,0.0,8.1214,1
20329578.1,12,,52,52,0,50.0,1.0,30.9707,0,0.0,8.0964,1
20331578.1,12,,52,52,0,50.0,1.0,30.8707,0,0.0,8.0714,1
20333578.1,12,,52,52,0,50.0,1.0,30.7707,0,0.0,8.0464,1
20335578.1,12,,52,52,0,50.0,1.0,30.6707,0,0.0,8.0214,1
20337578.1,12,,52,52,0,50.0,1.0,30.5707,0,0.0,7.9964,1
20339578.1,12,,52,52,0,50.0,1.0,30.4707,0,0.0,7.9714,1
20341578.1,12,,52,52,0,50.0,1.0,30.3707,0,0.0,7.9464,1
20343578.1,12,,52,52,0,50.0,1.0,30.2707,0,0.0,7.9214,1
20345578.1,12,,52,52,0,50.0,1.0,30.1707,0,0.0,7.8964,1
20347578.1,12,,52,52,0,50.0,1.0,30.0707,0,0.0,7.8714,1
20349578.1,12,,52,52,0,50.0,1.0,29.9707,0,0.0,7.8464,1
20351578.1,12,,52,52,0,50.0,1.0,29.8707,0,0.0,7.8214,1
20353578.1,12,,52,52,0,50.0,1.0,29.7707,0,0.0,7.7964,1
20355578.1,12,,52,52,0,50.0,1.0,29.6707,0,0.0,7.7714,1
20357578.1,12,,52,52,0,50.0,1.0,29.5707,0,0.0,7.7464,1
20359578.1,12,,52,52,0,50.0,1.0,29.4707,0,0.0,7.7214,1
20361578.1,12,,52,52,0,50.0,1.0,29.3707,0,0.0,7.6964,1
20363578.1,12,,52,52,0,50.0,1.0,29.2707,0,0.0,7.6714,1
20365578.1,12,,52,52,0,50.0,1.0,29.1707,0,0.0,7.6464,1
20367578.1,12,,52,52,0,50.0,1.0,29.0707,0,0.0,7.6214,1
20369578.1,12,,52,52,0,50.0,1.0,28.9707,0,0.0,7.5964,1
20371578.1,12,,52,52,0,50.0,1.0,28.8707,0,0.0,7.5714,1
20373578.1,12,,52,52,0,50.0,1.0,28.7707,0,0.0,7.5464,1
20375578.1,12,,52,52,0,50.0,1.0,28.6707,0,0.0,7.5214,1
20377578.1,12,,52,52,0,50.0,1.0,28.5707,0,0.0,7.4964,1
20379578.1,12,,52,52,0,50.0,1.0,28.4707,0,0.0,7.4714,1
20381578.1,12,,52,52,0,50.0,1.0,28.3707,0,0.0,7.4464,1
20383578.1,12,,52,52,0,50.0,1.0,28.2707,0,0.0,7.4214,1
20385578.1,12,,52,52,0,50.0,1.0,28.1707,0,0.0,7.3964,1
20387578.1,12,,52,52,0,50.0,1.0,28.0707,0,0.0,7.3714,1
20389578.1,12,,52,52,0,50.0,1.0,27.9707,0,0.0,7.3464,1
20391578.1,12,,52,52,0,50.0,1.0,27.8707,0,0.0,7.3214,1
20393578.1,12,,52,52,0,50.0,1.0,27.7707,0,0.0,7.2964,1
20395578.1,12,,52,52,0,50.0,1.0,27.6707,0,0.0,7.2714,1
20397578.1,12,,52,52,0,50.0,1.0,27.5707,0,0.0,7.2464,1
20399578.1,12,,52,52,0,50.0,1.0,27.4707,0,0.0,7.2214,1
20400341.3,12,,52,52,0,50.0,1.0,27.4325,0,0.0,7.2118,1
20400798.5,12,,51,51,0,50.0,1.0,27.4097,0,0.0,7.2061,1
20401578.1,12,,50,50,0,50.0,1.0,27.3707,0,0.0,7.1964,1
20403578.1,12,,50,50,0,50.0,1.0,27.2707,0,0.0,7.1714,1
20405578.1,12,,50,50,0,50.0,1.0,27.1707,0,0.0,7.1464,1
20407578.1,12,,50,50,0,50.0,1.0,27.0707,0,0.0,7.1214,1
20409578.1,12,,50,50,0,50.0,1.0,26.9707,0,0.0,7.0964,1
20411578.1,12,,50,50,0,50.0,1.0,26.8707,0,0.0,7.0714,1
20413578.1,12,,50,50,0,50.0,1.0,26.7707,0,0.0,7.0464,1
20415578.1,12,,50,50,0,50.0,1.0,26.6707,0,0.0,7.0214,1
20417578.1,12,,50,50,0,50.0,1.0,26.5707,0,0.0,6.9964,1
20419578.1,12,,50,50,0,50.0,1.0,26.4707,0,0.0,6.9714,1
20421578.1,12,,50,50,0,50.0,1.0,26.3707,0,0.0,6.9464,1
20423578.1,12,,50,50,0,50.0,1.0,26.2707,0,0.0,6.9214,1
20425578.1,12,,50,50,0,50.0,1.0,26.1707,0,0.0,6.8964,1
20427578.1,12,,50,50,0,50.0,1.0,26.0707,0,0.0,6.8714,1
20429578.1,12,,50,50,0,50.0,1.0,25.9707,0,0.0,6.8464,1
20431578.1,12,,50,50,0,50.0,1.0,25.8707,0,0.0,6.8214,1
20433578.1,12,,50,50,0,50.0,1.0,25.7707,0,0.0,6.7964,1
20435578.1,12,,50,50,0,50.0,1.0,25.6707,0,0.0,6.7714,1
20437578.1,12,,50,50,0,50.0,1.0,25.5707,0,0.0,6.7464,1
20439578.1,12,,50,50,0,50.0,1.0,25.4707,0,0.0,6.7214,1
20441578.1,12,,50,50,0,50.0,1.0,25.3707,0,0.0,6.6964,1
20443578.1,12,,50,50,0,50.0,1.0,25.2707,0,0.0,6.6714,1
20445578.1,12,,50,50,0,50.0,1.0,25.1707,0,0.0,6.6464,1
20447578.1,12,,50,50,0,50.0,1.0,25.0707,0,0.0,6.6214,1
20449578.1,12,,50,50,0,50.0,1.0,24.9707,0,0.0,6.5964,1
20451578.1,12,,50,50,0,50.0,1.0,24.8707,0,0.0,6.5714,1
20453578.1,12,,50,50,0,50.0,1.0,24.7707,0,0.0,6.5464,1
20455578.1,12,,50,50,0,50.0,1.0,24.6707,0,0.0,6.5214,1
20457578.1,12,,50,50,0,50.0,1.0,24.5707,0,0.0,6.4964,1
20459578.1,12,,50,50,0,50.0,1.0,24.4707,0,0.0,6.4714,1
20461578.1,12,,50,50,0,50.0,1.0,24.3707,0,0.0,6.4464,1
20463578.1,12,,50,50,0,50.0,1.0,24.2707,0,0.0,6.4214,1
20465578.1,12,,50,50,0,50.0,1.0,24.1707,0,0.0,6.3964,1
20467578.1,12,,50,50,0,50.0,1.0,24.0707,0,0.0,6.3714,1
20469578.1,12,,50,50,0,50.0,1.0,23.9707,0,0.0,6.3464,1
20471578.1,12,,50,50,0,50.0,1.0,23.8707,0,0.0,6.3214,1
20473578.1,12,,50,50,0,50.0,1.0,23.7707,0,0.0,6.2964,1
20475578.1,12,,50,50,0,50.0,1.0,23.6707,0,0.0,6.2714,1
20477578.1,12,,50,50,0,50.0,1.0,23.5707,0,0.0,6.2464,1
20479578.1,12,,50,50,0,50.0,1.0,23.4707,0,0.0,6.2214,1
20481578.1,12,,50,50,0,50.0,1.0,23.3707,0,0.0,6.1964,1
20483578.1,12,,50,50,0,50.0,1.0,23.2707,0,0.0,6.1714,1
20485308.1,12,,50,50,0,50.0,1.0,23.1842,0,0.0,6.1498,1
20485578.1,12,,49,49,0,50.0,1.0,23.1707,0,0.0,6.1464,1
20487578.1,12,,49,49,0,50.0,1.0,23.0707,0,0.0,6.1214,1
20489578.1,12,,49,49,0,50.0,1.0,22.9707,0,0.0,6.0964,1
20491578.1,12,,49,49,0,50.0,1.0,22.8707,0,0.0,6.0714,1
20493578.1,12,,49,49,0,50.0,1.0,22.7707,0,0.0,6.0464,1
20494713.1,12,,49,49,0,50.0,1.0,22.7139,0,0.0,6.0322,1
20495578.1,12,,48,48,0,50.0,1.0,22.6707,0,0.0,6.0214,1
20496909.6,12,,48,48,0,50.0,1.0,22.6041,0,0.0,6.0047,1
20497578.1,12,,46,46,0,50.0,1.0,22.5707,0,0.0,5.9964,1
20499578.1,12,,46,46,0,50.0,1.0,22.4707,0,0.0,5.9714,1
20501036.8,12,,46,46,0,50.0,1.0,22.3978,0,0.0,5.9531,1
20501578.1,12,,45,45,0,50.0,1.0,22.3707,0,0.0,5.9464,1
20503578.1,12,,45,45,0,50.0,1.0,22.2707,0,0.0,5.9214,1
20505526.5,12,,45,45,0,50.0,1.0,22.1733,0,0.0,5.897,1
20505578.1,12,,44,44,0,50.0,1.0,22.1707,0,0.0,5.8964,1
20507578.1,12,,44,44,0,50.0,1.0,22.0707,0,0.0,5.8714,1
20509578.1,12,,44,44,0,50.0,1.0,21.9707,0,0.0,5.8464,1
20511578.1,12,,44,44,0,50.0,1.0,21.8707,0,0.0,5.8214,1
20513578.1,12,,44,44,0,50.0,1.0,21.7707,0,0.0,5.7964,1
20515578.1,12,,44,44,0,50.0,1.0,21.6707,0,0.0,5.7714,1
20517578.1,12,,44,44,0,50.0,1.0,21.5707,0,0.0,5.7464,1
20519578.1,12,,44,44,0,50.0,1.0,21.4707,0,0.0,5.7214,1
20521578.1,12,,44,44,0,50.0,1.0,21.3707,0,0.0,5.6964,1
20523578.1,12,,44,44,0,50.0,1.0,21.2707,0,0.0,5.6714,1
20525578.1,12,,44,44,0,50.0,1.0,21.1707,0,0.0,5.6464,1
20527578.1,12,,44,44,0,50.0,1.0,21.0707,0,0.0,5.6214,1
20529578.1,12,,44,44,0,50.0,1.0,20.9707,0,0.0,5.5964,1
20531578.1,12,,44,44,0,50.0,1.0,20.8707,0,0.0,5.5714,1
20533578.1,12,,44,44,0,50.0,1.0,20.7707,0,0.0,5.5464,1
20535017.7,12,,44,44,0,50.0,1.0,20.6987,0,0.0,5.5284,1
20535578.1,12,,43,43,0,50.0,1.0,20.6707,0,0.0,5.5214,1
20536558.9,12,,43,43,0,50.0,1.0,20.6217,0,0.0,5.5091,1
20537578.1,12,,42,42,0,50.0,1.0,20.5707,0,0.0,5.4964,1
20539578.1,12,,42,42,0,50.0,1.0,20.4707,0,0.0,5.4714,1
20540686.0,12,,42,42,0,50.0,1.0,20.4153,0,0.0,5.4575,1
20541578.1,12,,41,41,0,50.0,1.0,20.3707,0,0.0,5.4464,1
20542356.2,12,,41,41,0,50.0,1.0,20.3318,0,0.0,5.4367,1
20543578.1,12,,40,40,0,50.0,1.0,20.2707,0,0.0,5.4214,1
20545578.1,12,,40,40,0,50.0,1.0,20.1707,0,0.0,5.3964,1
20547578.1,12,,40,40,0,50.0,1.0,20.0707,0,0.0,5.3714,1
20549578.1,12,,40,40,0,50.0,1.0,19.9707,0,0.0,5.3464,1
20551578.1,12,,40,40,0,50.0,1.0,19.8707,0,0.0,5.3214,1
20553578.1,12,,40,40,0,50.0,1.0,19.7707,0,0.0,5.2964,1
20555578.1,12,,40,40,0,50.0,1.0,19.6707,0,0.0,5.2714,1
20557070.0,12,,40,40,0,50.0,1.0,19.5961,0,0.0,5.2527,1
20557578.1,12,,39,39,0,50.0,1.0,19.5707,0,0.0,5.2464,1
20559578.1,12,,39,39,0,50.0,1.0,19.4707,0,0.0,5.2214,1
20561559.8,12,,39,39,0,50.0,1.0,19.3716,0,0.0,5.1966,1
20561578.1,12,,38,38,0,50.0,1.0,19.3707,0,0.0,5.1964,1
20562773.3,12,,38,38,0,50.0,1.0,19.3109,0,0.0,5.1814,1
20563578.1,12,,37,37,0,50.0,1.0,19.2707,0,0.0,5.1714,1
20565578.1,12,,37,37,0,50.0,1.0,19.1707,0,0.0,5.1464,1
20565917.4,12,,37,37,0,50.0,1.0,19.1537,0,0.0,5.1421,1
20567578.1,12,,36,36,0,50.0,1.0,19.0707,0,0.0,5.1214,1
20567587.6,12,,36,36,0,50.0,1.0,19.0702,0,0.0,5.1213,1
20569578.1,12,,35,35,0,50.0,1.0,18.9707,0,0.0,5.0964,1
20571578.1,12,,35,35,0,50.0,1.0,18.8707,0,0.0,5.0714,1
20573578.1,12,,35,35,0,50.0,1.0,18.7707,0,0.0,5.0464,1
20575578.1,12,,35,35,0,50.0,1.0,18.6707,0,0.0,5.0214,1
20577578.1,12,,35,35,0,50.0,1.0,18.5707,0,0.0,4.9964,1
20579578.1,12,,35,35,0,50.0,1.0,18.4707,0,0.0,4.9714,1
20580694.8,12,,35,35,0,50.0,1.0,18.4149,0,0.0,4.9574,1
20581578.1,12,,34,34,0,50.0,1.0,18.3707,0,0.0,4.9464,1
20583578.1,12,,34,34,0,50.0,1.0,18.2707,0,0.0,4.9214,1
20583643.9,12,,34,34,0,50.0,1.0,18.2674,0,0.0,4.9206,1
20585578.1,12,,33,33,0,50.0,1.0,18.1707,0,0.0,4.8964,1
20586888.9,12,,33,33,0,50.0,1.0,18.1052,0,0.0,4.88,1
20587578.1,12,,32,32,0,50.0,1.0,18.0707,0,0.0,4.8714,1
20589578.1,12,,32,32,0,50.0,1.0,17.9707,0,0.0,4.8464,1
20591578.1,12,,32,32,0,50.0,1.0,17.8707,0,0.0,4.8214,1
20592264.5,12,,32,32,0,50.0,1.0,17.8364,0,0.0,4.8128,1
20593017.1,12,,31,31,0,50.0,1.0,17.7987,0,0.0,4.8034,1
20593578.1,12,,30,30,0,50.0,1.0,17.7707,0,0.0,4.7964,1
20595578.1,12,,30,30,0,50.0,1.0,17.6707,0,0.0,4.7714,1
20597578.1,12,,30,30,0,50.0,1.0,17.5707,0,0.0,4.7464,1
20599578.1,12,,30,30,0,50.0,1.0,17.4707,0,0.0,4.7214,1
20601578.1,12,,30,30,0,50.0,1.0,17.3707,0,0.0,4.6964,1
20603578.1,12,,30,30,0,50.0,1.0,17.2707,0,0.0,4.6714,1
20605578.1,12,,30,30,0,50.0,1.0,17.1707,0,0.0,4.6464,1
20607578.1,12,,30,30,0,50.0,1.0,17.0707,0,0.0,4.6214,1
20609578.1,12,,30,30,0,50.0,1.0,16.9707,0,0.0,4.5964,1
20611578.1,12,,30,30,0,50.0,1.0,16.8707,0,0.0,4.5714,1
20613578.1,12,,30,30,0,50.0,1.0,16.7707,0,0.0,4.5464,1
20615578.1,12,,30,30,0,50.0,1.0,16.6707,0,0.0,4.5214,1
20617578.1,12,,30,30,0,50.0,1.0,16.5707,0,0.0,4.4964,1
20619578.1,12,,30,30,0,50.0,1.0,16.4707,0,0.0,4.4714,1
20621578.1,12,,30,30,0,50.0,1.0,16.3707,0,0.0,4.4464,1
20623578.1,12,,30,30,0,50.0,1.0,16.2707,0,0.0,4.4214,1
20625578.1,12,,30,30,0,50.0,1.0,16.1707,0,0.0,4.3964,1
20627578.1,12,,30,30,0,50.0,1.0,16.0707,0,0.0,4.3714,1
20629578.1,12,,30,30,0,50.0,1.0,15.9707,0,0.0,4.3464,1
20631578.1,12,,30,30,0,50.0,1.0,15.8707,0,0.0,4.3214,1
20633578.1,12,,30,30,0,50.0,1.0,15.7707,0,0.0,4.2964,1
20635578.1,12,,30,30,0,50.0,1.0,15.6707,0,0.0,4.2714,1
20637578.1,12,,30,30,0,50.0,1.0,15.5707,0,0.0,4.2464,1
20639450.4,12,,30,30,0,50.0,1.0,15.4771,0,0.0,4.223,1
20639578.1,12,,29,29,0,50.0,1.0,15.4707,0,0.0,4.2214,1
20641315.6,12,,29,29,0,50.0,1.0,15.3838,0,0.0,4.1997,1
20641578.1,12,,28,28,0,50.0,1.0,15.3707,0,0.0,4.1964,1
20643578.1,12,,28,28,0,50.0,1.0,15.2707,0,0.0,4.1714,1
20645578.1,12,,28,28,0,50.0,1.0,15.1707,0,0.0,4.1464,1
20647578.1,12,,28,28,0,50.0,1.0,15.0707,0,0.0,4.1214,1
20649578.1,12,,28,28,0,50.0,1.0,14.9707,0,0.0,4.0964,1
20651578.1,12,,28,28,0,50.0,1.0,14.8707,0,0.0,4.0714,1
20653578.1,12,,28,28,0,50.0,1.0,14.7707,0,0.0,4.0464,1
20655578.1,12,,28,28,0,50.0,1.0,14.6707,0,0.0,4.0214,1
20657578.1,12,,28,28,0,50.0,1.0,14.5707,0,0.0,3.9964,1
20659578.1,12,,28,28,0,50.0,1.0,14.4707,0,0.0,3.9714,1
20661578.1,12,,28,28,0,50.0,1.0,14.3707,0,0.0,3.9464,1
20663578.1,12,,28,28,0,50.0,1.0,14.2707,0,0.0,3.9214,1
20665578.1,12,,28,28,0,50.0,1.0,14.1707,0,0.0,3.8964,1
20667578.1,12,,28,28,0,50.0,1.0,14.0707,0,0.0,3.8714,1
20669578.1,12,,28,28,0,50.0,1.0,13.9707,0,0.0,3.8464,1
20671578.1,12,,28,28,0,50.0,1.0,13.8707,0,0.0,3.8214,1
20673578.1,12,,28,28,0,50.0,1.0,13.7707,0,0.0,3.7964,1
20675578.1,12,,28,28,0,50.0,1.0,13.6707,0,0.0,3.7714,1
20677578.1,12,,28,28,0,50.0,1.0,13.5707,0,0.0,3.7464,1
20679578.1,12,,28,28,0,50.0,1.0,13.4707,0,0.0,3.7214,1
20681578.1,12,,28,28,0,50.0,1.0,13.3707,0,0.0,3.6964,1
20683578.1,12,,28,28,0,50.0,1.0,13.2707,0,0.0,3.6714,1
20685578.1,12,,28,28,0,50.0,1.0,13.1707,0,0.0,3.6464,1
20687578.1,12,,28,28,0,50.0,1.0,13.0707,0,0.0,3.6214,1
20687814.4,12,,28,28,0,50.0,1.0,13.0589,0,0.0,3.6184,1
20689578.1,12,,27,27,0,50.0,1.0,12.9707,0,0.0,3.5964,1
20691578.1,12,,27,27,0,50.0,1.0,12.8707,0,0.0,3.5714,1
20691746.5,12,,27,27,0,50.0,1.0,12.8623,0,0.0,3.5693,1
20693578.1,12,,26,26,0,50.0,1.0,12.7707,0,0.0,3.5464,1
20695578.1,12,,26,26,0,50.0,1.0,12.6707,0,0.0,3.5214,1
20697578.1,12,,26,26,0,50.0,1.0,12.5707,0,0.0,3.4964,1
20699578.1,12,,26,26,0,50.0,1.0,12.4707,0,0.0,3.4714,1
20701578.1,12,,26,26,0,50.0,1.0,12.3707,0,0.0,3.4464,1
20703578.1,12,,26,26,0,50.0,1.0,12.2707,0,0.0,3.4214,1
20705578.1,12,,26,26,0,50.0,1.0,12.1707,0,0.0,3.3964,1
20707578.1,12,,26,26,0,50.0,1.0,12.0707,0,0.0,3.3714,1
20709578.1,12,,26,26,0,50.0,1.0,11.9707,0,0.0,3.3464,1
20711578.1,12,,26,26,0,50.0,1.0,11.8707,0,0.0,3.3214,1
20713578.1,12,,26,26,0,50.0,1.0,11.7707,0,0.0,3.2964,1
20715578.1,12,,26,26,0,50.0,1.0,11.6707,0,0.0,3.2714,1
20717578.1,12,,26,26,0,50.0,1.0,11.5707,0,0.0,3.2464,1
20719578.1,12,,26,26,0,50.0,1.0,11.4707,0,0.0,3.2214,1
20721578.1,12,,26,26,0,50.0,1.0,11.3707,0,0.0,3.1964,1
20723578.1,12,,26,26,0,50.0,1.0,11.2707,0,0.0,3.1714,1
20725578.1,12,,26,26,0,50.0,1.0,11.1707,0,0.0,3.1464,1
20727578.1,12,,26,26,0,50.0,1.0,11.0707,0,0.0,3.1214,1
20728348.9,12,,26,26,0,50.0,1.0,11.0322,0,0.0,3.1117,1
20729578.1,12,,25,25,0,50.0,1.0,10.9707,0,0.0,3.0964,1
20731578.1,12,,25,25,0,50.0,1.0,10.8707,0,0.0,3.0714,1
20733578.1,12,,25,25,0,50.0,1.0,10.7707,0,0.0,3.0464,1
20735578.1,12,,25,25,0,50.0,1.0,10.6707,0,0.0,3.0214,1
20736213.3,12,,25,25,0,50.0,1.0,10.6389,0,0.0,3.0134,1
20737578.1,12,,24,24,0,50.0,1.0,10.5707,0,0.0,2.9964,1
20739578.1,12,,24,24,0,50.0,1.0,10.4707,0,0.0,2.9714,1
20741578.1,12,,24,24,0,50.0,1.0,10.3707,0,0.0,2.9464,1
20743578.1,12,,24,24,0,50.0,1.0,10.2707,0,0.0,2.9214,1
20745578.1,12,,24,24,0,50.0,1.0,10.1707,0,0.0,2.8964,1
20747578.1,12,,24,24,0,50.0,1.0,10.0707,0,0.0,2.8714,1
20749578.1,12,,24,24,0,50.0,1.0,9.9707,0,0.0,2.8464,1
20751578.1,12,,24,24,0,50.0,1.0,9.8707,0,0.0,2.8214,1
20753578.1,12,,24,24,0,50.0,1.0,9.7707,0,0.0,2.7964,1
20755578.1,12,,24,24,0,50.0,1.0,9.6707,0,0.0,2.7714,1
20756003.6,12,,24,24,0,50.0,1.0,9.6494,0,0.0,2.7661,1
20757578.1,12,,23,23,0,50.0,1.0,9.5707,0,0.0,2.7464,1
20759578.1,12,,23,23,0,50.0,1.0,9.4707,0,0.0,2.7214,1
20761578.1,12,,23,23,0,50.0,1.0,9.3707,0,0.0,2.6964,1
20763578.1,12,,23,23,0,50.0,1.0,9.2707,0,0.0,2.6714,1
20765578.1,12,,23,23,0,50.0,1.0,9.1707,0,0.0,2.6464,1
20767578.1,12,,23,23,0,50.0,1.0,9.0707,0,0.0,2.6214,1
20767900.9,12,,23,23,0,50.0,1.0,9.0546,0,0.0,2.6173,1
20769578.1,12,,22,22,0,50.0,1.0,8.9707,0,0.0,2.5964,1
20771578.1,12,,22,22,0,50.0,1.0,8.8707,0,0.0,2.5714,1
20773578.1,12,,22,22,0,50.0,1.0,8.7707,0,0.0,2.5464,1
20775578.1,12,,22,22,0,50.0,1.0,8.6707,0,0.0,2.5214,1
20777578.1,12,,22,22,0,50.0,1.0,8.5707,0,0.0,2.4964,1
20779578.1,12,,22,22,0,50.0,1.0,8.4707,0,0.0,2.4714,1
20781578.1,12,,22,22,0,50.0,1.0,8.3707,0,0.0,2.4464,1
20781663.5,12,,22,22,0,50.0,1.0,8.3664,0,0.0,2.4453,1
20783578.1,12,,21,21,0,50.0,1.0,8.2707,0,0.0,2.4214,1
20785578.1,12,,21,21,0,50.0,1.0,8.1707,0,0.0,2.3964,1
20786773.7,12,,21,21,0,50.0,1.0,8.1109,0,0.0,2.3814,1
20787578.1,12,,20,20,0,50.0,1.0,8.0707,0,0.0,2.3714,1
20788084.4,12,,20,20,0,50.0,1.0,8.0454,0,0.0,2.3651,1
20789578.1,12,,19,19,0,50.0,1.0,7.9707,0,0.0,2.3451,1
20791578.1,12,,19,19,0,50.0,1.0,7.8707,0,0.0,2.3185,1
20793578.1,12,,19,19,0,50.0,1.0,7.7707,0,0.0,2.2918,1
20795578.1,12,,19,19,0,50.0,1.0,7.6707,0,0.0,2.2651,1
20797578.1,12,,19,19,0,50.0,1.0,7.5707,0,0.0,2.2385,1
20798559.0,12,,19,19,0,50.0,1.0,7.5216,0,0.0,2.2254,1
20799578.1,12,,18,18,0,50.0,1.0,7.4707,0,0.0,2.2118,1
20801578.1,12,,18,18,0,50.0,1.0,7.3707,0,0.0,2.1851,1
20803578.1,12,,18,18,0,50.0,1.0,7.2707,0,0.0,2.1585,1
20805578.1,12,,18,18,0,50.0,1.0,7.1707,0,0.0,2.1318,1
20807578.1,12,,18,18,0,50.0,1.0,7.0707,0,0.0,2.1051,1
20809578.1,12,,18,18,0,50.0,1.0,6.9707,0,0.0,2.0785,1
20810847.0,12,,18,18,0,50.0,1.0,6.9072,0,0.0,2.0615,1
20811578.1,12,,17,17,0,50.0,1.0,6.8707,0,0.0,2.0518,1
20813578.1,12,,17,17,0,50.0,1.0,6.7707,0,0.0,2.0251,1
20814533.4,12,,17,17,0,50.0,1.0,6.7229,0,0.0,2.0124,1
20815578.1,12,,16,16,0,50.0,1.0,6.6707,0,0.0,1.9975,1
20815768.6,12,,16,16,0,50.0,1.0,6.6612,0,0.0,1.9948,1
20817578.1,12,,15,15,0,50.0,1.0,6.5707,0,0.0,1.9689,1
20819578.1,12,,15,15,0,50.0,1.0,6.4707,0,0.0,1.9403,1
20821578.1,12,,15,15,0,50.0,1.0,6.3707,0,0.0,1.9118,1
20823308.4,12,,15,15,0,50.0,1.0,6.2842,0,0.0,1.887,1
20823578.1,12,,14,14,0,50.0,1.0,6.2707,0,0.0,1.8832,1
20824455.3,12,,14,14,0,50.0,1.0,6.2268,0,0.0,1.8707,1
20825578.1,12,,13,13,0,50.0,1.0,6.1707,0,0.0,1.8546,1
20826024.7,12,,13,13,0,50.0,1.0,6.1484,0,0.0,1.8482,1
20826084.2,12,,12,12,0,50.0,1.0,6.1454,0,0.0,1.8473,1
20827578.1,12,,11,11,0,50.0,1.0,6.0707,0,0.0,1.8265,1
20829578.1,12,,11,11,0,50.0,1.0,5.9707,0,0.0,1.7988,1
20831578.1,12,,11,11,0,50.0,1.0,5.8707,0,0.0,1.771,1
20833578.1,12,,11,11,0,50.0,1.0,5.7707,0,0.0,1.7432,1
20835578.1,12,,11,11,0,50.0,1.0,5.6707,0,0.0,1.7154,1
20836406.2,12,,11,11,0,50.0,1.0,5.6293,0,0.0,1.7039,1
20837578.1,12,,10,10,0,50.0,1.0,5.5707,0,0.0,1.6929,1
20839578.1,12,,10,10,0,50.0,1.0,5.4707,0,0.0,1.6742,1
20841578.1,12,,10,10,0,50.0,1.0,5.3707,0,0.0,1.6554,1
20843024.6,12,,10,10,0,50.0,1.0,5.2984,0,0.0,1.6419,1
20843578.1,12,,9,9,0,50.0,1.0,5.2707,0,0.0,1.636,1
20845578.1,12,,9,9,0,50.0,1.0,5.1707,0,0.0,1.6145,1
20847578.1,12,,9,9,0,50.0,1.0,5.0707,0,0.0,1.5931,1
20849578.1,12,,9,9,0,50.0,1.0,4.9707,0,0.0,1.5717,1
20850105.9,12,,9,9,0,50.0,1.0,4.9443,0,0.0,1.566,1
20851578.1,12,,8,8,0,50.0,1.0,4.8707,0,0.0,1.5476,1
20853578.1,12,,8,8,0,50.0,1.0,4.7707,0,0.0,1.5226,1
20855578.1,12,,8,8,0,50.0,1.0,4.6707,0,0.0,1.4976,1
20857578.1,12,,8,8,0,50.0,1.0,4.5707,0,0.0,1.4726,1
20859578.1,12,,8,8,0,50.0,1.0,4.4707,0,0.0,1.4476,1
20861578.1,12,,8,8,0,50.0,1.0,4.3707,0,0.0,1.4226,1
20863578.1,12,,8,8,0,50.0,1.0,4.2707,0,0.0,1.3976,1
20865578.1,12,,8,8,0,50.0,1.0,4.1707,0,0.0,1.3726,1
20867578.1,12,,8,8,0,50.0,1.0,4.0707,0,0.0,1.3476,1
20869578.1,12,,8,8,0,50.0,1.0,3.9707,0,0.0,1.3226,1
20871578.1,12,,8,8,0,50.0,1.0,3.8707,0,0.0,1.2976,1
20873578.1,12,,8,8,0,50.0,1.0,3.7707,0,0.0,1.2726,1
20875578.1,12,,8,8,0,50.0,1.0,3.6707,0,0.0,1.2476,1
20877578.1,12,,8,8,0,50.0,1.0,3.5707,0,0.0,1.2226,1
20879578.1,12,,8,8,0,50.0,1.0,3.4707,0,0.0,1.1976,1
20881578.1,12,,8,8,0,50.0,1.0,3.3707,0,0.0,1.1726,1
20883578.1,12,,8,8,0,50.0,1.0,3.2707,0,0.0,1.1476,1
20885578.1,12,,8,8,0,50.0,1.0,3.1707,0,0.0,1.1226,1
20887578.1,12,,8,8,0,50.0,1.0,3.0707,0,0.0,1.0976,1
20889578.1,12,,8,8,0,50.0,1.0,2.9707,0,0.0,1.0726,1
20891578.1,12,,8,8,0,50.0,1.0,2.8707,0,0.0,1.0476,1
20893578.1,12,,8,8,0,50.0,1.0,2.7707,0,0.0,1.0226,1
20895578.1,12,,8,8,0,50.0,1.0,2.6707,0,0.0,0.9976,1
20897578.1,12,,8,8,0,50.0,1.0,2.5707,0,0.0,0.9726,1
20899578.1,12,,8,8,0,50.0,1.0,2.4707,0,0.0,0.9476,1
20901578.1,12,,8,8,0,50.0,1.0,2.3707,0,0.0,0.9226,1
20903578.1,12,,8,8,0,50.0,1.0,2.2707,0,0.0,0.8976,1
20905578.1,12,,8,8,0,50.0,1.0,2.1707,0,0.0,0.8726,1
20907578.1,12,,8,8,0,50.0,1.0,2.0707,0,0.0,0.8476,1
20909578.1,12,,8,8,0,50.0,1.0,1.9707,0,0.0,0.8226,1
20911578.1,12,,8,8,0,50.0,1.0,1.8707,0,0.0,0.7976,1
20913578.1,12,,8,8,0,50.0,1.0,1.7707,0,0.0,0.7726,1
20915578.1,12,,8,8,0,50.0,1.0,1.6707,0,0.0,0.7476,1
20917578.1,12,,8,8,0,50.0,1.0,1.5707,0,0.0,0.7226,1
20919578.1,12,,8,8,0,50.0,1.0,1.4707,0,0.0,0.6976,1
20921578.1,12,,8,8,0,50.0,1.0,1.3707,0,0.0,0.6726,1
20922236.8,12,,8,8,0,50.0,1.0,1.3378,0,0.0,0.6644,1
20922892.1,12,,7,7,0,50.0,1.0,1.305,0,0.0,0.6548,1
20923578.1,12,,6,6,0,50.0,1.0,1.2707,0,0.0,0.6434,1
20925578.1,12,,6,6,0,50.0,1.0,1.1707,0,0.0,0.6101,1
20927578.1,12,,6,6,0,50.0,1.0,1.0707,0,0.0,0.5767,1
20929578.1,12,,6,6,0,50.0,1.0,0.9707,0,0.0,0.5434,1
20931578.1,12,,6,6,0,50.0,1.0,0.8707,0,0.0,0.5101,1
20933578.1,12,,6,6,0,50.0,1.0,0.7707,0,0.0,0.4767,1
20935578.1,12,,6,6,0,50.0,1.0,0.6707,0,0.0,0.4434,1
20936085.6,12,,6,6,0,50.0,1.0,0.6453,0,0.0,0.4349,1
20937578.1,12,,5,5,0,50.0,1.0,0.5707,0,0.0,0.4038,1
20937895.4,12,,5,5,0,50.0,1.0,0.5548,0,0.0,0.3972,1
20939578.1,12,,4,4,0,50.0,1.0,0.4707,0,0.0,0.3552,1
20940074.9,12,,4,4,0,50.0,1.0,0.4459,0,0.0,0.3427,1
20941578.1,12,,3,3,0,50.0,1.0,0.3707,0,0.0,0.2926,1
20943578.1,12,,3,3,0,50.0,1.0,0.2707,0,0.0,0.226,1
20945578.1,12,,3,3,0,50.0,1.0,0.1707,0,0.0,0.1593,1
20946261.7,12,,3,3,0,50.0,1.0,0.1365,0,0.0,0.1365,1
20946765.9,12,,2,2,0,50.0,1.0,0.1113,0,0.0,0.1113,1
20947578.1,12,,1,1,0,50.0,1.0,0.0707,0,0.0,0.0707,1
20948992.0,12,,1,1,0,50.0,1.0,0.0,0,0.0,0.0,1
20949578.1,13,,124,64,0,50.0,1.0,76.6028,0,0.0,8.9889,1
20951578.1,13,,124,64,0,50.0,1.0,76.5028,0,0.0,8.9826,1
20953578.1,13,,124,64,0,50.0,1.0,76.4028,0,0.0,8.9764,1
20955578.1,13,,124,64,0,50.0,1.0,76.3028,0,0.0,8.9701,1
20957578.1,13,,124,64,0,50.0,1.0,76.2028,0,0.0,8.9639,1
20959578.1,13,,124,64,0,50.0,1.0,76.1028,0,0.0,8.9576,1
20961578.1,13,,124,64,0,50.0,1.0,76.0028,0,0.0,8.9514,1
20963578.1,13,,124,64,0,50.0,1.0,75.9028,0,0.0,8.9451,1
20965578.1,13,,124,64,0,50.0,1.0,75.8028,0,0.0,8.9389,1
20967578.1,13,,124,64,0,50.0,1.0,75.7028,0,0.0,8.9326,1
20969578.1,13,,124,64,0,50.0,1.0,75.6028,0,0.0,8.9264,1
20971578.1,13,,124,64,0,50.0,1.0,75.5028,0,0.0,8.9201,1
20973578.1,13,,124,64,0,50.0,1.0,75.4028,0,0.0,8.9139,1
20975578.1,13,,124,64,0,50.0,1.0,75.3028,0,0.0,8.9076,1
20977578.1,13,,124,64,0,50.0,1.0,75.2028,0,0.0,8.9014,1
20979578.1,13,,124,64,0,50.0,1.0,75.1028,0,0.0,8.8951,1
20981578.1,13,,124,64,0,50.0,1.0,75.0028,0,0.0,8.8889,1
20983578.1,13,,124,64,0,50.0,1.0,74.9028,0,0.0,8.8826,1
20985578.1,13,,124,64,0,50.0,1.0,74.8028,0,0.0,8.8764,1
20986238.3,13,,124,64,0,50.0,1.0,74.7697,0,0.0,8.8743,1
20986520.5,13,,123,64,0,50.0,1.0,74.7556,0,0.0,8.8734,1
20987578.1,13,,122,64,0,50.0,1.0,74.7028,0,0.0,8.8701,1
20989578.1,13,,122,64,0,50.0,1.0,74.6028,0,0.0,8.8639,1
20991578.1,13,,122,64,0,50.0,1.0,74.5028,0,0.0,8.8576,1
20991881.7,13,,122,64,0,50.0,1.0,74.4876,0,0.0,8.8567,1
20993578.1,13,,121,64,0,50.0,1.0,74.4028,0,0.0,8.8514,1
20995578.1,13,,121,64,0,50.0,1.0,74.3028,0,0.0,8.8451,1
20997578.1,13,,121,64,0,50.0,1.0,74.2028,0,0.0,8.8389,1
20999578.1,13,,121,64,0,50.0,1.0,74.1028,0,0.0,8.8326,1
21001578.1,13,,121,64,0,50.0,1.0,74.0028,0,0.0,8.8264,1
21003578.1,13,,121,64,0,50.0,1.0,73.9028,0,0.0,8.8201,1
21005578.1,13,,121,64,0,50.0,1.0,73.8028,0,0.0,8.8139,1
21007578.1,13,,121,64,0,50.0,1.0,73.7028,0,0.0,8.8076,1
21009578.1,13,,121,64,0,50.0,1.0,73.6028,0,0.0,8.8014,1
21011578.1,13,,121,64,0,50.0,1.0,73.5028,0,0.0,8.7951,1
21013578.1,13,,121,64,0,50.0,1.0,73.4028,0,0.0,8.7889,1
21015578.1,13,,121,64,0,50.0,1.0,73.3028,0,0.0,8.7826,1
21017578.1,13,,121,64,0,50.0,1.0,73.2028,0,0.0,8.7764,1
21018196.2,13,,121,64,0,50.0,1.0,73.1719,0,0.0,8.7745,1
21019578.1,13,,120,64,0,50.0,1.0,73.1028,0,0.0,8.7701,1
21020553.7,13,,120,64,0,50.0,1.0,73.054,0,0.0,8.7671,1
21021578.1,13,,119,64,0,50.0,1.0,73.0028,0,0.0,8.7639,1
21023484.6,13,,119,64,0,50.0,1.0,72.9074,0,0.0,8.7579,1
21023578.1,13,,118,64,0,50.0,1.0,72.9028,0,0.0,8.7576,1
21025578.1,13,,118,64,0,50.0,1.0,72.8028,0,0.0,8.7514,1
21027578.1,13,,118,64,0,50.0,1.0,72.7028,0,0.0,8.7451,1
21028563.6,13,,118,64,0,50.0,1.0,72.6535,0,0.0,8.7421,1
21029578.1,13,,117,64,0,50.0,1.0,72.6028,0,0.0,8.7389,1
21031578.1,13,,117,64,0,50.0,1.0,72.5028,0,0.0,8.7326,1
21033578.1,13,,117,64,0,50.0,1.0,72.4028,0,0.0,8.7264,1
21035578.1,13,,117,64,0,50.0,1.0,72.3028,0,0.0,8.7201,1
21037578.1,13,,117,64,0,50.0,1.0,72.2028,0,0.0,8.7139,1
21037802.4,13,,117,64,0,50.0,1.0,72.1915,0,0.0,8.7132,1
21037957.1,13,,116,64,0,50.0,1.0,72.1838,0,0.0,8.7127,1
21039578.1,13,,115,64,0,50.0,1.0,72.1028,0,0.0,8.7076,1
21041578.1,13,,115,64,0,50.0,1.0,72.0028,0,0.0,8.7014,1
21043578.1,13,,115,64,0,50.0,1.0,71.9028,0,0.0,8.6951,1
21045578.1,13,,115,64,0,50.0,1.0,71.8028,0,0.0,8.6889,1
21046176.4,13,,115,64,0,50.0,1.0,71.7728,0,0.0,8.687,1
21046931.9,13,,114,64,0,50.0,1.0,71.7351,0,0.0,8.6847,1
21047578.1,13,,113,64,0,50.0,1.0,71.7028,0,0.0,8.6826,1
21049271.2,13,,113,64,0,50.0,1.0,71.6181,0,0.0,8.6773,1
21049578.1,13,,112,64,0,50.0,1.0,71.6028,0,0.0,8.6764,1
21051578.1,13,,112,64,0,50.0,1.0,71.5028,0,0.0,8.6701,1
21052229.4,13,,112,64,0,50.0,1.0,71.4702,0,0.0,8.6681,1
21052957.6,13,,111,64,0,50.0,1.0,71.4338,0,0.0,8.6658,1
21053057.7,13,,110,64,0,50.0,1.0,71.4288,0,0.0,8.6655,1
21053578.1,13,,109,64,0,50.0,1.0,71.4028,0,0.0,8.6639,1
21054322.9,13,,109,64,0,50.0,1.0,71.3655,0,0.0,8.6616,1
21055578.1,13,,108,64,0,50.0,1.0,71.3028,0,0.0,8.6576,1
21057578.1,13,,108,64,0,50.0,1.0,71.2028,0,0.0,8.6514,1
21058464.4,13,,108,64,0,50.0,1.0,71.1584,0,0.0,8.6486,1
21059578.1,13,,107,64,0,50.0,1.0,71.1028,0,0.0,8.6451,1
21059975.4,13,,107,64,0,50.0,1.0,71.0829,0,0.0,8.6439,1
21061578.1,13,,106,64,0,50.0,1.0,71.0028,0,0.0,8.6389,1
21062423.9,13,,106,64,0,50.0,1.0,70.9605,0,0.0,8.6362,1
21063288.6,13,,105,64,0,50.0,1.0,70.9172,0,0.0,8.6335,1
21063578.1,13,,104,64,0,50.0,1.0,70.9028,0,0.0,8.6326,1
21064854.2,13,,104,64,0,50.0,1.0,70.839,0,0.0,8.6287,1
21065578.1,13,,103,64,0,50.0,1.0,70.8028,0,0.0,8.6264,1
21067357.3,13,,103,64,0,50.0,1.0,70.7138,0,0.0,8.6208,1
21067578.1,13,,102,64,0,50.0,1.0,70.7028,0,0.0,8.6201,1
21069305.2,13,,102,64,0,50.0,1.0,70.6164,0,0.0,8.6147,1
21069578.1,13,,101,64,0,50.0,1.0,70.6028,0,0.0,8.6139,1
21069660.2,13,,101,64,0,50.0,1.0,70.5987,0,0.0,8.6136,1
21071578.1,13,,100,64,0,50.0,1.0,70.5028,0,0.0,8.6076,1
21073578.1,13,,100,64,0,50.0,1.0,70.4028,0,0.0,8.6014,1
21073783.5,13,,100,64,0,50.0,1.0,70.3925,0,0.0,8.6007,1
21075578.1,13,,99,64,0,50.0,1.0,70.3028,0,0.0,8.5951,1
21077578.1,13,,99,64,0,50.0,1.0,70.2028,0,0.0,8.5889,1
21079244.8,13,,99,64,0,50.0,1.0,70.1194,0,0.0,8.5837,1
21079578.1,13,,98,64,0,50.0,1.0,70.1028,0,0.0,8.5826,1
21081138.1,13,,98,64,0,50.0,1.0,70.0248,0,0.0,8.5778,1
21081578.1,13,,97,64,0,50.0,1.0,70.0028,0,0.0,8.5764,1
21083578.1,13,,97,64,0,50.0,1.0,69.9028,0,0.0,8.5701,1
21085578.1,13,,97,64,0,50.0,1.0,69.8028,0,0.0,8.5639,1
21086371.8,13,,97,64,0,50.0,1.0,69.7631,0,0.0,8.5614,1
21087578.1,13,,96,64,0,50.0,1.0,69.7028,0,0.0,8.5576,1
21089578.1,13,,96,64,0,50.0,1.0,69.6028,0,0.0,8.5514,1
21091578.1,13,,96,64,0,50.0,1.0,69.5028,0,0.0,8.5451,1
21093578.1,13,,96,64,0,50.0,1.0,69.4028,0,0.0,8.5389,1
21095578.1,13,,96,64,0,50.0,1.0,69.3028,0,0.0,8.5326,1
21097578.1,13,,96,64,0,50.0,1.0,69.2028,0,0.0,8.5264,1
21099578.1,13,,96,64,0,50.0,1.0,69.1028,0,0.0,8.5201,1
21101578.1,13,,96,64,0,50.0,1.0,69.0028,0,0.0,8.5139,1
21103578.1,13,,96,64,0,50.0,1.0,68.9028,0,0.0,8.5076,1
21105578.1,13,,96,64,0,50.0,1.0,68.8028,0,0.0,8.5014,1
21107578.1,13,,96,64,0,50.0,1.0,68.7028,0,0.0,8.4951,1
21109578.1,13,,96,64,0,50.0,1.0,68.6028,0,0.0,8.4889,1
21111578.1,13,,96,64,0,50.0,1.0,68.5028,0,0.0,8.4826,1
21113578.1,13,,96,64,0,50.0,1.0,68.4028,0,0.0,8.4764,1
21115578.1,13,,96,64,0,50.0,1.0,68.3028,0,0.0,8.4701,1
21117578.1,13,,96,64,0,50.0,1.0,68.2028,0,0.0,8.4639,1
21119578.1,13,,96,64,0,50.0,1.0,68.1028,0,0.0,8.4576,1
21121578.1,13,,96,64,0,50.0,1.0,68.0028,0,0.0,8.4514,1
21123578.1,13,,96,64,0,50.0,1.0,67.9028,0,0.0,8.4451,1
21125578.1,13,,96,64,0,50.0,1.0,67.8028,0,0.0,8.4389,1
21127578.1,13,,96,64,0,50.0,1.0,67.7028,0,0.0,8.4326,1
21129578.1,13,,96,64,0,50.0,1.0,67.6028,0,0.0,8.4264,1
21131578.1,13,,96,64,0,50.0,1.0,67.5028,0,0.0,8.4201,1
21133578.1,13,,96,64,0,50.0,1.0,67.4028,0,0.0,8.4139,1
21135578.1,13,,96,64,0,50.0,1.0,67.3028,0,0.0,8.4076,1
21137578.1,13,,96,64,0,50.0,1.0,67.2028,0,0.0,8.4014,1
21139578.1,13,,96,64,0,50.0,1.0,67.1028,0,0.0,8.3951,1
21141578.1,13,,96,64,0,50.0,1.0,67.0028,0,0.0,8.3889,1
21143578.1,13,,96,64,0,50.0,1.0,66.9028,0,0.0,8.3826,1
21145578.1,13,,96,64,0,50.0,1.0,66.8028,0,0.0,8.3764,1
21147578.1,13,,96,64,0,50.0,1.0,66.7028,0,0.0,8.3701,1
21149578.1,13,,96,64,0,50.0,1.0,66.6028,0,0.0,8.3639,1
21151578.1,13,,96,64,0,50.0,1.0,66.5028,0,0.0,8.3576,1
21153578.1,13,,96,64,0,50.0,1.0,66.4028,0,0.0,8.3514,1
21155578.1,13,,96,64,0,50.0,1.0,66.3028,0,0.0,8.3451,1
21157578.1,13,,96,64,0,50.0,1.0,66.2028,0,0.0,8.3389,1
21159578.1,13,,96,64,0,50.0,1.0,66.1028,0,0.0,8.3326,1
21161578.1,13,,96,64,0,50.0,1.0,66.0028,0,0.0,8.3264,1
21163578.1,13,,96,64,0,50.0,1.0,65.9028,0,0.0,8.3201,1
21165578.1,13,,96,64,0,50.0,1.0,65.8028,0,0.0,8.3139,1
21167578.1,13,,96,64,0,50.0,1.0,65.7028,0,0.0,8.3076,1
21169578.1,13,,96,64,0,50.0,1.0,65.6028,0,0.0,8.3014,1
21171578.1,13,,96,64,0,50.0,1.0,65.5028,0,0.0,8.2951,1
21173578.1,13,,96,64,0,50.0,1.0,65.4028,0,0.0,8.2889,1
21175578.1,13,,96,64,0,50.0,1.0,65.3028,0,0.0,8.2826,1
21177578.1,13,,96,64,0,50.0,1.0,65.2028,0,0.0,8.2764,1
21179578.1,13,,96,64,0,50.0,1.0,65.1028,0,0.0,8.2701,1
21181578.1,13,,96,64,0,50.0,1.0,65.0028,0,0.0,8.2639,1
21183578.1,13,,96,64,0,50.0,1.0,64.9028,0,0.0,8.2576,1
21185578.1,13,,96,64,0,50.0,1.0,64.8028,0,0.0,8.2514,1
21187578.1,13,,96,64,0,50.0,1.0,64.7028,0,0.0,8.2451,1
21189578.1,13,,96,64,0,50.0,1.0,64.6028,0,0.0,8.2389,1
21191578.1,13,,96,64,0,50.0,1.0,64.5028,0,0.0,8.2326,1
21193578.1,13,,96,64,0,50.0,1.0,64.4028,0,0.0,8.2264,1
21195578.1,13,,96,64,0,50.0,1.0,64.3028,0,0.0,8.2201,1
21197578.1,13,,96,64,0,50.0,1.0,64.2028,0,0.0,8.2139,1
21199578.1,13,,96,64,0,50.0,1.0,64.1028,0,0.0,8.2076,1
21201578.1,13,,96,64,0,50.0,1.0,64.0028,0,0.0,8.2014,1
21203578.1,13,,96,64,0,50.0,1.0,63.9028,0,0.0,8.1951,1
21205578.1,13,,96,64,0,50.0,1.0,63.8028,0,0.0,8.1889,1
21207578.1,13,,96,64,0,50.0,1.0,63.7028,0,0.0,8.1826,1
21209578.1,13,,96,64,0,50.0,1.0,63.6028,0,0.0,8.1764,1
21211578.1,13,,96,64,0,50.0,1.0,63.5028,0,0.0,8.1701,1
21213578.1,13,,96,64,0,50.0,1.0,63.4028,0,0.0,8.1639,1
21215578.1,13,,96,64,0,50.0,1.0,63.3028,0,0.0,8.1576,1
21217578.1,13,,96,64,0,50.0,1.0,63.2028,0,0.0,8.1514,1
21219578.1,13,,96,64,0,50.0,1.0,63.1028,0,0.0,8.1451,1
21221578.1,13,,96,64,0,50.0,1.0,63.0028,0,0.0,8.1389,1
21223578.1,13,,96,64,0,50.0,1.0,62.9028,0,0.0,8.1326,1
21225578.1,13,,96,64,0,50.0,1.0,62.8028,0,0.0,8.1264,1
21227578.1,13,,96,64,0,50.0,1.0,62.7028,0,0.0,8.1201,1
21229578.1,13,,96,64,0,50.0,1.0,62.6028,0,0.0,8.1139,1
21231578.1,13,,96,64,0,50.0,1.0,62.5028,0,0.0,8.1076,1
21233578.1,13,,96,64,0,50.0,1.0,62.4028,0,0.0,8.1014,1
21235578.1,13,,96,64,0,50.0,1.0,62.3028,0,0.0,8.0951,1
21237578.1,13,,96,64,0,50.0,1.0,62.2028,0,0.0,8.0889,1
21239578.1,13,,96,64,0,50.0,1.0,62.1028,0,0.0,8.0826,1
21241578.1,13,,96,64,0,50.0,1.0,62.0028,0,0.0,8.0764,1
21243578.1,13,,96,64,0,50.0,1.0,61.9028,0,0.0,8.0701,1
21245578.1,13,,96,64,0,50.0,1.0,61.8028,0,0.0,8.0639,1
21247578.1,13,,96,64,0,50.0,1.0,61.7028,0,0.0,8.0576,1
21248464.2,13,,96,64,0,50.0,1.0,61.6585,0,0.0,8.0549,1
21249578.1,13,,95,64,0,50.0,1.0,61.6028,0,0.0,8.0514,1
21251578.1,13,,95,64,0,50.0,1.0,61.5028,0,0.0,8.0451,1
21253578.1,13,,95,64,0,50.0,1.0,61.4028,0,0.0,8.0389,1
21255578.1,13,,95,64,0,50.0,1.0,61.3028,0,0.0,8.0326,1
21257578.1,13,,95,64,0,50.0,1.0,61.2028,0,0.0,8.0264,1
21259578.1,13,,95,64,0,50.0,1.0,61.1028,0,0.0,8.0201,1
21261578.1,13,,95,64,0,50.0,1.0,61.0028,0,0.0,8.0139,1
21263578.1,13,,95,64,0,50.0,1.0,60.9028,0,0.0,8.0076,1
21265578.1,13,,95,64,0,50.0,1.0,60.8028,0,0.0,8.0014,1
21267578.1,13,,95,64,0,50.0,1.0,60.7028,0,0.0,7.9951,1
21269578.1,13,,95,64,0,50.0,1.0,60.6028,0,0.0,7.9889,1
21271578.1,13,,95,64,0,50.0,1.0,60.5028,0,0.0,7.9826,1
21273578.1,13,,95,64,0,50.0,1.0,60.4028,0,0.0,7.9764,1
21275578.1,13,,95,64,0,50.0,1.0,60.3028,0,0.0,7.9701,1
21277578.1,13,,95,64,0,50.0,1.0,60.2028,0,0.0,7.9639,1
21279578.1,13,,95,64,0,50.0,1.0,60.1028,0,0.0,7.9576,1
21280003.4,13,,95,64,0,50.0,1.0,60.0815,0,0.0,7.9563,1
21281578.1,13,,94,64,0,50.0,1.0,60.0028,0,0.0,7.9514,1
21283578.1,13,,94,64,0,50.0,1.0,59.9028,0,0.0,7.9451,1
21285578.1,13,,94,64,0,50.0,1.0,59.8028,0,0.0,7.9389,1
21285655.9,13,,94,64,0,50.0,1.0,59.7989,0,0.0,7.9386,1
21286147.4,13,,93,64,0,50.0,1.0,59.7743,0,0.0,7.9371,1
21287578.1,13,,92,64,0,50.0,1.0,59.7028,0,0.0,7.9326,1
21289578.1,13,,92,64,0,50.0,1.0,59.6028,0,0.0,7.9264,1
21291578.1,13,,92,64,0,50.0,1.0,59.5028,0,0.0,7.9201,1
21293238.0,13,,92,64,0,50.0,1.0,59.4198,0,0.0,7.915,1
21293578.1,13,,91,64,0,50.0,1.0,59.4028,0,0.0,7.9139,1
21294885.5,13,,91,64,0,50.0,1.0,59.3374,0,0.0,7.9098,1
21295578.1,13,,90,64,0,50.0,1.0,59.3028,0,0.0,7.9076,1
21297578.1,13,,90,64,0,50.0,1.0,59.2028,0,0.0,7.9014,1
21299578.1,13,,90,64,0,50.0,1.0,59.1028,0,0.0,7.8951,1
21301578.1,13,,90,64,0,50.0,1.0,59.0028,0,0.0,7.8889,1
21303578.1,13,,90,64,0,50.0,1.0,58.9028,0,0.0,7.8826,1
21305578.1,13,,90,64,0,50.0,1.0,58.8028,0,0.0,7.8764,1
21307578.1,13,,90,64,0,50.0,1.0,58.7028,0,0.0,7.8701,1
21309578.1,13,,90,64,0,50.0,1.0,58.6028,0,0.0,7.8639,1
21311578.1,13,,90,64,0,50.0,1.0,58.5028,0,0.0,7.8576,1
21313578.1,13,,90,64,0,50.0,1.0,58.4028,0,0.0,7.8514,1
21315578.1,13,,90,64,0,50.0,1.0,58.3028,0,0.0,7.8451,1
21317578.1,13,,90,64,0,50.0,1.0,58.2028,0,0.0,7.8389,1
21319578.1,13,,90,64,0,50.0,1.0,58.1028,0,0.0,7.8326,1
21321578.1,13,,90,64,0,50.0,1.0,58.0028,0,0.0,7.8264,1
21323578.1,13,,90,64,0,50.0,1.0,57.9028,0,0.0,7.8201,1
21325578.1,13,,90,64,0,50.0,1.0,57.8028,0,0.0,7.8139,1
21326916.3,13,,90,64,0,50.0,1.0,57.7359,0,0.0,7.8097,1
21327578.1,13,,89,64,0,50.0,1.0,57.7028,0,0.0,7.8076,1
21329578.1,13,,89,64,0,50.0,1.0,57.6028,0,0.0,7.8014,1
21331578.1,13,,89,64,0,50.0,1.0,57.5028,0,0.0,7.7951,1
21333578.1,13,,89,64,0,50.0,1.0,57.4028,0,0.0,7.7889,1
21335578.1,13,,89,64,0,50.0,1.0,57.3028,0,0.0,7.7826,1
21337578.1,13,,89,64,0,50.0,1.0,57.2028,0,0.0,7.7764,1
21339578.1,13,,89,64,0,50.0,1.0,57.1028,0,0.0,7.7701,1
21341578.1,13,,89,64,0,50.0,1.0,57.0028,0,0.0,7.7639,1
21343578.1,13,,89,64,0,50.0,1.0,56.9028,0,0.0,7.7576,1
21345578.1,13,,89,64,0,50.0,1.0,56.8028,0,0.0,7.7514,1
21347578.1,13,,89,64,0,50.0,1.0,56.7028,0,0.0,7.7451,1
21349578.1,13,,89,64,0,50.0,1.0,56.6028,0,0.0,7.7389,1
21351578.1,13,,89,64,0,50.0,1.0,56.5028,0,0.0,7.7326,1
21353578.1,13,,89,64,0,50.0,1.0,56.4028,0,0.0,7.7264,1
21355578.1,13,,89,64,0,50.0,1.0,56.3028,0,0.0,7.7201,1
21357578.1,13,,89,64,0,50.0,1.0,56.2028,0,0.0,7.7139,1
21359578.1,13,,89,64,0,50.0,1.0,56.1028,0,0.0,7.7076,1
21360039.3,13,,89,64,0,50.0,1.0,56.0797,0,0.0,7.7062,1
21361578.1,13,,88,64,0,50.0,1.0,56.0028,0,0.0,7.7014,1
21363578.1,13,,88,64,0,50.0,1.0,55.9028,0,0.0,7.6951,1
21365578.1,13,,88,64,0,50.0,1.0,55.8028,0,0.0,7.6889,1
21367578.1,13,,88,64,0,50.0,1.0,55.7028,0,0.0,7.6826,1
21369578.1,13,,88,64,0,50.0,1.0,55.6028,0,0.0,7.6764,1
21371578.1,13,,88,64,0,50.0,1.0,55.5028,0,0.0,7.6701,1
21373578.1,13,,88,64,0,50.0,1.0,55.4028,0,0.0,7.6639,1
21375578.1,13,,88,64,0,50.0,1.0,55.3028,0,0.0,7.6576,1
21377578.1,13,,88,64,0,50.0,1.0,55.2028,0,0.0,7.6514,1
21379578.1,13,,88,64,0,50.0,1.0,55.1028,0,0.0,7.6451,1
21381578.1,13,,88,64,0,50.0,1.0,55.0028,0,0.0,7.6389,1
21383578.1,13,,88,64,0,50.0,1.0,54.9028,0,0.0,7.6326,1
21385561.9,13,,88,64,0,50.0,1.0,54.8036,0,0.0,7.6264,1
21385578.1,13,,87,64,0,50.0,1.0,54.8028,0,0.0,7.6264,1
21387578.1,13,,87,64,0,50.0,1.0,54.7028,0,0.0,7.6201,1
21389578.1,13,,87,64,0,50.0,1.0,54.6028,0,0.0,7.6139,1
21390968.6,13,,87,64,0,50.0,1.0,54.5332,0,0.0,7.6095,1
21391578.1,13,,86,64,0,50.0,1.0,54.5028,0,0.0,7.6076,1
21391796.9,13,,86,64,0,50.0,1.0,54.4918,0,0.0,7.607,1
21393578.1,13,,85,64,0,50.0,1.0,54.4028,0,0.0,7.6014,1
21395578.1,13,,85,64,0,50.0,1.0,54.3028,0,0.0,7.5951,1
21397578.1,13,,85,64,0,50.0,1.0,54.2028,0,0.0,7.5889,1
21399197.0,13,,85,64,0,50.0,1.0,54.1218,0,0.0,7.5838,1
21399578.1,13,,84,64,0,50.0,1.0,54.1028,0,0.0,7.5826,1
21401578.1,13,,84,64,0,50.0,1.0,54.0028,0,0.0,7.5764,1
21403578.1,13,,84,64,0,50.0,1.0,53.9028,0,0.0,7.5701,1
21405578.1,13,,84,64,0,50.0,1.0,53.8028,0,0.0,7.5639,1
21407578.1,13,,84,64,0,50.0,1.0,53.7028,0,0.0,7.5576,1
21409578.1,13,,84,64,0,50.0,1.0,53.6028,0,0.0,7.5514,1
21411578.1,13,,84,64,0,50.0,1.0,53.5028,0,0.0,7.5451,1
21413578.1,13,,84,64,0,50.0,1.0,53.4028,0,0.0,7.5389,1
21415578.1,13,,84,64,0,50.0,1.0,53.3028,0,0.0,7.5326,1
21417578.1,13,,84,64,0,50.0,1.0,53.2028,0,0.0,7.5264,1
21419578.1,13,,84,64,0,50.0,1.0,53.1028,0,0.0,7.5201,1
21421578.1,13,,84,64,0,50.0,1.0,53.0028,0,0.0,7.5139,1
21423578.1,13,,84,64,0,50.0,1.0,52.9028,0,0.0,7.5076,1
21425578.1,13,,84,64,0,50.0,1.0,52.8028,0,0.0,7.5014,1
21427578.1,13,,84,64,0,50.0,1.0,52.7028,0,0.0,7.4951,1
21429578.1,13,,84,64,0,50.0,1.0,52.6028,0,0.0,7.4889,1
21431578.1,13,,84,64,0,50.0,1.0,52.5028,0,0.0,7.4826,1
21433578.1,13,,84,64,0,50.0,1.0,52.4028,0,0.0,7.4764,1
21435578.1,13,,84,64,0,50.0,1.0,52.3028,0,0.0,7.4701,1
21437578.1,13,,84,64,0,50.0,1.0,52.2028,0,0.0,7.4639,1
21439578.1,13,,84,64,0,50.0,1.0,52.1028,0,0.0,7.4576,1
21441578.1,13,,84,64,0,50.0,1.0,52.0028,0,0.0,7.4514,1
21443578.1,13,,84,64,0,50.0,1.0,51.9028,0,0.0,7.4451,1
21445578.1,13,,84,64,0,50.0,1.0,51.8028,0,0.0,7.4389,1
21447578.1,13,,84,64,0,50.0,1.0,51.7028,0,0.0,7.4326,1
21449578.1,13,,84,64,0,50.0,1.0,51.6028,0,0.0,7.4264,1
21451578.1,13,,84,64,0,50.0,1.0,51.5028,0,0.0,7.4201,1
21453578.1,13,,84,64,0,50.0,1.0,51.4028,0,0.0,7.4139,1
21455578.1,13,,84,64,0,50.0,1.0,51.3028,0,0.0,7.4076,1
21457578.1,13,,84,64,0,50.0,1.0,51.2028,0,0.0,7.4014,1
21459578.1,13,,84,64,0,50.0,1.0,51.1028,0,0.0,7.3951,1
21461578.1,13,,84,64,0,50.0,1.0,51.0028,0,0.0,7.3889,1
21463578.1,13,,84,64,0,50.0,1.0,50.9028,0,0.0,7.3826,1
21465578.1,13,,84,64,0,50.0,1.0,50.8028,0,0.0,7.3764,1
21467578.1,13,,84,64,0,50.0,1.0,50.7028,0,0.0,7.3701,1
21469578.1,13,,84,64,0,50.0,1.0,50.6028,0,0.0,7.3639,1
21471578.1,13,,84,64,0,50.0,1.0,50.5028,0,0.0,7.3576,1
21473578.1,13,,84,64,0,50.0,1.0,50.4028,0,0.0,7.3514,1
21474372.3,13,,84,64,0,50.0,1.0,50.3631,0,0.0,7.3489,1
21475578.1,13,,83,64,0,50.0,1.0,50.3028,0,0.0,7.3451,1
21477578.1,13,,83,64,0,50.0,1.0,50.2028,0,0.0,7.3389,1
21479578.1,13,,83,64,0,50.0,1.0,50.1028,0,0.0,7.3326,1
21481578.1,13,,83,64,0,50.0,1.0,50.0028,0,0.0,7.3264,1
21483578.1,13,,83,64,0,50.0,1.0,49.9028,0,0.0,7.3201,1
21485578.1,13,,83,64,0,50.0,1.0,49.8028,0,0.0,7.3139,1
21487578.1,13,,83,64,0,50.0,1.0,49.7028,0,0.0,7.3076,1
21489578.1,13,,83,64,0,50.0,1.0,49.6028,0,0.0,7.3014,1
21491578.1,13,,83,64,0,50.0,1.0,49.5028,0,0.0,7.2951,1
21493578.1,13,,83,64,0,50.0,1.0,49.4028,0,0.0,7.2889,1
21495578.1,13,,83,64,0,50.0,1.0,49.3028,0,0.0,7.2826,1
21497578.1,13,,83,64,0,50.0,1.0,49.2028,0,0.0,7.2764,1
21499578.1,13,,83,64,0,50.0,1.0,49.1028,0,0.0,7.2701,1
21501578.1,13,,83,64,0,50.0,1.0,49.0028,0,0.0,7.2639,1
21503578.1,13,,83,64,0,50.0,1.0,48.9028,0,0.0,7.2576,1
21505578.1,13,,83,64,0,50.0,1.0,48.8028,0,0.0,7.2514,1
21506266.5,13,,83,64,0,50.0,1.0,48.7683,0,0.0,7.2492,1
21507578.1,13,,82,64,0,50.0,1.0,48.7028,0,0.0,7.2451,1
21509578.1,13,,82,64,0,50.0,1.0,48.6028,0,0.0,7.2389,1
21511578.1,13,,82,64,0,50.0,1.0,48.5028,0,0.0,7.2326,1
21513578.1,13,,82,64,0,50.0,1.0,48.4028,0,0.0,7.2264,1
21515578.1,13,,82,64,0,50.0,1.0,48.3028,0,0.0,7.2201,1
21517578.1,13,,82,64,0,50.0,1.0,48.2028,0,0.0,7.2139,1
21519578.1,13,,82,64,0,50.0,1.0,48.1028,0,0.0,7.2076,1
21521578.1,13,,82,64,0,50.0,1.0,48.0028,0,0.0,7.2014,1
21523578.1,13,,82,64,0,50.0,1.0,47.9028,0,0.0,7.1951,1
21525578.1,13,,82,64,0,50.0,1.0,47.8028,0,0.0,7.1889,1
21527578.1,13,,82,64,0,50.0,1.0,47.7028,0,0.0,7.1826,1
21529578.1,13,,82,64,0,50.0,1.0,47.6028,0,0.0,7.1764,1
21531578.1,13,,82,64,0,50.0,1.0,47.5028,0,0.0,7.1701,1
21533578.1,13,,82,64,0,50.0,1.0,47.4028,0,0.0,7.1639,1
21535578.1,13,,82,64,0,50.0,1.0,47.3028,0,0.0,7.1576,1
21537578.1,13,,82,64,0,50.0,1.0,47.2028,0,0.0,7.1514,1
21539578.1,13,,82,64,0,50.0,1.0,47.1028,0,0.0,7.1451,1
21541578.1,13,,82,64,0,50.0,1.0,47.0028,0,0.0,7.1389,1
21543578.1,13,,82,64,0,50.0,1.0,46.9028,0,0.0,7.1326,1
21545578.1,13,,82,64,0,50.0,1.0,46.8028,0,0.0,7.1264,1
21547578.1,13,,82,64,0,50.0,1.0,46.7028,0,0.0,7.1201,1
21548864.9,13,,82,64,0,50.0,1.0,46.6384,0,0.0,7.1161,1
21549578.1,13,,81,64,0,50.0,1.0,46.6028,0,0.0,7.1139,1
21550958.4,13,,81,64,0,50.0,1.0,46.5337,0,0.0,7.1096,1
21551578.1,13,,80,64,0,50.0,1.0,46.5028,0,0.0,7.1076,1
21553578.1,13,,80,64,0,50.0,1.0,46.4028,0,0.0,7.1014,1
21555578.1,13,,80,64,0,50.0,1.0,46.3028,0,0.0,7.0951,1
21557578.1,13,,80,64,0,50.0,1.0,46.2028,0,0.0,7.0889,1
21559578.1,13,,80,64,0,50.0,1.0,46.1028,0,0.0,7.0826,1
21561578.1,13,,80,64,0,50.0,1.0,46.0028,0,0.0,7.0764,1
21563578.1,13,,80,64,0,50.0,1.0,45.9028,0,0.0,7.0701,1
21565578.1,13,,80,64,0,50.0,1.0,45.8028,0,0.0,7.0639,1
21567578.1,13,,80,64,0,50.0,1.0,45.7028,0,0.0,7.0576,1
21569578.1,13,,80,64,0,50.0,1.0,45.6028,0,0.0,7.0514,1
21571578.1,13,,80,64,0,50.0,1.0,45.5028,0,0.0,7.0451,1
21573578.1,13,,80,64,0,50.0,1.0,45.4028,0,0.0,7.0389,1
21575578.1,13,,80,64,0,50.0,1.0,45.3028,0,0.0,7.0326,1
21577578.1,13,,80,64,0,50.0,1.0,45.2028,0,0.0,7.0264,1
21579578.1,13,,80,64,0,50.0,1.0,45.1028,0,0.0,7.0201,1
21581578.1,13,,80,64,0,50.0,1.0,45.0028,0,0.0,7.0139,1
21583578.1,13,,80,64,0,50.0,1.0,44.9028,0,0.0,7.0076,1
21585578.1,13,,80,64,0,50.0,1.0,44.8028,0,0.0,7.0014,1
21587578.1,13,,80,64,0,50.0,1.0,44.7028,0,0.0,6.9951,1
21589578.1,13,,80,64,0,50.0,1.0,44.6028,0,0.0,6.9889,1
21591578.1,13,,80,64,0,50.0,1.0,44.5028,0,0.0,6.9826,1
21593578.1,13,,80,64,0,50.0,1.0,44.4028,0,0.0,6.9764,1
21595578.1,13,,80,64,0,50.0,1.0,44.3028,0,0.0,6.9701,1
21597578.1,13,,80,64,0,50.0,1.0,44.2028,0,0.0,6.9639,1
21599578.1,13,,80,64,0,50.0,1.0,44.1028,0,0.0,6.9576,1
21600933.5,13,,80,64,0,50.0,1.0,44.035,0,0.0,6.9534,1
21601578.1,13,,79,63,0,50.0,1.0,44.0028,0,0.0,6.9514,1
21603578.1,13,,79,63,0,50.0,1.0,43.9028,0,0.0,6.945,1
21604078.9,13,,79,63,0,50.0,1.0,43.8777,0,0.0,6.9434,1
21605578.1,13,,78,62,0,50.0,1.0,43.8028,0,0.0,6.9386,1
21607578.1,13,,78,62,0,50.0,1.0,43.7028,0,0.0,6.9321,1
21609578.1,13,,78,62,0,50.0,1.0,43.6028,0,0.0,6.9257,1
21611578.1,13,,78,62,0,50.0,1.0,43.5028,0,0.0,6.9192,1
21613578.1,13,,78,62,0,50.0,1.0,43.4028,0,0.0,6.9127,1
21615578.1,13,,78,62,0,50.0,1.0,43.3028,0,0.0,6.9063,1
21617578.1,13,,78,62,0,50.0,1.0,43.2028,0,0.0,6.8998,1
21619578.1,13,,78,62,0,50.0,1.0,43.1028,0,0.0,6.8934,1
21621578.1,13,,78,62,0,50.0,1.0,43.0028,0,0.0,6.8869,1
21623578.1,13,,78,62,0,50.0,1.0,42.9028,0,0.0,6.8805,1
21625578.1,13,,78,62,0,50.0,1.0,42.8028,0,0.0,6.874,1
21627578.1,13,,78,62,0,50.0,1.0,42.7028,0,0.0,6.8675,1
21629578.1,13,,78,62,0,50.0,1.0,42.6028,0,0.0,6.8611,1
21631578.1,13,,78,62,0,50.0,1.0,42.5028,0,0.0,6.8546,1
21633578.1,13,,78,62,0,50.0,1.0,42.4028,0,0.0,6.8482,1
21635578.1,13,,78,62,0,50.0,1.0,42.3028,0,0.0,6.8417,1
21637578.1,13,,78,62,0,50.0,1.0,42.2028,0,0.0,6.8353,1
21638062.1,13,,78,62,0,50.0,1.0,42.1786,0,0.0,6.8337,1
21639578.1,13,,77,62,0,50.0,1.0,42.1028,0,0.0,6.8288,1
21641578.1,13,,77,62,0,50.0,1.0,42.0028,0,0.0,6.8223,1
21641744.1,13,,77,62,0,50.0,1.0,41.9945,0,0.0,6.8218,1
21643578.1,13,,76,62,0,50.0,1.0,41.9028,0,0.0,6.8159,1
21643892.1,13,,76,62,0,50.0,1.0,41.8871,0,0.0,6.8149,1
21644347.2,13,,75,62,0,50.0,1.0,41.8643,0,0.0,6.8134,1
21645578.1,13,,74,62,0,50.0,1.0,41.8028,0,0.0,6.8094,1
21647578.1,13,,74,62,0,50.0,1.0,41.7028,0,0.0,6.803,1
21649578.1,13,,74,62,0,50.0,1.0,41.6028,0,0.0,6.7965,1
21650028.9,13,,74,62,0,50.0,1.0,41.5802,0,0.0,6.795,1
21651578.1,13,,73,61,0,50.0,1.0,41.5028,0,0.0,6.79,1
21653578.1,13,,73,61,0,50.0,1.0,41.4028,0,0.0,6.7834,1
21655578.1,13,,73,61,0,50.0,1.0,41.3028,0,0.0,6.7768,1
21657578.1,13,,73,61,0,50.0,1.0,41.2028,0,0.0,6.7703,1
21659578.1,13,,73,61,0,50.0,1.0,41.1028,0,0.0,6.7637,1
21661578.1,13,,73,61,0,50.0,1.0,41.0028,0,0.0,6.7572,1
21663578.1,13,,73,61,0,50.0,1.0,40.9028,0,0.0,6.7506,1
21665578.1,13,,73,61,0,50.0,1.0,40.8028,0,0.0,6.744,1
21667578.1,13,,73,61,0,50.0,1.0,40.7028,0,0.0,6.7375,1
21669578.1,13,,73,61,0,50.0,1.0,40.6028,0,0.0,6.7309,1
21671578.1,13,,73,61,0,50.0,1.0,40.5028,0,0.0,6.7244,1
21673578.1,13,,73,61,0,50.0,1.0,40.4028,0,0.0,6.7178,1
21675578.1,13,,73,61,0,50.0,1.0,40.3028,0,0.0,6.7112,1
21677578.1,13,,73,61,0,50.0,1.0,40.2028,0,0.0,6.7047,1
21679578.1,13,,73,61,0,50.0,1.0,40.1028,0,0.0,6.6981,1
21681578.1,13,,73,61,0,50.0,1.0,40.0028,0,0.0,6.6915,1
21682889.6,13,,73,61,0,50.0,1.0,39.9372,0,0.0,6.6872,1
21683578.1,13,,72,60,0,50.0,1.0,39.9028,0,0.0,6.6849,1
21685578.1,13,,72,60,0,50.0,1.0,39.8028,0,0.0,6.6783,1
21687578.1,13,,72,60,0,50.0,1.0,39.7028,0,0.0,6.6716,1
21689578.1,13,,72,60,0,50.0,1.0,39.6028,0,0.0,6.6649,1
21689804.1,13,,72,60,0,50.0,1.0,39.5915,0,0.0,6.6641,1
21691578.1,13,,71,59,0,50.0,1.0,39.5028,0,0.0,6.6581,1
21693578.1,13,,71,59,0,50.0,1.0,39.4028,0,0.0,6.6513,1
21695578.1,13,,71,59,0,50.0,1.0,39.3028,0,0.0,6.6445,1
21696258.1,13,,71,59,0,50.0,1.0,39.2688,0,0.0,6.6422,1
21697578.1,13,,70,59,0,50.0,1.0,39.2028,0,0.0,6.6377,1
21699578.1,13,,70,59,0,50.0,1.0,39.1028,0,0.0,6.6309,1
21701481.8,13,,70,59,0,50.0,1.0,39.0076,0,0.0,6.6244,1
21701501.0,13,,69,59,0,50.0,1.0,39.0066,0,0.0,6.6244,1
21701578.1,13,,68,59,0,50.0,1.0,39.0028,0,0.0,6.6241,1
21703578.1,13,,68,59,0,50.0,1.0,38.9028,0,0.0,6.6173,1
21705578.1,13,,68,59,0,50.0,1.0,38.8028,0,0.0,6.6105,1
21705690.3,13,,68,59,0,50.0,1.0,38.7971,0,0.0,6.6101,1
21707578.1,13,,67,59,0,50.0,1.0,38.7028,0,0.0,6.6037,1
21709578.1,13,,67,59,0,50.0,1.0,38.6028,0,0.0,6.5969,1
21711578.1,13,,67,59,0,50.0,1.0,38.5028,0,0.0,6.5901,1
21713578.1,13,,67,59,0,50.0,1.0,38.4028,0,0.0,6.5833,1
21715578.1,13,,67,59,0,50.0,1.0,38.3028,0,0.0,6.5765,1
21717578.1,13,,67,59,0,50.0,1.0,38.2028,0,0.0,6.5697,1
21719578.1,13,,67,59,0,50.0,1.0,38.1028,0,0.0,6.5629,1
21721578.1,13,,67,59,0,50.0,1.0,38.0028,0,0.0,6.5561,1
21723578.1,13,,67,59,0,50.0,1.0,37.9028,0,0.0,6.5493,1
21725145.7,13,,67,59,0,50.0,1.0,37.8244,0,0.0,6.5439,1
21725578.1,13,,66,58,0,50.0,1.0,37.8028,0,0.0,6.5424,1
21727578.1,13,,66,58,0,50.0,1.0,37.7028,0,0.0,6.5355,1
21727972.5,13,,66,58,0,50.0,1.0,37.683,0,0.0,6.5342,1
21729578.1,13,,65,58,0,50.0,1.0,37.6028,0,0.0,6.5286,1
21731578.1,13,,65,58,0,50.0,1.0,37.5028,0,0.0,6.5217,1
21733578.1,13,,65,58,0,50.0,1.0,37.4028,0,0.0,6.5148,1
21735578.1,13,,65,58,0,50.0,1.0,37.3028,0,0.0,6.5078,1
21735923.9,13,,65,58,0,50.0,1.0,37.2855,0,0.0,6.5066,1
21737578.1,13,,64,57,0,50.0,1.0,37.2028,0,0.0,6.5008,1
21738247.4,13,,64,57,0,50.0,1.0,37.1693,0,0.0,6.4984,1
21739578.1,13,,63,57,0,50.0,1.0,37.1028,0,0.0,6.4937,1
21739965.1,13,,63,57,0,50.0,1.0,37.0834,0,0.0,6.4924,1
21741578.1,13,,62,56,0,50.0,1.0,37.0028,0,0.0,6.4866,1
21743578.1,13,,62,56,0,50.0,1.0,36.9028,0,0.0,6.4794,1
21745578.1,13,,62,56,0,50.0,1.0,36.8028,0,0.0,6.4722,1
21747578.1,13,,62,56,0,50.0,1.0,36.7028,0,0.0,6.465,1
21749578.1,13,,62,56,0,50.0,1.0,36.6028,0,0.0,6.4578,1
21750653.0,13,,62,56,0,50.0,1.0,36.549,0,0.0,6.4539,1
21751578.1,13,,61,56,0,50.0,1.0,36.5028,0,0.0,6.4506,1
21753578.1,13,,61,56,0,50.0,1.0,36.4028,0,0.0,6.4434,1
21755578.1,13,,61,56,0,50.0,1.0,36.3028,0,0.0,6.4362,1
21755744.5,13,,61,56,0,50.0,1.0,36.2944,0,0.0,6.4356,1
21757578.1,13,,59,54,0,50.0,1.0,36.2028,0,0.0,6.4288,1
21759244.3,13,,59,54,0,50.0,1.0,36.1194,0,0.0,6.4226,1
21759578.1,13,,58,54,0,50.0,1.0,36.1028,0,0.0,6.4214,1
21760577.3,13,,58,54,0,50.0,1.0,36.0528,0,0.0,6.4177,1
21761578.1,13,,57,53,0,50.0,1.0,36.0028,0,0.0,6.4139,1
21763578.1,13,,57,53,0,50.0,1.0,35.9028,0,0.0,6.4064,1
21763666.0,13,,57,53,0,50.0,1.0,35.8984,0,0.0,6.406,1
21765578.1,13,,56,53,0,50.0,1.0,35.8028,0,0.0,6.3988,1
21767578.1,13,,56,53,0,50.0,1.0,35.7028,0,0.0,6.3913,1
21769578.1,13,,56,53,0,50.0,1.0,35.6028,0,0.0,6.3837,1
21771578.1,13,,56,53,0,50.0,1.0,35.5028,0,0.0,6.3762,1
21773578.1,13,,56,53,0,50.0,1.0,35.4028,0,0.0,6.3686,1
21775578.1,13,,56,53,0,50.0,1.0,35.3028,0,0.0,6.3611,1
21777578.1,13,,56,53,0,50.0,1.0,35.2028,0,0.0,6.3535,1
21779578.1,13,,56,53,0,50.0,1.0,35.1028,0,0.0,6.346,1
21781578.1,13,,56,53,0,50.0,1.0,35.0028,0,0.0,6.3384,1
21783578.1,13,,56,53,0,50.0,1.0,34.9028,0,0.0,6.3309,1
21785578.1,13,,56,53,0,50.0,1.0,34.8028,0,0.0,6.3233,1
21787578.1,13,,56,53,0,50.0,1.0,34.7028,0,0.0,6.3158,1
21789578.1,13,,56,53,0,50.0,1.0,34.6028,0,0.0,6.3082,1
21791578.1,13,,56,53,0,50.0,1.0,34.5028,0,0.0,6.3007,1
21793578.1,13,,56,53,0,50.0,1.0,34.4028,0,0.0,6.2932,1
21795578.1,13,,56,53,0,50.0,1.0,34.3028,0,0.0,6.2856,1
21797578.1,13,,56,53,0,50.0,1.0,34.2028,0,0.0,6.2781,1
21799578.1,13,,56,53,0,50.0,1.0,34.1028,0,0.0,6.2705,1
21801578.1,13,,56,53,0,50.0,1.0,34.0028,0,0.0,6.263,1
21803578.1,13,,56,53,0,50.0,1.0,33.9028,0,0.0,6.2554,1
21805406.9,13,,56,53,0,50.0,1.0,33.8113,0,0.0,6.2485,1
21805578.1,13,,55,52,0,50.0,1.0,33.8028,0,0.0,6.2479,1
21806100.6,13,,55,52,0,50.0,1.0,33.7766,0,0.0,6.2458,1
21807578.1,13,,54,52,0,50.0,1.0,33.7028,0,0.0,6.2402,1
21809578.1,13,,54,52,0,50.0,1.0,33.6028,0,0.0,6.2325,1
21811578.1,13,,54,52,0,50.0,1.0,33.5028,0,0.0,6.2248,1
21812000.8,13,,54,52,0,50.0,1.0,33.4816,0,0.0,6.2232,1
21813578.1,13,,53,52,0,50.0,1.0,33.4028,0,0.0,6.2171,1
21815578.1,13,,53,52,0,50.0,1.0,33.3028,0,0.0,6.2094,1
21817578.1,13,,53,52,0,50.0,1.0,33.2028,0,0.0,6.2017,1
21819578.1,13,,53,52,0,50.0,1.0,33.1028,0,0.0,6.194,1
21821578.1,13,,53,52,0,50.0,1.0,33.0028,0,0.0,6.1863,1
21822546.8,13,,53,52,0,50.0,1.0,32.9543,0,0.0,6.1826,1
21823578.1,13,,52,52,0,50.0,1.0,32.9028,0,0.0,6.1786,1
21825578.1,13,,52,52,0,50.0,1.0,32.8028,0,0.0,6.1709,1
21827578.1,13,,52,52,0,50.0,1.0,32.7028,0,0.0,6.1632,1
21829578.1,13,,52,52,0,50.0,1.0,32.6028,0,0.0,6.1556,1
21831578.1,13,,52,52,0,50.0,1.0,32.5028,0,0.0,6.1479,1
21833578.1,13,,52,52,0,50.0,1.0,32.4028,0,0.0,6.1402,1
21835578.1,13,,52,52,0,50.0,1.0,32.3028,0,0.0,6.1325,1
21837578.1,13,,52,52,0,50.0,1.0,32.2028,0,0.0,6.1248,1
21839578.1,13,,52,52,0,50.0,1.0,32.1028,0,0.0,6.1171,1
21841578.1,13,,52,52,0,50.0,1.0,32.0028,0,0.0,6.1094,1
21843578.1,13,,52,52,0,50.0,1.0,31.9028,0,0.0,6.1017,1
21845578.1,13,,52,52,0,50.0,1.0,31.8028,0,0.0,6.094,1
21847578.1,13,,52,52,0,50.0,1.0,31.7028,0,0.0,6.0863,1
21849578.1,13,,52,52,0,50.0,1.0,31.6028,0,0.0,6.0786,1
21851578.1,13,,52,52,0,50.0,1.0,31.5028,0,0.0,6.0709,1
21853578.1,13,,52,52,0,50.0,1.0,31.4028,0,0.0,6.0632,1
21855578.1,13,,52,52,0,50.0,1.0,31.3028,0,0.0,6.0556,1
21857578.1,13,,52,52,0,50.0,1.0,31.2028,0,0.0,6.0479,1
21859578.1,13,,52,52,0,50.0,1.0,31.1028,0,0.0,6.0402,1
21861578.1,13,,52,52,0,50.0,1.0,31.0028,0,0.0,6.0325,1
21863578.1,13,,52,52,0,50.0,1.0,30.9028,0,0.0,6.0248,1
21865578.1,13,,52,52,0,50.0,1.0,30.8028,0,0.0,6.0171,1
21867578.1,13,,52,52,0,50.0,1.0,30.7028,0,0.0,6.0094,1
21869578.1,13,,52,52,0,50.0,1.0,30.6028,0,0.0,6.0017,1
21871578.1,13,,52,52,0,50.0,1.0,30.5028,0,0.0,5.994,1
21873578.1,13,,52,52,0,50.0,1.0,30.4028,0,0.0,5.9863,1
21875578.1,13,,52,52,0,50.0,1.0,30.3028,0,0.0,5.9786,1
21877578.1,13,,52,52,0,50.0,1.0,30.2028,0,0.0,5.9709,1
21879578.1,13,,52,52,0,50.0,1.0,30.1028,0,0.0,5.9632,1
21881578.1,13,,52,52,0,50.0,1.0,30.0028,0,0.0,5.9556,1
21883578.1,13,,52,52,0,50.0,1.0,29.9028,0,0.0,5.9479,1
21885578.1,13,,52,52,0,50.0,1.0,29.8028,0,0.0,5.9402,1
21887578.1,13,,52,52,0,50.0,1.0,29.7028,0,0.0,5.9325,1
21889578.1,13,,52,52,0,50.0,1.0,29.6028,0,0.0,5.9248,1
21891578.1,13,,52,52,0,50.0,1.0,29.5028,0,0.0,5.9171,1
21893578.1,13,,52,52,0,50.0,1.0,29.4028,0,0.0,5.9094,1
21895578.1,13,,52,52,0,50.0,1.0,29.3028,0,0.0,5.9017,1
21897578.1,13,,52,52,0,50.0,1.0,29.2028,0,0.0,5.894,1
21899578.1,13,,52,52,0,50.0,1.0,29.1028,0,0.0,5.8863,1
21901578.1,13,,52,52,0,50.0,1.0,29.0028,0,0.0,5.8786,1
21903578.1,13,,52,52,0,50.0,1.0,28.9028,0,0.0,5.8709,1
21905578.1,13,,52,52,0,50.0,1.0,28.8028,0,0.0,5.8632,1
21907578.1,13,,52,52,0,50.0,1.0,28.7028,0,0.0,5.8556,1
21909578.1,13,,52,52,0,50.0,1.0,28.6028,0,0.0,5.8479,1
21911578.1,13,,52,52,0,50.0,1.0,28.5028,0,0.0,5.8402,1
21913578.1,13,,52,52,0,50.0,1.0,28.4028,0,0.0,5.8325,1
21915578.1,13,,52,52,0,50.0,1.0,28.3028,0,0.0,5.8248,1
21917578.1,13,,52,52,0,50.0,1.0,28.2028,0,0.0,5.8171,1
21919578.1,13,,52,52,0,50.0,1.0,28.1028,0,0.0,5.8094,1
21921578.1,13,,52,52,0,50.0,1.0,28.0028,0,0.0,5.8017,1
21923578.1,13,,52,52,0,50.0,1.0,27.9028,0,0.0,5.794,1
21925578.1,13,,52,52,0,50.0,1.0,27.8028,0,0.0,5.7863,1
21927578.1,13,,52,52,0,50.0,1.0,27.7028,0,0.0,5.7786,1
21929578.1,13,,52,52,0,50.0,1.0,27.6028,0,0.0,5.7709,1
21931578.1,13,,52,52,0,50.0,1.0,27.5028,0,0.0,5.7632,1
21932982.5,13,,52,52,0,50.0,1.0,27.4325,0,0.0,5.7578,1
21933439.8,13,,51,51,0,50.0,1.0,27.4097,0,0.0,5.756,1
21933578.1,13,,50,50,0,50.0,1.0,27.4028,0,0.0,5.7555,1
21935578.1,13,,50,50,0,50.0,1.0,27.3028,0,0.0,5.7475,1
21937578.1,13,,50,50,0,50.0,1.0,27.2028,0,0.0,5.7395,1
21939578.1,13,,50,50,0,50.0,1.0,27.1028,0,0.0,5.7315,1
21941578.1,13,,50,50,0,50.0,1.0,27.0028,0,0.0,5.7234,1
21943578.1,13,,50,50,0,50.0,1.0,26.9028,0,0.0,5.7154,1
21945578.1,13,,50,50,0,50.0,1.0,26.8028,0,0.0,5.7074,1
21947578.1,13,,50,50,0,50.0,1.0,26.7028,0,0.0,5.6994,1
21949578.1,13,,50,50,0,50.0,1.0,26.6028,0,0.0,5.6914,1
21951578.1,13,,50,50,0,50.0,1.0,26.5028,0,0.0,5.6834,1
21953578.1,13,,50,50,0,50.0,1.0,26.4028,0,0.0,5.6754,1
21955578.1,13,,50,50,0,50.0,1.0,26.3028,0,0.0,5.6674,1
21957578.1,13,,50,50,0,50.0,1.0,26.2028,0,0.0,5.6593,1
21959578.1,13,,50,50,0,50.0,1.0,26.1028,0,0.0,5.6513,1
21961578.1,13,,50,50,0,50.0,1.0,26.0028,0,0.0,5.6433,1
21963578.1,13,,50,50,0,50.0,1.0,25.9028,0,0.0,5.6353,1
21965578.1,13,,50,50,0,50.0,1.0,25.8028,0,0.0,5.6273,1
21967578.1,13,,50,50,0,50.0,1.0,25.7028,0,0.0,5.6193,1
21969578.1,13,,50,50,0,50.0,1.0,25.6028,0,0.0,5.6113,1
21971578.1,13,,50,50,0,50.0,1.0,25.5028,0,0.0,5.6032,1
21973578.1,13,,50,50,0,50.0,1.0,25.4028,0,0.0,5.5952,1
21975578.1,13,,50,50,0,50.0,1.0,25.3028,0,0.0,5.5872,1
21977578.1,13,,50,50,0,50.0,1.0,25.2028,0,0.0,5.5792,1
21979578.1,13,,50,50,0,50.0,1.0,25.1028,0,0.0,5.5712,1
21981578.1,13,,50,50,0,50.0,1.0,25.0028,0,0.0,5.5632,1
21983578.1,13,,50,50,0,50.0,1.0,24.9028,0,0.0,5.5552,1
21985578.1,13,,50,50,0,50.0,1.0,24.8028,0,0.0,5.5472,1
21987578.1,13,,50,50,0,50.0,1.0,24.7028,0,0.0,5.5391,1
21989578.1,13,,50,50,0,50.0,1.0,24.6028,0,0.0,5.5311,1
21991578.1,13,,50,50,0,50.0,1.0,24.5028,0,0.0,5.5231,1
21993578.1,13,,50,50,0,50.0,1.0,24.4028,0,0.0,5.5151,1
21995578.1,13,,50,50,0,50.0,1.0,24.3028,0,0.0,5.5071,1
21997578.1,13,,50,50,0,50.0,1.0,24.2028,0,0.0,5.4991,1
21999578.1,13,,50,50,0,50.0,1.0,24.1028,0,0.0,5.4911,1
22001578.1,13,,50,50,0,50.0,1.0,24.0028,0,0.0,5.4831,1
22003578.1,13,,50,50,0,50.0,1.0,23.9028,0,0.0,5.475,1
22005578.1,13,,50,50,0,50.0,1.0,23.8028,0,0.0,5.467,1
22007578.1,13,,50,50,0,50.0,1.0,23.7028,0,0.0,5.459,1
22009578.1,13,,50,50,0,50.0,1.0,23.6028,0,0.0,5.451,1
22011578.1,13,,50,50,0,50.0,1.0,23.5028,0,0.0,5.443,1
22013578.1,13,,50,50,0,50.0,1.0,23.4028,0,0.0,5.435,1
22015578.1,13,,50,50,0,50.0,1.0,23.3028,0,0.0,5.427,1
22017578.1,13,,50,50,0,50.0,1.0,23.2028,0,0.0,5.419,1
22017949.4,13,,50,50,0,50.0,1.0,23.1842,0,0.0,5.4175,1
22019578.1,13,,49,49,0,50.0,1.0,23.1028,0,0.0,5.4108,1
22021578.1,13,,49,49,0,50.0,1.0,23.0028,0,0.0,5.4026,1
22023578.1,13,,49,49,0,50.0,1.0,22.9028,0,0.0,5.3945,1
22025578.1,13,,49,49,0,50.0,1.0,22.8028,0,0.0,5.3863,1
22027354.4,13,,49,49,0,50.0,1.0,22.7139,0,0.0,5.379,1
22027578.1,13,,48,48,0,50.0,1.0,22.7028,0,0.0,5.3781,1
22029550.9,13,,48,48,0,50.0,1.0,22.6041,0,0.0,5.3698,1
22029578.1,13,,46,46,0,50.0,1.0,22.6028,0,0.0,5.3697,1
22031578.1,13,,46,46,0,50.0,1.0,22.5028,0,0.0,5.361,1
22033578.1,13,,46,46,0,50.0,1.0,22.4028,0,0.0,5.3523,1
22033678.0,13,,46,46,0,50.0,1.0,22.3978,0,0.0,5.3519,1
22035578.1,13,,45,45,0,50.0,1.0,22.3028,0,0.0,5.3434,1
22037578.1,13,,45,45,0,50.0,1.0,22.2028,0,0.0,5.3345,1
22038167.8,13,,45,45,0,50.0,1.0,22.1733,0,0.0,5.3319,1
22039578.1,13,,44,44,0,50.0,1.0,22.1028,0,0.0,5.3254,1
22041578.1,13,,44,44,0,50.0,1.0,22.0028,0,0.0,5.3163,1
22043578.1,13,,44,44,0,50.0,1.0,21.9028,0,0.0,5.3072,1
22045578.1,13,,44,44,0,50.0,1.0,21.8028,0,0.0,5.2981,1
22047578.1,13,,44,44,0,50.0,1.0,21.7028,0,0.0,5.2889,1
22049578.1,13,,44,44,0,50.0,1.0,21.6028,0,0.0,5.2798,1
22051578.1,13,,44,44,0,50.0,1.0,21.5028,0,0.0,5.2707,1
22053578.1,13,,44,44,0,50.0,1.0,21.4028,0,0.0,5.2615,1
22055578.1,13,,44,44,0,50.0,1.0,21.3028,0,0.0,5.2524,1
22057578.1,13,,44,44,0,50.0,1.0,21.2028,0,0.0,5.2433,1
22059578.1,13,,44,44,0,50.0,1.0,21.1028,0,0.0,5.2342,1
22061578.1,13,,44,44,0,50.0,1.0,21.0028,0,0.0,5.225,1
22063578.1,13,,44,44,0,50.0,1.0,20.9028,0,0.0,5.2159,1
22065578.1,13,,44,44,0,50.0,1.0,20.8028,0,0.0,5.2068,1
22067578.1,13,,44,44,0,50.0,1.0,20.7028,0,0.0,5.1976,1
22067659.0,13,,44,44,0,50.0,1.0,20.6987,0,0.0,5.1973,1
22069200.1,13,,43,43,0,50.0,1.0,20.6217,0,0.0,5.19,1
22069578.1,13,,42,42,0,50.0,1.0,20.6028,0,0.0,5.1882,1
22071578.1,13,,42,42,0,50.0,1.0,20.5028,0,0.0,5.1786,1
22073327.3,13,,42,42,0,50.0,1.0,20.4153,0,0.0,5.1701,1
22073578.1,13,,41,41,0,50.0,1.0,20.4028,0,0.0,5.1689,1
22074997.5,13,,41,41,0,50.0,1.0,20.3318,0,0.0,5.1619,1
22075578.1,13,,40,40,0,50.0,1.0,20.3028,0,0.0,5.159,1
22077578.1,13,,40,40,0,50.0,1.0,20.2028,0,0.0,5.1489,1
22079578.1,13,,40,40,0,50.0,1.0,20.1028,0,0.0,5.1389,1
22081578.1,13,,40,40,0,50.0,1.0,20.0028,0,0.0,5.1288,1
22083578.1,13,,40,40,0,50.0,1.0,19.9028,0,0.0,5.1188,1
22085578.1,13,,40,40,0,50.0,1.0,19.8028,0,0.0,5.1087,1
22087578.1,13,,40,40,0,50.0,1.0,19.7028,0,0.0,5.0987,1
22089578.1,13,,40,40,0,50.0,1.0,19.6028,0,0.0,5.0886,1
22089711.3,13,,40,40,0,50.0,1.0,19.5961,0,0.0,5.088,1
22091578.1,13,,39,39,0,50.0,1.0,19.5028,0,0.0,5.0783,1
22093578.1,13,,39,39,0,50.0,1.0,19.4028,0,0.0,5.068,1
22094201.1,13,,39,39,0,50.0,1.0,19.3716,0,0.0,5.0648,1
22095414.5,13,,38,38,0,50.0,1.0,19.3109,0,0.0,5.0583,1
22095578.1,13,,37,37,0,50.0,1.0,19.3028,0,0.0,5.0574,1
22097578.1,13,,37,37,0,50.0,1.0,19.2028,0,0.0,5.0465,1
22098558.7,13,,37,37,0,50.0,1.0,19.1537,0,0.0,5.0411,1
22099578.1,13,,36,36,0,50.0,1.0,19.1028,0,0.0,5.0353,1
22100228.9,13,,36,36,0,50.0,1.0,19.0702,0,0.0,5.0317,1
22101578.1,13,,35,35,0,50.0,1.0,19.0028,0,0.0,5.0239,1
22103578.1,13,,35,35,0,50.0,1.0,18.9028,0,0.0,5.0123,1
22105578.1,13,,35,35,0,50.0,1.0,18.8028,0,0.0,5.0008,1
22107578.1,13,,35,35,0,50.0,1.0,18.7028,0,0.0,4.9893,1
22109578.1,13,,35,35,0,50.0,1.0,18.6028,0,0.0,4.9778,1
22111578.1,13,,35,35,0,50.0,1.0,18.5028,0,0.0,4.9662,1
22113336.1,13,,35,35,0,50.0,1.0,18.4149,0,0.0,4.9561,1
22113578.1,13,,34,34,0,50.0,1.0,18.4028,0,0.0,4.9547,1
22115578.1,13,,34,34,0,50.0,1.0,18.3028,0,0.0,4.9429,1
22116285.2,13,,34,34,0,50.0,1.0,18.2674,0,0.0,4.9387,1
22117578.1,13,,33,33,0,50.0,1.0,18.2028,0,0.0,4.9308,1
22119530.2,13,,33,33,0,50.0,1.0,18.1052,0,0.0,4.919,1
22119578.1,13,,32,32,0,50.0,1.0,18.1028,0,0.0,4.9187,1
22121578.1,13,,32,32,0,50.0,1.0,18.0028,0,0.0,4.9061,1
22123578.1,13,,32,32,0,50.0,1.0,17.9028,0,0.0,4.8935,1
22124905.7,13,,32,32,0,50.0,1.0,17.8364,0,0.0,4.8851,1
22125578.1,13,,31,31,0,50.0,1.0,17.8028,0,0.0,4.8808,1
22125658.4,13,,31,31,0,50.0,1.0,17.7987,0,0.0,4.8802,1
22127578.1,13,,30,30,0,50.0,1.0,17.7028,0,0.0,4.8674,1
22129578.1,13,,30,30,0,50.0,1.0,17.6028,0,0.0,4.854,1
22131578.1,13,,30,30,0,50.0,1.0,17.5028,0,0.0,4.8406,1
22133578.1,13,,30,30,0,50.0,1.0,17.4028,0,0.0,4.8272,1
22135578.1,13,,30,30,0,50.0,1.0,17.3028,0,0.0,4.8138,1
22137578.1,13,,30,30,0,50.0,1.0,17.2028,0,0.0,4.8004,1
22139578.1,13,,30,30,0,50.0,1.0,17.1028,0,0.0,4.787,1
22141578.1,13,,30,30,0,50.0,1.0,17.0028,0,0.0,4.7736,1
22143578.1,13,,30,30,0,50.0,1.0,16.9028,0,0.0,4.7602,1
22145578.1,13,,30,30,0,50.0,1.0,16.8028,0,0.0,4.7469,1
22147578.1,13,,30,30,0,50.0,1.0,16.7028,0,0.0,4.7335,1
22149578.1,13,,30,30,0,50.0,1.0,16.6028,0,0.0,4.7201,1
22151578.1,13,,30,30,0,50.0,1.0,16.5028,0,0.0,4.7067,1
22153578.1,13,,30,30,0,50.0,1.0,16.4028,0,0.0,4.6933,1
22155578.1,13,,30,30,0,50.0,1.0,16.3028,0,0.0,4.6799,1
22157578.1,13,,30,30,0,50.0,1.0,16.2028,0,0.0,4.6665,1
22159578.1,13,,30,30,0,50.0,1.0,16.1028,0,0.0,4.6531,1
22161578.1,13,,30,30,0,50.0,1.0,16.0028,0,0.0,4.6397,1
22163578.1,13,,30,30,0,50.0,1.0,15.9028,0,0.0,4.6263,1
22165578.1,13,,30,30,0,50.0,1.0,15.8028,0,0.0,4.6129,1
22167578.1,13,,30,30,0,50.0,1.0,15.7028,0,0.0,4.5995,1
22169578.1,13,,30,30,0,50.0,1.0,15.6028,0,0.0,4.5861,1
22171578.1,13,,30,30,0,50.0,1.0,15.5028,0,0.0,4.5727,1
22172091.7,13,,30,30,0,50.0,1.0,15.4771,0,0.0,4.5693,1
22173578.1,13,,29,29,0,50.0,1.0,15.4028,0,0.0,4.559,1
22173956.9,13,,29,29,0,50.0,1.0,15.3838,0,0.0,4.5564,1
22175578.1,13,,28,28,0,50.0,1.0,15.3028,0,0.0,4.5448,1
22177578.1,13,,28,28,0,50.0,1.0,15.2028,0,0.0,4.5305,1
22179578.1,13,,28,28,0,50.0,1.0,15.1028,0,0.0,4.5162,1
22181578.1,13,,28,28,0,50.0,1.0,15.0028,0,0.0,4.502,1
22183578.1,13,,28,28,0,50.0,1.0,14.9028,0,0.0,4.4877,1
22185578.1,13,,28,28,0,50.0,1.0,14.8028,0,0.0,4.4734,1
22187578.1,13,,28,28,0,50.0,1.0,14.7028,0,0.0,4.4591,1
22189578.1,13,,28,28,0,50.0,1.0,14.6028,0,0.0,4.4448,1
22191578.1,13,,28,28,0,50.0,1.0,14.5028,0,0.0,4.4305,1
22193578.1,13,,28,28,0,50.0,1.0,14.4028,0,0.0,4.4162,1
22195578.1,13,,28,28,0,50.0,1.0,14.3028,0,0.0,4.402,1
22197578.1,13,,28,28,0,50.0,1.0,14.2028,0,0.0,4.3877,1
22199578.1,13,,28,28,0,50.0,1.0,14.1028,0,0.0,4.3734,1
22201578.1,13,,28,28,0,50.0,1.0,14.0028,0,0.0,4.3591,1
22203578.1,13,,28,28,0,50.0,1.0,13.9028,0,0.0,4.3448,1
22205578.1,13,,28,28,0,50.0,1.0,13.8028,0,0.0,4.3305,1
22207578.1,13,,28,28,0,50.0,1.0,13.7028,0,0.0,4.3162,1
22209578.1,13,,28,28,0,50.0,1.0,13.6028,0,0.0,4.302,1
22211578.1,13,,28,28,0,50.0,1.0,13.5028,0,0.0,4.2877,1
22213578.1,13,,28,28,0,50.0,1.0,13.4028,0,0.0,4.2734,1
22215578.1,13,,28,28,0,50.0,1.0,13.3028,0,0.0,4.2591,1
22217578.1,13,,28,28,0,50.0,1.0,13.2028,0,0.0,4.2448,1
22219578.1,13,,28,28,0,50.0,1.0,13.1028,0,0.0,4.2305,1
22220455.6,13,,28,28,0,50.0,1.0,13.0589,0,0.0,4.2243,1
22221578.1,13,,27,27,0,50.0,1.0,13.0028,0,0.0,4.2159,1
22223578.1,13,,27,27,0,50.0,1.0,12.9028,0,0.0,4.201,1
22224387.8,13,,27,27,0,50.0,1.0,12.8623,0,0.0,4.195,1
22225578.1,13,,26,26,0,50.0,1.0,12.8028,0,0.0,4.1857,1
22227578.1,13,,26,26,0,50.0,1.0,12.7028,0,0.0,4.1699,1
22229578.1,13,,26,26,0,50.0,1.0,12.6028,0,0.0,4.1542,1
22231578.1,13,,26,26,0,50.0,1.0,12.5028,0,0.0,4.1385,1
22233578.1,13,,26,26,0,50.0,1.0,12.4028,0,0.0,4.1228,1
22235578.1,13,,26,26,0,50.0,1.0,12.3028,0,0.0,4.1071,1
22237578.1,13,,26,26,0,50.0,1.0,12.2028,0,0.0,4.0914,1
22239578.1,13,,26,26,0,50.0,1.0,12.1028,0,0.0,4.0757,1
22241578.1,13,,26,26,0,50.0,1.0,12.0028,0,0.0,4.0599,1
22243578.1,13,,26,26,0,50.0,1.0,11.9028,0,0.0,4.0442,1
22245578.1,13,,26,26,0,50.0,1.0,11.8028,0,0.0,4.0285,1
22247578.1,13,,26,26,0,50.0,1.0,11.7028,0,0.0,4.0128,1
22249578.1,13,,26,26,0,50.0,1.0,11.6028,0,0.0,3.9971,1
22251578.1,13,,26,26,0,50.0,1.0,11.5028,0,0.0,3.9814,1
22253578.1,13,,26,26,0,50.0,1.0,11.4028,0,0.0,3.9657,1
22255578.1,13,,26,26,0,50.0,1.0,11.3028,0,0.0,3.9499,1
22257578.1,13,,26,26,0,50.0,1.0,11.2028,0,0.0,3.9342,1
22259578.1,13,,26,26,0,50.0,1.0,11.1028,0,0.0,3.9185,1
22260990.2,13,,26,26,0,50.0,1.0,11.0322,0,0.0,3.9074,1
22261578.1,13,,25,25,0,50.0,1.0,11.0028,0,0.0,3.9026,1
22263578.1,13,,25,25,0,50.0,1.0,10.9028,0,0.0,3.8863,1
22265578.1,13,,25,25,0,50.0,1.0,10.8028,0,0.0,3.87,1
22267578.1,13,,25,25,0,50.0,1.0,10.7028,0,0.0,3.8537,1
22268854.5,13,,25,25,0,50.0,1.0,10.6389,0,0.0,3.8433,1
22269578.1,13,,24,24,0,50.0,1.0,10.6028,0,0.0,3.8371,1
22271578.1,13,,24,24,0,50.0,1.0,10.5028,0,0.0,3.8199,1
22273578.1,13,,24,24,0,50.0,1.0,10.4028,0,0.0,3.8028,1
22275578.1,13,,24,24,0,50.0,1.0,10.3028,0,0.0,3.7857,1
22277578.1,13,,24,24,0,50.0,1.0,10.2028,0,0.0,3.7685,1
22279578.1,13,,24,24,0,50.0,1.0,10.1028,0,0.0,3.7514,1
22281578.1,13,,24,24,0,50.0,1.0,10.0028,0,0.0,3.7342,1
22283578.1,13,,24,24,0,50.0,1.0,9.9028,0,0.0,3.7171,1
22285578.1,13,,24,24,0,50.0,1.0,9.8028,0,0.0,3.6999,1
22287578.1,13,,24,24,0,50.0,1.0,9.7028,0,0.0,3.6828,1
22288644.9,13,,24,24,0,50.0,1.0,9.6494,0,0.0,3.6737,1
22289578.1,13,,23,23,0,50.0,1.0,9.6028,0,0.0,3.6654,1
22291578.1,13,,23,23,0,50.0,1.0,9.5028,0,0.0,3.6476,1
22293578.1,13,,23,23,0,50.0,1.0,9.4028,0,0.0,3.6299,1
22295578.1,13,,23,23,0,50.0,1.0,9.3028,0,0.0,3.6122,1
22297578.1,13,,23,23,0,50.0,1.0,9.2028,0,0.0,3.5944,1
22299578.1,13,,23,23,0,50.0,1.0,9.1028,0,0.0,3.5767,1
22300542.2,13,,23,23,0,50.0,1.0,9.0546,0,0.0,3.5681,1
22301578.1,13,,22,22,0,50.0,1.0,9.0028,0,0.0,3.5586,1
22303578.1,13,,22,22,0,50.0,1.0,8.9028,0,0.0,3.5403,1
22305578.1,13,,22,22,0,50.0,1.0,8.8028,0,0.0,3.522,1
22307578.1,13,,22,22,0,50.0,1.0,8.7028,0,0.0,3.5036,1
22309578.1,13,,22,22,0,50.0,1.0,8.6028,0,0.0,3.4853,1
22311578.1,13,,22,22,0,50.0,1.0,8.5028,0,0.0,3.467,1
22313578.1,13,,22,22,0,50.0,1.0,8.4028,0,0.0,3.4486,1
22314304.8,13,,22,22,0,50.0,1.0,8.3664,0,0.0,3.442,1
22315578.1,13,,21,21,0,50.0,1.0,8.3028,0,0.0,3.4298,1
22317578.1,13,,21,21,0,50.0,1.0,8.2028,0,0.0,3.4106,1
22319415.0,13,,21,21,0,50.0,1.0,8.1109,0,0.0,3.393,1
22319578.1,13,,20,20,0,50.0,1.0,8.1028,0,0.0,3.3913,1
22320725.7,13,,20,20,0,50.0,1.0,8.0454,0,0.0,3.3796,1
22321578.1,13,,19,19,0,50.0,1.0,8.0028,0,0.0,3.3703,1
22323578.1,13,,19,19,0,50.0,1.0,7.9028,0,0.0,3.3486,1
22325578.1,13,,19,19,0,50.0,1.0,7.8028,0,0.0,3.3268,1
22327578.1,13,,19,19,0,50.0,1.0,7.7028,0,0.0,3.305,1
22329578.1,13,,19,19,0,50.0,1.0,7.6028,0,0.0,3.2832,1
22331200.3,13,,19,19,0,50.0,1.0,7.5216,0,0.0,3.2656,1
22331578.1,13,,18,18,0,50.0,1.0,7.5028,0,0.0,3.2613,1
22333578.1,13,,18,18,0,50.0,1.0,7.4028,0,0.0,3.2386,1
22335578.1,13,,18,18,0,50.0,1.0,7.3028,0,0.0,3.216,1
22337578.1,13,,18,18,0,50.0,1.0,7.2028,0,0.0,3.1933,1
22339578.1,13,,18,18,0,50.0,1.0,7.1028,0,0.0,3.1706,1
22341578.1,13,,18,18,0,50.0,1.0,7.0028,0,0.0,3.148,1
22343488.3,13,,18,18,0,50.0,1.0,6.9072,0,0.0,3.1263,1
22343578.1,13,,17,17,0,50.0,1.0,6.9028,0,0.0,3.1252,1
22345578.1,13,,17,17,0,50.0,1.0,6.8028,0,0.0,3.1012,1
22347174.7,13,,17,17,0,50.0,1.0,6.7229,0,0.0,3.0821,1
22347578.1,13,,16,16,0,50.0,1.0,6.7028,0,0.0,3.0769,1
22348409.9,13,,16,16,0,50.0,1.0,6.6612,0,0.0,3.0662,1
22349578.1,13,,15,15,0,50.0,1.0,6.6028,0,0.0,3.0503,1
22351578.1,13,,15,15,0,50.0,1.0,6.5028,0,0.0,3.0232,1
22353578.1,13,,15,15,0,50.0,1.0,6.4028,0,0.0,2.996,1
22355578.1,13,,15,15,0,50.0,1.0,6.3028,0,0.0,2.9689,1
22355949.7,13,,15,15,0,50.0,1.0,6.2842,0,0.0,2.9639,1
22357096.6,13,,14,14,0,50.0,1.0,6.2268,0,0.0,2.9475,1
22357578.1,13,,13,13,0,50.0,1.0,6.2028,0,0.0,2.9406,1
22358666.0,13,,13,13,0,50.0,1.0,6.1484,0,0.0,2.9251,1
22358725.5,13,,12,12,0,50.0,1.0,6.1454,0,0.0,2.9241,1
22359578.1,13,,11,11,0,50.0,1.0,6.1028,0,0.0,2.9099,1
22361578.1,13,,11,11,0,50.0,1.0,6.0028,0,0.0,2.8766,1
22363578.1,13,,11,11,0,50.0,1.0,5.9028,0,0.0,2.8432,1
22365578.1,13,,11,11,0,50.0,1.0,5.8028,0,0.0,2.8099,1
22367578.1,13,,11,11,0,50.0,1.0,5.7028,0,0.0,2.7766,1
22369047.4,13,,11,11,0,50.0,1.0,5.6293,0,0.0,2.7521,1
22369578.1,13,,10,10,0,50.0,1.0,5.6028,0,0.0,2.7421,1
22371578.1,13,,10,10,0,50.0,1.0,5.5028,0,0.0,2.7046,1
22373578.1,13,,10,10,0,50.0,1.0,5.4028,0,0.0,2.6671,1
22375578.1,13,,10,10,0,50.0,1.0,5.3028,0,0.0,2.6296,1
22375665.9,13,,10,10,0,50.0,1.0,5.2984,0,0.0,2.628,1
22377578.1,13,,9,9,0,50.0,1.0,5.2028,0,0.0,2.587,1
22379578.1,13,,9,9,0,50.0,1.0,5.1028,0,0.0,2.5442,1
22381578.1,13,,9,9,0,50.0,1.0,5.0028,0,0.0,2.5013,1
22382747.2,13,,9,9,0,50.0,1.0,4.9443,0,0.0,2.4762,1
22383578.1,13,,8,8,0,50.0,1.0,4.9028,0,0.0,2.4555,1
22385578.1,13,,8,8,0,50.0,1.0,4.8028,0,0.0,2.4055,1
22387578.1,13,,8,8,0,50.0,1.0,4.7028,0,0.0,2.3555,1
22389578.1,13,,8,8,0,50.0,1.0,4.6028,0,0.0,2.3055,1
22391578.1,13,,8,8,0,50.0,1.0,4.5028,0,0.0,2.2555,1
22393578.1,13,,8,8,0,50.0,1.0,4.4028,0,0.0,2.2055,1
22395578.1,13,,8,8,0,50.0,1.0,4.3028,0,0.0,2.1555,1
22397578.1,13,,8,8,0,50.0,1.0,4.2028,0,0.0,2.1055,1
22399578.1,13,,8,8,0,50.0,1.0,4.1028,0,0.0,2.0555,1
22401578.1,13,,8,8,0,50.0,1.0,4.0028,0,0.0,2.0055,1
22403578.1,13,,8,8,0,50.0,1.0,3.9028,0,0.0,1.9555,1
22405578.1,13,,8,8,0,50.0,1.0,3.8028,0,0.0,1.9055,1
22407578.1,13,,8,8,0,50.0,1.0,3.7028,0,0.0,1.8555,1
22409578.1,13,,8,8,0,50.0,1.0,3.6028,0,0.0,1.8055,1
22411578.1,13,,8,8,0,50.0,1.0,3.5028,0,0.0,1.7555,1
22413578.1,13,,8,8,0,50.0,1.0,3.4028,0,0.0,1.7055,1
22415578.1,13,,8,8,0,50.0,1.0,3.3028,0,0.0,1.6555,1
22417578.1,13,,8,8,0,50.0,1.0,3.2028,0,0.0,1.6055,1
22419578.1,13,,8,8,0,50.0,1.0,3.1028,0,0.0,1.5555,1
22421578.1,13,,8,8,0,50.0,1.0,3.0028,0,0.0,1.5055,1
22423578.1,13,,8,8,0,50.0,1.0,2.9028,0,0.0,1.4555,1
22425578.1,13,,8,8,0,50.0,1.0,2.8028,0,0.0,1.4055,1
22427578.1,13,,8,8,0,50.0,1.0,2.7028,0,0.0,1.3555,1
22429578.1,13,,8,8,0,50.0,1.0,2.6028,0,0.0,1.3055,1
22431578.1,13,,8,8,0,50.0,1.0,2.5028,0,0.0,1.2555,1
22433578.1,13,,8,8,0,50.0,1.0,2.4028,0,0.0,1.2055,1
22435578.1,13,,8,8,0,50.0,1.0,2.3028,0,0.0,1.1555,1
22437578.1,13,,8,8,0,50.0,1.0,2.2028,0,0.0,1.1055,1
22439578.1,13,,8,8,0,50.0,1.0,2.1028,0,0.0,1.0555,1
22441578.1,13,,8,8,0,50.0,1.0,2.0028,0,0.0,1.0055,1
22443578.1,13,,8,8,0,50.0,1.0,1.9028,0,0.0,0.9555,1
22445578.1,13,,8,8,0,50.0,1.0,1.8028,0,0.0,0.9055,1
22447578.1,13,,8,8,0,50.0,1.0,1.7028,0,0.0,0.8555,1
22449578.1,13,,8,8,0,50.0,1.0,1.6028,0,0.0,0.8055,1
22451578.1,13,,8,8,0,50.0,1.0,1.5028,0,0.0,0.7555,1
22453578.1,13,,8,8,0,50.0,1.0,1.4028,0,0.0,0.7055,1
22454878.1,13,,8,8,0,50.0,1.0,1.3378,0,0.0,0.673,1
22455533.4,13,,7,7,0,50.0,1.0,1.305,0,0.0,0.6566,1
22455578.1,13,,6,6,0,50.0,1.0,1.3028,0,0.0,0.6555,1
22457578.1,13,,6,6,0,50.0,1.0,1.2028,0,0.0,0.6055,1
22459578.1,13,,6,6,0,50.0,1.0,1.1028,0,0.0,0.5555,1
22461578.1,13,,6,6,0,50.0,1.0,1.0028,0,0.0,0.5055,1
22463578.1,13,,6,6,0,50.0,1.0,0.9028,0,0.0,0.4555,1
22465578.1,13,,6,6,0,50.0,1.0,0.8028,0,0.0,0.4055,1
22467578.1,13,,6,6,0,50.0,1.0,0.7028,0,0.0,0.3555,1
22468726.8,13,,6,6,0,50.0,1.0,0.6453,0,0.0,0.3268,1
22469578.1,13,,5,5,0,50.0,1.0,0.6028,0,0.0,0.3055,1
22470536.7,13,,5,5,0,50.0,1.0,0.5548,0,0.0,0.2815,1
22471578.1,13,,4,4,0,50.0,1.0,0.5028,0,0.0,0.2555,1
22472716.2,13,,4,4,0,50.0,1.0,0.4459,0,0.0,0.227,1
22473578.1,13,,3,3,0,50.0,1.0,0.4028,0,0.0,0.2127,1
22475578.1,13,,3,3,0,50.0,1.0,0.3028,0,0.0,0.1793,1
22477578.1,13,,3,3,0,50.0,1.0,0.2028,0,0.0,0.146,1
22478903.0,13,,3,3,0,50.0,1.0,0.1365,0,0.0,0.1239,1
22479407.2,13,,2,2,0,50.0,1.0,0.1113,0,0.0,0.1113,1
22479578.1,13,,1,1,0,50.0,1.0,0.1028,0,0.0,0.1028,1
22481578.1,13,,1,1,0,50.0,1.0,0.0028,0,0.0,0.0028,1
22481633.3,13,,1,1,0,50.0,1.0,0.0,0,0.0,0.0,1
22483578.1,14,,124,64,0,50.0,1.0,87.975,0,0.0,38.5749,1
22485578.1,14,,124,64,0,50.0,1.0,87.875,0,0.0,38.3208,1
22487578.1,14,,124,64,0,50.0,1.0,87.775,0,0.0,38.0668,1
22489578.1,14,,124,64,0,50.0,1.0,87.675,0,0.0,37.8128,1
22491578.1,14,,124,64,0,50.0,1.0,87.575,0,0.0,37.5587,1
22493578.1,14,,124,64,0,50.0,1.0,87.475,0,0.0,37.3047,1
22495578.1,14,,124,64,0,50.0,1.0,87.375,0,0.0,37.0507,1
22497578.1,14,,124,64,0,50.0,1.0,87.275,0,0.0,36.7966,1
22499578.1,14,,124,64,0,50.0,1.0,87.175,0,0.0,36.5426,1
22501578.1,14,,124,64,0,50.0,1.0,87.075,0,0.0,36.2886,1
22503578.1,14,,124,64,0,50.0,1.0,86.975,0,0.0,36.0345,1
22505578.1,14,,124,64,0,50.0,1.0,86.875,0,0.0,35.7805,1
22507578.1,14,,124,64,0,50.0,1.0,86.775,0,0.0,35.5265,1
22509578.1,14,,124,64,0,50.0,1.0,86.675,0,0.0,35.2724,1
22511578.1,14,,124,64,0,50.0,1.0,86.575,0,0.0,35.0184,1
22513578.1,14,,124,64,0,50.0,1.0,86.475,0,0.0,34.7644,1
22515578.1,14,,124,64,0,50.0,1.0,86.375,0,0.0,34.5103,1
22516904.4,14,,124,64,0,50.0,1.0,86.3086,0,0.0,34.3419,1
22517578.1,14,,123,64,0,50.0,1.0,86.275,0,0.0,34.2636,1
22519578.1,14,,123,64,0,50.0,1.0,86.175,0,0.0,34.0314,1
22520290.4,14,,123,64,0,50.0,1.0,86.1393,0,0.0,33.9486,1
22521578.1,14,,122,64,0,50.0,1.0,86.075,0,0.0,33.7992,1
22523578.1,14,,122,64,0,50.0,1.0,85.975,0,0.0,33.5671,1
22523731.1,14,,122,64,0,50.0,1.0,85.9673,0,0.0,33.5494,1
22525087.3,14,,121,64,0,50.0,1.0,85.8995,0,0.0,33.4078,1
22525369.5,14,,120,64,0,50.0,1.0,85.8854,0,0.0,33.3783,1
22525578.1,14,,119,64,0,50.0,1.0,85.875,0,0.0,33.3566,1
22526024.8,14,,119,64,0,50.0,1.0,85.8526,0,0.0,33.3101,1
22527578.1,14,,118,64,0,50.0,1.0,85.775,0,0.0,33.1484,1
22529183.3,14,,118,64,0,50.0,1.0,85.6947,0,0.0,32.9813,1
22529578.1,14,,117,64,0,50.0,1.0,85.675,0,0.0,32.9402,1
22531578.1,14,,117,64,0,50.0,1.0,85.575,0,0.0,32.7323,1
22532878.8,14,,117,64,0,50.0,1.0,85.5099,0,0.0,32.597,1
22533578.1,14,,116,64,0,50.0,1.0,85.475,0,0.0,32.5244,1
22533834.5,14,,116,64,0,50.0,1.0,85.4621,0,0.0,32.4977,1
22534098.5,14,,115,64,0,50.0,1.0,85.4489,0,0.0,32.4703,1
22535578.1,14,,114,64,0,50.0,1.0,85.375,0,0.0,32.317,1
22536055.5,14,,114,64,0,50.0,1.0,85.3511,0,0.0,32.2675,1
22537578.1,14,,113,64,0,50.0,1.0,85.275,0,0.0,32.1098,1
22539578.1,14,,113,64,0,50.0,1.0,85.175,0,0.0,31.9027,1
22541034.4,14,,113,64,0,50.0,1.0,85.1021,0,0.0,31.7519,1
22541578.1,14,,112,64,0,50.0,1.0,85.075,0,0.0,31.6957,1
22543191.6,14,,112,64,0,50.0,1.0,84.9943,0,0.0,31.5288,1
22543264.4,14,,111,64,0,50.0,1.0,84.9906,0,0.0,31.5212,1
22543578.1,14,,110,64,0,50.0,1.0,84.975,0,0.0,31.4927,1
22545578.1,14,,110,64,0,50.0,1.0,84.875,0,0.0,31.3111,1
22546841.6,14,,110,64,0,50.0,1.0,84.8118,0,0.0,31.1963,1
22547578.1,14,,109,64,0,50.0,1.0,84.775,0,0.0,31.1294,1
22549126.3,14,,109,64,0,50.0,1.0,84.6975,0,0.0,30.989,1
22549578.1,14,,108,64,0,50.0,1.0,84.675,0,0.0,30.954,1
22550600.8,14,,108,64,0,50.0,1.0,84.6238,0,0.0,30.875,1
22551578.1,14,,107,64,0,50.0,1.0,84.575,0,0.0,30.8135,1
22553578.1,14,,107,64,0,50.0,1.0,84.475,0,0.0,30.6878,1
22555578.1,14,,107,64,0,50.0,1.0,84.375,0,0.0,30.5621,1
22557578.1,14,,107,64,0,50.0,1.0,84.275,0,0.0,30.4364,1
22558674.5,14,,107,64,0,50.0,1.0,84.2201,0,0.0,30.3675,1
22559578.1,14,,106,64,0,50.0,1.0,84.175,0,0.0,30.3108,1
22561578.1,14,,106,64,0,50.0,1.0,84.075,0,0.0,30.1853,1
22561587.2,14,,106,64,0,50.0,1.0,84.0745,0,0.0,30.1848,1
22563578.1,14,,105,64,0,50.0,1.0,83.975,0,0.0,30.0601,1
22565118.9,14,,105,64,0,50.0,1.0,83.8979,0,0.0,29.9636,1
22565578.1,14,,104,64,0,50.0,1.0,83.875,0,0.0,29.9349,1
22566247.5,14,,104,64,0,50.0,1.0,83.8415,0,0.0,29.8931,1
22567578.1,14,,103,64,0,50.0,1.0,83.775,0,0.0,29.8101,1
22569578.1,14,,103,64,0,50.0,1.0,83.675,0,0.0,29.6853,1
22571578.1,14,,103,64,0,50.0,1.0,83.575,0,0.0,29.5606,1
22573578.1,14,,103,64,0,50.0,1.0,83.475,0,0.0,29.4358,1
22575578.1,14,,103,64,0,50.0,1.0,83.375,0,0.0,29.3111,1
22577578.1,14,,103,64,0,50.0,1.0,83.275,0,0.0,29.1863,1
22579578.1,14,,103,64,0,50.0,1.0,83.175,0,0.0,29.0616,1
22581578.1,14,,103,64,0,50.0,1.0,83.075,0,0.0,28.9368,1
22583578.1,14,,103,64,0,50.0,1.0,82.975,0,0.0,28.8121,1
22585578.1,14,,103,64,0,50.0,1.0,82.875,0,0.0,28.6873,1
22587578.1,14,,103,64,0,50.0,1.0,82.775,0,0.0,28.5625,1
22589578.1,14,,103,64,0,50.0,1.0,82.675,0,0.0,28.4378,1
22591578.1,14,,103,64,0,50.0,1.0,82.575,0,0.0,28.313,1
22593578.1,14,,103,64,0,50.0,1.0,82.475,0,0.0,28.1883,1
22595578.1,14,,103,64,0,50.0,1.0,82.375,0,0.0,28.0635,1
22597578.1,14,,103,64,0,50.0,1.0,82.275,0,0.0,27.9388,1
22599578.1,14,,103,64,0,50.0,1.0,82.175,0,0.0,27.814,1
22601578.1,14,,103,64,0,50.0,1.0,82.075,0,0.0,27.6893,1
22603578.1,14,,103,64,0,50.0,1.0,81.975,0,0.0,27.5645,1
22605578.1,14,,103,64,0,50.0,1.0,81.875,0,0.0,27.4398,1
22607578.1,14,,103,64,0,50.0,1.0,81.775,0,0.0,27.315,1
22609578.1,14,,103,64,0,50.0,1.0,81.675,0,0.0,27.1903,1
22610320.5,14,,103,64,0,50.0,1.0,81.6378,0,0.0,27.144,1
22611578.1,14,,102,64,0,50.0,1.0,81.575,0,0.0,27.0657,1
22613578.1,14,,102,64,0,50.0,1.0,81.475,0,0.0,26.9412,1
22615578.1,14,,102,64,0,50.0,1.0,81.375,0,0.0,26.8167,1
22617578.1,14,,102,64,0,50.0,1.0,81.275,0,0.0,26.6921,1
22619578.1,14,,102,64,0,50.0,1.0,81.175,0,0.0,26.5676,1
22621578.1,14,,102,64,0,50.0,1.0,81.075,0,0.0,26.4431,1
22622908.9,14,,102,64,0,50.0,1.0,81.0084,0,0.0,26.3603,1
22623578.1,14,,101,64,0,50.0,1.0,80.975,0,0.0,26.3187,1
22625578.1,14,,101,64,0,50.0,1.0,80.875,0,0.0,26.1944,1
22627578.1,14,,101,64,0,50.0,1.0,80.775,0,0.0,26.0702,1
22629271.3,14,,101,64,0,50.0,1.0,80.6903,0,0.0,25.965,1
22629578.1,14,,100,64,0,50.0,1.0,80.675,0,0.0,25.946,1
22631578.1,14,,100,64,0,50.0,1.0,80.575,0,0.0,25.822,1
22633578.1,14,,100,64,0,50.0,1.0,80.475,0,0.0,25.6979,1
22634213.8,14,,100,64,0,50.0,1.0,80.4432,0,0.0,25.6585,1
22635578.1,14,,99,64,0,50.0,1.0,80.375,0,0.0,25.5741,1
22636270.9,14,,99,64,0,50.0,1.0,80.3403,0,0.0,25.5312,1
22637463.3,14,,98,64,0,50.0,1.0,80.2807,0,0.0,25.4761,1
22637578.1,14,,97,64,0,50.0,1.0,80.275,0,0.0,25.4708,1
22637709.1,14,,97,64,0,50.0,1.0,80.2684,0,0.0,25.4647,1
22639578.1,14,,96,64,0,50.0,1.0,80.175,0,0.0,25.3788,1
22640822.0,14,,96,64,0,50.0,1.0,80.1128,0,0.0,25.3216,1
22641578.1,14,,95,64,0,50.0,1.0,80.075,0,0.0,25.2996,1
22643578.1,14,,95,64,0,50.0,1.0,79.975,0,0.0,25.2416,1
22645578.1,14,,95,64,0,50.0,1.0,79.875,0,0.0,25.1835,1
22647578.1,14,,95,64,0,50.0,1.0,79.775,0,0.0,25.1254,1
22649578.1,14,,95,64,0,50.0,1.0,79.675,0,0.0,25.0674,1
22651526.3,14,,95,64,0,50.0,1.0,79.5775,0,0.0,25.0108,1
22651578.1,14,,94,64,0,50.0,1.0,79.575,0,0.0,25.0094,1
22653578.1,14,,94,64,0,50.0,1.0,79.475,0,0.0,24.9534,1
22655578.1,14,,94,64,0,50.0,1.0,79.375,0,0.0,24.8974,1
22657578.1,14,,94,64,0,50.0,1.0,79.275,0,0.0,24.8415,1
22659578.1,14,,94,64,0,50.0,1.0,79.175,0,0.0,24.7855,1
22661578.1,14,,94,64,0,50.0,1.0,79.075,0,0.0,24.7295,1
22663578.1,14,,94,64,0,50.0,1.0,78.975,0,0.0,24.6736,1
22665578.1,14,,94,64,0,50.0,1.0,78.875,0,0.0,24.6176,1
22667578.1,14,,94,64,0,50.0,1.0,78.775,0,0.0,24.5616,1
22669578.1,14,,94,64,0,50.0,1.0,78.675,0,0.0,24.5057,1
22671578.1,14,,94,64,0,50.0,1.0,78.575,0,0.0,24.4497,1
22673578.1,14,,94,64,0,50.0,1.0,78.475,0,0.0,24.3937,1
22675578.1,14,,94,64,0,50.0,1.0,78.375,0,0.0,24.3378,1
22677578.1,14,,94,64,0,50.0,1.0,78.275,0,0.0,24.2818,1
22679578.1,14,,94,64,0,50.0,1.0,78.175,0,0.0,24.2258,1
22681578.1,14,,94,64,0,50.0,1.0,78.075,0,0.0,24.1699,1
22683578.1,14,,94,64,0,50.0,1.0,77.975,0,0.0,24.1139,1
22685578.1,14,,94,64,0,50.0,1.0,77.875,0,0.0,24.0579,1
22687578.1,14,,94,64,0,50.0,1.0,77.775,0,0.0,24.002,1
22689578.1,14,,94,64,0,50.0,1.0,77.675,0,0.0,23.946,1
22691578.1,14,,94,64,0,50.0,1.0,77.575,0,0.0,23.89,1
22693578.1,14,,94,64,0,50.0,1.0,77.475,0,0.0,23.8341,1
22695435.4,14,,94,64,0,50.0,1.0,77.3821,0,0.0,23.7821,1
22695578.1,14,,93,64,0,50.0,1.0,77.375,0,0.0,23.7781,1
22697578.1,14,,93,64,0,50.0,1.0,77.275,0,0.0,23.7224,1
22699578.1,14,,93,64,0,50.0,1.0,77.175,0,0.0,23.6667,1
22701578.1,14,,93,64,0,50.0,1.0,77.075,0,0.0,23.611,1
22703578.1,14,,93,64,0,50.0,1.0,76.975,0,0.0,23.5553,1
22705578.1,14,,93,64,0,50.0,1.0,76.875,0,0.0,23.4996,1
22707578.1,14,,93,64,0,50.0,1.0,76.775,0,0.0,23.4439,1
22709578.1,14,,93,64,0,50.0,1.0,76.675,0,0.0,23.3882,1
22711578.1,14,,93,64,0,50.0,1.0,76.575,0,0.0,23.3325,1
22713578.1,14,,93,64,0,50.0,1.0,76.475,0,0.0,23.2768,1
22715578.1,14,,93,64,0,50.0,1.0,76.375,0,0.0,23.2211,1
22717578.1,14,,93,64,0,50.0,1.0,76.275,0,0.0,23.1654,1
22719578.1,14,,93,64,0,50.0,1.0,76.175,0,0.0,23.1097,1
22721578.1,14,,93,64,0,50.0,1.0,76.075,0,0.0,23.054,1
22723578.1,14,,93,64,0,50.0,1.0,75.975,0,0.0,22.9983,1
22725578.1,14,,93,64,0,50.0,1.0,75.875,0,0.0,22.9426,1
22726373.8,14,,93,64,0,50.0,1.0,75.8352,0,0.0,22.9205,1
22727578.1,14,,92,64,0,50.0,1.0,75.775,0,0.0,22.8871,1
22729578.1,14,,92,64,0,50.0,1.0,75.675,0,0.0,22.8317,1
22731578.1,14,,92,64,0,50.0,1.0,75.575,0,0.0,22.7762,1
22733578.1,14,,92,64,0,50.0,1.0,75.475,0,0.0,22.7208,1
22735578.1,14,,92,64,0,50.0,1.0,75.375,0,0.0,22.6654,1
22737578.1,14,,92,64,0,50.0,1.0,75.275,0,0.0,22.6099,1
22739578.1,14,,92,64,0,50.0,1.0,75.175,0,0.0,22.5545,1
22741578.1,14,,92,64,0,50.0,1.0,75.075,0,0.0,22.4991,1
22743578.1,14,,92,64,0,50.0,1.0,74.975,0,0.0,22.4436,1
22745578.1,14,,92,64,0,50.0,1.0,74.875,0,0.0,22.3882,1
22747578.1,14,,92,64,0,50.0,1.0,74.775,0,0.0,22.3327,1
22749578.1,14,,92,64,0,50.0,1.0,74.675,0,0.0,22.2773,1
22751578.1,14,,92,64,0,50.0,1.0,74.575,0,0.0,22.2219,1
22753578.1,14,,92,64,0,50.0,1.0,74.475,0,0.0,22.1664,1
22755578.1,14,,92,64,0,50.0,1.0,74.375,0,0.0,22.111,1
22757578.1,14,,92,64,0,50.0,1.0,74.275,0,0.0,22.0556,1
22759578.1,14,,92,64,0,50.0,1.0,74.175,0,0.0,22.0001,1
22761578.1,14,,92,64,0,50.0,1.0,74.075,0,0.0,21.9447,1
22763110.4,14,,92,64,0,50.0,1.0,73.9983,0,0.0,21.9022,1
22763578.1,14,,91,64,0,50.0,1.0,73.975,0,0.0,21.8893,1
22765578.1,14,,91,64,0,50.0,1.0,73.875,0,0.0,21.8342,1
22767578.1,14,,91,64,0,50.0,1.0,73.775,0,0.0,21.779,1
22769578.1,14,,91,64,0,50.0,1.0,73.675,0,0.0,21.7239,1
22770801.8,14,,91,64,0,50.0,1.0,73.6138,0,0.0,21.6901,1
22771578.1,14,,90,64,0,50.0,1.0,73.575,0,0.0,21.6688,1
22773578.1,14,,90,64,0,50.0,1.0,73.475,0,0.0,21.6139,1
22775578.1,14,,90,64,0,50.0,1.0,73.375,0,0.0,21.5591,1
22777578.1,14,,90,64,0,50.0,1.0,73.275,0,0.0,21.5042,1
22779578.1,14,,90,64,0,50.0,1.0,73.175,0,0.0,21.4493,1
22781578.1,14,,90,64,0,50.0,1.0,73.075,0,0.0,21.3944,1
22783578.1,14,,90,64,0,50.0,1.0,72.975,0,0.0,21.3396,1
22785578.1,14,,90,64,0,50.0,1.0,72.875,0,0.0,21.2847,1
22787021.9,14,,90,64,0,50.0,1.0,72.8028,0,0.0,21.2451,1
22787578.1,14,,89,64,0,50.0,1.0,72.775,0,0.0,21.2299,1
22789578.1,14,,89,64,0,50.0,1.0,72.675,0,0.0,21.1753,1
22791578.1,14,,89,64,0,50.0,1.0,72.575,0,0.0,21.1207,1
22793578.1,14,,89,64,0,50.0,1.0,72.475,0,0.0,21.0661,1
22795578.1,14,,89,64,0,50.0,1.0,72.375,0,0.0,21.0115,1
22797578.1,14,,89,64,0,50.0,1.0,72.275,0,0.0,20.9569,1
22798490.7,14,,89,64,0,50.0,1.0,72.2293,0,0.0,20.932,1
22799578.1,14,,88,64,0,50.0,1.0,72.175,0,0.0,20.9036,1
22800293.0,14,,88,64,0,50.0,1.0,72.1392,0,0.0,20.885,1
22801578.1,14,,87,64,0,50.0,1.0,72.075,0,0.0,20.853,1
22801740.2,14,,87,64,0,50.0,1.0,72.0668,0,0.0,20.849,1
22803578.1,14,,86,64,0,50.0,1.0,71.975,0,0.0,20.8036,1
22805578.1,14,,86,64,0,50.0,1.0,71.875,0,0.0,20.7542,1
22807578.1,14,,86,64,0,50.0,1.0,71.775,0,0.0,20.7049,1
22809578.1,14,,86,64,0,50.0,1.0,71.675,0,0.0,20.6555,1
22811578.1,14,,86,64,0,50.0,1.0,71.575,0,0.0,20.6061,1
22813578.1,14,,86,64,0,50.0,1.0,71.475,0,0.0,20.5567,1
22815578.1,14,,86,64,0,50.0,1.0,71.375,0,0.0,20.5073,1
22817578.1,14,,86,64,0,50.0,1.0,71.275,0,0.0,20.4579,1
22819578.1,14,,86,64,0,50.0,1.0,71.175,0,0.0,20.4085,1
22821578.1,14,,86,64,0,50.0,1.0,71.075,0,0.0,20.3591,1
22822584.3,14,,86,64,0,50.0,1.0,71.0246,0,0.0,20.3343,1
22823578.1,14,,85,64,0,50.0,1.0,70.975,0,0.0,20.3099,1
22825578.1,14,,85,64,0,50.0,1.0,70.875,0,0.0,20.2608,1
22827578.1,14,,85,64,0,50.0,1.0,70.775,0,0.0,20.2117,1
22829578.1,14,,85,64,0,50.0,1.0,70.675,0,0.0,20.1626,1
22831578.1,14,,85,64,0,50.0,1.0,70.575,0,0.0,20.1135,1
22832979.1,14,,85,64,0,50.0,1.0,70.5049,0,0.0,20.0791,1
22833578.1,14,,84,64,0,50.0,1.0,70.475,0,0.0,20.0652,1
22835578.1,14,,84,64,0,50.0,1.0,70.375,0,0.0,20.019,1
22837578.1,14,,84,64,0,50.0,1.0,70.275,0,0.0,19.9728,1
22839578.1,14,,84,64,0,50.0,1.0,70.175,0,0.0,19.9266,1
22839587.3,14,,84,64,0,50.0,1.0,70.1745,0,0.0,19.9264,1
22839787.5,14,,83,64,0,50.0,1.0,70.1645,0,0.0,19.9218,1
22841578.1,14,,82,64,0,50.0,1.0,70.075,0,0.0,19.8809,1
22843578.1,14,,82,64,0,50.0,1.0,69.975,0,0.0,19.8353,1
22845512.8,14,,82,64,0,50.0,1.0,69.8782,0,0.0,19.7912,1
22845578.1,14,,81,64,0,50.0,1.0,69.875,0,0.0,19.7897,1
22847578.1,14,,81,64,0,50.0,1.0,69.775,0,0.0,19.7444,1
22848789.6,14,,81,64,0,50.0,1.0,69.7144,0,0.0,19.717,1
22849578.1,14,,80,64,0,50.0,1.0,69.675,0,0.0,19.6993,1
22851256.3,14,,80,64,0,50.0,1.0,69.591,0,0.0,19.6615,1
22851578.1,14,,79,64,0,50.0,1.0,69.575,0,0.0,19.6543,1
22853578.1,14,,79,64,0,50.0,1.0,69.475,0,0.0,19.6097,1
22855578.1,14,,79,64,0,50.0,1.0,69.375,0,0.0,19.5651,1
22857578.1,14,,79,64,0,50.0,1.0,69.275,0,0.0,19.5204,1
22859578.1,14,,79,64,0,50.0,1.0,69.175,0,0.0,19.4758,1
22861578.1,14,,79,64,0,50.0,1.0,69.075,0,0.0,19.4311,1
22863578.1,14,,79,64,0,50.0,1.0,68.975,0,0.0,19.3865,1
22865392.1,14,,79,64,0,50.0,1.0,68.8843,0,0.0,19.346,1
22865578.1,14,,78,64,0,50.0,1.0,68.875,0,0.0,19.3419,1
22866821.1,14,,78,64,0,50.0,1.0,68.8128,0,0.0,19.3143,1
22867578.1,14,,77,64,0,50.0,1.0,68.775,0,0.0,19.2976,1
22869023.9,14,,77,64,0,50.0,1.0,68.7027,0,0.0,19.2658,1
22869578.1,14,,76,64,0,50.0,1.0,68.675,0,0.0,19.2537,1
22870498.4,14,,76,64,0,50.0,1.0,68.6289,0,0.0,19.2336,1
22871244.8,14,,75,64,0,50.0,1.0,68.5916,0,0.0,19.2174,1
22871578.1,14,,74,64,0,50.0,1.0,68.575,0,0.0,19.2103,1
22873578.1,14,,74,64,0,50.0,1.0,68.475,0,0.0,19.1673,1
22875578.1,14,,74,64,0,50.0,1.0,68.375,0,0.0,19.1243,1
22876860.9,14,,74,64,0,50.0,1.0,68.3108,0,0.0,19.0968,1
22877215.9,14,,73,64,0,50.0,1.0,68.2931,0,0.0,19.0892,1
22877578.1,14,,72,64,0,50.0,1.0,68.275,0,0.0,19.082,1
22879578.1,14,,72,64,0,50.0,1.0,68.175,0,0.0,19.0426,1
22881578.1,14,,72,64,0,50.0,1.0,68.075,0,0.0,19.0032,1
22881885.3,14,,72,64,0,50.0,1.0,68.0596,0,0.0,18.9972,1
22883578.1,14,,71,64,0,50.0,1.0,67.975,0,0.0,18.967,1
22885578.1,14,,71,64,0,50.0,1.0,67.875,0,0.0,18.9313,1
22887578.1,14,,71,64,0,50.0,1.0,67.775,0,0.0,18.8955,1
22889578.1,14,,71,64,0,50.0,1.0,67.675,0,0.0,18.8598,1
22891578.1,14,,71,64,0,50.0,1.0,67.575,0,0.0,18.8241,1
22893578.1,14,,71,64,0,50.0,1.0,67.475,0,0.0,18.7884,1
22895578.1,14,,71,64,0,50.0,1.0,67.375,0,0.0,18.7527,1
22897578.1,14,,71,64,0,50.0,1.0,67.275,0,0.0,18.717,1
22899578.1,14,,71,64,0,50.0,1.0,67.175,0,0.0,18.6813,1
22899580.0,14,,71,64,0,50.0,1.0,67.1749,0,0.0,18.6812,1
22901578.1,14,,70,64,0,50.0,1.0,67.075,0,0.0,18.6497,1
22903578.1,14,,70,64,0,50.0,1.0,66.975,0,0.0,18.6182,1
22905578.1,14,,70,64,0,50.0,1.0,66.875,0,0.0,18.5866,1
22907578.1,14,,70,64,0,50.0,1.0,66.775,0,0.0,18.555,1
22909578.1,14,,70,64,0,50.0,1.0,66.675,0,0.0,18.5235,1
22911578.1,14,,70,64,0,50.0,1.0,66.575,0,0.0,18.4919,1
22913578.1,14,,70,64,0,50.0,1.0,66.475,0,0.0,18.4604,1
22915578.1,14,,70,64,0,50.0,1.0,66.375,0,0.0,18.4288,1
22915772.9,14,,70,64,0,50.0,1.0,66.3652,0,0.0,18.4257,1
22917578.1,14,,69,64,0,50.0,1.0,66.275,0,0.0,18.3975,1
22918722.0,14,,69,64,0,50.0,1.0,66.2178,0,0.0,18.3797,1
22919578.1,14,,68,64,0,50.0,1.0,66.175,0,0.0,18.3665,1
22921578.1,14,,68,64,0,50.0,1.0,66.075,0,0.0,18.3356,1
22923578.1,14,,68,64,0,50.0,1.0,65.975,0,0.0,18.3047,1
22925578.1,14,,68,64,0,50.0,1.0,65.875,0,0.0,18.2738,1
22927578.1,14,,68,64,0,50.0,1.0,65.775,0,0.0,18.2429,1
22929578.1,14,,68,64,0,50.0,1.0,65.675,0,0.0,18.212,1
22931578.1,14,,68,64,0,50.0,1.0,65.575,0,0.0,18.1812,1
22933578.1,14,,68,64,0,50.0,1.0,65.475,0,0.0,18.1503,1
22935578.1,14,,68,64,0,50.0,1.0,65.375,0,0.0,18.1194,1
22937578.1,14,,68,64,0,50.0,1.0,65.275,0,0.0,18.0885,1
22939578.1,14,,68,64,0,50.0,1.0,65.175,0,0.0,18.0576,1
22941578.1,14,,68,64,0,50.0,1.0,65.075,0,0.0,18.0268,1
22943578.1,14,,68,64,0,50.0,1.0,64.975,0,0.0,17.9959,1
22945578.1,14,,68,64,0,50.0,1.0,64.875,0,0.0,17.965,1
22947578.1,14,,68,64,0,50.0,1.0,64.775,0,0.0,17.9341,1
22949578.1,14,,68,64,0,50.0,1.0,64.675,0,0.0,17.9032,1
22951578.1,14,,68,64,0,50.0,1.0,64.575,0,0.0,17.8723,1
22953578.1,14,,68,64,0,50.0,1.0,64.475,0,0.0,17.8415,1
22955578.1,14,,68,64,0,50.0,1.0,64.375,0,0.0,17.8106,1
22957578.1,14,,68,64,0,50.0,1.0,64.275,0,0.0,17.7797,1
22959578.1,14,,68,64,0,50.0,1.0,64.175,0,0.0,17.7488,1
22961578.1,14,,68,64,0,50.0,1.0,64.075,0,0.0,17.7179,1
22963578.1,14,,68,64,0,50.0,1.0,63.975,0,0.0,17.687,1
22965578.1,14,,68,64,0,50.0,1.0,63.875,0,0.0,17.6562,1
22967578.1,14,,68,64,0,50.0,1.0,63.775,0,0.0,17.6253,1
22969578.1,14,,68,64,0,50.0,1.0,63.675,0,0.0,17.5944,1
22971578.1,14,,68,64,0,50.0,1.0,63.575,0,0.0,17.5635,1
22973578.1,14,,68,64,0,50.0,1.0,63.475,0,0.0,17.5326,1
22975578.1,14,,68,64,0,50.0,1.0,63.375,0,0.0,17.5018,1
22977578.1,14,,68,64,0,50.0,1.0,63.275,0,0.0,17.4709,1
22979578.1,14,,68,64,0,50.0,1.0,63.175,0,0.0,17.44,1
22981578.1,14,,68,64,0,50.0,1.0,63.075,0,0.0,17.4091,1
22983578.1,14,,68,64,0,50.0,1.0,62.975,0,0.0,17.3782,1
22985578.1,14,,68,64,0,50.0,1.0,62.875,0,0.0,17.3473,1
22987578.1,14,,68,64,0,50.0,1.0,62.775,0,0.0,17.3165,1
22989578.1,14,,68,64,0,50.0,1.0,62.675,0,0.0,17.2856,1
22991578.1,14,,68,64,0,50.0,1.0,62.575,0,0.0,17.2547,1
22993578.1,14,,68,64,0,50.0,1.0,62.475,0,0.0,17.2238,1
22995578.1,14,,68,64,0,50.0,1.0,62.375,0,0.0,17.1929,1
22997578.1,14,,68,64,0,50.0,1.0,62.275,0,0.0,17.162,1
22999578.1,14,,68,64,0,50.0,1.0,62.175,0,0.0,17.1312,1
23001578.1,14,,68,64,0,50.0,1.0,62.075,0,0.0,17.1003,1
23003578.1,14,,68,64,0,50.0,1.0,61.975,0,0.0,17.0694,1
23005578.1,14,,68,64,0,50.0,1.0,61.875,0,0.0,17.0385,1
23007578.1,14,,68,64,0,50.0,1.0,61.775,0,0.0,17.0076,1
23009578.1,14,,68,64,0,50.0,1.0,61.675,0,0.0,16.9768,1
23011578.1,14,,68,64,0,50.0,1.0,61.575,0,0.0,16.9459,1
23013578.1,14,,68,64,0,50.0,1.0,61.475,0,0.0,16.915,1
23015578.1,14,,68,64,0,50.0,1.0,61.375,0,0.0,16.8841,1
23017578.1,14,,68,64,0,50.0,1.0,61.275,0,0.0,16.8532,1
23019578.1,14,,68,64,0,50.0,1.0,61.175,0,0.0,16.8223,1
23021578.1,14,,68,64,0,50.0,1.0,61.075,0,0.0,16.7915,1
23023578.1,14,,68,64,0,50.0,1.0,60.975,0,0.0,16.7606,1
23025578.1,14,,68,64,0,50.0,1.0,60.875,0,0.0,16.7297,1
23027578.1,14,,68,64,0,50.0,1.0,60.775,0,0.0,16.6988,1
23029578.1,14,,68,64,0,50.0,1.0,60.675,0,0.0,16.6679,1
23031578.1,14,,68,64,0,50.0,1.0,60.575,0,0.0,16.637,1
23033578.1,14,,68,64,0,50.0,1.0,60.475,0,0.0,16.6062,1
23035578.1,14,,68,64,0,50.0,1.0,60.375,0,0.0,16.5753,1
23037578.1,14,,68,64,0,50.0,1.0,60.275,0,0.0,16.5444,1
23039578.1,14,,68,64,0,50.0,1.0,60.175,0,0.0,16.5135,1
23041578.1,14,,68,64,0,50.0,1.0,60.075,0,0.0,16.4826,1
23043578.1,14,,68,64,0,50.0,1.0,59.975,0,0.0,16.4518,1
23045578.1,14,,68,64,0,50.0,1.0,59.875,0,0.0,16.4209,1
23047578.1,14,,68,64,0,50.0,1.0,59.775,0,0.0,16.39,1
23049578.1,14,,68,64,0,50.0,1.0,59.675,0,0.0,16.3591,1
23051578.1,14,,68,64,0,50.0,1.0,59.575,0,0.0,16.3282,1
23052287.7,14,,68,64,0,50.0,1.0,59.5395,0,0.0,16.3173,1
23053578.1,14,,67,63,0,50.0,1.0,59.475,0,0.0,16.2973,1
23055578.1,14,,67,63,0,50.0,1.0,59.375,0,0.0,16.2664,1
23057578.1,14,,67,63,0,50.0,1.0,59.275,0,0.0,16.2355,1
23059578.1,14,,67,63,0,50.0,1.0,59.175,0,0.0,16.2046,1
23061578.1,14,,67,63,0,50.0,1.0,59.075,0,0.0,16.1737,1
23063578.1,14,,67,63,0,50.0,1.0,58.975,0,0.0,16.1428,1
23065578.1,14,,67,63,0,50.0,1.0,58.875,0,0.0,16.1119,1
23067578.1,14,,67,63,0,50.0,1.0,58.775,0,0.0,16.081,1
23069578.1,14,,67,63,0,50.0,1.0,58.675,0,0.0,16.0501,1
23071578.1,14,,67,63,0,50.0,1.0,58.575,0,0.0,16.0192,1
23073578.1,14,,67,63,0,50.0,1.0,58.475,0,0.0,15.9883,1
23075578.1,14,,67,63,0,50.0,1.0,58.375,0,0.0,15.9574,1
23077578.1,14,,67,63,0,50.0,1.0,58.275,0,0.0,15.9264,1
23079578.1,14,,67,63,0,50.0,1.0,58.175,0,0.0,15.8955,1
23081578.1,14,,67,63,0,50.0,1.0,58.075,0,0.0,15.8646,1
23083578.1,14,,67,63,0,50.0,1.0,57.975,0,0.0,15.8337,1
23085578.1,14,,67,63,0,50.0,1.0,57.875,0,0.0,15.8028,1
23087578.1,14,,67,63,0,50.0,1.0,57.775,0,0.0,15.7719,1
23089578.1,14,,67,63,0,50.0,1.0,57.675,0,0.0,15.741,1
23090120.7,14,,67,63,0,50.0,1.0,57.6478,0,0.0,15.7326,1
23091578.1,14,,66,62,0,50.0,1.0,57.575,0,0.0,15.7101,1
23093578.1,14,,66,62,0,50.0,1.0,57.475,0,0.0,15.6792,1
23095578.1,14,,66,62,0,50.0,1.0,57.375,0,0.0,15.6482,1
23097578.1,14,,66,62,0,50.0,1.0,57.275,0,0.0,15.6173,1
23099578.1,14,,66,62,0,50.0,1.0,57.175,0,0.0,15.5864,1
23101578.1,14,,66,62,0,50.0,1.0,57.075,0,0.0,15.5554,1
23103578.1,14,,66,62,0,50.0,1.0,56.975,0,0.0,15.5245,1
23105578.1,14,,66,62,0,50.0,1.0,56.875,0,0.0,15.4936,1
23107578.1,14,,66,62,0,50.0,1.0,56.775,0,0.0,15.4626,1
23109578.1,14,,66,62,0,50.0,1.0,56.675,0,0.0,15.4317,1
23111578.1,14,,66,62,0,50.0,1.0,56.575,0,0.0,15.4008,1
23113578.1,14,,66,62,0,50.0,1.0,56.475,0,0.0,15.3698,1
23115578.1,14,,66,62,0,50.0,1.0,56.375,0,0.0,15.3389,1
23117578.1,14,,66,62,0,50.0,1.0,56.275,0,0.0,15.308,1
23119578.1,14,,66,62,0,50.0,1.0,56.175,0,0.0,15.277,1
23121578.1,14,,66,62,0,50.0,1.0,56.075,0,0.0,15.2461,1
23123578.1,14,,66,62,0,50.0,1.0,55.975,0,0.0,15.2152,1
23125578.1,14,,66,62,0,50.0,1.0,55.875,0,0.0,15.1842,1
23127578.1,14,,66,62,0,50.0,1.0,55.775,0,0.0,15.1533,1
23129578.1,14,,66,62,0,50.0,1.0,55.675,0,0.0,15.1224,1
23131578.1,14,,66,62,0,50.0,1.0,55.575,0,0.0,15.0915,1
23133578.1,14,,66,62,0,50.0,1.0,55.475,0,0.0,15.0605,1
23135578.1,14,,66,62,0,50.0,1.0,55.375,0,0.0,15.0296,1
23137578.1,14,,66,62,0,50.0,1.0,55.275,0,0.0,14.9987,1
23139578.1,14,,66,62,0,50.0,1.0,55.175,0,0.0,14.9677,1
23141578.1,14,,66,62,0,50.0,1.0,55.075,0,0.0,14.9368,1
23143578.1,14,,66,62,0,50.0,1.0,54.975,0,0.0,14.9059,1
23145578.1,14,,66,62,0,50.0,1.0,54.875,0,0.0,14.8749,1
23147578.1,14,,66,62,0,50.0,1.0,54.775,0,0.0,14.844,1
23149578.1,14,,66,62,0,50.0,1.0,54.675,0,0.0,14.8131,1
23151578.1,14,,66,62,0,50.0,1.0,54.575,0,0.0,14.7821,1
23153578.1,14,,66,62,0,50.0,1.0,54.475,0,0.0,14.7512,1
23155578.1,14,,66,62,0,50.0,1.0,54.375,0,0.0,14.7203,1
23157578.1,14,,66,62,0,50.0,1.0,54.275,0,0.0,14.6893,1
23159578.1,14,,66,62,0,50.0,1.0,54.175,0,0.0,14.6584,1
23161578.1,14,,66,62,0,50.0,1.0,54.075,0,0.0,14.6275,1
23163578.1,14,,66,62,0,50.0,1.0,53.975,0,0.0,14.5966,1
23165578.1,14,,66,62,0,50.0,1.0,53.875,0,0.0,14.5656,1
23167578.1,14,,66,62,0,50.0,1.0,53.775,0,0.0,14.5347,1
23169578.1,14,,66,62,0,50.0,1.0,53.675,0,0.0,14.5038,1
23171578.1,14,,66,62,0,50.0,1.0,53.575,0,0.0,14.4728,1
23173353.0,14,,66,62,0,50.0,1.0,53.4862,0,0.0,14.4454,1
23173578.1,14,,65,61,0,50.0,1.0,53.475,0,0.0,14.4419,1
23175578.1,14,,65,61,0,50.0,1.0,53.375,0,0.0,14.4109,1
23177578.1,14,,65,61,0,50.0,1.0,53.275,0,0.0,14.38,1
23179578.1,14,,65,61,0,50.0,1.0,53.175,0,0.0,14.349,1
23181578.1,14,,65,61,0,50.0,1.0,53.075,0,0.0,14.3181,1
23183578.1,14,,65,61,0,50.0,1.0,52.975,0,0.0,14.2871,1
23185578.1,14,,65,61,0,50.0,1.0,52.875,0,0.0,14.2562,1
23187578.1,14,,65,61,0,50.0,1.0,52.775,0,0.0,14.2252,1
23189578.1,14,,65,61,0,50.0,1.0,52.675,0,0.0,14.1942,1
23191578.1,14,,65,61,0,50.0,1.0,52.575,0,0.0,14.1633,1
23193578.1,14,,65,61,0,50.0,1.0,52.475,0,0.0,14.1323,1
23195578.1,14,,65,61,0,50.0,1.0,52.375,0,0.0,14.1014,1
23197578.1,14,,65,61,0,50.0,1.0,52.275,0,0.0,14.0704,1
23199578.1,14,,65,61,0,50.0,1.0,52.175,0,0.0,14.0395,1
23201578.1,14,,65,61,0,50.0,1.0,52.075,0,0.0,14.0085,1
23203578.1,14,,65,61,0,50.0,1.0,51.975,0,0.0,13.9776,1
23205578.1,14,,65,61,0,50.0,1.0,51.875,0,0.0,13.9466,1
23207578.1,14,,65,61,0,50.0,1.0,51.775,0,0.0,13.9156,1
23209578.1,14,,65,61,0,50.0,1.0,51.675,0,0.0,13.8847,1
23211578.1,14,,65,61,0,50.0,1.0,51.575,0,0.0,13.8537,1
23212713.2,14,,65,61,0,50.0,1.0,51.5182,0,0.0,13.8362,1
23213578.1,14,,64,60,0,50.0,1.0,51.475,0,0.0,13.8228,1
23215578.1,14,,64,60,0,50.0,1.0,51.375,0,0.0,13.7918,1
23217578.1,14,,64,60,0,50.0,1.0,51.275,0,0.0,13.7608,1
23219578.1,14,,64,60,0,50.0,1.0,51.175,0,0.0,13.7298,1
23221578.1,14,,64,60,0,50.0,1.0,51.075,0,0.0,13.6988,1
23223578.1,14,,64,60,0,50.0,1.0,50.975,0,0.0,13.6678,1
23225578.1,14,,64,60,0,50.0,1.0,50.875,0,0.0,13.6369,1
23227578.1,14,,64,60,0,50.0,1.0,50.775,0,0.0,13.6059,1
23229545.1,14,,64,60,0,50.0,1.0,50.6766,0,0.0,13.5754,1
23229578.1,14,,63,59,0,50.0,1.0,50.675,0,0.0,13.5749,1
23231578.1,14,,63,59,0,50.0,1.0,50.575,0,0.0,13.5439,1
23233578.1,14,,63,59,0,50.0,1.0,50.475,0,0.0,13.5129,1
23235578.1,14,,63,59,0,50.0,1.0,50.375,0,0.0,13.4819,1
23237578.1,14,,63,59,0,50.0,1.0,50.275,0,0.0,13.4509,1
23239578.1,14,,63,59,0,50.0,1.0,50.175,0,0.0,13.4198,1
23241578.1,14,,63,59,0,50.0,1.0,50.075,0,0.0,13.3888,1
23242012.4,14,,63,59,0,50.0,1.0,50.0532,0,0.0,13.3821,1
23243578.1,14,,61,57,0,50.0,1.0,49.975,0,0.0,13.3573,1
23245578.1,14,,61,57,0,50.0,1.0,49.875,0,0.0,13.3257,1
23247572.2,14,,61,57,0,50.0,1.0,49.7752,0,0.0,13.2941,1
23247578.1,14,,60,56,0,50.0,1.0,49.775,0,0.0,13.294,1
23249578.1,14,,60,56,0,50.0,1.0,49.675,0,0.0,13.2624,1
23251578.1,14,,60,56,0,50.0,1.0,49.575,0,0.0,13.2307,1
23253578.1,14,,60,56,0,50.0,1.0,49.475,0,0.0,13.199,1
23255578.1,14,,60,56,0,50.0,1.0,49.375,0,0.0,13.1674,1
23257578.1,14,,60,56,0,50.0,1.0,49.275,0,0.0,13.1357,1
23259578.1,14,,60,56,0,50.0,1.0,49.175,0,0.0,13.104,1
23261578.1,14,,60,56,0,50.0,1.0,49.075,0,0.0,13.0724,1
23263578.1,14,,60,56,0,50.0,1.0,48.975,0,0.0,13.0407,1
23265578.1,14,,60,56,0,50.0,1.0,48.875,0,0.0,13.009,1
23267578.1,14,,60,56,0,50.0,1.0,48.775,0,0.0,12.9774,1
23269578.1,14,,60,56,0,50.0,1.0,48.675,0,0.0,12.9457,1
23271578.1,14,,60,56,0,50.0,1.0,48.575,0,0.0,12.914,1
23273578.1,14,,60,56,0,50.0,1.0,48.475,0,0.0,12.8824,1
23275578.1,14,,60,56,0,50.0,1.0,48.375,0,0.0,12.8507,1
23277578.1,14,,60,56,0,50.0,1.0,48.275,0,0.0,12.819,1
23279578.1,14,,60,56,0,50.0,1.0,48.175,0,0.0,12.7874,1
23281578.1,14,,60,56,0,50.0,1.0,48.075,0,0.0,12.7557,1
23283578.1,14,,60,56,0,50.0,1.0,47.975,0,0.0,12.724,1
23285578.1,14,,60,56,0,50.0,1.0,47.875,0,0.0,12.6924,1
23287578.1,14,,60,56,0,50.0,1.0,47.775,0,0.0,12.6607,1
23289578.1,14,,60,56,0,50.0,1.0,47.675,0,0.0,12.629,1
23291578.1,14,,60,56,0,50.0,1.0,47.575,0,0.0,12.5974,1
23293578.1,14,,60,56,0,50.0,1.0,47.475,0,0.0,12.5657,1
23293722.4,14,,60,56,0,50.0,1.0,47.4677,0,0.0,12.5634,1
23295578.1,14,,59,56,0,50.0,1.0,47.375,0,0.0,12.5345,1
23297578.1,14,,59,56,0,50.0,1.0,47.275,0,0.0,12.5032,1
23299578.1,14,,59,56,0,50.0,1.0,47.175,0,0.0,12.472,1
23301578.1,14,,59,56,0,50.0,1.0,47.075,0,0.0,12.4408,1
23303578.1,14,,59,56,0,50.0,1.0,46.975,0,0.0,12.4095,1
23305578.1,14,,59,56,0,50.0,1.0,46.875,0,0.0,12.3783,1
23307578.1,14,,59,56,0,50.0,1.0,46.775,0,0.0,12.3471,1
23309578.1,14,,59,56,0,50.0,1.0,46.675,0,0.0,12.3159,1
23311578.1,14,,59,56,0,50.0,1.0,46.575,0,0.0,12.2846,1
23313578.1,14,,59,56,0,50.0,1.0,46.475,0,0.0,12.2534,1
23315578.1,14,,59,56,0,50.0,1.0,46.375,0,0.0,12.2222,1
23317578.1,14,,59,56,0,50.0,1.0,46.275,0,0.0,12.1909,1
23319578.1,14,,59,56,0,50.0,1.0,46.175,0,0.0,12.1597,1
23321578.1,14,,59,56,0,50.0,1.0,46.075,0,0.0,12.1285,1
23323578.1,14,,59,56,0,50.0,1.0,45.975,0,0.0,12.0973,1
23325578.1,14,,59,56,0,50.0,1.0,45.875,0,0.0,12.066,1
23327578.1,14,,59,56,0,50.0,1.0,45.775,0,0.0,12.0348,1
23329578.1,14,,59,56,0,50.0,1.0,45.675,0,0.0,12.0036,1
23331578.1,14,,59,56,0,50.0,1.0,45.575,0,0.0,11.9723,1
23333578.1,14,,59,56,0,50.0,1.0,45.475,0,0.0,11.9411,1
23335578.1,14,,59,56,0,50.0,1.0,45.375,0,0.0,11.9099,1
23336915.6,14,,59,56,0,50.0,1.0,45.3081,0,0.0,11.889,1
23337578.1,14,,58,56,0,50.0,1.0,45.275,0,0.0,11.8788,1
23339578.1,14,,58,56,0,50.0,1.0,45.175,0,0.0,11.848,1
23341578.1,14,,58,56,0,50.0,1.0,45.075,0,0.0,11.8172,1
23343578.1,14,,58,56,0,50.0,1.0,44.975,0,0.0,11.7864,1
23345578.1,14,,58,56,0,50.0,1.0,44.875,0,0.0,11.7556,1
23347578.1,14,,58,56,0,50.0,1.0,44.775,0,0.0,11.7248,1
23349578.1,14,,58,56,0,50.0,1.0,44.675,0,0.0,11.694,1
23351578.1,14,,58,56,0,50.0,1.0,44.575,0,0.0,11.6632,1
23353578.1,14,,58,56,0,50.0,1.0,44.475,0,0.0,11.6324,1
23355578.1,14,,58,56,0,50.0,1.0,44.375,0,0.0,11.6016,1
23357578.1,14,,58,56,0,50.0,1.0,44.275,0,0.0,11.5708,1
23359578.1,14,,58,56,0,50.0,1.0,44.175,0,0.0,11.54,1
23361578.1,14,,58,56,0,50.0,1.0,44.075,0,0.0,11.5092,1
23363578.1,14,,58,56,0,50.0,1.0,43.975,0,0.0,11.4783,1
23365578.1,14,,58,56,0,50.0,1.0,43.875,0,0.0,11.4475,1
23367578.1,14,,58,56,0,50.0,1.0,43.775,0,0.0,11.4167,1
23369578.1,14,,58,56,0,50.0,1.0,43.675,0,0.0,11.3859,1
23371388.2,14,,58,56,0,50.0,1.0,43.5844,0,0.0,11.3581,1
23371578.1,14,,57,56,0,50.0,1.0,43.575,0,0.0,11.3552,1
23373578.1,14,,57,56,0,50.0,1.0,43.475,0,0.0,11.3248,1
23375578.1,14,,57,56,0,50.0,1.0,43.375,0,0.0,11.2944,1
23377578.1,14,,57,56,0,50.0,1.0,43.275,0,0.0,11.264,1
23379578.1,14,,57,56,0,50.0,1.0,43.175,0,0.0,11.2336,1
23379786.8,14,,57,56,0,50.0,1.0,43.1645,0,0.0,11.2304,1
23381578.1,14,,56,55,0,50.0,1.0,43.075,0,0.0,11.2034,1
23383578.1,14,,56,55,0,50.0,1.0,42.975,0,0.0,11.178,1
23385578.1,14,,56,55,0,50.0,1.0,42.875,0,0.0,11.1525,1
23387578.1,14,,56,55,0,50.0,1.0,42.775,0,0.0,11.1271,1
23389578.1,14,,56,55,0,50.0,1.0,42.675,0,0.0,11.1017,1
23389607.0,14,,56,55,0,50.0,1.0,42.6735,0,0.0,11.1013,1
23391578.1,14,,55,55,0,50.0,1.0,42.575,0,0.0,11.0767,1
23393578.1,14,,55,55,0,50.0,1.0,42.475,0,0.0,11.0517,1
23395578.1,14,,55,55,0,50.0,1.0,42.375,0,0.0,11.0267,1
23397578.1,14,,55,55,0,50.0,1.0,42.275,0,0.0,11.0017,1
23399578.1,14,,55,55,0,50.0,1.0,42.175,0,0.0,10.9767,1
23401578.1,14,,55,55,0,50.0,1.0,42.075,0,0.0,10.9517,1
23403578.1,14,,55,55,0,50.0,1.0,41.975,0,0.0,10.9267,1
23405578.1,14,,55,55,0,50.0,1.0,41.875,0,0.0,10.9017,1
23407578.1,14,,55,55,0,50.0,1.0,41.775,0,0.0,10.8767,1
23409578.1,14,,55,55,0,50.0,1.0,41.675,0,0.0,10.8517,1
23411578.1,14,,55,55,0,50.0,1.0,41.575,0,0.0,10.8267,1
23413578.1,14,,55,55,0,50.0,1.0,41.475,0,0.0,10.8017,1
23415578.1,14,,55,55,0,50.0,1.0,41.375,0,0.0,10.7767,1
23417578.1,14,,55,55,0,50.0,1.0,41.275,0,0.0,10.7517,1
23419578.1,14,,55,55,0,50.0,1.0,41.175,0,0.0,10.7267,1
23421578.1,14,,55,55,0,50.0,1.0,41.075,0,0.0,10.7017,1
23423578.1,14,,55,55,0,50.0,1.0,40.975,0,0.0,10.6767,1
23425578.1,14,,55,55,0,50.0,1.0,40.875,0,0.0,10.6517,1
23427578.1,14,,55,55,0,50.0,1.0,40.775,0,0.0,10.6267,1
23429578.1,14,,55,55,0,50.0,1.0,40.675,0,0.0,10.6017,1
23431578.1,14,,55,55,0,50.0,1.0,40.575,0,0.0,10.5767,1
23433578.1,14,,55,55,0,50.0,1.0,40.475,0,0.0,10.5517,1
23435578.1,14,,55,55,0,50.0,1.0,40.375,0,0.0,10.5267,1
23437578.1,14,,55,55,0,50.0,1.0,40.275,0,0.0,10.5017,1
23439578.1,14,,55,55,0,50.0,1.0,40.175,0,0.0,10.4767,1
23441578.1,14,,55,55,0,50.0,1.0,40.075,0,0.0,10.4517,1
23443578.1,14,,55,55,0,50.0,1.0,39.975,0,0.0,10.4267,1
23445578.1,14,,55,55,0,50.0,1.0,39.875,0,0.0,10.4017,1
23447578.1,14,,55,55,0,50.0,1.0,39.775,0,0.0,10.3767,1
23449578.1,14,,55,55,0,50.0,1.0,39.675,0,0.0,10.3517,1
23451578.1,14,,55,55,0,50.0,1.0,39.575,0,0.0,10.3267,1
23453578.1,14,,55,55,0,50.0,1.0,39.475,0,0.0,10.3017,1
23455578.1,14,,55,55,0,50.0,1.0,39.375,0,0.0,10.2767,1
23455917.4,14,,55,55,0,50.0,1.0,39.358,0,0.0,10.2725,1
23457578.1,14,,54,54,0,50.0,1.0,39.275,0,0.0,10.2517,1
23459578.1,14,,54,54,0,50.0,1.0,39.175,0,0.0,10.2267,1
23461578.1,14,,54,54,0,50.0,1.0,39.075,0,0.0,10.2017,1
23463578.1,14,,54,54,0,50.0,1.0,38.975,0,0.0,10.1767,1
23465578.1,14,,54,54,0,50.0,1.0,38.875,0,0.0,10.1517,1
23467578.1,14,,54,54,0,50.0,1.0,38.775,0,0.0,10.1267,1
23468696.9,14,,54,54,0,50.0,1.0,38.719,0,0.0,10.1127,1
23469578.1,14,,53,53,0,50.0,1.0,38.675,0,0.0,10.1017,1
23471578.1,14,,53,53,0,50.0,1.0,38.575,0,0.0,10.0767,1
23473578.1,14,,53,53,0,50.0,1.0,38.475,0,0.0,10.0517,1
23475578.1,14,,53,53,0,50.0,1.0,38.375,0,0.0,10.0267,1
23477578.1,14,,53,53,0,50.0,1.0,38.275,0,0.0,10.0017,1
23479578.1,14,,53,53,0,50.0,1.0,38.175,0,0.0,9.9767,1
23481578.1,14,,53,53,0,50.0,1.0,38.075,0,0.0,9.9517,1
23483578.1,14,,53,53,0,50.0,1.0,37.975,0,0.0,9.9267,1
23485383.5,14,,53,53,0,50.0,1.0,37.8847,0,0.0,9.9041,1
23485578.1,14,,52,52,0,50.0,1.0,37.875,0,0.0,9.9017,1
23487578.1,14,,52,52,0,50.0,1.0,37.775,0,0.0,9.8767,1
23489578.1,14,,52,52,0,50.0,1.0,37.675,0,0.0,9.8517,1
23491578.1,14,,52,52,0,50.0,1.0,37.575,0,0.0,9.8267,1
23493578.1,14,,52,52,0,50.0,1.0,37.475,0,0.0,9.8017,1
23495578.1,14,,52,52,0,50.0,1.0,37.375,0,0.0,9.7767,1
23497578.1,14,,52,52,0,50.0,1.0,37.275,0,0.0,9.7517,1
23499578.1,14,,52,52,0,50.0,1.0,37.175,0,0.0,9.7267,1
23501578.1,14,,52,52,0,50.0,1.0,37.075,0,0.0,9.7017,1
23503578.1,14,,52,52,0,50.0,1.0,36.975,0,0.0,9.6767,1
23505578.1,14,,52,52,0,50.0,1.0,36.875,0,0.0,9.6517,1
23507578.1,14,,52,52,0,50.0,1.0,36.775,0,0.0,9.6267,1
23509578.1,14,,52,52,0,50.0,1.0,36.675,0,0.0,9.6017,1
23511578.1,14,,52,52,0,50.0,1.0,36.575,0,0.0,9.5767,1
23513578.1,14,,52,52,0,50.0,1.0,36.475,0,0.0,9.5517,1
23515578.1,14,,52,52,0,50.0,1.0,36.375,0,0.0,9.5267,1
23517578.1,14,,52,52,0,50.0,1.0,36.275,0,0.0,9.5017,1
23519578.1,14,,52,52,0,50.0,1.0,36.175,0,0.0,9.4767,1
23521578.1,14,,52,52,0,50.0,1.0,36.075,0,0.0,9.4517,1
23523578.1,14,,52,52,0,50.0,1.0,35.975,0,0.0,9.4267,1
23525578.1,14,,52,52,0,50.0,1.0,35.875,0,0.0,9.4017,1
23527578.1,14,,52,52,0,50.0,1.0,35.775,0,0.0,9.3767,1
23529578.1,14,,52,52,0,50.0,1.0,35.675,0,0.0,9.3517,1
23531578.1,14,,52,52,0,50.0,1.0,35.575,0,0.0,9.3267,1
23533578.1,14,,52,52,0,50.0,1.0,35.475,0,0.0,9.3017,1
23535578.1,14,,52,52,0,50.0,1.0,35.375,0,0.0,9.2767,1
23537578.1,14,,52,52,0,50.0,1.0,35.275,0,0.0,9.2517,1
23539578.1,14,,52,52,0,50.0,1.0,35.175,0,0.0,9.2267,1
23541578.1,14,,52,52,0,50.0,1.0,35.075,0,0.0,9.2017,1
23543578.1,14,,52,52,0,50.0,1.0,34.975,0,0.0,9.1767,1
23545578.1,14,,52,52,0,50.0,1.0,34.875,0,0.0,9.1517,1
23547578.1,14,,52,52,0,50.0,1.0,34.775,0,0.0,9.1267,1
23549578.1,14,,52,52,0,50.0,1.0,34.675,0,0.0,9.1017,1
23551578.1,14,,52,52,0,50.0,1.0,34.575,0,0.0,9.0767,1
23553578.1,14,,52,52,0,50.0,1.0,34.475,0,0.0,9.0517,1
23555578.1,14,,52,52,0,50.0,1.0,34.375,0,0.0,9.0267,1
23557578.1,14,,52,52,0,50.0,1.0,34.275,0,0.0,9.0017,1
23559578.1,14,,52,52,0,50.0,1.0,34.175,0,0.0,8.9767,1
23560709.4,14,,52,52,0,50.0,1.0,34.1184,0,0.0,8.9626,1
23561578.1,14,,51,51,0,50.0,1.0,34.075,0,0.0,8.9517,1
23563578.1,14,,51,51,0,50.0,1.0,33.975,0,0.0,8.9267,1
23565578.1,14,,51,51,0,50.0,1.0,33.875,0,0.0,8.9017,1
23567053.3,14,,51,51,0,50.0,1.0,33.8012,0,0.0,8.8833,1
23567578.1,14,,50,50,0,50.0,1.0,33.775,0,0.0,8.8767,1
23569229.1,14,,50,50,0,50.0,1.0,33.6924,0,0.0,8.8561,1
23569578.1,14,,49,49,0,50.0,1.0,33.675,0,0.0,8.8517,1
23571578.1,14,,49,49,0,50.0,1.0,33.575,0,0.0,8.8267,1
23573578.1,14,,49,49,0,50.0,1.0,33.475,0,0.0,8.8017,1
23575578.1,14,,49,49,0,50.0,1.0,33.375,0,0.0,8.7767,1
23577578.1,14,,49,49,0,50.0,1.0,33.275,0,0.0,8.7517,1
23579578.1,14,,49,49,0,50.0,1.0,33.175,0,0.0,8.7267,1
23581578.1,14,,49,49,0,50.0,1.0,33.075,0,0.0,8.7017,1
23582782.0,14,,49,49,0,50.0,1.0,33.0148,0,0.0,8.6866,1
23583578.1,14,,48,48,0,50.0,1.0,32.975,0,0.0,8.6767,1
23585578.1,14,,48,48,0,50.0,1.0,32.875,0,0.0,8.6517,1
23587578.1,14,,48,48,0,50.0,1.0,32.775,0,0.0,8.6267,1
23589578.1,14,,48,48,0,50.0,1.0,32.675,0,0.0,8.6017,1
23591578.1,14,,48,48,0,50.0,1.0,32.575,0,0.0,8.5767,1
23593578.1,14,,48,48,0,50.0,1.0,32.475,0,0.0,8.5517,1
23595578.1,14,,48,48,0,50.0,1.0,32.375,0,0.0,8.5267,1
23597578.1,14,,48,48,0,50.0,1.0,32.275,0,0.0,8.5017,1
23599578.1,14,,48,48,0,50.0,1.0,32.175,0,0.0,8.4767,1
23601578.1,14,,48,48,0,50.0,1.0,32.075,0,0.0,8.4517,1
23603578.1,14,,48,48,0,50.0,1.0,31.975,0,0.0,8.4267,1
23605578.1,14,,48,48,0,50.0,1.0,31.875,0,0.0,8.4017,1
23607578.1,14,,48,48,0,50.0,1.0,31.775,0,0.0,8.3767,1
23609578.1,14,,48,48,0,50.0,1.0,31.675,0,0.0,8.3517,1
23611578.1,14,,48,48,0,50.0,1.0,31.575,0,0.0,8.3267,1
23613578.1,14,,48,48,0,50.0,1.0,31.475,0,0.0,8.3017,1
23615222.3,14,,48,48,0,50.0,1.0,31.3927,0,0.0,8.2811,1
23615578.1,14,,47,47,0,50.0,1.0,31.375,0,0.0,8.2767,1
23617578.1,14,,47,47,0,50.0,1.0,31.275,0,0.0,8.2517,1
23619578.1,14,,47,47,0,50.0,1.0,31.175,0,0.0,8.2267,1
23620347.2,14,,47,47,0,50.0,1.0,31.1365,0,0.0,8.2171,1
23621578.1,14,,46,46,0,50.0,1.0,31.075,0,0.0,8.2017,1
23623578.1,14,,46,46,0,50.0,1.0,30.975,0,0.0,8.1767,1
23625578.1,14,,46,46,0,50.0,1.0,30.875,0,0.0,8.1517,1
23627578.1,14,,46,46,0,50.0,1.0,30.775,0,0.0,8.1267,1
23629578.1,14,,46,46,0,50.0,1.0,30.675,0,0.0,8.1017,1
23631578.1,14,,46,46,0,50.0,1.0,30.575,0,0.0,8.0767,1
23633578.1,14,,46,46,0,50.0,1.0,30.475,0,0.0,8.0517,1
23633847.7,14,,46,46,0,50.0,1.0,30.4615,0,0.0,8.0483,1
23634477.9,14,,45,45,0,50.0,1.0,30.43,0,0.0,8.0404,1
23635578.1,14,,43,43,0,50.0,1.0,30.375,0,0.0,8.0267,1
23637578.1,14,,43,43,0,50.0,1.0,30.275,0,0.0,8.0017,1
23639578.1,14,,43,43,0,50.0,1.0,30.175,0,0.0,7.9767,1
23641578.1,14,,43,43,0,50.0,1.0,30.075,0,0.0,7.9517,1
23643578.1,14,,43,43,0,50.0,1.0,29.975,0,0.0,7.9267,1
23645578.1,14,,43,43,0,50.0,1.0,29.875,0,0.0,7.9017,1
23647578.1,14,,43,43,0,50.0,1.0,29.775,0,0.0,7.8767,1
23648265.6,14,,43,43,0,50.0,1.0,29.7406,0,0.0,7.8681,1
23649578.1,14,,42,42,0,50.0,1.0,29.675,0,0.0,7.8517,1
23651578.1,14,,42,42,0,50.0,1.0,29.575,0,0.0,7.8267,1
23653578.1,14,,42,42,0,50.0,1.0,29.475,0,0.0,7.8017,1
23655578.1,14,,42,42,0,50.0,1.0,29.375,0,0.0,7.7767,1
23657578.1,14,,42,42,0,50.0,1.0,29.275,0,0.0,7.7517,1
23659578.1,14,,42,42,0,50.0,1.0,29.175,0,0.0,7.7267,1
23661578.1,14,,42,42,0,50.0,1.0,29.075,0,0.0,7.7017,1
23663578.1,14,,42,42,0,50.0,1.0,28.975,0,0.0,7.6767,1
23665578.1,14,,42,42,0,50.0,1.0,28.875,0,0.0,7.6517,1
23667578.1,14,,42,42,0,50.0,1.0,28.775,0,0.0,7.6267,1
23669578.1,14,,42,42,0,50.0,1.0,28.675,0,0.0,7.6017,1
23671578.1,14,,42,42,0,50.0,1.0,28.575,0,0.0,7.5767,1
23673578.1,14,,42,42,0,50.0,1.0,28.475,0,0.0,7.5517,1
23674414.4,14,,42,42,0,50.0,1.0,28.4331,0,0.0,7.5412,1
23675578.1,14,,41,41,0,50.0,1.0,28.375,0,0.0,7.5267,1
23677578.1,14,,41,41,0,50.0,1.0,28.275,0,0.0,7.5017,1
23679578.1,14,,41,41,0,50.0,1.0,28.175,0,0.0,7.4767,1
23681578.1,14,,41,41,0,50.0,1.0,28.075,0,0.0,7.4517,1
23683578.1,14,,41,41,0,50.0,1.0,27.975,0,0.0,7.4267,1
23685578.1,14,,41,41,0,50.0,1.0,27.875,0,0.0,7.4017,1
23687578.1,14,,41,41,0,50.0,1.0,27.775,0,0.0,7.3767,1
23689578.1,14,,41,41,0,50.0,1.0,27.675,0,0.0,7.3517,1
23691578.1,14,,41,41,0,50.0,1.0,27.575,0,0.0,7.3267,1
23693578.1,14,,41,41,0,50.0,1.0,27.475,0,0.0,7.3017,1
23695578.1,14,,41,41,0,50.0,1.0,27.375,0,0.0,7.2767,1
23697578.1,14,,41,41,0,50.0,1.0,27.275,0,0.0,7.2517,1
23699578.1,14,,41,41,0,50.0,1.0,27.175,0,0.0,7.2267,1
23701578.1,14,,41,41,0,50.0,1.0,27.075,0,0.0,7.2017,1
23703578.1,14,,41,41,0,50.0,1.0,26.975,0,0.0,7.1767,1
23705578.1,14,,41,41,0,50.0,1.0,26.875,0,0.0,7.1517,1
23707578.1,14,,41,41,0,50.0,1.0,26.775,0,0.0,7.1267,1
23709578.1,14,,41,41,0,50.0,1.0,26.675,0,0.0,7.1017,1
23711578.1,14,,41,41,0,50.0,1.0,26.575,0,0.0,7.0767,1
23713578.1,14,,41,41,0,50.0,1.0,26.475,0,0.0,7.0517,1
23715578.1,14,,41,41,0,50.0,1.0,26.375,0,0.0,7.0267,1
23717578.1,14,,41,41,0,50.0,1.0,26.275,0,0.0,7.0017,1
23719578.1,14,,41,41,0,50.0,1.0,26.175,0,0.0,6.9767,1
23721578.1,14,,41,41,0,50.0,1.0,26.075,0,0.0,6.9517,1
23723578.1,14,,41,41,0,50.0,1.0,25.975,0,0.0,6.9267,1
23725578.1,14,,41,41,0,50.0,1.0,25.875,0,0.0,6.9017,1
23727578.1,14,,41,41,0,50.0,1.0,25.775,0,0.0,6.8767,1
23729578.1,14,,41,41,0,50.0,1.0,25.675,0,0.0,6.8517,1
23730120.0,14,,41,41,0,50.0,1.0,25.6479,0,0.0,6.8449,1
23731578.1,14,,40,40,0,50.0,1.0,25.575,0,0.0,6.8267,1
23731798.9,14,,40,40,0,50.0,1.0,25.5639,0,0.0,6.8239,1
23733578.1,14,,39,39,0,50.0,1.0,25.475,0,0.0,6.8017,1
23735578.1,14,,39,39,0,50.0,1.0,25.375,0,0.0,6.7767,1
23736018.2,14,,39,39,0,50.0,1.0,25.3529,0,0.0,6.7712,1
23737578.1,14,,38,38,0,50.0,1.0,25.275,0,0.0,6.7517,1
23739578.1,14,,38,38,0,50.0,1.0,25.175,0,0.0,6.7267,1
23741578.1,14,,38,38,0,50.0,1.0,25.075,0,0.0,6.7017,1
23743578.1,14,,38,38,0,50.0,1.0,24.975,0,0.0,6.6767,1
23743882.5,14,,38,38,0,50.0,1.0,24.9597,0,0.0,6.6729,1
23745578.1,14,,37,37,0,50.0,1.0,24.875,0,0.0,6.6517,1
23747578.1,14,,37,37,0,50.0,1.0,24.775,0,0.0,6.6267,1
23749578.1,14,,37,37,0,50.0,1.0,24.675,0,0.0,6.6017,1
23751578.1,14,,37,37,0,50.0,1.0,24.575,0,0.0,6.5767,1
23753578.1,14,,37,37,0,50.0,1.0,24.475,0,0.0,6.5517,1
23755578.1,14,,37,37,0,50.0,1.0,24.375,0,0.0,6.5267,1
23757578.1,14,,37,37,0,50.0,1.0,24.275,0,0.0,6.5017,1
23759578.1,14,,37,37,0,50.0,1.0,24.175,0,0.0,6.4767,1
23761578.1,14,,37,37,0,50.0,1.0,24.075,0,0.0,6.4517,1
23762678.3,14,,37,37,0,50.0,1.0,24.0199,0,0.0,6.4379,1
23763578.1,14,,36,36,0,50.0,1.0,23.975,0,0.0,6.4267,1
23765578.1,14,,36,36,0,50.0,1.0,23.875,0,0.0,6.4017,1
23766230.4,14,,36,36,0,50.0,1.0,23.8423,0,0.0,6.3935,1
23767578.1,14,,35,35,0,50.0,1.0,23.775,0,0.0,6.3767,1
23768576.5,14,,35,35,0,50.0,1.0,23.725,0,0.0,6.3642,1
23769179.5,14,,34,34,0,50.0,1.0,23.6949,0,0.0,6.3567,1
23769578.1,14,,33,33,0,50.0,1.0,23.675,0,0.0,6.3517,1
23771578.1,14,,33,33,0,50.0,1.0,23.575,0,0.0,6.3267,1
23773578.1,14,,33,33,0,50.0,1.0,23.475,0,0.0,6.3017,1
23773819.4,14,,33,33,0,50.0,1.0,23.4629,0,0.0,6.2987,1
23775578.1,14,,32,32,0,50.0,1.0,23.375,0,0.0,6.2767,1
23777578.1,14,,32,32,0,50.0,1.0,23.275,0,0.0,6.2517,1
23779578.1,14,,32,32,0,50.0,1.0,23.175,0,0.0,6.2267,1
23781578.1,14,,32,32,0,50.0,1.0,23.075,0,0.0,6.2017,1
23783578.1,14,,32,32,0,50.0,1.0,22.975,0,0.0,6.1767,1
23785170.2,14,,32,32,0,50.0,1.0,22.8953,0,0.0,6.1568,1
23785578.1,14,,31,31,0,50.0,1.0,22.875,0,0.0,6.1517,1
23787504.5,14,,31,31,0,50.0,1.0,22.7786,0,0.0,6.1276,1
23787578.1,14,,30,30,0,50.0,1.0,22.775,0,0.0,6.1267,1
23789578.1,14,,30,30,0,50.0,1.0,22.675,0,0.0,6.1017,1
23790151.0,14,,30,30,0,50.0,1.0,22.6463,0,0.0,6.0945,1
23791578.1,14,,29,29,0,50.0,1.0,22.575,0,0.0,6.0767,1
23793578.1,14,,29,29,0,50.0,1.0,22.475,0,0.0,6.0517,1
23795578.1,14,,29,29,0,50.0,1.0,22.375,0,0.0,6.0267,1
23797578.1,14,,29,29,0,50.0,1.0,22.275,0,0.0,6.0017,1
23799578.1,14,,29,29,0,50.0,1.0,22.175,0,0.0,5.9767,1
23801344.5,14,,29,29,0,50.0,1.0,22.0866,0,0.0,5.9546,1
23801578.1,14,,28,28,0,50.0,1.0,22.075,0,0.0,5.9517,1
23803578.1,14,,28,28,0,50.0,1.0,21.975,0,0.0,5.9267,1
23803913.6,14,,28,28,0,50.0,1.0,21.9582,0,0.0,5.9225,1
23805578.1,14,,27,27,0,50.0,1.0,21.875,0,0.0,5.9017,1
23807578.1,14,,27,27,0,50.0,1.0,21.775,0,0.0,5.8767,1
23809578.1,14,,27,27,0,50.0,1.0,21.675,0,0.0,5.8517,1
23811578.1,14,,27,27,0,50.0,1.0,21.575,0,0.0,5.8267,1
23811777.9,14,,27,27,0,50.0,1.0,21.565,0,0.0,5.8242,1
23812695.3,14,,26,26,0,50.0,1.0,21.5191,0,0.0,5.8127,1
23813578.1,14,,25,25,0,50.0,1.0,21.475,0,0.0,5.8017,1
23815578.1,14,,25,25,0,50.0,1.0,21.375,0,0.0,5.7767,1
23817578.1,14,,25,25,0,50.0,1.0,21.275,0,0.0,5.7517,1
23819578.1,14,,25,25,0,50.0,1.0,21.175,0,0.0,5.7267,1
23821578.1,14,,25,25,0,50.0,1.0,21.075,0,0.0,5.7017,1
23823578.1,14,,25,25,0,50.0,1.0,20.975,0,0.0,5.6767,1
23825578.1,14,,25,25,0,50.0,1.0,20.875,0,0.0,5.6517,1
23827578.1,14,,25,25,0,50.0,1.0,20.775,0,0.0,5.6267,1
23829578.1,14,,25,25,0,50.0,1.0,20.675,0,0.0,5.6017,1
23831578.1,14,,25,25,0,50.0,1.0,20.575,0,0.0,5.5767,1
23833578.1,14,,25,25,0,50.0,1.0,20.475,0,0.0,5.5517,1
23835578.1,14,,25,25,0,50.0,1.0,20.375,0,0.0,5.5267,1
23837578.1,14,,25,25,0,50.0,1.0,20.275,0,0.0,5.5017,1
23839578.1,14,,25,25,0,50.0,1.0,20.175,0,0.0,5.4767,1
23840588.7,14,,25,25,0,50.0,1.0,20.1244,0,0.0,5.4641,1
23840666.1,14,,23,23,0,50.0,1.0,20.1205,0,0.0,5.4631,1
23841578.1,14,,22,22,0,50.0,1.0,20.075,0,0.0,5.4517,1
23843578.1,14,,22,22,0,50.0,1.0,19.975,0,0.0,5.4267,1
23845578.1,14,,22,22,0,50.0,1.0,19.875,0,0.0,5.4017,1
23847578.1,14,,22,22,0,50.0,1.0,19.775,0,0.0,5.3767,1
23849578.1,14,,22,22,0,50.0,1.0,19.675,0,0.0,5.3517,1
23851578.1,14,,22,22,0,50.0,1.0,19.575,0,0.0,5.3267,1
23853578.1,14,,22,22,0,50.0,1.0,19.475,0,0.0,5.3017,1
23855578.1,14,,22,22,0,50.0,1.0,19.375,0,0.0,5.2767,1
23857578.1,14,,22,22,0,50.0,1.0,19.275,0,0.0,5.2517,1
23859578.1,14,,22,22,0,50.0,1.0,19.175,0,0.0,5.2267,1
23861578.1,14,,22,22,0,50.0,1.0,19.075,0,0.0,5.2017,1
23863578.1,14,,22,22,0,50.0,1.0,18.975,0,0.0,5.1767,1
23865578.1,14,,22,22,0,50.0,1.0,18.875,0,0.0,5.1517,1
23867578.1,14,,22,22,0,50.0,1.0,18.775,0,0.0,5.1267,1
23869578.1,14,,22,22,0,50.0,1.0,18.675,0,0.0,5.1017,1
23871578.1,14,,22,22,0,50.0,1.0,18.575,0,0.0,5.0767,1
23873578.1,14,,22,22,0,50.0,1.0,18.475,0,0.0,5.0517,1
23874995.1,14,,22,22,0,50.0,1.0,18.4041,0,0.0,5.034,1
23875578.1,14,,21,21,0,50.0,1.0,18.375,0,0.0,5.0267,1
23877578.1,14,,21,21,0,50.0,1.0,18.275,0,0.0,5.0017,1
23879578.1,14,,21,21,0,50.0,1.0,18.175,0,0.0,4.9767,1
23881578.1,14,,21,21,0,50.0,1.0,18.075,0,0.0,4.9517,1
23883578.1,14,,21,21,0,50.0,1.0,17.975,0,0.0,4.9267,1
23885578.1,14,,21,21,0,50.0,1.0,17.875,0,0.0,4.9017,1
23887578.1,14,,21,21,0,50.0,1.0,17.775,0,0.0,4.8767,1
23889578.1,14,,21,21,0,50.0,1.0,17.675,0,0.0,4.8517,1
23891578.1,14,,21,21,0,50.0,1.0,17.575,0,0.0,4.8267,1
23893578.1,14,,21,21,0,50.0,1.0,17.475,0,0.0,4.8017,1
23895578.1,14,,21,21,0,50.0,1.0,17.375,0,0.0,4.7767,1
23897578.1,14,,21,21,0,50.0,1.0,17.275,0,0.0,4.7517,1
23899578.1,14,,21,21,0,50.0,1.0,17.175,0,0.0,4.7267,1
23901578.1,14,,21,21,0,50.0,1.0,17.075,0,0.0,4.7017,1
23902520.2,14,,21,21,0,50.0,1.0,17.0278,0,0.0,4.6899,1
23903578.1,14,,20,20,0,50.0,1.0,16.975,0,0.0,4.6767,1
23905578.1,14,,20,20,0,50.0,1.0,16.875,0,0.0,4.6517,1
23907578.1,14,,20,20,0,50.0,1.0,16.775,0,0.0,4.6267,1
23909578.1,14,,20,20,0,50.0,1.0,16.675,0,0.0,4.6017,1
23911578.1,14,,20,20,0,50.0,1.0,16.575,0,0.0,4.5767,1
23913578.1,14,,20,20,0,50.0,1.0,16.475,0,0.0,4.5517,1
23915578.1,14,,20,20,0,50.0,1.0,16.375,0,0.0,4.5267,1
23917578.1,14,,20,20,0,50.0,1.0,16.275,0,0.0,4.5017,1
23919578.1,14,,20,20,0,50.0,1.0,16.175,0,0.0,4.4767,1
23921578.1,14,,20,20,0,50.0,1.0,16.075,0,0.0,4.4517,1
23923578.1,14,,20,20,0,50.0,1.0,15.975,0,0.0,4.4267,1
23924106.5,14,,20,20,0,50.0,1.0,15.9485,0,0.0,4.4201,1
23925578.1,14,,19,19,0,50.0,1.0,15.875,0,0.0,4.4017,1
23927578.1,14,,19,19,0,50.0,1.0,15.775,0,0.0,4.3767,1
23929578.1,14,,19,19,0,50.0,1.0,15.675,0,0.0,4.3517,1
23931578.1,14,,19,19,0,50.0,1.0,15.575,0,0.0,4.3267,1
23933578.1,14,,19,19,0,50.0,1.0,15.475,0,0.0,4.3017,1
23935578.1,14,,19,19,0,50.0,1.0,15.375,0,0.0,4.2767,1
23937578.1,14,,19,19,0,50.0,1.0,15.275,0,0.0,4.2517,1
23939578.1,14,,19,19,0,50.0,1.0,15.175,0,0.0,4.2267,1
23941578.1,14,,19,19,0,50.0,1.0,15.075,0,0.0,4.2017,1
23943578.1,14,,19,19,0,50.0,1.0,14.975,0,0.0,4.1767,1
23945578.1,14,,19,19,0,50.0,1.0,14.875,0,0.0,4.1517,1
23947578.1,14,,19,19,0,50.0,1.0,14.775,0,0.0,4.1267,1
23949578.1,14,,19,19,0,50.0,1.0,14.675,0,0.0,4.1017,1
23951578.1,14,,19,19,0,50.0,1.0,14.575,0,0.0,4.0767,1
23953578.1,14,,19,19,0,50.0,1.0,14.475,0,0.0,4.0517,1
23955578.1,14,,19,19,0,50.0,1.0,14.375,0,0.0,4.0267,1
23957578.1,14,,19,19,0,50.0,1.0,14.275,0,0.0,4.0017,1
23959578.1,14,,19,19,0,50.0,1.0,14.175,0,0.0,3.9767,1
23960872.3,14,,19,19,0,50.0,1.0,14.1102,0,0.0,3.9605,1
23961578.1,14,,18,18,0,50.0,1.0,14.075,0,0.0,3.9517,1
23963578.1,14,,18,18,0,50.0,1.0,13.975,0,0.0,3.9267,1
23965578.1,14,,18,18,0,50.0,1.0,13.875,0,0.0,3.9017,1
23967578.1,14,,18,18,0,50.0,1.0,13.775,0,0.0,3.8767,1
23969578.1,14,,18,18,0,50.0,1.0,13.675,0,0.0,3.8517,1
23971578.1,14,,18,18,0,50.0,1.0,13.575,0,0.0,3.8267,1
23973578.1,14,,18,18,0,50.0,1.0,13.475,0,0.0,3.8017,1
23975578.1,14,,18,18,0,50.0,1.0,13.375,0,0.0,3.7767,1
23977578.1,14,,18,18,0,50.0,1.0,13.275,0,0.0,3.7517,1
23979578.1,14,,18,18,0,50.0,1.0,13.175,0,0.0,3.7267,1
23981578.1,14,,18,18,0,50.0,1.0,13.075,0,0.0,3.7017,1
23983578.1,14,,18,18,0,50.0,1.0,12.975,0,0.0,3.6767,1
23985578.1,14,,18,18,0,50.0,1.0,12.875,0,0.0,3.6517,1
23987578.1,14,,18,18,0,50.0,1.0,12.775,0,0.0,3.6267,1
23989578.1,14,,18,18,0,50.0,1.0,12.675,0,0.0,3.6017,1
23989760.5,14,,18,18,0,50.0,1.0,12.6658,0,0.0,3.5994,1
23991578.1,14,,17,17,0,50.0,1.0,12.575,0,0.0,3.5767,1
23993578.1,14,,17,17,0,50.0,1.0,12.475,0,0.0,3.5517,1
23995578.1,14,,17,17,0,50.0,1.0,12.375,0,0.0,3.5267,1
23997578.1,14,,17,17,0,50.0,1.0,12.275,0,0.0,3.5017,1
23999578.1,14,,17,17,0,50.0,1.0,12.175,0,0.0,3.4767,1
24001578.1,14,,17,17,0,50.0,1.0,12.075,0,0.0,3.4517,1
24003578.1,14,,17,17,0,50.0,1.0,11.975,0,0.0,3.4267,1
24005578.1,14,,17,17,0,50.0,1.0,11.875,0,0.0,3.4017,1
24007578.1,14,,17,17,0,50.0,1.0,11.775,0,0.0,3.3767,1
24009578.1,14,,17,17,0,50.0,1.0,11.675,0,0.0,3.3517,1
24011578.1,14,,17,17,0,50.0,1.0,11.575,0,0.0,3.3267,1
24013578.1,14,,17,17,0,50.0,1.0,11.475,0,0.0,3.3017,1
24015578.1,14,,17,17,0,50.0,1.0,11.375,0,0.0,3.2767,1
24017578.1,14,,17,17,0,50.0,1.0,11.275,0,0.0,3.2517,1
24019578.1,14,,17,17,0,50.0,1.0,11.175,0,0.0,3.2267,1
24021578.1,14,,17,17,0,50.0,1.0,11.075,0,0.0,3.2017,1
24023578.1,14,,17,17,0,50.0,1.0,10.975,0,0.0,3.1767,1
24025578.1,14,,17,17,0,50.0,1.0,10.875,0,0.0,3.1517,1
24027578.1,14,,17,17,0,50.0,1.0,10.775,0,0.0,3.1267,1
24029578.1,14,,17,17,0,50.0,1.0,10.675,0,0.0,3.1017,1
24030392.8,14,,17,17,0,50.0,1.0,10.6342,0,0.0,3.0915,1
24031578.1,14,,16,16,0,50.0,1.0,10.575,0,0.0,3.0757,1
24033578.1,14,,16,16,0,50.0,1.0,10.475,0,0.0,3.049,1
24035578.1,14,,16,16,0,50.0,1.0,10.375,0,0.0,3.0224,1
24036464.2,14,,16,16,0,50.0,1.0,10.3306,0,0.0,3.0106,1
24037578.1,14,,15,15,0,50.0,1.0,10.275,0,0.0,2.9957,1
24039578.1,14,,15,15,0,50.0,1.0,10.175,0,0.0,2.969,1
24041578.1,14,,15,15,0,50.0,1.0,10.075,0,0.0,2.9424,1
24043578.1,14,,15,15,0,50.0,1.0,9.975,0,0.0,2.9157,1
24045578.1,14,,15,15,0,50.0,1.0,9.875,0,0.0,2.889,1
24047578.1,14,,15,15,0,50.0,1.0,9.775,0,0.0,2.8624,1
24049578.1,14,,15,15,0,50.0,1.0,9.675,0,0.0,2.8357,1
24051578.1,14,,15,15,0,50.0,1.0,9.575,0,0.0,2.809,1
24052400.6,14,,15,15,0,50.0,1.0,9.5338,0,0.0,2.7981,1
24053578.1,14,,14,14,0,50.0,1.0,9.475,0,0.0,2.7813,1
24055578.1,14,,14,14,0,50.0,1.0,9.375,0,0.0,2.7527,1
24057578.1,14,,14,14,0,50.0,1.0,9.275,0,0.0,2.7241,1
24059578.1,14,,14,14,0,50.0,1.0,9.175,0,0.0,2.6955,1
24061578.1,14,,14,14,0,50.0,1.0,9.075,0,0.0,2.667,1
24063578.1,14,,14,14,0,50.0,1.0,8.975,0,0.0,2.6384,1
24063926.8,14,,14,14,0,50.0,1.0,8.9575,0,0.0,2.6334,1
24065578.1,14,,13,13,0,50.0,1.0,8.875,0,0.0,2.608,1
24067578.1,14,,13,13,0,50.0,1.0,8.775,0,0.0,2.5772,1
24069578.1,14,,13,13,0,50.0,1.0,8.675,0,0.0,2.548,1
24071578.1,14,,13,13,0,50.0,1.0,8.575,0,0.0,2.525,1
24073578.1,14,,13,13,0,50.0,1.0,8.475,0,0.0,2.5019,1
24075578.1,14,,13,13,0,50.0,1.0,8.375,0,0.0,2.4788,1
24077578.1,14,,13,13,0,50.0,1.0,8.275,0,0.0,2.4557,1
24079578.1,14,,13,13,0,50.0,1.0,8.175,0,0.0,2.4327,1
24081578.1,14,,13,13,0,50.0,1.0,8.075,0,0.0,2.4096,1
24083578.1,14,,13,13,0,50.0,1.0,7.975,0,0.0,2.3865,1
24085578.1,14,,13,13,0,50.0,1.0,7.875,0,0.0,2.3634,1
24087578.1,14,,13,13,0,50.0,1.0,7.775,0,0.0,2.3403,1
24089578.1,14,,13,13,0,50.0,1.0,7.675,0,0.0,2.3173,1
24091578.1,14,,13,13,0,50.0,1.0,7.575,0,0.0,2.2942,1
24093578.1,14,,13,13,0,50.0,1.0,7.475,0,0.0,2.2711,1
24095578.1,14,,13,13,0,50.0,1.0,7.375,0,0.0,2.248,1
24097578.1,14,,13,13,0,50.0,1.0,7.275,0,0.0,2.225,1
24099578.1,14,,13,13,0,50.0,1.0,7.175,0,0.0,2.2019,1
24101578.1,14,,13,13,0,50.0,1.0,7.075,0,0.0,2.1788,1
24103578.1,14,,13,13,0,50.0,1.0,6.975,0,0.0,2.1557,1
24105407.0,14,,13,13,0,50.0,1.0,6.8835,0,0.0,2.1346,1
24105578.1,14,,12,12,0,50.0,1.0,6.875,0,0.0,2.1324,1
24107578.1,14,,12,12,0,50.0,1.0,6.775,0,0.0,2.1061,1
24109578.1,14,,12,12,0,50.0,1.0,6.675,0,0.0,2.0797,1
24111578.1,14,,12,12,0,50.0,1.0,6.575,0,0.0,2.0534,1
24113578.1,14,,12,12,0,50.0,1.0,6.475,0,0.0,2.0271,1
24114777.9,14,,12,12,0,50.0,1.0,6.415,0,0.0,2.0113,1
24115578.1,14,,11,11,0,50.0,1.0,6.375,0,0.0,2.0002,1
24117578.1,14,,11,11,0,50.0,1.0,6.275,0,0.0,1.9724,1
24119578.1,14,,11,11,0,50.0,1.0,6.175,0,0.0,1.9447,1
24121578.1,14,,11,11,0,50.0,1.0,6.075,0,0.0,1.9169,1
24123578.1,14,,11,11,0,50.0,1.0,5.975,0,0.0,1.8891,1
24125578.1,14,,11,11,0,50.0,1.0,5.875,0,0.0,1.8613,1
24127578.1,14,,11,11,0,50.0,1.0,5.775,0,0.0,1.8335,1
24129578.1,14,,11,11,0,50.0,1.0,5.675,0,0.0,1.8058,1
24131578.1,14,,11,11,0,50.0,1.0,5.575,0,0.0,1.778,1
24133578.1,14,,11,11,0,50.0,1.0,5.475,0,0.0,1.7502,1
24135578.1,14,,11,11,0,50.0,1.0,5.375,0,0.0,1.7224,1
24137578.1,14,,11,11,0,50.0,1.0,5.275,0,0.0,1.6947,1
24139578.1,14,,11,11,0,50.0,1.0,5.175,0,0.0,1.6669,1
24141578.1,14,,11,11,0,50.0,1.0,5.075,0,0.0,1.6391,1
24143578.1,14,,11,11,0,50.0,1.0,4.975,0,0.0,1.6113,1
24145578.1,14,,11,11,0,50.0,1.0,4.875,0,0.0,1.5835,1
24147578.1,14,,11,11,0,50.0,1.0,4.775,0,0.0,1.5558,1
24149578.1,14,,11,11,0,50.0,1.0,4.675,0,0.0,1.528,1
24151578.1,14,,11,11,0,50.0,1.0,4.575,0,0.0,1.5002,1
24153578.1,14,,11,11,0,50.0,1.0,4.475,0,0.0,1.4724,1
24155578.1,14,,11,11,0,50.0,1.0,4.375,0,0.0,1.4447,1
24157578.1,14,,11,11,0,50.0,1.0,4.275,0,0.0,1.4169,1
24159578.1,14,,11,11,0,50.0,1.0,4.175,0,0.0,1.3891,1
24161578.1,14,,11,11,0,50.0,1.0,4.075,0,0.0,1.3613,1
24163578.1,14,,11,11,0,50.0,1.0,3.975,0,0.0,1.3335,1
24165578.1,14,,11,11,0,50.0,1.0,3.875,0,0.0,1.3058,1
24167578.1,14,,11,11,0,50.0,1.0,3.775,0,0.0,1.278,1
24167831.7,14,,11,11,0,50.0,1.0,3.7623,0,0.0,1.2745,1
24169578.1,14,,10,10,0,50.0,1.0,3.675,0,0.0,1.2478,1
24171578.1,14,,10,10,0,50.0,1.0,3.575,0,0.0,1.2172,1
24173578.1,14,,10,10,0,50.0,1.0,3.475,0,0.0,1.1867,1
24175578.1,14,,10,10,0,50.0,1.0,3.375,0,0.0,1.1561,1
24177578.1,14,,10,10,0,50.0,1.0,3.275,0,0.0,1.1256,1
24179578.1,14,,10,10,0,50.0,1.0,3.175,0,0.0,1.095,1
24181578.1,14,,10,10,0,50.0,1.0,3.075,0,0.0,1.0645,1
24183578.1,14,,10,10,0,50.0,1.0,2.975,0,0.0,1.0339,1
24184118.2,14,,10,10,0,50.0,1.0,2.9479,0,0.0,1.0256,1
24185578.1,14,,9,9,0,50.0,1.0,2.875,0,0.0,1.0006,1
24187578.1,14,,9,9,0,50.0,1.0,2.775,0,0.0,0.9662,1
24189578.1,14,,9,9,0,50.0,1.0,2.675,0,0.0,0.9318,1
24191578.1,14,,9,9,0,50.0,1.0,2.575,0,0.0,0.8974,1
24193578.1,14,,9,9,0,50.0,1.0,2.475,0,0.0,0.8631,1
24195578.1,14,,9,9,0,50.0,1.0,2.375,0,0.0,0.8287,1
24197578.1,14,,9,9,0,50.0,1.0,2.275,0,0.0,0.7943,1
24197848.8,14,,9,9,0,50.0,1.0,2.2614,0,0.0,0.7897,1
24199578.1,14,,8,8,0,50.0,1.0,2.175,0,0.0,0.7557,1
24201578.1,14,,8,8,0,50.0,1.0,2.075,0,0.0,0.7164,1
24203003.9,14,,8,8,0,50.0,1.0,2.0037,0,0.0,0.6884,1
24203578.1,14,,7,7,0,50.0,1.0,1.975,0,0.0,0.6762,1
24205578.1,14,,7,7,0,50.0,1.0,1.875,0,0.0,0.6339,1
24205676.4,14,,7,7,0,50.0,1.0,1.87,0,0.0,0.6319,1
24207578.1,14,,6,6,0,50.0,1.0,1.775,0,0.0,0.5962,1
24207816.3,14,,6,6,0,50.0,1.0,1.763,0,0.0,0.5917,1
24209578.1,14,,5,5,0,50.0,1.0,1.675,0,0.0,0.5477,1
24211578.1,14,,5,5,0,50.0,1.0,1.575,0,0.0,0.5095,1
24213578.1,14,,5,5,0,50.0,1.0,1.475,0,0.0,0.4928,1
24215578.1,14,,5,5,0,50.0,1.0,1.375,0,0.0,0.4761,1
24216287.6,14,,5,5,0,50.0,1.0,1.3395,0,0.0,0.4702,1
24217578.1,14,,4,4,0,50.0,1.0,1.275,0,0.0,0.4541,1
24218487.1,14,,4,4,0,50.0,1.0,1.2295,0,0.0,0.4427,1
24219578.1,14,,3,3,0,50.0,1.0,1.175,0,0.0,0.4246,1
24221578.1,14,,3,3,0,50.0,1.0,1.075,0,0.0,0.3912,1
24223578.1,14,,3,3,0,50.0,1.0,0.975,0,0.0,0.3579,1
24225578.1,14,,3,3,0,50.0,1.0,0.875,0,0.0,0.3246,1
24227578.1,14,,3,3,0,50.0,1.0,0.775,0,0.0,0.2912,1
24229578.1,14,,3,3,0,50.0,1.0,0.675,0,0.0,0.2579,1
24231578.1,14,,3,3,0,50.0,1.0,0.575,0,0.0,0.2246,1
24233578.1,14,,3,3,0,50.0,1.0,0.475,0,0.0,0.1912,1
24235578.1,14,,3,3,0,50.0,1.0,0.375,0,0.0,0.1579,1
24237578.1,14,,3,3,0,50.0,1.0,0.275,0,0.0,0.1246,1
24239578.1,14,,3,3,0,50.0,1.0,0.175,0,0.0,0.0912,1
24239634.8,14,,3,3,0,50.0,1.0,0.1721,0,0.0,0.0903,1
24241578.1,14,,2,2,0,50.0,1.0,0.075,0,0.0,0.0417,1
24242908.4,14,,2,2,0,50.0,1.0,0.0084,0,0.0,0.0084,1
24243077.1,14,,1,1,0,50.0,1.0,0.0,0,0.0,0.0,1
24243578.1,15,,124,64,0,50.0,1.0,88.0471,0,0.0,11.586,1
24245578.1,15,,124,64,0,50.0,1.0,87.9471,0,0.0,11.5798,1
24247578.1,15,,124,64,0,50.0,1.0,87.8471,0,0.0,11.5735,1
24249578.1,15,,124,64,0,50.0,1.0,87.7471,0,0.0,11.5673,1
24251578.1,15,,124,64,0,50.0,1.0,87.6471,0,0.0,11.561,1
24253578.1,15,,124,64,0,50.0,1.0,87.5471,0,0.0,11.5548,1
24255578.1,15,,124,64,0,50.0,1.0,87.4471,0,0.0,11.5485,1
24257578.1,15,,124,64,0,50.0,1.0,87.3471,0,0.0,11.5423,1
24259578.1,15,,124,64,0,50.0,1.0,87.2471,0,0.0,11.536,1
24261578.1,15,,124,64,0,50.0,1.0,87.1471,0,0.0,11.5298,1
24263578.1,15,,124,64,0,50.0,1.0,87.0471,0,0.0,11.5235,1
24265578.1,15,,124,64,0,50.0,1.0,86.9471,0,0.0,11.5173,1
24267578.1,15,,124,64,0,50.0,1.0,86.8471,0,0.0,11.511,1
24269578.1,15,,124,64,0,50.0,1.0,86.7471,0,0.0,11.5048,1
24271578.1,15,,124,64,0,50.0,1.0,86.6471,0,0.0,11.4985,1
24273578.1,15,,124,64,0,50.0,1.0,86.5471,0,0.0,11.4923,1
24275578.1,15,,124,64,0,50.0,1.0,86.4471,0,0.0,11.486,1
24277578.1,15,,124,64,0,50.0,1.0,86.3471,0,0.0,11.4798,1
24278348.2,15,,124,64,0,50.0,1.0,86.3086,0,0.0,11.4774,1
24279578.1,15,,123,64,0,50.0,1.0,86.2471,0,0.0,11.4735,1
24281578.1,15,,123,64,0,50.0,1.0,86.1471,0,0.0,11.4673,1
24281734.3,15,,123,64,0,50.0,1.0,86.1393,0,0.0,11.4668,1
24283578.1,15,,122,64,0,50.0,1.0,86.0471,0,0.0,11.461,1
24285174.9,15,,122,64,0,50.0,1.0,85.9673,0,0.0,11.456,1
24285578.1,15,,121,64,0,50.0,1.0,85.9471,0,0.0,11.4548,1
24286531.1,15,,121,64,0,50.0,1.0,85.8995,0,0.0,11.4518,1
24286813.3,15,,120,64,0,50.0,1.0,85.8854,0,0.0,11.4509,1
24287468.7,15,,119,64,0,50.0,1.0,85.8526,0,0.0,11.4489,1
24287578.1,15,,118,64,0,50.0,1.0,85.8471,0,0.0,11.4485,1
24289578.1,15,,118,64,0,50.0,1.0,85.7471,0,0.0,11.4423,1
24290627.1,15,,118,64,0,50.0,1.0,85.6947,0,0.0,11.439,1
24291578.1,15,,117,64,0,50.0,1.0,85.6471,0,0.0,11.436,1
24293578.1,15,,117,64,0,50.0,1.0,85.5471,0,0.0,11.4298,1
24294322.6,15,,117,64,0,50.0,1.0,85.5099,0,0.0,11.4274,1
24295278.4,15,,116,64,0,50.0,1.0,85.4621,0,0.0,11.4245,1
24295542.3,15,,115,64,0,50.0,1.0,85.4489,0,0.0,11.4236,1
24295578.1,15,,114,64,0,50.0,1.0,85.4471,0,0.0,11.4235,1
24297499.3,15,,114,64,0,50.0,1.0,85.3511,0,0.0,11.4175,1
24297578.1,15,,113,64,0,50.0,1.0,85.3471,0,0.0,11.4173,1
24299578.1,15,,113,64,0,50.0,1.0,85.2471,0,0.0,11.411,1
24301578.1,15,,113,64,0,50.0,1.0,85.1471,0,0.0,11.4048,1
24302478.2,15,,113,64,0,50.0,1.0,85.1021,0,0.0,11.402,1
24303578.1,15,,112,64,0,50.0,1.0,85.0471,0,0.0,11.3985,1
24304635.4,15,,112,64,0,50.0,1.0,84.9943,0,0.0,11.3952,1
24304708.3,15,,111,64,0,50.0,1.0,84.9906,0,0.0,11.395,1
24305578.1,15,,110,64,0,50.0,1.0,84.9471,0,0.0,11.3923,1
24307578.1,15,,110,64,0,50.0,1.0,84.8471,0,0.0,11.386,1
24308285.4,15,,110,64,0,50.0,1.0,84.8118,0,0.0,11.3838,1
24309578.1,15,,109,64,0,50.0,1.0,84.7471,0,0.0,11.3798,1
24310570.1,15,,109,64,0,50.0,1.0,84.6975,0,0.0,11.3767,1
24311578.1,15,,108,64,0,50.0,1.0,84.6471,0,0.0,11.3735,1
24312044.7,15,,108,64,0,50.0,1.0,84.6238,0,0.0,11.3721,1
24313578.1,15,,107,64,0,50.0,1.0,84.5471,0,0.0,11.3673,1
24315578.1,15,,107,64,0,50.0,1.0,84.4471,0,0.0,11.361,1
24317578.1,15,,107,64,0,50.0,1.0,84.3471,0,0.0,11.3548,1
24319578.1,15,,107,64,0,50.0,1.0,84.2471,0,0.0,11.3485,1
24320118.3,15,,107,64,0,50.0,1.0,84.2201,0,0.0,11.3468,1
24321578.1,15,,106,64,0,50.0,1.0,84.1471,0,0.0,11.3423,1
24323031.0,15,,106,64,0,50.0,1.0,84.0745,0,0.0,11.3377,1
24323578.1,15,,105,64,0,50.0,1.0,84.0471,0,0.0,11.336,1
24325578.1,15,,105,64,0,50.0,1.0,83.9471,0,0.0,11.3298,1
24326562.7,15,,105,64,0,50.0,1.0,83.8979,0,0.0,11.3267,1
24327578.1,15,,104,64,0,50.0,1.0,83.8471,0,0.0,11.3235,1
24327691.4,15,,104,64,0,50.0,1.0,83.8415,0,0.0,11.3232,1
24329578.1,15,,103,64,0,50.0,1.0,83.7471,0,0.0,11.3173,1
24331578.1,15,,103,64,0,50.0,1.0,83.6471,0,0.0,11.311,1
24333578.1,15,,103,64,0,50.0,1.0,83.5471,0,0.0,11.3048,1
24335578.1,15,,103,64,0,50.0,1.0,83.4471,0,0.0,11.2985,1
24337578.1,15,,103,64,0,50.0,1.0,83.3471,0,0.0,11.2923,1
24339578.1,15,,103,64,0,50.0,1.0,83.2471,0,0.0,11.286,1
24341578.1,15,,103,64,0,50.0,1.0,83.1471,0,0.0,11.2798,1
24343578.1,15,,103,64,0,50.0,1.0,83.0471,0,0.0,11.2735,1
24345578.1,15,,103,64,0,50.0,1.0,82.9471,0,0.0,11.2673,1
24347578.1,15,,103,64,0,50.0,1.0,82.8471,0,0.0,11.261,1
24349578.1,15,,103,64,0,50.0,1.0,82.7471,0,0.0,11.2548,1
24351578.1,15,,103,64,0,50.0,1.0,82.6471,0,0.0,11.2485,1
24353578.1,15,,103,64,0,50.0,1.0,82.5471,0,0.0,11.2423,1
24355578.1,15,,103,64,0,50.0,1.0,82.4471,0,0.0,11.236,1
24357578.1,15,,103,64,0,50.0,1.0,82.3471,0,0.0,11.2298,1
24359578.1,15,,103,64,0,50.0,1.0,82.2471,0,0.0,11.2235,1
24361578.1,15,,103,64,0,50.0,1.0,82.1471,0,0.0,11.2173,1
24363578.1,15,,103,64,0,50.0,1.0,82.0471,0,0.0,11.211,1
24365578.1,15,,103,64,0,50.0,1.0,81.9471,0,0.0,11.2048,1
24367578.1,15,,103,64,0,50.0,1.0,81.8471,0,0.0,11.1985,1
24369578.1,15,,103,64,0,50.0,1.0,81.7471,0,0.0,11.1923,1
24371578.1,15,,103,64,0,50.0,1.0,81.6471,0,0.0,11.186,1
24371764.3,15,,103,64,0,50.0,1.0,81.6378,0,0.0,11.1854,1
24373578.1,15,,102,64,0,50.0,1.0,81.5471,0,0.0,11.1798,1
24375578.1,15,,102,64,0,50.0,1.0,81.4471,0,0.0,11.1735,1
24377578.1,15,,102,64,0,50.0,1.0,81.3471,0,0.0,11.1673,1
24379578.1,15,,102,64,0,50.0,1.0,81.2471,0,0.0,11.161,1
24381578.1,15,,102,64,0,50.0,1.0,81.1471,0,0.0,11.1548,1
24383578.1,15,,102,64,0,50.0,1.0,81.0471,0,0.0,11.1485,1
24384352.7,15,,102,64,0,50.0,1.0,81.0084,0,0.0,11.1461,1
24385578.1,15,,101,64,0,50.0,1.0,80.9471,0,0.0,11.1423,1
24387578.1,15,,101,64,0,50.0,1.0,80.8471,0,0.0,11.136,1
24389578.1,15,,101,64,0,50.0,1.0,80.7471,0,0.0,11.1298,1
24390715.2,15,,101,64,0,50.0,1.0,80.6903,0,0.0,11.1262,1
24391578.1,15,,100,64,0,50.0,1.0,80.6471,0,0.0,11.1235,1
24393578.1,15,,100,64,0,50.0,1.0,80.5471,0,0.0,11.1173,1
24395578.1,15,,100,64,0,50.0,1.0,80.4471,0,0.0,11.111,1
24395657.7,15,,100,64,0,50.0,1.0,80.4432,0,0.0,11.1108,1
24397578.1,15,,99,64,0,50.0,1.0,80.3471,0,0.0,11.1048,1
24397714.8,15,,99,64,0,50.0,1.0,80.3403,0,0.0,11.1043,1
24398907.2,15,,98,64,0,50.0,1.0,80.2807,0,0.0,11.1006,1
24399152.9,15,,97,64,0,50.0,1.0,80.2684,0,0.0,11.0998,1
24399578.1,15,,96,64,0,50.0,1.0,80.2471,0,0.0,11.0985,1
24401578.1,15,,96,64,0,50.0,1.0,80.1471,0,0.0,11.0923,1
24402265.9,15,,96,64,0,50.0,1.0,80.1128,0,0.0,11.0901,1
24403578.1,15,,95,64,0,50.0,1.0,80.0471,0,0.0,11.086,1
24405578.1,15,,95,64,0,50.0,1.0,79.9471,0,0.0,11.0798,1
24407578.1,15,,95,64,0,50.0,1.0,79.8471,0,0.0,11.0735,1
24409578.1,15,,95,64,0,50.0,1.0,79.7471,0,0.0,11.0673,1
24411578.1,15,,95,64,0,50.0,1.0,79.6471,0,0.0,11.061,1
24412970.1,15,,95,64,0,50.0,1.0,79.5775,0,0.0,11.0567,1
24413578.1,15,,94,64,0,50.0,1.0,79.5471,0,0.0,11.0548,1
24415578.1,15,,94,64,0,50.0,1.0,79.4471,0,0.0,11.0485,1
24417578.1,15,,94,64,0,50.0,1.0,79.3471,0,0.0,11.0423,1
24419578.1,15,,94,64,0,50.0,1.0,79.2471,0,0.0,11.036,1
24421578.1,15,,94,64,0,50.0,1.0,79.1471,0,0.0,11.0298,1
24423578.1,15,,94,64,0,50.0,1.0,79.0471,0,0.0,11.0235,1
24425578.1,15,,94,64,0,50.0,1.0,78.9471,0,0.0,11.0173,1
24427578.1,15,,94,64,0,50.0,1.0,78.8471,0,0.0,11.011,1
24429578.1,15,,94,64,0,50.0,1.0,78.7471,0,0.0,11.0048,1
24431578.1,15,,94,64,0,50.0,1.0,78.6471,0,0.0,10.9985,1
24433578.1,15,,94,64,0,50.0,1.0,78.5471,0,0.0,10.9923,1
24435578.1,15,,94,64,0,50.0,1.0,78.4471,0,0.0,10.986,1
24437578.1,15,,94,64,0,50.0,1.0,78.3471,0,0.0,10.9798,1
24439578.1,15,,94,64,0,50.0,1.0,78.2471,0,0.0,10.9735,1
24441578.1,15,,94,64,0,50.0,1.0,78.1471,0,0.0,10.9673,1
24443578.1,15,,94,64,0,50.0,1.0,78.0471,0,0.0,10.961,1
24445578.1,15,,94,64,0,50.0,1.0,77.9471,0,0.0,10.9548,1
24447578.1,15,,94,64,0,50.0,1.0,77.8471,0,0.0,10.9485,1
24449578.1,15,,94,64,0,50.0,1.0,77.7471,0,0.0,10.9423,1
24451578.1,15,,94,64,0,50.0,1.0,77.6471,0,0.0,10.936,1
24453578.1,15,,94,64,0,50.0,1.0,77.5471,0,0.0,10.9298,1
24455578.1,15,,94,64,0,50.0,1.0,77.4471,0,0.0,10.9235,1
24456879.2,15,,94,64,0,50.0,1.0,77.3821,0,0.0,10.9195,1
24457578.1,15,,93,64,0,50.0,1.0,77.3471,0,0.0,10.9173,1
24459578.1,15,,93,64,0,50.0,1.0,77.2471,0,0.0,10.911,1
24461578.1,15,,93,64,0,50.0,1.0,77.1471,0,0.0,10.9048,1
24463578.1,15,,93,64,0,50.0,1.0,77.0471,0,0.0,10.8985,1
24465578.1,15,,93,64,0,50.0,1.0,76.9471,0,0.0,10.8923,1
24467578.1,15,,93,64,0,50.0,1.0,76.8471,0,0.0,10.886,1
24469578.1,15,,93,64,0,50.0,1.0,76.7471,0,0.0,10.8798,1
24471578.1,15,,93,64,0,50.0,1.0,76.6471,0,0.0,10.8735,1
24473578.1,15,,93,64,0,50.0,1.0,76.5471,0,0.0,10.8673,1
24475578.1,15,,93,64,0,50.0,1.0,76.4471,0,0.0,10.861,1
24477578.1,15,,93,64,0,50.0,1.0,76.3471,0,0.0,10.8548,1
24479578.1,15,,93,64,0,50.0,1.0,76.2471,0,0.0,10.8485,1
24481578.1,15,,93,64,0,50.0,1.0,76.1471,0,0.0,10.8423,1
24483578.1,15,,93,64,0,50.0,1.0,76.0471,0,0.0,10.836,1
24485578.1,15,,93,64,0,50.0,1.0,75.9471,0,0.0,10.8298,1
24487578.1,15,,93,64,0,50.0,1.0,75.8471,0,0.0,10.8235,1
24487817.7,15,,93,64,0,50.0,1.0,75.8352,0,0.0,10.8228,1
24489578.1,15,,92,64,0,50.0,1.0,75.7471,0,0.0,10.8173,1
24491578.1,15,,92,64,0,50.0,1.0,75.6471,0,0.0,10.811,1
24493578.1,15,,92,64,0,50.0,1.0,75.5471,0,0.0,10.8048,1
24495578.1,15,,92,64,0,50.0,1.0,75.4471,0,0.0,10.7985,1
24497578.1,15,,92,64,0,50.0,1.0,75.3471,0,0.0,10.7923,1
24499578.1,15,,92,64,0,50.0,1.0,75.2471,0,0.0,10.786,1
24501578.1,15,,92,64,0,50.0,1.0,75.1471,0,0.0,10.7798,1
24503578.1,15,,92,64,0,50.0,1.0,75.0471,0,0.0,10.7735,1
24505578.1,15,,92,64,0,50.0,1.0,74.9471,0,0.0,10.7673,1
24507578.1,15,,92,64,0,50.0,1.0,74.8471,0,0.0,10.761,1
24509578.1,15,,92,64,0,50.0,1.0,74.7471,0,0.0,10.7548,1
24511578.1,15,,92,64,0,50.0,1.0,74.6471,0,0.0,10.7485,1
24513578.1,15,,92,64,0,50.0,1.0,74.5471,0,0.0,10.7423,1
24515578.1,15,,92,64,0,50.0,1.0,74.4471,0,0.0,10.736,1
24517578.1,15,,92,64,0,50.0,1.0,74.3471,0,0.0,10.7298,1
24519578.1,15,,92,64,0,50.0,1.0,74.2471,0,0.0,10.7235,1
24521578.1,15,,92,64,0,50.0,1.0,74.1471,0,0.0,10.7173,1
24523578.1,15,,92,64,0,50.0,1.0,74.0471,0,0.0,10.711,1
24524554.2,15,,92,64,0,50.0,1.0,73.9983,0,0.0,10.708,1
24525578.1,15,,91,64,0,50.0,1.0,73.9471,0,0.0,10.7048,1
24527578.1,15,,91,64,0,50.0,1.0,73.8471,0,0.0,10.6985,1
24529578.1,15,,91,64,0,50.0,1.0,73.7471,0,0.0,10.6923,1
24531578.1,15,,91,64,0,50.0,1.0,73.6471,0,0.0,10.686,1
24532245.6,15,,91,64,0,50.0,1.0,73.6138,0,0.0,10.6839,1
24533578.1,15,,90,64,0,50.0,1.0,73.5471,0,0.0,10.6798,1
24535578.1,15,,90,64,0,50.0,1.0,73.4471,0,0.0,10.6735,1
24537578.1,15,,90,64,0,50.0,1.0,73.3471,0,0.0,10.6673,1
24539578.1,15,,90,64,0,50.0,1.0,73.2471,0,0.0,10.661,1
24541578.1,15,,90,64,0,50.0,1.0,73.1471,0,0.0,10.6548,1
24543578.1,15,,90,64,0,50.0,1.0,73.0471,0,0.0,10.6485,1
24545578.1,15,,90,64,0,50.0,1.0,72.9471,0,0.0,10.6423,1
24547578.1,15,,90,64,0,50.0,1.0,72.8471,0,0.0,10.636,1
24548465.8,15,,90,64,0,50.0,1.0,72.8028,0,0.0,10.6332,1
24549578.1,15,,89,64,0,50.0,1.0,72.7471,0,0.0,10.6298,1
24551578.1,15,,89,64,0,50.0,1.0,72.6471,0,0.0,10.6235,1
24553578.1,15,,89,64,0,50.0,1.0,72.5471,0,0.0,10.6173,1
24555578.1,15,,89,64,0,50.0,1.0,72.4471,0,0.0,10.611,1
24557578.1,15,,89,64,0,50.0,1.0,72.3471,0,0.0,10.6048,1
24559578.1,15,,89,64,0,50.0,1.0,72.2471,0,0.0,10.5985,1
24559934.6,15,,89,64,0,50.0,1.0,72.2293,0,0.0,10.5974,1
24561578.1,15,,88,64,0,50.0,1.0,72.1471,0,0.0,10.5923,1
24561736.8,15,,88,64,0,50.0,1.0,72.1392,0,0.0,10.5918,1
24563184.1,15,,87,64,0,50.0,1.0,72.0668,0,0.0,10.5872,1
24563578.1,15,,86,64,0,50.0,1.0,72.0471,0,0.0,10.586,1
24565578.1,15,,86,64,0,50.0,1.0,71.9471,0,0.0,10.5798,1
24567578.1,15,,86,64,0,50.0,1.0,71.8471,0,0.0,10.5735,1
24569578.1,15,,86,64,0,50.0,1.0,71.7471,0,0.0,10.5673,1
24571578.1,15,,86,64,0,50.0,1.0,71.6471,0,0.0,10.561,1
24573578.1,15,,86,64,0,50.0,1.0,71.5471,0,0.0,10.5548,1
24575578.1,15,,86,64,0,50.0,1.0,71.4471,0,0.0,10.5485,1
24577578.1,15,,86,64,0,50.0,1.0,71.3471,0,0.0,10.5423,1
24579578.1,15,,86,64,0,50.0,1.0,71.2471,0,0.0,10.536,1
24581578.1,15,,86,64,0,50.0,1.0,71.1471,0,0.0,10.5298,1
24583578.1,15,,86,64,0,50.0,1.0,71.0471,0,0.0,10.5235,1
24584028.2,15,,86,64,0,50.0,1.0,71.0246,0,0.0,10.5221,1
24585578.1,15,,85,64,0,50.0,1.0,70.9471,0,0.0,10.5173,1
24587578.1,15,,85,64,0,50.0,1.0,70.8471,0,0.0,10.511,1
24589578.1,15,,85,64,0,50.0,1.0,70.7471,0,0.0,10.5048,1
24591578.1,15,,85,64,0,50.0,1.0,70.6471,0,0.0,10.4985,1
24593578.1,15,,85,64,0,50.0,1.0,70.5471,0,0.0,10.4923,1
24594422.9,15,,85,64,0,50.0,1.0,70.5049,0,0.0,10.4896,1
24595578.1,15,,84,64,0,50.0,1.0,70.4471,0,0.0,10.486,1
24597578.1,15,,84,64,0,50.0,1.0,70.3471,0,0.0,10.4798,1
24599578.1,15,,84,64,0,50.0,1.0,70.2471,0,0.0,10.4735,1
24601031.1,15,,84,64,0,50.0,1.0,70.1745,0,0.0,10.469,1
24601231.4,15,,83,64,0,50.0,1.0,70.1645,0,0.0,10.4684,1
24601578.1,15,,82,64,0,50.0,1.0,70.1471,0,0.0,10.4673,1
24603578.1,15,,82,64,0,50.0,1.0,70.0471,0,0.0,10.461,1
24605578.1,15,,82,64,0,50.0,1.0,69.9471,0,0.0,10.4548,1
24606956.7,15,,82,64,0,50.0,1.0,69.8782,0,0.0,10.4505,1
24607578.1,15,,81,64,0,50.0,1.0,69.8471,0,0.0,10.4485,1
24609578.1,15,,81,64,0,50.0,1.0,69.7471,0,0.0,10.4423,1
24610233.5,15,,81,64,0,50.0,1.0,69.7144,0,0.0,10.4402,1
24611578.1,15,,80,64,0,50.0,1.0,69.6471,0,0.0,10.436,1
24612700.2,15,,80,64,0,50.0,1.0,69.591,0,0.0,10.4325,1
24613578.1,15,,79,64,0,50.0,1.0,69.5471,0,0.0,10.4298,1
24615578.1,15,,79,64,0,50.0,1.0,69.4471,0,0.0,10.4235,1
24617578.1,15,,79,64,0,50.0,1.0,69.3471,0,0.0,10.4173,1
24619578.1,15,,79,64,0,50.0,1.0,69.2471,0,0.0,10.411,1
24621578.1,15,,79,64,0,50.0,1.0,69.1471,0,0.0,10.4048,1
24623578.1,15,,79,64,0,50.0,1.0,69.0471,0,0.0,10.3985,1
24625578.1,15,,79,64,0,50.0,1.0,68.9471,0,0.0,10.3923,1
24626835.9,15,,79,64,0,50.0,1.0,68.8843,0,0.0,10.3883,1
24627578.1,15,,78,64,0,50.0,1.0,68.8471,0,0.0,10.386,1
24628265.0,15,,78,64,0,50.0,1.0,68.8128,0,0.0,10.3839,1
24629578.1,15,,77,64,0,50.0,1.0,68.7471,0,0.0,10.3798,1
24630467.7,15,,77,64,0,50.0,1.0,68.7027,0,0.0,10.377,1
24631578.1,15,,76,64,0,50.0,1.0,68.6471,0,0.0,10.3735,1
24631942.3,15,,76,64,0,50.0,1.0,68.6289,0,0.0,10.3724,1
24632688.6,15,,75,64,0,50.0,1.0,68.5916,0,0.0,10.37,1
24633578.1,15,,74,64,0,50.0,1.0,68.5471,0,0.0,10.3673,1
24635578.1,15,,74,64,0,50.0,1.0,68.4471,0,0.0,10.361,1
24637578.1,15,,74,64,0,50.0,1.0,68.3471,0,0.0,10.3548,1
24638304.7,15,,74,64,0,50.0,1.0,68.3108,0,0.0,10.3525,1
24638659.7,15,,73,64,0,50.0,1.0,68.2931,0,0.0,10.3514,1
24639578.1,15,,72,64,0,50.0,1.0,68.2471,0,0.0,10.3485,1
24641578.1,15,,72,64,0,50.0,1.0,68.1471,0,0.0,10.3423,1
24643329.1,15,,72,64,0,50.0,1.0,68.0596,0,0.0,10.3368,1
24643578.1,15,,71,64,0,50.0,1.0,68.0471,0,0.0,10.336,1
24645578.1,15,,71,64,0,50.0,1.0,67.9471,0,0.0,10.3298,1
24647578.1,15,,71,64,0,50.0,1.0,67.8471,0,0.0,10.3235,1
24649578.1,15,,71,64,0,50.0,1.0,67.7471,0,0.0,10.3173,1
24651578.1,15,,71,64,0,50.0,1.0,67.6471,0,0.0,10.311,1
24653578.1,15,,71,64,0,50.0,1.0,67.5471,0,0.0,10.3048,1
24655578.1,15,,71,64,0,50.0,1.0,67.4471,0,0.0,10.2985,1
24657578.1,15,,71,64,0,50.0,1.0,67.3471,0,0.0,10.2923,1
24659578.1,15,,71,64,0,50.0,1.0,67.2471,0,0.0,10.286,1
24661023.9,15,,71,64,0,50.0,1.0,67.1749,0,0.0,10.2815,1
24661578.1,15,,70,64,0,50.0,1.0,67.1471,0,0.0,10.2798,1
24663578.1,15,,70,64,0,50.0,1.0,67.0471,0,0.0,10.2735,1
24665578.1,15,,70,64,0,50.0,1.0,66.9471,0,0.0,10.2673,1
24667578.1,15,,70,64,0,50.0,1.0,66.8471,0,0.0,10.261,1
24669578.1,15,,70,64,0,50.0,1.0,66.7471,0,0.0,10.2548,1
24671578.1,15,,70,64,0,50.0,1.0,66.6471,0,0.0,10.2485,1
24673578.1,15,,70,64,0,50.0,1.0,66.5471,0,0.0,10.2423,1
24675578.1,15,,70,64,0,50.0,1.0,66.4471,0,0.0,10.236,1
24677216.7,15,,70,64,0,50.0,1.0,66.3652,0,0.0,10.2309,1
24677578.1,15,,69,64,0,50.0,1.0,66.3471,0,0.0,10.2298,1
24679578.1,15,,69,64,0,50.0,1.0,66.2471,0,0.0,10.2235,1
24680165.8,15,,69,64,0,50.0,1.0,66.2178,0,0.0,10.2217,1
24681578.1,15,,68,64,0,50.0,1.0,66.1471,0,0.0,10.2173,1
24683578.1,15,,68,64,0,50.0,1.0,66.0471,0,0.0,10.211,1
24685578.1,15,,68,64,0,50.0,1.0,65.9471,0,0.0,10.2048,1
24687578.1,15,,68,64,0,50.0,1.0,65.8471,0,0.0,10.1985,1
24689578.1,15,,68,64,0,50.0,1.0,65.7471,0,0.0,10.1923,1
24691578.1,15,,68,64,0,50.0,1.0,65.6471,0,0.0,10.186,1
24693578.1,15,,68,64,0,50.0,1.0,65.5471,0,0.0,10.1798,1
24695578.1,15,,68,64,0,50.0,1.0,65.4471,0,0.0,10.1735,1
24697578.1,15,,68,64,0,50.0,1.0,65.3471,0,0.0,10.1673,1
24699578.1,15,,68,64,0,50.0,1.0,65.2471,0,0.0,10.161,1
24701578.1,15,,68,64,0,50.0,1.0,65.1471,0,0.0,10.1548,1
24703578.1,15,,68,64,0,50.0,1.0,65.0471,0,0.0,10.1485,1
24705578.1,15,,68,64,0,50.0,1.0,64.9471,0,0.0,10.1423,1
24707578.1,15,,68,64,0,50.0,1.0,64.8471,0,0.0,10.136,1
24709578.1,15,,68,64,0,50.0,1.0,64.7471,0,0.0,10.1298,1
24711578.1,15,,68,64,0,50.0,1.0,64.6471,0,0.0,10.1235,1
24713578.1,15,,68,64,0,50.0,1.0,64.5471,0,0.0,10.1173,1
24715578.1,15,,68,64,0,50.0,1.0,64.4471,0,0.0,10.111,1
24717578.1,15,,68,64,0,50.0,1.0,64.3471,0,0.0,10.1048,1
24719578.1,15,,68,64,0,50.0,1.0,64.2471,0,0.0,10.0985,1
24721578.1,15,,68,64,0,50.0,1.0,64.1471,0,0.0,10.0923,1
24723578.1,15,,68,64,0,50.0,1.0,64.0471,0,0.0,10.086,1
24725578.1,15,,68,64,0,50.0,1.0,63.9471,0,0.0,10.0798,1
24727578.1,15,,68,64,0,50.0,1.0,63.8471,0,0.0,10.0735,1
24729578.1,15,,68,64,0,50.0,1.0,63.7471,0,0.0,10.0673,1
24731578.1,15,,68,64,0,50.0,1.0,63.6471,0,0.0,10.061,1
24733578.1,15,,68,64,0,50.0,1.0,63.5471,0,0.0,10.0548,1
24735578.1,15,,68,64,0,50.0,1.0,63.4471,0,0.0,10.0485,1
24737578.1,15,,68,64,0,50.0,1.0,63.3471,0,0.0,10.0423,1
24739578.1,15,,68,64,0,50.0,1.0,63.2471,0,0.0,10.036,1
24741578.1,15,,68,64,0,50.0,1.0,63.1471,0,0.0,10.0298,1
24743578.1,15,,68,64,0,50.0,1.0,63.0471,0,0.0,10.0235,1
24745578.1,15,,68,64,0,50.0,1.0,62.9471,0,0.0,10.0173,1
24747578.1,15,,68,64,0,50.0,1.0,62.8471,0,0.0,10.011,1
24749578.1,15,,68,64,0,50.0,1.0,62.7471,0,0.0,10.0048,1
24751578.1,15,,68,64,0,50.0,1.0,62.6471,0,0.0,9.9985,1
24753578.1,15,,68,64,0,50.0,1.0,62.5471,0,0.0,9.9923,1
24755578.1,15,,68,64,0,50.0,1.0,62.4471,0,0.0,9.986,1
24757578.1,15,,68,64,0,50.0,1.0,62.3471,0,0.0,9.9798,1
24759578.1,15,,68,64,0,50.0,1.0,62.2471,0,0.0,9.9735,1
24761578.1,15,,68,64,0,50.0,1.0,62.1471,0,0.0,9.9673,1
24763578.1,15,,68,64,0,50.0,1.0,62.0471,0,0.0,9.961,1
24765578.1,15,,68,64,0,50.0,1.0,61.9471,0,0.0,9.9548,1
24767578.1,15,,68,64,0,50.0,1.0,61.8471,0,0.0,9.9485,1
24769578.1,15,,68,64,0,50.0,1.0,61.7471,0,0.0,9.9423,1
24771578.1,15,,68,64,0,50.0,1.0,61.6471,0,0.0,9.936,1
24773578.1,15,,68,64,0,50.0,1.0,61.5471,0,0.0,9.9298,1
24775578.1,15,,68,64,0,50.0,1.0,61.4471,0,0.0,9.9235,1
24777578.1,15,,68,64,0,50.0,1.0,61.3471,0,0.0,9.9173,1
24779578.1,15,,68,64,0,50.0,1.0,61.2471,0,0.0,9.911,1
24781578.1,15,,68,64,0,50.0,1.0,61.1471,0,0.0,9.9048,1
24783578.1,15,,68,64,0,50.0,1.0,61.0471,0,0.0,9.8985,1
24785578.1,15,,68,64,0,50.0,1.0,60.9471,0,0.0,9.8923,1
24787578.1,15,,68,64,0,50.0,1.0,60.8471,0,0.0,9.886,1
24789578.1,15,,68,64,0,50.0,1.0,60.7471,0,0.0,9.8798,1
24791578.1,15,,68,64,0,50.0,1.0,60.6471,0,0.0,9.8735,1
24793578.1,15,,68,64,0,50.0,1.0,60.5471,0,0.0,9.8673,1
24795578.1,15,,68,64,0,50.0,1.0,60.4471,0,0.0,9.861,1
24797578.1,15,,68,64,0,50.0,1.0,60.3471,0,0.0,9.8548,1
24799578.1,15,,68,64,0,50.0,1.0,60.2471,0,0.0,9.8485,1
24801578.1,15,,68,64,0,50.0,1.0,60.1471,0,0.0,9.8423,1
24803578.1,15,,68,64,0,50.0,1.0,60.0471,0,0.0,9.836,1
24805578.1,15,,68,64,0,50.0,1.0,59.9471,0,0.0,9.8298,1
24807578.1,15,,68,64,0,50.0,1.0,59.8471,0,0.0,9.8235,1
24809578.1,15,,68,64,0,50.0,1.0,59.7471,0,0.0,9.8173,1
24811578.1,15,,68,64,0,50.0,1.0,59.6471,0,0.0,9.811,1
24813578.1,15,,68,64,0,50.0,1.0,59.5471,0,0.0,9.8048,1
24813731.6,15,,68,64,0,50.0,1.0,59.5395,0,0.0,9.8043,1
24815578.1,15,,67,63,0,50.0,1.0,59.4471,0,0.0,9.7984,1
24817578.1,15,,67,63,0,50.0,1.0,59.3471,0,0.0,9.7921,1
24819578.1,15,,67,63,0,50.0,1.0,59.2471,0,0.0,9.7857,1
24821578.1,15,,67,63,0,50.0,1.0,59.1471,0,0.0,9.7794,1
24823578.1,15,,67,63,0,50.0,1.0,59.0471,0,0.0,9.773,1
24825578.1,15,,67,63,0,50.0,1.0,58.9471,0,0.0,9.7667,1
24827578.1,15,,67,63,0,50.0,1.0,58.8471,0,0.0,9.7603,1
24829578.1,15,,67,63,0,50.0,1.0,58.7471,0,0.0,9.7539,1
24831578.1,15,,67,63,0,50.0,1.0,58.6471,0,0.0,9.7476,1
24833578.1,15,,67,63,0,50.0,1.0,58.5471,0,0.0,9.7412,1
24835578.1,15,,67,63,0,50.0,1.0,58.4471,0,0.0,9.7349,1
24837578.1,15,,67,63,0,50.0,1.0,58.3471,0,0.0,9.7285,1
24839578.1,15,,67,63,0,50.0,1.0,58.2471,0,0.0,9.7222,1
24841578.1,15,,67,63,0,50.0,1.0,58.1471,0,0.0,9.7158,1
24843578.1,15,,67,63,0,50.0,1.0,58.0471,0,0.0,9.7095,1
24845578.1,15,,67,63,0,50.0,1.0,57.9471,0,0.0,9.7031,1
24847578.1,15,,67,63,0,50.0,1.0,57.8471,0,0.0,9.6968,1
24849578.1,15,,67,63,0,50.0,1.0,57.7471,0,0.0,9.6904,1
24851564.5,15,,67,63,0,50.0,1.0,57.6478,0,0.0,9.6841,1
24851578.1,15,,66,62,0,50.0,1.0,57.6471,0,0.0,9.6841,1
24853578.1,15,,66,62,0,50.0,1.0,57.5471,0,0.0,9.6776,1
24855578.1,15,,66,62,0,50.0,1.0,57.4471,0,0.0,9.6711,1
24857578.1,15,,66,62,0,50.0,1.0,57.3471,0,0.0,9.6647,1
24859578.1,15,,66,62,0,50.0,1.0,57.2471,0,0.0,9.6582,1
24861578.1,15,,66,62,0,50.0,1.0,57.1471,0,0.0,9.6518,1
24863578.1,15,,66,62,0,50.0,1.0,57.0471,0,0.0,9.6453,1
24865578.1,15,,66,62,0,50.0,1.0,56.9471,0,0.0,9.6388,1
24867578.1,15,,66,62,0,50.0,1.0,56.8471,0,0.0,9.6324,1
24869578.1,15,,66,62,0,50.0,1.0,56.7471,0,0.0,9.6259,1
24871578.1,15,,66,62,0,50.0,1.0,56.6471,0,0.0,9.6195,1
24873578.1,15,,66,62,0,50.0,1.0,56.5471,0,0.0,9.613,1
24875578.1,15,,66,62,0,50.0,1.0,56.4471,0,0.0,9.6066,1
24877578.1,15,,66,62,0,50.0,1.0,56.3471,0,0.0,9.6001,1
24879578.1,15,,66,62,0,50.0,1.0,56.2471,0,0.0,9.5936,1
24881578.1,15,,66,62,0,50.0,1.0,56.1471,0,0.0,9.5872,1
24883578.1,15,,66,62,0,50.0,1.0,56.0471,0,0.0,9.5807,1
24885578.1,15,,66,62,0,50.0,1.0,55.9471,0,0.0,9.5743,1
24887578.1,15,,66,62,0,50.0,1.0,55.8471,0,0.0,9.5678,1
24889578.1,15,,66,62,0,50.0,1.0,55.7471,0,0.0,9.5614,1
24891578.1,15,,66,62,0,50.0,1.0,55.6471,0,0.0,9.5549,1
24893578.1,15,,66,62,0,50.0,1.0,55.5471,0,0.0,9.5484,1
24895578.1,15,,66,62,0,50.0,1.0,55.4471,0,0.0,9.542,1
24897578.1,15,,66,62,0,50.0,1.0,55.3471,0,0.0,9.5355,1
24899578.1,15,,66,62,0,50.0,1.0,55.2471,0,0.0,9.5291,1
24901578.1,15,,66,62,0,50.0,1.0,55.1471,0,0.0,9.5226,1
24903578.1,15,,66,62,0,50.0,1.0,55.0471,0,0.0,9.5161,1
24905578.1,15,,66,62,0,50.0,1.0,54.9471,0,0.0,9.5097,1
24907578.1,15,,66,62,0,50.0,1.0,54.8471,0,0.0,9.5032,1
24909578.1,15,,66,62,0,50.0,1.0,54.7471,0,0.0,9.4968,1
24911578.1,15,,66,62,0,50.0,1.0,54.6471,0,0.0,9.4903,1
24913578.1,15,,66,62,0,50.0,1.0,54.5471,0,0.0,9.4839,1
24915578.1,15,,66,62,0,50.0,1.0,54.4471,0,0.0,9.4774,1
24917578.1,15,,66,62,0,50.0,1.0,54.3471,0,0.0,9.4709,1
24919578.1,15,,66,62,0,50.0,1.0,54.2471,0,0.0,9.4645,1
24921578.1,15,,66,62,0,50.0,1.0,54.1471,0,0.0,9.458,1
24923578.1,15,,66,62,0,50.0,1.0,54.0471,0,0.0,9.4516,1
24925578.1,15,,66,62,0,50.0,1.0,53.9471,0,0.0,9.4451,1
24927578.1,15,,66,62,0,50.0,1.0,53.8471,0,0.0,9.4387,1
24929578.1,15,,66,62,0,50.0,1.0,53.7471,0,0.0,9.4322,1
24931578.1,15,,66,62,0,50.0,1.0,53.6471,0,0.0,9.4257,1
24933578.1,15,,66,62,0,50.0,1.0,53.5471,0,0.0,9.4193,1
24934796.8,15,,66,62,0,50.0,1.0,53.4862,0,0.0,9.4153,1
24935578.1,15,,65,61,0,50.0,1.0,53.4471,0,0.0,9.4128,1
24937578.1,15,,65,61,0,50.0,1.0,53.3471,0,0.0,9.4062,1
24939578.1,15,,65,61,0,50.0,1.0,53.2471,0,0.0,9.3997,1
24941578.1,15,,65,61,0,50.0,1.0,53.1471,0,0.0,9.3931,1
24943578.1,15,,65,61,0,50.0,1.0,53.0471,0,0.0,9.3865,1
24945578.1,15,,65,61,0,50.0,1.0,52.9471,0,0.0,9.38,1
24947578.1,15,,65,61,0,50.0,1.0,52.8471,0,0.0,9.3734,1
24949578.1,15,,65,61,0,50.0,1.0,52.7471,0,0.0,9.3668,1
24951578.1,15,,65,61,0,50.0,1.0,52.6471,0,0.0,9.3603,1
24953578.1,15,,65,61,0,50.0,1.0,52.5471,0,0.0,9.3537,1
24955578.1,15,,65,61,0,50.0,1.0,52.4471,0,0.0,9.3472,1
24957578.1,15,,65,61,0,50.0,1.0,52.3471,0,0.0,9.3406,1
24959578.1,15,,65,61,0,50.0,1.0,52.2471,0,0.0,9.334,1
24961578.1,15,,65,61,0,50.0,1.0,52.1471,0,0.0,9.3275,1
24963578.1,15,,65,61,0,50.0,1.0,52.0471,0,0.0,9.3209,1
24965578.1,15,,65,61,0,50.0,1.0,51.9471,0,0.0,9.3143,1
24967578.1,15,,65,61,0,50.0,1.0,51.8471,0,0.0,9.3078,1
24969578.1,15,,65,61,0,50.0,1.0,51.7471,0,0.0,9.3012,1
24971578.1,15,,65,61,0,50.0,1.0,51.6471,0,0.0,9.2947,1
24973578.1,15,,65,61,0,50.0,1.0,51.5471,0,0.0,9.2881,1
24974157.0,15,,65,61,0,50.0,1.0,51.5182,0,0.0,9.2862,1
24975578.1,15,,64,60,0,50.0,1.0,51.4471,0,0.0,9.2815,1
24977578.1,15,,64,60,0,50.0,1.0,51.3471,0,0.0,9.2748,1
24979578.1,15,,64,60,0,50.0,1.0,51.2471,0,0.0,9.2681,1
24981578.1,15,,64,60,0,50.0,1.0,51.1471,0,0.0,9.2614,1
24983578.1,15,,64,60,0,50.0,1.0,51.0471,0,0.0,9.2547,1
24985578.1,15,,64,60,0,50.0,1.0,50.9471,0,0.0,9.248,1
24987578.1,15,,64,60,0,50.0,1.0,50.8471,0,0.0,9.2414,1
24989578.1,15,,64,60,0,50.0,1.0,50.7471,0,0.0,9.2347,1
24990988.9,15,,64,60,0,50.0,1.0,50.6766,0,0.0,9.23,1
24991578.1,15,,63,59,0,50.0,1.0,50.6471,0,0.0,9.228,1
24993578.1,15,,63,59,0,50.0,1.0,50.5471,0,0.0,9.2212,1
24995578.1,15,,63,59,0,50.0,1.0,50.4471,0,0.0,9.2144,1
24997578.1,15,,63,59,0,50.0,1.0,50.3471,0,0.0,9.2076,1
24999578.1,15,,63,59,0,50.0,1.0,50.2471,0,0.0,9.2008,1
25001578.1,15,,63,59,0,50.0,1.0,50.1471,0,0.0,9.194,1
25003456.3,15,,63,59,0,50.0,1.0,50.0532,0,0.0,9.1876,1
25003578.1,15,,61,57,0,50.0,1.0,50.0471,0,0.0,9.1872,1
25005578.1,15,,61,57,0,50.0,1.0,49.9471,0,0.0,9.1801,1
25007578.1,15,,61,57,0,50.0,1.0,49.8471,0,0.0,9.1731,1
25009016.1,15,,61,57,0,50.0,1.0,49.7752,0,0.0,9.1681,1
25009578.1,15,,60,56,0,50.0,1.0,49.7471,0,0.0,9.1661,1
25011578.1,15,,60,56,0,50.0,1.0,49.6471,0,0.0,9.1589,1
25013578.1,15,,60,56,0,50.0,1.0,49.5471,0,0.0,9.1518,1
25015578.1,15,,60,56,0,50.0,1.0,49.4471,0,0.0,9.1446,1
25017578.1,15,,60,56,0,50.0,1.0,49.3471,0,0.0,9.1375,1
25019578.1,15,,60,56,0,50.0,1.0,49.2471,0,0.0,9.1303,1
25021578.1,15,,60,56,0,50.0,1.0,49.1471,0,0.0,9.1232,1
25023578.1,15,,60,56,0,50.0,1.0,49.0471,0,0.0,9.1161,1
25025578.1,15,,60,56,0,50.0,1.0,48.9471,0,0.0,9.1089,1
25027578.1,15,,60,56,0,50.0,1.0,48.8471,0,0.0,9.1018,1
25029578.1,15,,60,56,0,50.0,1.0,48.7471,0,0.0,9.0946,1
25031578.1,15,,60,56,0,50.0,1.0,48.6471,0,0.0,9.0875,1
25033578.1,15,,60,56,0,50.0,1.0,48.5471,0,0.0,9.0803,1
25035578.1,15,,60,56,0,50.0,1.0,48.4471,0,0.0,9.0732,1
25037578.1,15,,60,56,0,50.0,1.0,48.3471,0,0.0,9.0661,1
25039578.1,15,,60,56,0,50.0,1.0,48.2471,0,0.0,9.0589,1
25041578.1,15,,60,56,0,50.0,1.0,48.1471,0,0.0,9.0518,1
25043578.1,15,,60,56,0,50.0,1.0,48.0471,0,0.0,9.0446,1
25045578.1,15,,60,56,0,50.0,1.0,47.9471,0,0.0,9.0375,1
25047578.1,15,,60,56,0,50.0,1.0,47.8471,0,0.0,9.0303,1
25049578.1,15,,60,56,0,50.0,1.0,47.7471,0,0.0,9.0232,1
25051578.1,15,,60,56,0,50.0,1.0,47.6471,0,0.0,9.0161,1
25053578.1,15,,60,56,0,50.0,1.0,47.5471,0,0.0,9.0089,1
25055166.2,15,,60,56,0,50.0,1.0,47.4677,0,0.0,9.0032,1
25055578.1,15,,59,56,0,50.0,1.0,47.4471,0,0.0,9.0018,1
25057578.1,15,,59,56,0,50.0,1.0,47.3471,0,0.0,8.9946,1
25059578.1,15,,59,56,0,50.0,1.0,47.2471,0,0.0,8.9875,1
25061578.1,15,,59,56,0,50.0,1.0,47.1471,0,0.0,8.9803,1
25063578.1,15,,59,56,0,50.0,1.0,47.0471,0,0.0,8.9732,1
25065578.1,15,,59,56,0,50.0,1.0,46.9471,0,0.0,8.9661,1
25067578.1,15,,59,56,0,50.0,1.0,46.8471,0,0.0,8.9589,1
25069578.1,15,,59,56,0,50.0,1.0,46.7471,0,0.0,8.9518,1
25071578.1,15,,59,56,0,50.0,1.0,46.6471,0,0.0,8.9446,1
25073578.1,15,,59,56,0,50.0,1.0,46.5471,0,0.0,8.9375,1
25075578.1,15,,59,56,0,50.0,1.0,46.4471,0,0.0,8.9303,1
25077578.1,15,,59,56,0,50.0,1.0,46.3471,0,0.0,8.9232,1
25079578.1,15,,59,56,0,50.0,1.0,46.2471,0,0.0,8.9161,1
25081578.1,15,,59,56,0,50.0,1.0,46.1471,0,0.0,8.9089,1
25083578.1,15,,59,56,0,50.0,1.0,46.0471,0,0.0,8.9018,1
25085578.1,15,,59,56,0,50.0,1.0,45.9471,0,0.0,8.8946,1
25087578.1,15,,59,56,0,50.0,1.0,45.8471,0,0.0,8.8875,1
25089578.1,15,,59,56,0,50.0,1.0,45.7471,0,0.0,8.8803,1
25091578.1,15,,59,56,0,50.0,1.0,45.6471,0,0.0,8.8732,1
25093578.1,15,,59,56,0,50.0,1.0,45.5471,0,0.0,8.8661,1
25095578.1,15,,59,56,0,50.0,1.0,45.4471,0,0.0,8.8589,1
25097578.1,15,,59,56,0,50.0,1.0,45.3471,0,0.0,8.8518,1
25098359.5,15,,59,56,0,50.0,1.0,45.3081,0,0.0,8.849,1
25099578.1,15,,58,56,0,50.0,1.0,45.2471,0,0.0,8.8446,1
25101578.1,15,,58,56,0,50.0,1.0,45.1471,0,0.0,8.8375,1
25103578.1,15,,58,56,0,50.0,1.0,45.0471,0,0.0,8.8303,1
25105578.1,15,,58,56,0,50.0,1.0,44.9471,0,0.0,8.8232,1
25107578.1,15,,58,56,0,50.0,1.0,44.8471,0,0.0,8.8161,1
25109578.1,15,,58,56,0,50.0,1.0,44.7471,0,0.0,8.8089,1
25111578.1,15,,58,56,0,50.0,1.0,44.6471,0,0.0,8.8018,1
25113578.1,15,,58,56,0,50.0,1.0,44.5471,0,0.0,8.7946,1
25115578.1,15,,58,56,0,50.0,1.0,44.4471,0,0.0,8.7875,1
25117578.1,15,,58,56,0,50.0,1.0,44.3471,0,0.0,8.7803,1
25119578.1,15,,58,56,0,50.0,1.0,44.2471,0,0.0,8.7732,1
25121578.1,15,,58,56,0,50.0,1.0,44.1471,0,0.0,8.7661,1
25123578.1,15,,58,56,0,50.0,1.0,44.0471,0,0.0,8.7589,1
25125578.1,15,,58,56,0,50.0,1.0,43.9471,0,0.0,8.7518,1
25127578.1,15,,58,56,0,50.0,1.0,43.8471,0,0.0,8.7446,1
25129578.1,15,,58,56,0,50.0,1.0,43.7471,0,0.0,8.7375,1
25131578.1,15,,58,56,0,50.0,1.0,43.6471,0,0.0,8.7303,1
25132832.0,15,,58,56,0,50.0,1.0,43.5844,0,0.0,8.7259,1
25133578.1,15,,57,56,0,50.0,1.0,43.5471,0,0.0,8.7232,1
25135578.1,15,,57,56,0,50.0,1.0,43.4471,0,0.0,8.7161,1
25137578.1,15,,57,56,0,50.0,1.0,43.3471,0,0.0,8.7089,1
25139578.1,15,,57,56,0,50.0,1.0,43.2471,0,0.0,8.7018,1
25141230.6,15,,57,56,0,50.0,1.0,43.1645,0,0.0,8.6959,1
25141578.1,15,,56,55,0,50.0,1.0,43.1471,0,0.0,8.6946,1
25143578.1,15,,56,55,0,50.0,1.0,43.0471,0,0.0,8.6873,1
25145578.1,15,,56,55,0,50.0,1.0,42.9471,0,0.0,8.68,1
25147578.1,15,,56,55,0,50.0,1.0,42.8471,0,0.0,8.6728,1
25149578.1,15,,56,55,0,50.0,1.0,42.7471,0,0.0,8.6655,1
25151050.8,15,,56,55,0,50.0,1.0,42.6735,0,0.0,8.6601,1
25151578.1,15,,55,55,0,50.0,1.0,42.6471,0,0.0,8.6582,1
25153578.1,15,,55,55,0,50.0,1.0,42.5471,0,0.0,8.6509,1
25155578.1,15,,55,55,0,50.0,1.0,42.4471,0,0.0,8.6436,1
25157578.1,15,,55,55,0,50.0,1.0,42.3471,0,0.0,8.6364,1
25159578.1,15,,55,55,0,50.0,1.0,42.2471,0,0.0,8.6291,1
25161578.1,15,,55,55,0,50.0,1.0,42.1471,0,0.0,8.6218,1
25163578.1,15,,55,55,0,50.0,1.0,42.0471,0,0.0,8.6145,1
25165578.1,15,,55,55,0,50.0,1.0,41.9471,0,0.0,8.6072,1
25167578.1,15,,55,55,0,50.0,1.0,41.8471,0,0.0,8.6,1
25169578.1,15,,55,55,0,50.0,1.0,41.7471,0,0.0,8.5927,1
25171578.1,15,,55,55,0,50.0,1.0,41.6471,0,0.0,8.5854,1
25173578.1,15,,55,55,0,50.0,1.0,41.5471,0,0.0,8.5781,1
25175578.1,15,,55,55,0,50.0,1.0,41.4471,0,0.0,8.5708,1
25177578.1,15,,55,55,0,50.0,1.0,41.3471,0,0.0,8.5635,1
25179578.1,15,,55,55,0,50.0,1.0,41.2471,0,0.0,8.5563,1
25181578.1,15,,55,55,0,50.0,1.0,41.1471,0,0.0,8.549,1
25183578.1,15,,55,55,0,50.0,1.0,41.0471,0,0.0,8.5417,1
25185578.1,15,,55,55,0,50.0,1.0,40.9471,0,0.0,8.5344,1
25187578.1,15,,55,55,0,50.0,1.0,40.8471,0,0.0,8.5271,1
25189578.1,15,,55,55,0,50.0,1.0,40.7471,0,0.0,8.5199,1
25191578.1,15,,55,55,0,50.0,1.0,40.6471,0,0.0,8.5126,1
25193578.1,15,,55,55,0,50.0,1.0,40.5471,0,0.0,8.5053,1
25195578.1,15,,55,55,0,50.0,1.0,40.4471,0,0.0,8.498,1
25197578.1,15,,55,55,0,50.0,1.0,40.3471,0,0.0,8.4907,1
25199578.1,15,,55,55,0,50.0,1.0,40.2471,0,0.0,8.4835,1
25201578.1,15,,55,55,0,50.0,1.0,40.1471,0,0.0,8.4762,1
25203578.1,15,,55,55,0,50.0,1.0,40.0471,0,0.0,8.4689,1
25205578.1,15,,55,55,0,50.0,1.0,39.9471,0,0.0,8.4616,1
25207578.1,15,,55,55,0,50.0,1.0,39.8471,0,0.0,8.4543,1
25209578.1,15,,55,55,0,50.0,1.0,39.7471,0,0.0,8.4471,1
25211578.1,15,,55,55,0,50.0,1.0,39.6471,0,0.0,8.4398,1
25213578.1,15,,55,55,0,50.0,1.0,39.5471,0,0.0,8.4325,1
25215578.1,15,,55,55,0,50.0,1.0,39.4471,0,0.0,8.4252,1
25217361.3,15,,55,55,0,50.0,1.0,39.358,0,0.0,8.4187,1
25217578.1,15,,54,54,0,50.0,1.0,39.3471,0,0.0,8.4179,1
25219578.1,15,,54,54,0,50.0,1.0,39.2471,0,0.0,8.4105,1
25221578.1,15,,54,54,0,50.0,1.0,39.1471,0,0.0,8.4031,1
25223578.1,15,,54,54,0,50.0,1.0,39.0471,0,0.0,8.3957,1
25225578.1,15,,54,54,0,50.0,1.0,38.9471,0,0.0,8.3883,1
25227578.1,15,,54,54,0,50.0,1.0,38.8471,0,0.0,8.3808,1
25229578.1,15,,54,54,0,50.0,1.0,38.7471,0,0.0,8.3734,1
25230140.8,15,,54,54,0,50.0,1.0,38.719,0,0.0,8.3713,1
25231578.1,15,,53,53,0,50.0,1.0,38.6471,0,0.0,8.3659,1
25233578.1,15,,53,53,0,50.0,1.0,38.5471,0,0.0,8.3583,1
25235578.1,15,,53,53,0,50.0,1.0,38.4471,0,0.0,8.3507,1
25237578.1,15,,53,53,0,50.0,1.0,38.3471,0,0.0,8.3432,1
25239578.1,15,,53,53,0,50.0,1.0,38.2471,0,0.0,8.3356,1
25241578.1,15,,53,53,0,50.0,1.0,38.1471,0,0.0,8.328,1
25243578.1,15,,53,53,0,50.0,1.0,38.0471,0,0.0,8.3204,1
25245578.1,15,,53,53,0,50.0,1.0,37.9471,0,0.0,8.3128,1
25246827.4,15,,53,53,0,50.0,1.0,37.8847,0,0.0,8.3081,1
25247578.1,15,,52,52,0,50.0,1.0,37.8471,0,0.0,8.3052,1
25249578.1,15,,52,52,0,50.0,1.0,37.7471,0,0.0,8.2975,1
25251578.1,15,,52,52,0,50.0,1.0,37.6471,0,0.0,8.2898,1
25253578.1,15,,52,52,0,50.0,1.0,37.5471,0,0.0,8.2821,1
25255578.1,15,,52,52,0,50.0,1.0,37.4471,0,0.0,8.2744,1
25257578.1,15,,52,52,0,50.0,1.0,37.3471,0,0.0,8.2666,1
25259578.1,15,,52,52,0,50.0,1.0,37.2471,0,0.0,8.2589,1
25261578.1,15,,52,52,0,50.0,1.0,37.1471,0,0.0,8.2512,1
25263578.1,15,,52,52,0,50.0,1.0,37.0471,0,0.0,8.2435,1
25265578.1,15,,52,52,0,50.0,1.0,36.9471,0,0.0,8.2358,1
25267578.1,15,,52,52,0,50.0,1.0,36.8471,0,0.0,8.2281,1
25269578.1,15,,52,52,0,50.0,1.0,36.7471,0,0.0,8.2204,1
25271578.1,15,,52,52,0,50.0,1.0,36.6471,0,0.0,8.2126,1
25273578.1,15,,52,52,0,50.0,1.0,36.5471,0,0.0,8.2049,1
25275578.1,15,,52,52,0,50.0,1.0,36.4471,0,0.0,8.1972,1
25277578.1,15,,52,52,0,50.0,1.0,36.3471,0,0.0,8.1895,1
25279578.1,15,,52,52,0,50.0,1.0,36.2471,0,0.0,8.1818,1
25281578.1,15,,52,52,0,50.0,1.0,36.1471,0,0.0,8.1741,1
25283578.1,15,,52,52,0,50.0,1.0,36.0471,0,0.0,8.1663,1
25285578.1,15,,52,52,0,50.0,1.0,35.9471,0,0.0,8.1586,1
25287578.1,15,,52,52,0,50.0,1.0,35.8471,0,0.0,8.1509,1
25289578.1,15,,52,52,0,50.0,1.0,35.7471,0,0.0,8.1432,1
25291578.1,15,,52,52,0,50.0,1.0,35.6471,0,0.0,8.1355,1
25293578.1,15,,52,52,0,50.0,1.0,35.5471,0,0.0,8.1278,1
25295578.1,15,,52,52,0,50.0,1.0,35.4471,0,0.0,8.1201,1
25297578.1,15,,52,52,0,50.0,1.0,35.3471,0,0.0,8.1123,1
25299578.1,15,,52,52,0,50.0,1.0,35.2471,0,0.0,8.1046,1
25301578.1,15,,52,52,0,50.0,1.0,35.1471,0,0.0,8.0969,1
25303578.1,15,,52,52,0,50.0,1.0,35.0471,0,0.0,8.0892,1
25305578.1,15,,52,52,0,50.0,1.0,34.9471,0,0.0,8.0815,1
25307578.1,15,,52,52,0,50.0,1.0,34.8471,0,0.0,8.0738,1
25309578.1,15,,52,52,0,50.0,1.0,34.7471,0,0.0,8.066,1
25311578.1,15,,52,52,0,50.0,1.0,34.6471,0,0.0,8.0583,1
25313578.1,15,,52,52,0,50.0,1.0,34.5471,0,0.0,8.0506,1
25315578.1,15,,52,52,0,50.0,1.0,34.4471,0,0.0,8.0429,1
25317578.1,15,,52,52,0,50.0,1.0,34.3471,0,0.0,8.0352,1
25319578.1,15,,52,52,0,50.0,1.0,34.2471,0,0.0,8.0275,1
25321578.1,15,,52,52,0,50.0,1.0,34.1471,0,0.0,8.0198,1
25322153.2,15,,52,52,0,50.0,1.0,34.1184,0,0.0,8.0175,1
25323578.1,15,,51,51,0,50.0,1.0,34.0471,0,0.0,8.0119,1
25325578.1,15,,51,51,0,50.0,1.0,33.9471,0,0.0,8.0041,1
25327578.1,15,,51,51,0,50.0,1.0,33.8471,0,0.0,7.9962,1
25328497.2,15,,51,51,0,50.0,1.0,33.8012,0,0.0,7.9926,1
25329578.1,15,,50,50,0,50.0,1.0,33.7471,0,0.0,7.9883,1
25330672.9,15,,50,50,0,50.0,1.0,33.6924,0,0.0,7.9839,1
25331578.1,15,,49,49,0,50.0,1.0,33.6471,0,0.0,7.9802,1
25333578.1,15,,49,49,0,50.0,1.0,33.5471,0,0.0,7.972,1
25335578.1,15,,49,49,0,50.0,1.0,33.4471,0,0.0,7.9639,1
25337578.1,15,,49,49,0,50.0,1.0,33.3471,0,0.0,7.9557,1
25339578.1,15,,49,49,0,50.0,1.0,33.2471,0,0.0,7.9475,1
25341578.1,15,,49,49,0,50.0,1.0,33.1471,0,0.0,7.9393,1
25343578.1,15,,49,49,0,50.0,1.0,33.0471,0,0.0,7.9312,1
25344225.8,15,,49,49,0,50.0,1.0,33.0148,0,0.0,7.9285,1
25345578.1,15,,48,48,0,50.0,1.0,32.9471,0,0.0,7.9229,1
25347578.1,15,,48,48,0,50.0,1.0,32.8471,0,0.0,7.9145,1
25349578.1,15,,48,48,0,50.0,1.0,32.7471,0,0.0,7.9061,1
25351578.1,15,,48,48,0,50.0,1.0,32.6471,0,0.0,7.8978,1
25353578.1,15,,48,48,0,50.0,1.0,32.5471,0,0.0,7.8894,1
25355578.1,15,,48,48,0,50.0,1.0,32.4471,0,0.0,7.8811,1
25357578.1,15,,48,48,0,50.0,1.0,32.3471,0,0.0,7.8727,1
25359578.1,15,,48,48,0,50.0,1.0,32.2471,0,0.0,7.8643,1
25361578.1,15,,48,48,0,50.0,1.0,32.1471,0,0.0,7.856,1
25363578.1,15,,48,48,0,50.0,1.0,32.0471,0,0.0,7.8476,1
25365578.1,15,,48,48,0,50.0,1.0,31.9471,0,0.0,7.8392,1
25367578.1,15,,48,48,0,50.0,1.0,31.8471,0,0.0,7.8309,1
25369578.1,15,,48,48,0,50.0,1.0,31.7471,0,0.0,7.8225,1
25371578.1,15,,48,48,0,50.0,1.0,31.6471,0,0.0,7.8142,1
25373578.1,15,,48,48,0,50.0,1.0,31.5471,0,0.0,7.8058,1
25375578.1,15,,48,48,0,50.0,1.0,31.4471,0,0.0,7.7974,1
25376666.1,15,,48,48,0,50.0,1.0,31.3927,0,0.0,7.7929,1
25377578.1,15,,47,47,0,50.0,1.0,31.3471,0,0.0,7.789,1
25379578.1,15,,47,47,0,50.0,1.0,31.2471,0,0.0,7.7804,1
25381578.1,15,,47,47,0,50.0,1.0,31.1471,0,0.0,7.7718,1
25381791.0,15,,47,47,0,50.0,1.0,31.1365,0,0.0,7.7709,1
25383578.1,15,,46,46,0,50.0,1.0,31.0471,0,0.0,7.763,1
25385578.1,15,,46,46,0,50.0,1.0,30.9471,0,0.0,7.7543,1
25387578.1,15,,46,46,0,50.0,1.0,30.8471,0,0.0,7.7455,1
25389578.1,15,,46,46,0,50.0,1.0,30.7471,0,0.0,7.7367,1
25391578.1,15,,46,46,0,50.0,1.0,30.6471,0,0.0,7.7279,1
25393578.1,15,,46,46,0,50.0,1.0,30.5471,0,0.0,7.7191,1
25395291.5,15,,46,46,0,50.0,1.0,30.4615,0,0.0,7.7116,1
25395578.1,15,,45,45,0,50.0,1.0,30.4471,0,0.0,7.7103,1
25395921.8,15,,45,45,0,50.0,1.0,30.43,0,0.0,7.7088,1
25397578.1,15,,43,43,0,50.0,1.0,30.3471,0,0.0,7.7011,1
25399578.1,15,,43,43,0,50.0,1.0,30.2471,0,0.0,7.6918,1
25401578.1,15,,43,43,0,50.0,1.0,30.1471,0,0.0,7.6824,1
25403578.1,15,,43,43,0,50.0,1.0,30.0471,0,0.0,7.6731,1
25405578.1,15,,43,43,0,50.0,1.0,29.9471,0,0.0,7.6638,1
25407578.1,15,,43,43,0,50.0,1.0,29.8471,0,0.0,7.6545,1
25409578.1,15,,43,43,0,50.0,1.0,29.7471,0,0.0,7.6452,1
25409709.4,15,,43,43,0,50.0,1.0,29.7406,0,0.0,7.6446,1
25411578.1,15,,42,42,0,50.0,1.0,29.6471,0,0.0,7.6356,1
25413578.1,15,,42,42,0,50.0,1.0,29.5471,0,0.0,7.6261,1
25415578.1,15,,42,42,0,50.0,1.0,29.4471,0,0.0,7.6165,1
25417578.1,15,,42,42,0,50.0,1.0,29.3471,0,0.0,7.607,1
25419578.1,15,,42,42,0,50.0,1.0,29.2471,0,0.0,7.5975,1
25421578.1,15,,42,42,0,50.0,1.0,29.1471,0,0.0,7.5879,1
25423578.1,15,,42,42,0,50.0,1.0,29.0471,0,0.0,7.5784,1
25425578.1,15,,42,42,0,50.0,1.0,28.9471,0,0.0,7.5688,1
25427578.1,15,,42,42,0,50.0,1.0,28.8471,0,0.0,7.5593,1
25429578.1,15,,42,42,0,50.0,1.0,28.7471,0,0.0,7.5497,1
25431578.1,15,,42,42,0,50.0,1.0,28.6471,0,0.0,7.5402,1
25433578.1,15,,42,42,0,50.0,1.0,28.5471,0,0.0,7.5306,1
25435578.1,15,,42,42,0,50.0,1.0,28.4471,0,0.0,7.5211,1
25435858.2,15,,42,42,0,50.0,1.0,28.4331,0,0.0,7.5197,1
25437578.1,15,,41,41,0,50.0,1.0,28.3471,0,0.0,7.5113,1
25439578.1,15,,41,41,0,50.0,1.0,28.2471,0,0.0,7.5016,1
25441578.1,15,,41,41,0,50.0,1.0,28.1471,0,0.0,7.4918,1
25443578.1,15,,41,41,0,50.0,1.0,28.0471,0,0.0,7.482,1
25445578.1,15,,41,41,0,50.0,1.0,27.9471,0,0.0,7.4723,1
25447578.1,15,,41,41,0,50.0,1.0,27.8471,0,0.0,7.4625,1
25449578.1,15,,41,41,0,50.0,1.0,27.7471,0,0.0,7.4527,1
25451578.1,15,,41,41,0,50.0,1.0,27.6471,0,0.0,7.4429,1
25453578.1,15,,41,41,0,50.0,1.0,27.5471,0,0.0,7.4332,1
25455578.1,15,,41,41,0,50.0,1.0,27.4471,0,0.0,7.4234,1
25457578.1,15,,41,41,0,50.0,1.0,27.3471,0,0.0,7.4136,1
25459578.1,15,,41,41,0,50.0,1.0,27.2471,0,0.0,7.4038,1
25461578.1,15,,41,41,0,50.0,1.0,27.1471,0,0.0,7.3941,1
25463578.1,15,,41,41,0,50.0,1.0,27.0471,0,0.0,7.3843,1
25465578.1,15,,41,41,0,50.0,1.0,26.9471,0,0.0,7.3745,1
25467578.1,15,,41,41,0,50.0,1.0,26.8471,0,0.0,7.3648,1
25469578.1,15,,41,41,0,50.0,1.0,26.7471,0,0.0,7.355,1
25471578.1,15,,41,41,0,50.0,1.0,26.6471,0,0.0,7.3452,1
25473578.1,15,,41,41,0,50.0,1.0,26.5471,0,0.0,7.3354,1
25475578.1,15,,41,41,0,50.0,1.0,26.4471,0,0.0,7.3257,1
25477578.1,15,,41,41,0,50.0,1.0,26.3471,0,0.0,7.3159,1
25479578.1,15,,41,41,0,50.0,1.0,26.2471,0,0.0,7.3061,1
25481578.1,15,,41,41,0,50.0,1.0,26.1471,0,0.0,7.2963,1
25483578.1,15,,41,41,0,50.0,1.0,26.0471,0,0.0,7.2866,1
25485578.1,15,,41,41,0,50.0,1.0,25.9471,0,0.0,7.2768,1
25487578.1,15,,41,41,0,50.0,1.0,25.8471,0,0.0,7.267,1
25489578.1,15,,41,41,0,50.0,1.0,25.7471,0,0.0,7.2573,1
25491563.8,15,,41,41,0,50.0,1.0,25.6479,0,0.0,7.2476,1
25491578.1,15,,40,40,0,50.0,1.0,25.6471,0,0.0,7.2475,1
25493242.7,15,,40,40,0,50.0,1.0,25.5639,0,0.0,7.2391,1
25493578.1,15,,39,39,0,50.0,1.0,25.5471,0,0.0,7.2374,1
25495578.1,15,,39,39,0,50.0,1.0,25.4471,0,0.0,7.2271,1
25497462.0,15,,39,39,0,50.0,1.0,25.3529,0,0.0,7.2174,1
25497578.1,15,,38,38,0,50.0,1.0,25.3471,0,0.0,7.2168,1
25499578.1,15,,38,38,0,50.0,1.0,25.2471,0,0.0,7.2062,1
25501578.1,15,,38,38,0,50.0,1.0,25.1471,0,0.0,7.1956,1
25503578.1,15,,38,38,0,50.0,1.0,25.0471,0,0.0,7.1849,1
25505326.4,15,,38,38,0,50.0,1.0,24.9597,0,0.0,7.1757,1
25505578.1,15,,37,37,0,50.0,1.0,24.9471,0,0.0,7.1743,1
25507578.1,15,,37,37,0,50.0,1.0,24.8471,0,0.0,7.1632,1
25509578.1,15,,37,37,0,50.0,1.0,24.7471,0,0.0,7.1521,1
25511578.1,15,,37,37,0,50.0,1.0,24.6471,0,0.0,7.141,1
25513578.1,15,,37,37,0,50.0,1.0,24.5471,0,0.0,7.13,1
25515578.1,15,,37,37,0,50.0,1.0,24.4471,0,0.0,7.1189,1
25517578.1,15,,37,37,0,50.0,1.0,24.3471,0,0.0,7.1078,1
25519578.1,15,,37,37,0,50.0,1.0,24.2471,0,0.0,7.0968,1
25521578.1,15,,37,37,0,50.0,1.0,24.1471,0,0.0,7.0857,1
25523578.1,15,,37,37,0,50.0,1.0,24.0471,0,0.0,7.0746,1
25524122.1,15,,37,37,0,50.0,1.0,24.0199,0,0.0,7.0716,1
25525578.1,15,,36,36,0,50.0,1.0,23.9471,0,0.0,7.0633,1
25527578.1,15,,36,36,0,50.0,1.0,23.8471,0,0.0,7.052,1
25527674.2,15,,36,36,0,50.0,1.0,23.8423,0,0.0,7.0514,1
25529578.1,15,,35,35,0,50.0,1.0,23.7471,0,0.0,7.0404,1
25530020.4,15,,35,35,0,50.0,1.0,23.725,0,0.0,7.0378,1
25530623.3,15,,34,34,0,50.0,1.0,23.6949,0,0.0,7.0342,1
25531578.1,15,,33,33,0,50.0,1.0,23.6471,0,0.0,7.0283,1
25533578.1,15,,33,33,0,50.0,1.0,23.5471,0,0.0,7.016,1
25535263.2,15,,33,33,0,50.0,1.0,23.4629,0,0.0,7.0056,1
25535578.1,15,,32,32,0,50.0,1.0,23.4471,0,0.0,7.0036,1
25537578.1,15,,32,32,0,50.0,1.0,23.3471,0,0.0,6.9908,1
25539578.1,15,,32,32,0,50.0,1.0,23.2471,0,0.0,6.9781,1
25541578.1,15,,32,32,0,50.0,1.0,23.1471,0,0.0,6.9653,1
25543578.1,15,,32,32,0,50.0,1.0,23.0471,0,0.0,6.9525,1
25545578.1,15,,32,32,0,50.0,1.0,22.9471,0,0.0,6.9398,1
25546614.0,15,,32,32,0,50.0,1.0,22.8953,0,0.0,6.9332,1
25547578.1,15,,31,31,0,50.0,1.0,22.8471,0,0.0,6.9267,1
25548948.3,15,,31,31,0,50.0,1.0,22.7786,0,0.0,6.9176,1
25549578.1,15,,30,30,0,50.0,1.0,22.7471,0,0.0,6.9133,1
25551578.1,15,,30,30,0,50.0,1.0,22.6471,0,0.0,6.8996,1
25551594.9,15,,30,30,0,50.0,1.0,22.6463,0,0.0,6.8995,1
25553578.1,15,,29,29,0,50.0,1.0,22.5471,0,0.0,6.8855,1
25555578.1,15,,29,29,0,50.0,1.0,22.4471,0,0.0,6.8714,1
25557578.1,15,,29,29,0,50.0,1.0,22.3471,0,0.0,6.8574,1
25559578.1,15,,29,29,0,50.0,1.0,22.2471,0,0.0,6.8433,1
25561578.1,15,,29,29,0,50.0,1.0,22.1471,0,0.0,6.8292,1
25562788.4,15,,29,29,0,50.0,1.0,22.0866,0,0.0,6.8207,1
25563578.1,15,,28,28,0,50.0,1.0,22.0471,0,0.0,6.8149,1
25565357.4,15,,28,28,0,50.0,1.0,21.9582,0,0.0,6.8018,1
25565578.1,15,,27,27,0,50.0,1.0,21.9471,0,0.0,6.8001,1
25567578.1,15,,27,27,0,50.0,1.0,21.8471,0,0.0,6.7848,1
25569578.1,15,,27,27,0,50.0,1.0,21.7471,0,0.0,6.7696,1
25571578.1,15,,27,27,0,50.0,1.0,21.6471,0,0.0,6.7543,1
25573221.7,15,,27,27,0,50.0,1.0,21.565,0,0.0,6.7417,1
25573578.1,15,,26,26,0,50.0,1.0,21.5471,0,0.0,6.7389,1
25574139.2,15,,26,26,0,50.0,1.0,21.5191,0,0.0,6.7343,1
25575578.1,15,,25,25,0,50.0,1.0,21.4471,0,0.0,6.7221,1
25577578.1,15,,25,25,0,50.0,1.0,21.3471,0,0.0,6.7052,1
25579578.1,15,,25,25,0,50.0,1.0,21.2471,0,0.0,6.6883,1
25581578.1,15,,25,25,0,50.0,1.0,21.1471,0,0.0,6.6713,1
25583578.1,15,,25,25,0,50.0,1.0,21.0471,0,0.0,6.6544,1
25585578.1,15,,25,25,0,50.0,1.0,20.9471,0,0.0,6.6374,1
25587578.1,15,,25,25,0,50.0,1.0,20.8471,0,0.0,6.6205,1
25589578.1,15,,25,25,0,50.0,1.0,20.7471,0,0.0,6.6035,1
25591578.1,15,,25,25,0,50.0,1.0,20.6471,0,0.0,6.5866,1
25593578.1,15,,25,25,0,50.0,1.0,20.5471,0,0.0,6.5696,1
25595578.1,15,,25,25,0,50.0,1.0,20.4471,0,0.0,6.5527,1
25597578.1,15,,25,25,0,50.0,1.0,20.3471,0,0.0,6.5358,1
25599578.1,15,,25,25,0,50.0,1.0,20.2471,0,0.0,6.5188,1
25601578.1,15,,25,25,0,50.0,1.0,20.1471,0,0.0,6.5019,1
25602032.5,15,,25,25,0,50.0,1.0,20.1244,0,0.0,6.498,1
25602110.0,15,,23,23,0,50.0,1.0,20.1205,0,0.0,6.4973,1
25603578.1,15,,22,22,0,50.0,1.0,20.0471,0,0.0,6.4837,1
25605578.1,15,,22,22,0,50.0,1.0,19.9471,0,0.0,6.4651,1
25607578.1,15,,22,22,0,50.0,1.0,19.8471,0,0.0,6.4466,1
25609578.1,15,,22,22,0,50.0,1.0,19.7471,0,0.0,6.428,1
25611578.1,15,,22,22,0,50.0,1.0,19.6471,0,0.0,6.4094,1
25613578.1,15,,22,22,0,50.0,1.0,19.5471,0,0.0,6.3908,1
25615578.1,15,,22,22,0,50.0,1.0,19.4471,0,0.0,6.3723,1
25617578.1,15,,22,22,0,50.0,1.0,19.3471,0,0.0,6.3537,1
25619578.1,15,,22,22,0,50.0,1.0,19.2471,0,0.0,6.3351,1
25621578.1,15,,22,22,0,50.0,1.0,19.1471,0,0.0,6.3166,1
25623578.1,15,,22,22,0,50.0,1.0,19.0471,0,0.0,6.298,1
25625578.1,15,,22,22,0,50.0,1.0,18.9471,0,0.0,6.2794,1
25627578.1,15,,22,22,0,50.0,1.0,18.8471,0,0.0,6.2608,1
25629578.1,15,,22,22,0,50.0,1.0,18.7471,0,0.0,6.2423,1
25631578.1,15,,22,22,0,50.0,1.0,18.6471,0,0.0,6.2237,1
25633578.1,15,,22,22,0,50.0,1.0,18.5471,0,0.0,6.2051,1
25635578.1,15,,22,22,0,50.0,1.0,18.4471,0,0.0,6.1866,1
25636438.9,15,,22,22,0,50.0,1.0,18.4041,0,0.0,6.1786,1
25637578.1,15,,21,21,0,50.0,1.0,18.3471,0,0.0,6.1676,1
25639578.1,15,,21,21,0,50.0,1.0,18.2471,0,0.0,6.1485,1
25641578.1,15,,21,21,0,50.0,1.0,18.1471,0,0.0,6.1293,1
25643578.1,15,,21,21,0,50.0,1.0,18.0471,0,0.0,6.1101,1
25645578.1,15,,21,21,0,50.0,1.0,17.9471,0,0.0,6.091,1
25647578.1,15,,21,21,0,50.0,1.0,17.8471,0,0.0,6.0718,1
25649578.1,15,,21,21,0,50.0,1.0,17.7471,0,0.0,6.0526,1
25651578.1,15,,21,21,0,50.0,1.0,17.6471,0,0.0,6.0335,1
25653578.1,15,,21,21,0,50.0,1.0,17.5471,0,0.0,6.0143,1
25655578.1,15,,21,21,0,50.0,1.0,17.4471,0,0.0,5.9951,1
25657578.1,15,,21,21,0,50.0,1.0,17.3471,0,0.0,5.976,1
25659578.1,15,,21,21,0,50.0,1.0,17.2471,0,0.0,5.9568,1
25661578.1,15,,21,21,0,50.0,1.0,17.1471,0,0.0,5.9376,1
25663578.1,15,,21,21,0,50.0,1.0,17.0471,0,0.0,5.9185,1
25663964.0,15,,21,21,0,50.0,1.0,17.0278,0,0.0,5.9148,1
25665578.1,15,,20,20,0,50.0,1.0,16.9471,0,0.0,5.8986,1
25667578.1,15,,20,20,0,50.0,1.0,16.8471,0,0.0,5.8786,1
25669578.1,15,,20,20,0,50.0,1.0,16.7471,0,0.0,5.8586,1
25671578.1,15,,20,20,0,50.0,1.0,16.6471,0,0.0,5.8386,1
25673578.1,15,,20,20,0,50.0,1.0,16.5471,0,0.0,5.8186,1
25675578.1,15,,20,20,0,50.0,1.0,16.4471,0,0.0,5.7986,1
25677578.1,15,,20,20,0,50.0,1.0,16.3471,0,0.0,5.7786,1
25679578.1,15,,20,20,0,50.0,1.0,16.2471,0,0.0,5.7586,1
25681578.1,15,,20,20,0,50.0,1.0,16.1471,0,0.0,5.7386,1
25683578.1,15,,20,20,0,50.0,1.0,16.0471,0,0.0,5.7186,1
25685550.4,15,,20,20,0,50.0,1.0,15.9485,0,0.0,5.6989,1
25685578.1,15,,19,19,0,50.0,1.0,15.9471,0,0.0,5.6986,1
25687578.1,15,,19,19,0,50.0,1.0,15.8471,0,0.0,5.6774,1
25689578.1,15,,19,19,0,50.0,1.0,15.7471,0,0.0,5.6561,1
25691578.1,15,,19,19,0,50.0,1.0,15.6471,0,0.0,5.6349,1
25693578.1,15,,19,19,0,50.0,1.0,15.5471,0,0.0,5.6136,1
25695578.1,15,,19,19,0,50.0,1.0,15.4471,0,0.0,5.5924,1
25697578.1,15,,19,19,0,50.0,1.0,15.3471,0,0.0,5.5711,1
25699578.1,15,,19,19,0,50.0,1.0,15.2471,0,0.0,5.5499,1
25701578.1,15,,19,19,0,50.0,1.0,15.1471,0,0.0,5.5286,1
25703578.1,15,,19,19,0,50.0,1.0,15.0471,0,0.0,5.5074,1
25705578.1,15,,19,19,0,50.0,1.0,14.9471,0,0.0,5.4861,1
25707578.1,15,,19,19,0,50.0,1.0,14.8471,0,0.0,5.4649,1
25709578.1,15,,19,19,0,50.0,1.0,14.7471,0,0.0,5.4436,1
25711578.1,15,,19,19,0,50.0,1.0,14.6471,0,0.0,5.4224,1
25713578.1,15,,19,19,0,50.0,1.0,14.5471,0,0.0,5.4011,1
25715578.1,15,,19,19,0,50.0,1.0,14.4471,0,0.0,5.3799,1
25717578.1,15,,19,19,0,50.0,1.0,14.3471,0,0.0,5.3586,1
25719578.1,15,,19,19,0,50.0,1.0,14.2471,0,0.0,5.3374,1
25721578.1,15,,19,19,0,50.0,1.0,14.1471,0,0.0,5.3161,1
25722316.1,15,,19,19,0,50.0,1.0,14.1102,0,0.0,5.3083,1
25723578.1,15,,18,18,0,50.0,1.0,14.0471,0,0.0,5.2941,1
25725578.1,15,,18,18,0,50.0,1.0,13.9471,0,0.0,5.2716,1
25727578.1,15,,18,18,0,50.0,1.0,13.8471,0,0.0,5.2491,1
25729578.1,15,,18,18,0,50.0,1.0,13.7471,0,0.0,5.2266,1
25731578.1,15,,18,18,0,50.0,1.0,13.6471,0,0.0,5.2041,1
25733578.1,15,,18,18,0,50.0,1.0,13.5471,0,0.0,5.1816,1
25735578.1,15,,18,18,0,50.0,1.0,13.4471,0,0.0,5.1591,1
25737578.1,15,,18,18,0,50.0,1.0,13.3471,0,0.0,5.1366,1
25739578.1,15,,18,18,0,50.0,1.0,13.2471,0,0.0,5.1141,1
25741578.1,15,,18,18,0,50.0,1.0,13.1471,0,0.0,5.0916,1
25743578.1,15,,18,18,0,50.0,1.0,13.0471,0,0.0,5.0691,1
25745578.1,15,,18,18,0,50.0,1.0,12.9471,0,0.0,5.0466,1
25747578.1,15,,18,18,0,50.0,1.0,12.8471,0,0.0,5.0241,1
25749578.1,15,,18,18,0,50.0,1.0,12.7471,0,0.0,5.0016,1
25751204.4,15,,18,18,0,50.0,1.0,12.6658,0,0.0,4.9833,1
25751578.1,15,,17,17,0,50.0,1.0,12.6471,0,0.0,4.9788,1
25753578.1,15,,17,17,0,50.0,1.0,12.5471,0,0.0,4.9551,1
25755578.1,15,,17,17,0,50.0,1.0,12.4471,0,0.0,4.9313,1
25757578.1,15,,17,17,0,50.0,1.0,12.3471,0,0.0,4.9076,1
25759578.1,15,,17,17,0,50.0,1.0,12.2471,0,0.0,4.8838,1
25761578.1,15,,17,17,0,50.0,1.0,12.1471,0,0.0,4.8601,1
25763578.1,15,,17,17,0,50.0,1.0,12.0471,0,0.0,4.8363,1
25765578.1,15,,17,17,0,50.0,1.0,11.9471,0,0.0,4.8126,1
25767578.1,15,,17,17,0,50.0,1.0,11.8471,0,0.0,4.7888,1
25769578.1,15,,17,17,0,50.0,1.0,11.7471,0,0.0,4.7651,1
25771578.1,15,,17,17,0,50.0,1.0,11.6471,0,0.0,4.7413,1
25773578.1,15,,17,17,0,50.0,1.0,11.5471,0,0.0,4.7176,1
25775578.1,15,,17,17,0,50.0,1.0,11.4471,0,0.0,4.6938,1
25777578.1,15,,17,17,0,50.0,1.0,11.3471,0,0.0,4.6701,1
25779578.1,15,,17,17,0,50.0,1.0,11.2471,0,0.0,4.6463,1
25781578.1,15,,17,17,0,50.0,1.0,11.1471,0,0.0,4.6226,1
25783578.1,15,,17,17,0,50.0,1.0,11.0471,0,0.0,4.5988,1
25785578.1,15,,17,17,0,50.0,1.0,10.9471,0,0.0,4.5751,1
25787578.1,15,,17,17,0,50.0,1.0,10.8471,0,0.0,4.5513,1
25789578.1,15,,17,17,0,50.0,1.0,10.7471,0,0.0,4.5276,1
25791578.1,15,,17,17,0,50.0,1.0,10.6471,0,0.0,4.5038,1
25791836.7,15,,17,17,0,50.0,1.0,10.6342,0,0.0,4.5008,1
25793578.1,15,,16,16,0,50.0,1.0,10.5471,0,0.0,4.4787,1
25795578.1,15,,16,16,0,50.0,1.0,10.4471,0,0.0,4.4534,1
25797578.1,15,,16,16,0,50.0,1.0,10.3471,0,0.0,4.4281,1
25797908.1,15,,16,16,0,50.0,1.0,10.3306,0,0.0,4.4239,1
25799578.1,15,,15,15,0,50.0,1.0,10.2471,0,0.0,4.4016,1
25801578.1,15,,15,15,0,50.0,1.0,10.1471,0,0.0,4.3749,1
25803578.1,15,,15,15,0,50.0,1.0,10.0471,0,0.0,4.3483,1
25805578.1,15,,15,15,0,50.0,1.0,9.9471,0,0.0,4.3216,1
25807578.1,15,,15,15,0,50.0,1.0,9.8471,0,0.0,4.2949,1
25809578.1,15,,15,15,0,50.0,1.0,9.7471,0,0.0,4.2683,1
25811578.1,15,,15,15,0,50.0,1.0,9.6471,0,0.0,4.2416,1
25813578.1,15,,15,15,0,50.0,1.0,9.5471,0,0.0,4.2149,1
25813844.5,15,,15,15,0,50.0,1.0,9.5338,0,0.0,4.2114,1
25815578.1,15,,14,14,0,50.0,1.0,9.4471,0,0.0,4.1866,1
25817578.1,15,,14,14,0,50.0,1.0,9.3471,0,0.0,4.1581,1
25819578.1,15,,14,14,0,50.0,1.0,9.2471,0,0.0,4.1295,1
25821578.1,15,,14,14,0,50.0,1.0,9.1471,0,0.0,4.1009,1
25823578.1,15,,14,14,0,50.0,1.0,9.0471,0,0.0,4.0723,1
25825370.7,15,,14,14,0,50.0,1.0,8.9575,0,0.0,4.0467,1
25825578.1,15,,13,13,0,50.0,1.0,8.9471,0,0.0,4.0435,1
25827578.1,15,,13,13,0,50.0,1.0,8.8471,0,0.0,4.0128,1
25829578.1,15,,13,13,0,50.0,1.0,8.7471,0,0.0,3.982,1
25831578.1,15,,13,13,0,50.0,1.0,8.6471,0,0.0,3.9512,1
25833578.1,15,,13,13,0,50.0,1.0,8.5471,0,0.0,3.9205,1
25835578.1,15,,13,13,0,50.0,1.0,8.4471,0,0.0,3.8897,1
25837578.1,15,,13,13,0,50.0,1.0,8.3471,0,0.0,3.8589,1
25839578.1,15,,13,13,0,50.0,1.0,8.2471,0,0.0,3.8282,1
25841578.1,15,,13,13,0,50.0,1.0,8.1471,0,0.0,3.7974,1
25843578.1,15,,13,13,0,50.0,1.0,8.0471,0,0.0,3.7666,1
25845578.1,15,,13,13,0,50.0,1.0,7.9471,0,0.0,3.7358,1
25847578.1,15,,13,13,0,50.0,1.0,7.8471,0,0.0,3.7051,1
25849578.1,15,,13,13,0,50.0,1.0,7.7471,0,0.0,3.6743,1
25851578.1,15,,13,13,0,50.0,1.0,7.6471,0,0.0,3.6435,1
25853578.1,15,,13,13,0,50.0,1.0,7.5471,0,0.0,3.6128,1
25855578.1,15,,13,13,0,50.0,1.0,7.4471,0,0.0,3.582,1
25857578.1,15,,13,13,0,50.0,1.0,7.3471,0,0.0,3.5512,1
25859578.1,15,,13,13,0,50.0,1.0,7.2471,0,0.0,3.5205,1
25861578.1,15,,13,13,0,50.0,1.0,7.1471,0,0.0,3.4897,1
25863578.1,15,,13,13,0,50.0,1.0,7.0471,0,0.0,3.4589,1
25865578.1,15,,13,13,0,50.0,1.0,6.9471,0,0.0,3.4282,1
25866850.8,15,,13,13,0,50.0,1.0,6.8835,0,0.0,3.4086,1
25867578.1,15,,12,12,0,50.0,1.0,6.8471,0,0.0,3.3971,1
25869578.1,15,,12,12,0,50.0,1.0,6.7471,0,0.0,3.3655,1
25871578.1,15,,12,12,0,50.0,1.0,6.6471,0,0.0,3.3339,1
25873578.1,15,,12,12,0,50.0,1.0,6.5471,0,0.0,3.3024,1
25875578.1,15,,12,12,0,50.0,1.0,6.4471,0,0.0,3.2708,1
25876221.8,15,,12,12,0,50.0,1.0,6.415,0,0.0,3.2606,1
25877578.1,15,,11,11,0,50.0,1.0,6.3471,0,0.0,3.238,1
25879578.1,15,,11,11,0,50.0,1.0,6.2471,0,0.0,3.2047,1
25881578.1,15,,11,11,0,50.0,1.0,6.1471,0,0.0,3.1713,1
25883578.1,15,,11,11,0,50.0,1.0,6.0471,0,0.0,3.138,1
25885578.1,15,,11,11,0,50.0,1.0,5.9471,0,0.0,3.1047,1
25887578.1,15,,11,11,0,50.0,1.0,5.8471,0,0.0,3.0713,1
25889578.1,15,,11,11,0,50.0,1.0,5.7471,0,0.0,3.038,1
25891578.1,15,,11,11,0,50.0,1.0,5.6471,0,0.0,3.0047,1
25893578.1,15,,11,11,0,50.0,1.0,5.5471,0,0.0,2.9713,1
25895578.1,15,,11,11,0,50.0,1.0,5.4471,0,0.0,2.938,1
25897578.1,15,,11,11,0,50.0,1.0,5.3471,0,0.0,2.9047,1
25899578.1,15,,11,11,0,50.0,1.0,5.2471,0,0.0,2.8713,1
25901578.1,15,,11,11,0,50.0,1.0,5.1471,0,0.0,2.838,1
25903578.1,15,,11,11,0,50.0,1.0,5.0471,0,0.0,2.8047,1
25905578.1,15,,11,11,0,50.0,1.0,4.9471,0,0.0,2.7713,1
25907578.1,15,,11,11,0,50.0,1.0,4.8471,0,0.0,2.738,1
25909578.1,15,,11,11,0,50.0,1.0,4.7471,0,0.0,2.7047,1
25911578.1,15,,11,11,0,50.0,1.0,4.6471,0,0.0,2.6713,1
25913578.1,15,,11,11,0,50.0,1.0,4.5471,0,0.0,2.638,1
25915578.1,15,,11,11,0,50.0,1.0,4.4471,0,0.0,2.6047,1
25917578.1,15,,11,11,0,50.0,1.0,4.3471,0,0.0,2.5713,1
25919578.1,15,,11,11,0,50.0,1.0,4.2471,0,0.0,2.538,1
25921578.1,15,,11,11,0,50.0,1.0,4.1471,0,0.0,2.5047,1
25923578.1,15,,11,11,0,50.0,1.0,4.0471,0,0.0,2.4713,1
25925578.1,15,,11,11,0,50.0,1.0,3.9471,0,0.0,2.438,1
25927578.1,15,,11,11,0,50.0,1.0,3.8471,0,0.0,2.4047,1
25929275.5,15,,11,11,0,50.0,1.0,3.7623,0,0.0,2.3764,1
25929578.1,15,,10,10,0,50.0,1.0,3.7471,0,0.0,2.3713,1
25931578.1,15,,10,10,0,50.0,1.0,3.6471,0,0.0,2.338,1
25933578.1,15,,10,10,0,50.0,1.0,3.5471,0,0.0,2.3047,1
25935578.1,15,,10,10,0,50.0,1.0,3.4471,0,0.0,2.2713,1
25937578.1,15,,10,10,0,50.0,1.0,3.3471,0,0.0,2.238,1
25939578.1,15,,10,10,0,50.0,1.0,3.2471,0,0.0,2.2047,1
25941578.1,15,,10,10,0,50.0,1.0,3.1471,0,0.0,2.1713,1
25943578.1,15,,10,10,0,50.0,1.0,3.0471,0,0.0,2.138,1
25945562.1,15,,10,10,0,50.0,1.0,2.9479,0,0.0,2.1049,1
25945578.1,15,,9,9,0,50.0,1.0,2.9471,0,0.0,2.1046,1
25947578.1,15,,9,9,0,50.0,1.0,2.8471,0,0.0,2.0671,1
25949578.1,15,,9,9,0,50.0,1.0,2.7471,0,0.0,2.0296,1
25951578.1,15,,9,9,0,50.0,1.0,2.6471,0,0.0,1.9921,1
25953578.1,15,,9,9,0,50.0,1.0,2.5471,0,0.0,1.9546,1
25955578.1,15,,9,9,0,50.0,1.0,2.4471,0,0.0,1.9171,1
25957578.1,15,,9,9,0,50.0,1.0,2.3471,0,0.0,1.8796,1
25959292.6,15,,9,9,0,50.0,1.0,2.2614,0,0.0,1.8475,1
25959578.1,15,,8,8,0,50.0,1.0,2.2471,0,0.0,1.8414,1
25961578.1,15,,8,8,0,50.0,1.0,2.1471,0,0.0,1.7985,1
25963578.1,15,,8,8,0,50.0,1.0,2.0471,0,0.0,1.7557,1
25964447.7,15,,8,8,0,50.0,1.0,2.0037,0,0.0,1.737,1
25965578.1,15,,7,7,0,50.0,1.0,1.9471,0,0.0,1.7109,1
25967120.3,15,,7,7,0,50.0,1.0,1.87,0,0.0,1.6753,1
25967578.1,15,,6,6,0,50.0,1.0,1.8471,0,0.0,1.6639,1
25969260.2,15,,6,6,0,50.0,1.0,1.763,0,0.0,1.6219,1
25969578.1,15,,5,5,0,50.0,1.0,1.7471,0,0.0,1.6113,1
25971578.1,15,,5,5,0,50.0,1.0,1.6471,0,0.0,1.5446,1
25973578.1,15,,5,5,0,50.0,1.0,1.5471,0,0.0,1.4779,1
25975578.1,15,,5,5,0,50.0,1.0,1.4471,0,0.0,1.4113,1
25977578.1,15,,5,5,0,50.0,1.0,1.3471,0,0.0,1.3446,1
25977731.4,15,,5,5,0,50.0,1.0,1.3395,0,0.0,1.3395,1
25979578.1,15,,4,4,0,50.0,1.0,1.2471,0,0.0,1.2471,1
25979930.9,15,,4,4,0,50.0,1.0,1.2295,0,0.0,1.2295,1
25981578.1,15,,3,3,0,50.0,1.0,1.1471,0,0.0,1.1471,1
25983578.1,15,,3,3,0,50.0,1.0,1.0471,0,0.0,1.0471,1
25985578.1,15,,3,3,0,50.0,1.0,0.9471,0,0.0,0.9471,1
25987578.1,15,,3,3,0,50.0,1.0,0.8471,0,0.0,0.8471,1
25989578.1,15,,3,3,0,50.0,1.0,0.7471,0,0.0,0.7471,1
25991578.1,15,,3,3,0,50.0,1.0,0.6471,0,0.0,0.6471,1
25993578.1,15,,3,3,0,50.0,1.0,0.5471,0,0.0,0.5471,1
25995578.1,15,,3,3,0,50.0,1.0,0.4471,0,0.0,0.4471,1
25997578.1,15,,3,3,0,50.0,1.0,0.3471,0,0.0,0.3471,1
25999578.1,15,,3,3,0,50.0,1.0,0.2471,0,0.0,0.2471,1
26001078.6,15,,3,3,0,50.0,1.0,0.1721,0,0.0,0.1721,1
26001578.1,15,,2,2,0,50.0,1.0,0.1471,0,0.0,0.1471,1
26003578.1,15,,2,2,0,50.0,1.0,0.0471,0,0.0,0.0471,1
26004352.3,15,,2,2,0,50.0,1.0,0.0084,0,0.0,0.0084,1
26004521.0,15,,1,1,0,50.0,1.0,0.0,0,0.0,0.0,1
