t_ns,collective,label,n_active_flows,n_eps_flows,n_ocs_flows,core_bw_gbps,core_utilisation,core_queue_mb,ocs_bw_gbps,ocs_bytes_carried_mb,port_queue_mb_max,n_dark
33578.1,0,,124,64,0,50.0,1.0,83.2517,0,0.0,38.0631,0
35578.1,0,,123,64,0,50.0,1.0,83.1517,0,0.0,37.8308,0
37578.1,0,,123,64,0,50.0,1.0,83.0517,0,0.0,37.5985,0
39578.1,0,,123,64,0,50.0,1.0,82.9517,0,0.0,37.3662,0
41578.1,0,,123,64,0,50.0,1.0,82.8517,0,0.0,37.134,0
43578.1,0,,123,64,0,50.0,1.0,82.7517,0,0.0,36.9017,0
45578.1,0,,123,64,0,50.0,1.0,82.6517,0,0.0,36.6694,0
47578.1,0,,123,64,0,50.0,1.0,82.5517,0,0.0,36.4371,0
49578.1,0,,123,64,0,50.0,1.0,82.4517,0,0.0,36.2048,0
51578.1,0,,123,64,0,50.0,1.0,82.3517,0,0.0,35.9725,0
53578.1,0,,123,64,0,50.0,1.0,82.2517,0,0.0,35.7402,0
55578.1,0,,123,64,0,50.0,1.0,82.1517,0,0.0,35.508,0
57578.1,0,,123,64,0,50.0,1.0,82.0517,0,0.0,35.2757,0
59537.6,0,,123,64,0,50.0,1.0,81.9537,0,0.0,35.0481,0
59578.1,0,,122,64,0,50.0,1.0,81.9517,0,0.0,35.0434,0
61578.1,0,,122,64,0,50.0,1.0,81.8517,0,0.0,34.8113,0
62923.7,0,,122,64,0,50.0,1.0,81.7844,0,0.0,34.6552,0
63578.1,0,,121,64,0,50.0,1.0,81.7517,0,0.0,34.5793,0
65578.1,0,,121,64,0,50.0,1.0,81.6517,0,0.0,34.3474,0
66473.5,0,,121,64,0,50.0,1.0,81.6069,0,0.0,34.2436,0
67578.1,0,,120,64,0,50.0,1.0,81.5517,0,0.0,34.1157,0
69578.1,0,,120,64,0,50.0,1.0,81.4517,0,0.0,33.884,0
71578.1,0,,120,64,0,50.0,1.0,81.3517,0,0.0,33.6524,0
73578.1,0,,120,64,0,50.0,1.0,81.2517,0,0.0,33.4207,0
73992.0,0,,120,64,0,50.0,1.0,81.231,0,0.0,33.3728,0
74283.2,0,,119,64,0,50.0,1.0,81.2164,0,0.0,33.3424,0
75578.1,0,,118,64,0,50.0,1.0,81.1517,0,0.0,33.2077,0
76131.0,0,,118,64,0,50.0,1.0,81.124,0,0.0,33.1501,0
77578.1,0,,117,64,0,50.0,1.0,81.0517,0,0.0,32.9997,0
79289.5,0,,117,64,0,50.0,1.0,80.9661,0,0.0,32.8217,0
79578.1,0,,116,64,0,50.0,1.0,80.9517,0,0.0,32.7917,0
79935.7,0,,116,64,0,50.0,1.0,80.9338,0,0.0,32.7546,0
80063.1,0,,115,64,0,50.0,1.0,80.9274,0,0.0,32.7414,0
80381.7,0,,114,64,0,50.0,1.0,80.9115,0,0.0,32.7123,0
81173.6,0,,113,64,0,50.0,1.0,80.8719,0,0.0,32.6401,0
81578.1,0,,112,64,0,50.0,1.0,80.8517,0,0.0,32.6033,0
82757.4,0,,112,64,0,50.0,1.0,80.7927,0,0.0,32.4959,0
83578.1,0,,111,64,0,50.0,1.0,80.7517,0,0.0,32.4212,0
85578.1,0,,111,64,0,50.0,1.0,80.6517,0,0.0,32.2393,0
86307.3,0,,111,64,0,50.0,1.0,80.6152,0,0.0,32.173,0
87536.1,0,,110,64,0,50.0,1.0,80.5538,0,0.0,32.0613,0
87578.1,0,,109,64,0,50.0,1.0,80.5517,0,0.0,32.0575,0
87772.7,0,,109,64,0,50.0,1.0,80.5419,0,0.0,32.0399,0
88309.8,0,,108,64,0,50.0,1.0,80.5151,0,0.0,31.9912,0
89493.0,0,,107,64,0,50.0,1.0,80.4559,0,0.0,31.8841,0
89578.1,0,,106,64,0,50.0,1.0,80.4517,0,0.0,31.8776,0
91578.1,0,,106,64,0,50.0,1.0,80.3517,0,0.0,31.7234,0
91996.2,0,,106,64,0,50.0,1.0,80.3308,0,0.0,31.6912,0
93578.1,0,,105,64,0,50.0,1.0,80.2517,0,0.0,31.5695,0
94408.2,0,,105,64,0,50.0,1.0,80.2101,0,0.0,31.5056,0
95578.1,0,,104,64,0,50.0,1.0,80.1517,0,0.0,31.4325,0
97578.1,0,,104,64,0,50.0,1.0,80.0517,0,0.0,31.3075,0
99578.1,0,,104,64,0,50.0,1.0,79.9517,0,0.0,31.1825,0
100452.1,0,,104,64,0,50.0,1.0,79.908,0,0.0,31.1279,0
101578.1,0,,103,64,0,50.0,1.0,79.8517,0,0.0,31.0577,0
103578.1,0,,103,64,0,50.0,1.0,79.7517,0,0.0,30.9329,0
105578.1,0,,103,64,0,50.0,1.0,79.6517,0,0.0,30.8082,0
107578.1,0,,103,64,0,50.0,1.0,79.5517,0,0.0,30.6834,0
107852.2,0,,103,64,0,50.0,1.0,79.5379,0,0.0,30.6663,0
109578.1,0,,102,64,0,50.0,1.0,79.4517,0,0.0,30.5589,0
111578.1,0,,102,64,0,50.0,1.0,79.3517,0,0.0,30.4344,0
112157.6,0,,102,64,0,50.0,1.0,79.3227,0,0.0,30.3983,0
112995.0,0,,101,64,0,50.0,1.0,79.2808,0,0.0,30.3593,0
113578.1,0,,100,64,0,50.0,1.0,79.2517,0,0.0,30.3321,0
115043.0,0,,100,64,0,50.0,1.0,79.1784,0,0.0,30.264,0
115578.1,0,,99,64,0,50.0,1.0,79.1517,0,0.0,30.2392,0
117578.1,0,,99,64,0,50.0,1.0,79.0517,0,0.0,30.1465,0
118984.2,0,,99,64,0,50.0,1.0,78.9813,0,0.0,30.0813,0
119578.1,0,,98,64,0,50.0,1.0,78.9517,0,0.0,30.0638,0
121578.1,0,,98,64,0,50.0,1.0,78.8517,0,0.0,30.0049,0
123553.6,0,,98,64,0,50.0,1.0,78.7529,0,0.0,29.9468,0
123578.1,0,,97,64,0,50.0,1.0,78.7517,0,0.0,29.9461,0
125578.1,0,,97,64,0,50.0,1.0,78.6517,0,0.0,29.8875,0
127578.1,0,,97,64,0,50.0,1.0,78.5517,0,0.0,29.8289,0
129578.1,0,,97,64,0,50.0,1.0,78.4517,0,0.0,29.7703,0
131578.1,0,,97,64,0,50.0,1.0,78.3517,0,0.0,29.7118,0
133578.1,0,,97,64,0,50.0,1.0,78.2517,0,0.0,29.6532,0
135578.1,0,,97,64,0,50.0,1.0,78.1517,0,0.0,29.5946,0
137578.1,0,,97,64,0,50.0,1.0,78.0517,0,0.0,29.536,0
139578.1,0,,97,64,0,50.0,1.0,77.9517,0,0.0,29.4774,0
141578.1,0,,97,64,0,50.0,1.0,77.8517,0,0.0,29.4188,0
143578.1,0,,97,64,0,50.0,1.0,77.7517,0,0.0,29.3602,0
143979.0,0,,97,64,0,50.0,1.0,77.7316,0,0.0,29.3485,0
145578.1,0,,96,64,0,50.0,1.0,77.6517,0,0.0,29.3019,0
147578.1,0,,96,64,0,50.0,1.0,77.5517,0,0.0,29.2435,0
149578.1,0,,96,64,0,50.0,1.0,77.4517,0,0.0,29.1852,0
151578.1,0,,96,64,0,50.0,1.0,77.3517,0,0.0,29.1269,0
153578.1,0,,96,64,0,50.0,1.0,77.2517,0,0.0,29.0685,0
155578.1,0,,96,64,0,50.0,1.0,77.1517,0,0.0,29.0102,0
157578.1,0,,96,64,0,50.0,1.0,77.0517,0,0.0,28.9519,0
159578.1,0,,96,64,0,50.0,1.0,76.9517,0,0.0,28.8935,0
161578.1,0,,96,64,0,50.0,1.0,76.8517,0,0.0,28.8352,0
163578.1,0,,96,64,0,50.0,1.0,76.7517,0,0.0,28.7769,0
165578.1,0,,96,64,0,50.0,1.0,76.6517,0,0.0,28.7185,0
167578.1,0,,96,64,0,50.0,1.0,76.5517,0,0.0,28.6602,0
169578.1,0,,96,64,0,50.0,1.0,76.4517,0,0.0,28.6019,0
171578.1,0,,96,64,0,50.0,1.0,76.3517,0,0.0,28.5435,0
173578.1,0,,96,64,0,50.0,1.0,76.2517,0,0.0,28.4852,0
175578.1,0,,96,64,0,50.0,1.0,76.1517,0,0.0,28.4269,0
177578.1,0,,96,64,0,50.0,1.0,76.0517,0,0.0,28.3685,0
179578.1,0,,96,64,0,50.0,1.0,75.9517,0,0.0,28.3102,0
181578.1,0,,96,64,0,50.0,1.0,75.8517,0,0.0,28.2519,0
183578.1,0,,96,64,0,50.0,1.0,75.7517,0,0.0,28.1935,0
185578.1,0,,96,64,0,50.0,1.0,75.6517,0,0.0,28.1352,0
187578.1,0,,96,64,0,50.0,1.0,75.5517,0,0.0,28.0769,0
189578.1,0,,96,64,0,50.0,1.0,75.4517,0,0.0,28.0185,0
191578.1,0,,96,64,0,50.0,1.0,75.3517,0,0.0,27.9602,0
193578.1,0,,96,64,0,50.0,1.0,75.2517,0,0.0,27.9019,0
195578.1,0,,96,64,0,50.0,1.0,75.1517,0,0.0,27.8435,0
197578.1,0,,96,64,0,50.0,1.0,75.0517,0,0.0,27.7852,0
199578.1,0,,96,64,0,50.0,1.0,74.9517,0,0.0,27.7269,0
201578.1,0,,96,64,0,50.0,1.0,74.8517,0,0.0,27.6685,0
203578.1,0,,96,64,0,50.0,1.0,74.7517,0,0.0,27.6102,0
205578.1,0,,96,64,0,50.0,1.0,74.6517,0,0.0,27.5519,0
207578.1,0,,96,64,0,50.0,1.0,74.5517,0,0.0,27.4935,0
209578.1,0,,96,64,0,50.0,1.0,74.4517,0,0.0,27.4352,0
211578.1,0,,96,64,0,50.0,1.0,74.3517,0,0.0,27.3769,0
213578.1,0,,96,64,0,50.0,1.0,74.2517,0,0.0,27.3185,0
215578.1,0,,96,64,0,50.0,1.0,74.1517,0,0.0,27.2602,0
217578.1,0,,96,64,0,50.0,1.0,74.0517,0,0.0,27.2019,0
219578.1,0,,96,64,0,50.0,1.0,73.9517,0,0.0,27.1435,0
221578.1,0,,96,64,0,50.0,1.0,73.8517,0,0.0,27.0852,0
223578.1,0,,96,64,0,50.0,1.0,73.7517,0,0.0,27.0269,0
225578.1,0,,96,64,0,50.0,1.0,73.6517,0,0.0,26.9685,0
227578.1,0,,96,64,0,50.0,1.0,73.5517,0,0.0,26.9102,0
229578.1,0,,96,64,0,50.0,1.0,73.4517,0,0.0,26.8519,0
231578.1,0,,96,64,0,50.0,1.0,73.3517,0,0.0,26.7935,0
233578.1,0,,96,64,0,50.0,1.0,73.2517,0,0.0,26.7352,0
235578.1,0,,96,64,0,50.0,1.0,73.1517,0,0.0,26.6769,0
237578.1,0,,96,64,0,50.0,1.0,73.0517,0,0.0,26.6185,0
239578.1,0,,96,64,0,50.0,1.0,72.9517,0,0.0,26.5602,0
241578.1,0,,96,64,0,50.0,1.0,72.8517,0,0.0,26.5019,0
243578.1,0,,96,64,0,50.0,1.0,72.7517,0,0.0,26.4435,0
245578.1,0,,96,64,0,50.0,1.0,72.6517,0,0.0,26.3852,0
247578.1,0,,96,64,0,50.0,1.0,72.5517,0,0.0,26.3269,0
249578.1,0,,96,64,0,50.0,1.0,72.4517,0,0.0,26.2685,0
251578.1,0,,96,64,0,50.0,1.0,72.3517,0,0.0,26.2102,0
253578.1,0,,96,64,0,50.0,1.0,72.2517,0,0.0,26.1519,0
255578.1,0,,96,64,0,50.0,1.0,72.1517,0,0.0,26.0935,0
257578.1,0,,96,64,0,50.0,1.0,72.0517,0,0.0,26.0352,0
259578.1,0,,96,64,0,50.0,1.0,71.9517,0,0.0,25.9769,0
261578.1,0,,96,64,0,50.0,1.0,71.8517,0,0.0,25.9185,0
263578.1,0,,96,64,0,50.0,1.0,71.7517,0,0.0,25.8602,0
265578.1,0,,96,64,0,50.0,1.0,71.6517,0,0.0,25.8019,0
267295.9,0,,96,64,0,50.0,1.0,71.5658,0,0.0,25.7518,0
267578.1,0,,95,64,0,50.0,1.0,71.5517,0,0.0,25.7436,0
269578.1,0,,95,64,0,50.0,1.0,71.4517,0,0.0,25.6855,0
271578.1,0,,95,64,0,50.0,1.0,71.3517,0,0.0,25.6274,0
273578.1,0,,95,64,0,50.0,1.0,71.2517,0,0.0,25.5694,0
275578.1,0,,95,64,0,50.0,1.0,71.1517,0,0.0,25.5113,0
277578.1,0,,95,64,0,50.0,1.0,71.0517,0,0.0,25.4532,0
279578.1,0,,95,64,0,50.0,1.0,70.9517,0,0.0,25.3952,0
281578.1,0,,95,64,0,50.0,1.0,70.8517,0,0.0,25.3371,0
283578.1,0,,95,64,0,50.0,1.0,70.7517,0,0.0,25.279,0
285578.1,0,,95,64,0,50.0,1.0,70.6517,0,0.0,25.221,0
287578.1,0,,95,64,0,50.0,1.0,70.5517,0,0.0,25.1629,0
289578.1,0,,95,64,0,50.0,1.0,70.4517,0,0.0,25.1049,0
291578.1,0,,95,64,0,50.0,1.0,70.3517,0,0.0,25.0468,0
293578.1,0,,95,64,0,50.0,1.0,70.2517,0,0.0,24.9887,0
295578.1,0,,95,64,0,50.0,1.0,70.1517,0,0.0,24.9307,0
297578.1,0,,95,64,0,50.0,1.0,70.0517,0,0.0,24.8726,0
299578.1,0,,95,64,0,50.0,1.0,69.9517,0,0.0,24.8145,0
301578.1,0,,95,64,0,50.0,1.0,69.8517,0,0.0,24.7565,0
303578.1,0,,95,64,0,50.0,1.0,69.7517,0,0.0,24.6984,0
305578.1,0,,95,64,0,50.0,1.0,69.6517,0,0.0,24.6403,0
307578.1,0,,95,64,0,50.0,1.0,69.5517,0,0.0,24.5823,0
309578.1,0,,95,64,0,50.0,1.0,69.4517,0,0.0,24.5242,0
311578.1,0,,95,64,0,50.0,1.0,69.3517,0,0.0,24.4661,0
313578.1,0,,95,64,0,50.0,1.0,69.2517,0,0.0,24.4081,0
315578.1,0,,95,64,0,50.0,1.0,69.1517,0,0.0,24.35,0
317578.1,0,,95,64,0,50.0,1.0,69.0517,0,0.0,24.292,0
319578.1,0,,95,64,0,50.0,1.0,68.9517,0,0.0,24.2339,0
321578.1,0,,95,64,0,50.0,1.0,68.8517,0,0.0,24.1758,0
323578.1,0,,95,64,0,50.0,1.0,68.7517,0,0.0,24.1178,0
325578.1,0,,95,64,0,50.0,1.0,68.6517,0,0.0,24.0597,0
325704.8,0,,95,64,0,50.0,1.0,68.6453,0,0.0,24.056,0
327578.1,0,,94,64,0,50.0,1.0,68.5517,0,0.0,24.0019,0
329578.1,0,,94,64,0,50.0,1.0,68.4517,0,0.0,23.9441,0
331578.1,0,,94,64,0,50.0,1.0,68.3517,0,0.0,23.8863,0
333578.1,0,,94,64,0,50.0,1.0,68.2517,0,0.0,23.8286,0
335578.1,0,,94,64,0,50.0,1.0,68.1517,0,0.0,23.7708,0
337578.1,0,,94,64,0,50.0,1.0,68.0517,0,0.0,23.713,0
339578.1,0,,94,64,0,50.0,1.0,67.9517,0,0.0,23.6552,0
341578.1,0,,94,64,0,50.0,1.0,67.8517,0,0.0,23.5975,0
343578.1,0,,94,64,0,50.0,1.0,67.7517,0,0.0,23.5397,0
345578.1,0,,94,64,0,50.0,1.0,67.6517,0,0.0,23.4819,0
347578.1,0,,94,64,0,50.0,1.0,67.5517,0,0.0,23.4241,0
349578.1,0,,94,64,0,50.0,1.0,67.4517,0,0.0,23.3663,0
351578.1,0,,94,64,0,50.0,1.0,67.3517,0,0.0,23.3086,0
353578.1,0,,94,64,0,50.0,1.0,67.2517,0,0.0,23.2508,0
355578.1,0,,94,64,0,50.0,1.0,67.1517,0,0.0,23.193,0
357578.1,0,,94,64,0,50.0,1.0,67.0517,0,0.0,23.1352,0
359578.1,0,,94,64,0,50.0,1.0,66.9517,0,0.0,23.0775,0
361578.1,0,,94,64,0,50.0,1.0,66.8517,0,0.0,23.0197,0
363578.1,0,,94,64,0,50.0,1.0,66.7517,0,0.0,22.9619,0
365578.1,0,,94,64,0,50.0,1.0,66.6517,0,0.0,22.9041,0
367578.1,0,,94,64,0,50.0,1.0,66.5517,0,0.0,22.8463,0
369578.1,0,,94,64,0,50.0,1.0,66.4517,0,0.0,22.7886,0
371578.1,0,,94,64,0,50.0,1.0,66.3517,0,0.0,22.7308,0
373578.1,0,,94,64,0,50.0,1.0,66.2517,0,0.0,22.673,0
375578.1,0,,94,64,0,50.0,1.0,66.1517,0,0.0,22.6152,0
377578.1,0,,94,64,0,50.0,1.0,66.0517,0,0.0,22.5575,0
379578.1,0,,94,64,0,50.0,1.0,65.9517,0,0.0,22.4997,0
381578.1,0,,94,64,0,50.0,1.0,65.8517,0,0.0,22.4419,0
383578.1,0,,94,64,0,50.0,1.0,65.7517,0,0.0,22.3841,0
385578.1,0,,94,64,0,50.0,1.0,65.6517,0,0.0,22.3263,0
386243.7,0,,94,64,0,50.0,1.0,65.6184,0,0.0,22.3071,0
387578.1,0,,93,64,0,50.0,1.0,65.5517,0,0.0,22.2687,0
389578.1,0,,93,64,0,50.0,1.0,65.4517,0,0.0,22.2112,0
391578.1,0,,93,64,0,50.0,1.0,65.3517,0,0.0,22.1537,0
393578.1,0,,93,64,0,50.0,1.0,65.2517,0,0.0,22.0962,0
395578.1,0,,93,64,0,50.0,1.0,65.1517,0,0.0,22.0387,0
397578.1,0,,93,64,0,50.0,1.0,65.0517,0,0.0,21.9811,0
399578.1,0,,93,64,0,50.0,1.0,64.9517,0,0.0,21.9236,0
401578.1,0,,93,64,0,50.0,1.0,64.8517,0,0.0,21.8661,0
403578.1,0,,93,64,0,50.0,1.0,64.7517,0,0.0,21.8086,0
405578.1,0,,93,64,0,50.0,1.0,64.6517,0,0.0,21.751,0
407578.1,0,,93,64,0,50.0,1.0,64.5517,0,0.0,21.6935,0
409578.1,0,,93,64,0,50.0,1.0,64.4517,0,0.0,21.636,0
411578.1,0,,93,64,0,50.0,1.0,64.3517,0,0.0,21.5785,0
413578.1,0,,93,64,0,50.0,1.0,64.2517,0,0.0,21.521,0
415578.1,0,,93,64,0,50.0,1.0,64.1517,0,0.0,21.4634,0
417578.1,0,,93,64,0,50.0,1.0,64.0517,0,0.0,21.4059,0
419578.1,0,,93,64,0,50.0,1.0,63.9517,0,0.0,21.3484,0
421578.1,0,,93,64,0,50.0,1.0,63.8517,0,0.0,21.2909,0
423578.1,0,,93,64,0,50.0,1.0,63.7517,0,0.0,21.2334,0
425578.1,0,,93,64,0,50.0,1.0,63.6517,0,0.0,21.1758,0
427578.1,0,,93,64,0,50.0,1.0,63.5517,0,0.0,21.1183,0
429578.1,0,,93,64,0,50.0,1.0,63.4517,0,0.0,21.0608,0
431578.1,0,,93,64,0,50.0,1.0,63.3517,0,0.0,21.0033,0
433578.1,0,,93,64,0,50.0,1.0,63.2517,0,0.0,20.9458,0
435578.1,0,,93,64,0,50.0,1.0,63.1517,0,0.0,20.8882,0
437578.1,0,,93,64,0,50.0,1.0,63.0517,0,0.0,20.8307,0
439578.1,0,,93,64,0,50.0,1.0,62.9517,0,0.0,20.7732,0
441578.1,0,,93,64,0,50.0,1.0,62.8517,0,0.0,20.7157,0
443578.1,0,,93,64,0,50.0,1.0,62.7517,0,0.0,20.6582,0
445578.1,0,,93,64,0,50.0,1.0,62.6517,0,0.0,20.6006,0
447578.1,0,,93,64,0,50.0,1.0,62.5517,0,0.0,20.5431,0
449578.1,0,,93,64,0,50.0,1.0,62.4517,0,0.0,20.4856,0
451578.1,0,,93,64,0,50.0,1.0,62.3517,0,0.0,20.4281,0
453578.1,0,,93,64,0,50.0,1.0,62.2517,0,0.0,20.3706,0
455578.1,0,,93,64,0,50.0,1.0,62.1517,0,0.0,20.313,0
457578.1,0,,93,64,0,50.0,1.0,62.0517,0,0.0,20.2555,0
459578.1,0,,93,64,0,50.0,1.0,61.9517,0,0.0,20.198,0
461578.1,0,,93,64,0,50.0,1.0,61.8517,0,0.0,20.1405,0
463578.1,0,,93,64,0,50.0,1.0,61.7517,0,0.0,20.0829,0
465578.1,0,,93,64,0,50.0,1.0,61.6517,0,0.0,20.0254,0
467578.1,0,,93,64,0,50.0,1.0,61.5517,0,0.0,19.9679,0
469578.1,0,,93,64,0,50.0,1.0,61.4517,0,0.0,19.9104,0
471578.1,0,,93,64,0,50.0,1.0,61.3517,0,0.0,19.8529,0
473578.1,0,,93,64,0,50.0,1.0,61.2517,0,0.0,19.7953,0
475578.1,0,,93,64,0,50.0,1.0,61.1517,0,0.0,19.7378,0
477578.1,0,,93,64,0,50.0,1.0,61.0517,0,0.0,19.6803,0
479578.1,0,,93,64,0,50.0,1.0,60.9517,0,0.0,19.6228,0
481578.1,0,,93,64,0,50.0,1.0,60.8517,0,0.0,19.5653,0
483578.1,0,,93,64,0,50.0,1.0,60.7517,0,0.0,19.5077,0
485578.1,0,,93,64,0,50.0,1.0,60.6517,0,0.0,19.4502,0
487578.1,0,,93,64,0,50.0,1.0,60.5517,0,0.0,19.3927,0
487906.4,0,,93,64,0,50.0,1.0,60.5352,0,0.0,19.3833,0
489578.1,0,,92,64,0,50.0,1.0,60.4517,0,0.0,19.3354,0
491578.1,0,,92,64,0,50.0,1.0,60.3517,0,0.0,19.2782,0
493578.1,0,,92,64,0,50.0,1.0,60.2517,0,0.0,19.221,0
494496.4,0,,92,64,0,50.0,1.0,60.2057,0,0.0,19.1947,0
495578.1,0,,91,64,0,50.0,1.0,60.1517,0,0.0,19.1639,0
497409.1,0,,91,64,0,50.0,1.0,60.0601,0,0.0,19.1117,0
497578.1,0,,90,64,0,50.0,1.0,60.0517,0,0.0,19.1069,0
499578.1,0,,90,64,0,50.0,1.0,59.9517,0,0.0,19.0502,0
499966.9,0,,90,64,0,50.0,1.0,59.9322,0,0.0,19.0392,0
501013.6,0,,89,64,0,50.0,1.0,59.8799,0,0.0,19.0106,0
501578.1,0,,88,64,0,50.0,1.0,59.8517,0,0.0,18.9953,0
503578.1,0,,88,64,0,50.0,1.0,59.7517,0,0.0,18.941,0
505578.1,0,,88,64,0,50.0,1.0,59.6517,0,0.0,18.8867,0
507578.1,0,,88,64,0,50.0,1.0,59.5517,0,0.0,18.8324,0
509569.7,0,,88,64,0,50.0,1.0,59.4521,0,0.0,18.7784,0
509578.1,0,,87,64,0,50.0,1.0,59.4517,0,0.0,18.7781,0
509615.2,0,,87,64,0,50.0,1.0,59.4498,0,0.0,18.7771,0
511578.1,0,,86,64,0,50.0,1.0,59.3517,0,0.0,18.7244,0
513578.1,0,,86,64,0,50.0,1.0,59.2517,0,0.0,18.6706,0
515578.1,0,,86,64,0,50.0,1.0,59.1517,0,0.0,18.6169,0
516924.3,0,,86,64,0,50.0,1.0,59.0843,0,0.0,18.5807,0
517578.1,0,,85,64,0,50.0,1.0,59.0517,0,0.0,18.5639,0
519578.1,0,,85,64,0,50.0,1.0,58.9517,0,0.0,18.5125,0
521578.1,0,,85,64,0,50.0,1.0,58.8517,0,0.0,18.4612,0
523578.1,0,,85,64,0,50.0,1.0,58.7517,0,0.0,18.4098,0
525578.1,0,,85,64,0,50.0,1.0,58.6517,0,0.0,18.3584,0
527578.1,0,,85,64,0,50.0,1.0,58.5517,0,0.0,18.307,0
529578.1,0,,85,64,0,50.0,1.0,58.4517,0,0.0,18.2556,0
531578.1,0,,85,64,0,50.0,1.0,58.3517,0,0.0,18.2042,0
533578.1,0,,85,64,0,50.0,1.0,58.2517,0,0.0,18.1529,0
535578.1,0,,85,64,0,50.0,1.0,58.1517,0,0.0,18.1015,0
537578.1,0,,85,64,0,50.0,1.0,58.0517,0,0.0,18.0501,0
539578.1,0,,85,64,0,50.0,1.0,57.9517,0,0.0,17.9987,0
541578.1,0,,85,64,0,50.0,1.0,57.8517,0,0.0,17.9473,0
543578.1,0,,85,64,0,50.0,1.0,57.7517,0,0.0,17.8959,0
545578.1,0,,85,64,0,50.0,1.0,57.6517,0,0.0,17.8446,0
547578.1,0,,85,64,0,50.0,1.0,57.5517,0,0.0,17.7932,0
549578.1,0,,85,64,0,50.0,1.0,57.4517,0,0.0,17.7418,0
551578.1,0,,85,64,0,50.0,1.0,57.3517,0,0.0,17.6904,0
553578.1,0,,85,64,0,50.0,1.0,57.2517,0,0.0,17.639,0
554771.3,0,,85,64,0,50.0,1.0,57.192,0,0.0,17.6084,0
555578.1,0,,84,64,0,50.0,1.0,57.1517,0,0.0,17.5887,0
557578.1,0,,84,64,0,50.0,1.0,57.0517,0,0.0,17.5399,0
559578.1,0,,84,64,0,50.0,1.0,56.9517,0,0.0,17.4911,0
561578.1,0,,84,64,0,50.0,1.0,56.8517,0,0.0,17.4424,0
563578.1,0,,84,64,0,50.0,1.0,56.7517,0,0.0,17.3936,0
563600.5,0,,84,64,0,50.0,1.0,56.7505,0,0.0,17.393,0
565578.1,0,,83,64,0,50.0,1.0,56.6517,0,0.0,17.3451,0
567578.1,0,,83,64,0,50.0,1.0,56.5517,0,0.0,17.2966,0
569578.1,0,,83,64,0,50.0,1.0,56.4517,0,0.0,17.2482,0
571578.1,0,,83,64,0,50.0,1.0,56.3517,0,0.0,17.1997,0
573578.1,0,,83,64,0,50.0,1.0,56.2517,0,0.0,17.1512,0
575578.1,0,,83,64,0,50.0,1.0,56.1517,0,0.0,17.1027,0
577578.1,0,,83,64,0,50.0,1.0,56.0517,0,0.0,17.0543,0
579578.1,0,,83,64,0,50.0,1.0,55.9517,0,0.0,17.0058,0
581578.1,0,,83,64,0,50.0,1.0,55.8517,0,0.0,16.9573,0
583578.1,0,,83,64,0,50.0,1.0,55.7517,0,0.0,16.9088,0
585578.1,0,,83,64,0,50.0,1.0,55.6517,0,0.0,16.8604,0
587578.1,0,,83,64,0,50.0,1.0,55.5517,0,0.0,16.8119,0
589578.1,0,,83,64,0,50.0,1.0,55.4517,0,0.0,16.7634,0
591578.1,0,,83,64,0,50.0,1.0,55.3517,0,0.0,16.7149,0
592472.7,0,,83,64,0,50.0,1.0,55.3069,0,0.0,16.6933,0
593578.1,0,,82,64,0,50.0,1.0,55.2517,0,0.0,16.6666,0
594812.0,0,,82,64,0,50.0,1.0,55.19,0,0.0,16.6369,0
595578.1,0,,81,64,0,50.0,1.0,55.1517,0,0.0,16.6185,0
597578.1,0,,81,64,0,50.0,1.0,55.0517,0,0.0,16.5707,0
599578.1,0,,81,64,0,50.0,1.0,54.9517,0,0.0,16.5228,0
601578.1,0,,81,64,0,50.0,1.0,54.8517,0,0.0,16.4749,0
603578.1,0,,81,64,0,50.0,1.0,54.7517,0,0.0,16.427,0
604660.6,0,,81,64,0,50.0,1.0,54.6975,0,0.0,16.4011,0
605578.1,0,,80,64,0,50.0,1.0,54.6517,0,0.0,16.3805,0
607578.1,0,,80,64,0,50.0,1.0,54.5517,0,0.0,16.3355,0
607937.4,0,,80,64,0,50.0,1.0,54.5337,0,0.0,16.3275,0
609578.1,0,,79,64,0,50.0,1.0,54.4517,0,0.0,16.2932,0
611114.1,0,,79,64,0,50.0,1.0,54.3749,0,0.0,16.2612,0
611578.1,0,,78,64,0,50.0,1.0,54.3517,0,0.0,16.2516,0
613578.1,0,,78,64,0,50.0,1.0,54.2517,0,0.0,16.2102,0
615578.1,0,,78,64,0,50.0,1.0,54.1517,0,0.0,16.1688,0
617578.1,0,,78,64,0,50.0,1.0,54.0517,0,0.0,16.1274,0
619578.1,0,,78,64,0,50.0,1.0,53.9517,0,0.0,16.086,0
619997.9,0,,78,64,0,50.0,1.0,53.9307,0,0.0,16.0773,0
621578.1,0,,77,64,0,50.0,1.0,53.8517,0,0.0,16.0448,0
623274.7,0,,77,64,0,50.0,1.0,53.7668,0,0.0,16.0099,0
623578.1,0,,76,64,0,50.0,1.0,53.7517,0,0.0,16.0037,0
625578.1,0,,76,64,0,50.0,1.0,53.6517,0,0.0,15.963,0
627578.1,0,,76,64,0,50.0,1.0,53.5517,0,0.0,15.9222,0
629578.1,0,,76,64,0,50.0,1.0,53.4517,0,0.0,15.8814,0
631578.1,0,,76,64,0,50.0,1.0,53.3517,0,0.0,15.8406,0
633578.1,0,,76,64,0,50.0,1.0,53.2517,0,0.0,15.7998,0
635578.1,0,,76,64,0,50.0,1.0,53.1517,0,0.0,15.759,0
637578.1,0,,76,64,0,50.0,1.0,53.0517,0,0.0,15.7182,0
639578.1,0,,76,64,0,50.0,1.0,52.9517,0,0.0,15.6774,0
641578.1,0,,76,64,0,50.0,1.0,52.8517,0,0.0,15.6366,0
643578.1,0,,76,64,0,50.0,1.0,52.7517,0,0.0,15.5959,0
645578.1,0,,76,64,0,50.0,1.0,52.6517,0,0.0,15.5551,0
646621.9,0,,76,64,0,50.0,1.0,52.5995,0,0.0,15.5338,0
647578.1,0,,75,64,0,50.0,1.0,52.5517,0,0.0,15.5144,0
649578.1,0,,75,64,0,50.0,1.0,52.4517,0,0.0,15.474,0
651578.1,0,,75,64,0,50.0,1.0,52.3517,0,0.0,15.4335,0
653578.1,0,,75,64,0,50.0,1.0,52.2517,0,0.0,15.3931,0
655578.1,0,,75,64,0,50.0,1.0,52.1517,0,0.0,15.3526,0
657578.1,0,,75,64,0,50.0,1.0,52.0517,0,0.0,15.3122,0
659578.1,0,,75,64,0,50.0,1.0,51.9517,0,0.0,15.2718,0
661578.1,0,,75,64,0,50.0,1.0,51.8517,0,0.0,15.2313,0
663578.1,0,,75,64,0,50.0,1.0,51.7517,0,0.0,15.1909,0
665578.1,0,,75,64,0,50.0,1.0,51.6517,0,0.0,15.1504,0
667578.1,0,,75,64,0,50.0,1.0,51.5517,0,0.0,15.11,0
669578.1,0,,75,64,0,50.0,1.0,51.4517,0,0.0,15.0695,0
671578.1,0,,75,64,0,50.0,1.0,51.3517,0,0.0,15.0291,0
673578.1,0,,75,64,0,50.0,1.0,51.2517,0,0.0,14.9886,0
675578.1,0,,75,64,0,50.0,1.0,51.1517,0,0.0,14.9482,0
677578.1,0,,75,64,0,50.0,1.0,51.0517,0,0.0,14.9077,0
679578.1,0,,75,64,0,50.0,1.0,50.9517,0,0.0,14.8673,0
680888.4,0,,75,64,0,50.0,1.0,50.8861,0,0.0,14.8408,0
681578.1,0,,74,63,0,50.0,1.0,50.8517,0,0.0,14.8268,0
681974.9,0,,74,63,0,50.0,1.0,50.8318,0,0.0,14.8188,0
683578.1,0,,73,63,0,50.0,1.0,50.7517,0,0.0,14.7866,0
685578.1,0,,73,63,0,50.0,1.0,50.6517,0,0.0,14.7464,0
687193.9,0,,73,63,0,50.0,1.0,50.5709,0,0.0,14.714,0
687381.6,0,,72,62,0,50.0,1.0,50.5615,0,0.0,14.7102,0
687578.1,0,,71,62,0,50.0,1.0,50.5517,0,0.0,14.7063,0
688874.4,0,,71,62,0,50.0,1.0,50.4868,0,0.0,14.6805,0
689578.1,0,,70,62,0,50.0,1.0,50.4517,0,0.0,14.6677,0
691578.1,0,,70,62,0,50.0,1.0,50.3517,0,0.0,14.6315,0
693578.1,0,,70,62,0,50.0,1.0,50.2517,0,0.0,14.5953,0
695578.1,0,,70,62,0,50.0,1.0,50.1517,0,0.0,14.5591,0
697578.1,0,,70,62,0,50.0,1.0,50.0517,0,0.0,14.5229,0
699578.1,0,,70,62,0,50.0,1.0,49.9517,0,0.0,14.4867,0
701578.1,0,,70,62,0,50.0,1.0,49.8517,0,0.0,14.4505,0
703578.1,0,,70,62,0,50.0,1.0,49.7517,0,0.0,14.4143,0
705578.1,0,,70,62,0,50.0,1.0,49.6517,0,0.0,14.3781,0
707578.1,0,,70,62,0,50.0,1.0,49.5517,0,0.0,14.3419,0
709578.1,0,,70,62,0,50.0,1.0,49.4517,0,0.0,14.3057,0
711578.1,0,,70,62,0,50.0,1.0,49.3517,0,0.0,14.2695,0
713578.1,0,,70,62,0,50.0,1.0,49.2517,0,0.0,14.2333,0
715578.1,0,,70,62,0,50.0,1.0,49.1517,0,0.0,14.1971,0
717578.1,0,,70,62,0,50.0,1.0,49.0517,0,0.0,14.1609,0
719578.1,0,,70,62,0,50.0,1.0,48.9517,0,0.0,14.1247,0
721578.1,0,,70,62,0,50.0,1.0,48.8517,0,0.0,14.0885,0
723578.1,0,,70,62,0,50.0,1.0,48.7517,0,0.0,14.0523,0
725578.1,0,,70,62,0,50.0,1.0,48.6517,0,0.0,14.0161,0
727578.1,0,,70,62,0,50.0,1.0,48.5517,0,0.0,13.9798,0
729578.1,0,,70,62,0,50.0,1.0,48.4517,0,0.0,13.9436,0
731578.1,0,,70,62,0,50.0,1.0,48.3517,0,0.0,13.9074,0
733578.1,0,,70,62,0,50.0,1.0,48.2517,0,0.0,13.8712,0
735578.1,0,,70,62,0,50.0,1.0,48.1517,0,0.0,13.835,0
737578.1,0,,70,62,0,50.0,1.0,48.0517,0,0.0,13.7988,0
739578.1,0,,70,62,0,50.0,1.0,47.9517,0,0.0,13.7626,0
740755.7,0,,70,62,0,50.0,1.0,47.8928,0,0.0,13.7413,0
741578.1,0,,68,62,0,50.0,1.0,47.8517,0,0.0,13.7268,0
743578.1,0,,68,62,0,50.0,1.0,47.7517,0,0.0,13.6914,0
745578.1,0,,68,62,0,50.0,1.0,47.6517,0,0.0,13.656,0
747578.1,0,,68,62,0,50.0,1.0,47.5517,0,0.0,13.6206,0
749578.1,0,,68,62,0,50.0,1.0,47.4517,0,0.0,13.5852,0
751578.1,0,,68,62,0,50.0,1.0,47.3517,0,0.0,13.5498,0
753578.1,0,,68,62,0,50.0,1.0,47.2517,0,0.0,13.5144,0
755211.4,0,,68,62,0,50.0,1.0,47.17,0,0.0,13.4855,0
755578.1,0,,67,62,0,50.0,1.0,47.1517,0,0.0,13.479,0
757578.1,0,,67,62,0,50.0,1.0,47.0517,0,0.0,13.444,0
759578.1,0,,67,62,0,50.0,1.0,46.9517,0,0.0,13.4089,0
761578.1,0,,67,62,0,50.0,1.0,46.8517,0,0.0,13.3739,0
763578.1,0,,67,62,0,50.0,1.0,46.7517,0,0.0,13.3388,0
765578.1,0,,67,62,0,50.0,1.0,46.6517,0,0.0,13.3038,0
767578.1,0,,67,62,0,50.0,1.0,46.5517,0,0.0,13.2687,0
769578.1,0,,67,62,0,50.0,1.0,46.4517,0,0.0,13.2337,0
771578.1,0,,67,62,0,50.0,1.0,46.3517,0,0.0,13.1986,0
773578.1,0,,67,62,0,50.0,1.0,46.2517,0,0.0,13.1635,0
775578.1,0,,67,62,0,50.0,1.0,46.1517,0,0.0,13.1285,0
777578.1,0,,67,62,0,50.0,1.0,46.0517,0,0.0,13.0934,0
779578.1,0,,67,62,0,50.0,1.0,45.9517,0,0.0,13.0584,0
781578.1,0,,67,62,0,50.0,1.0,45.8517,0,0.0,13.0233,0
783578.1,0,,67,62,0,50.0,1.0,45.7517,0,0.0,12.9883,0
785578.1,0,,67,62,0,50.0,1.0,45.6517,0,0.0,12.9532,0
787578.1,0,,67,62,0,50.0,1.0,45.5517,0,0.0,12.9182,0
789144.5,0,,67,62,0,50.0,1.0,45.4733,0,0.0,12.8907,0
789578.1,0,,66,62,0,50.0,1.0,45.4517,0,0.0,12.884,0
790027.4,0,,66,62,0,50.0,1.0,45.4292,0,0.0,12.8771,0
791578.1,0,,65,62,0,50.0,1.0,45.3517,0,0.0,12.8534,0
793578.1,0,,65,62,0,50.0,1.0,45.2517,0,0.0,12.8229,0
795578.1,0,,65,62,0,50.0,1.0,45.1517,0,0.0,12.7924,0
797578.1,0,,65,62,0,50.0,1.0,45.0517,0,0.0,12.7619,0
799578.1,0,,65,62,0,50.0,1.0,44.9517,0,0.0,12.7314,0
801578.1,0,,65,62,0,50.0,1.0,44.8517,0,0.0,12.7009,0
803578.1,0,,65,62,0,50.0,1.0,44.7517,0,0.0,12.6704,0
805578.1,0,,65,62,0,50.0,1.0,44.6517,0,0.0,12.6399,0
807578.1,0,,65,62,0,50.0,1.0,44.5517,0,0.0,12.6094,0
809578.1,0,,65,62,0,50.0,1.0,44.4517,0,0.0,12.579,0
811578.1,0,,65,62,0,50.0,1.0,44.3517,0,0.0,12.5485,0
813578.1,0,,65,62,0,50.0,1.0,44.2517,0,0.0,12.518,0
815578.1,0,,65,62,0,50.0,1.0,44.1517,0,0.0,12.4875,0
817578.1,0,,65,62,0,50.0,1.0,44.0517,0,0.0,12.457,0
819578.1,0,,65,62,0,50.0,1.0,43.9517,0,0.0,12.4265,0
821578.1,0,,65,62,0,50.0,1.0,43.8517,0,0.0,12.396,0
823578.1,0,,65,62,0,50.0,1.0,43.7517,0,0.0,12.3655,0
825578.1,0,,65,62,0,50.0,1.0,43.6517,0,0.0,12.335,0
827578.1,0,,65,62,0,50.0,1.0,43.5517,0,0.0,12.3045,0
829578.1,0,,65,62,0,50.0,1.0,43.4517,0,0.0,12.274,0
831578.1,0,,65,62,0,50.0,1.0,43.3517,0,0.0,12.2435,0
833578.1,0,,65,62,0,50.0,1.0,43.2517,0,0.0,12.213,0
835578.1,0,,65,62,0,50.0,1.0,43.1517,0,0.0,12.1825,0
837578.1,0,,65,62,0,50.0,1.0,43.0517,0,0.0,12.152,0
839317.9,0,,65,62,0,50.0,1.0,42.9647,0,0.0,12.1255,0
839578.1,0,,64,61,0,50.0,1.0,42.9517,0,0.0,12.1215,0
841578.1,0,,64,61,0,50.0,1.0,42.8517,0,0.0,12.0909,0
843578.1,0,,64,61,0,50.0,1.0,42.7517,0,0.0,12.0604,0
845578.1,0,,64,61,0,50.0,1.0,42.6517,0,0.0,12.0298,0
845870.9,0,,64,61,0,50.0,1.0,42.637,0,0.0,12.0254,0
847578.1,0,,63,61,0,50.0,1.0,42.5517,0,0.0,11.9996,0
849578.1,0,,63,61,0,50.0,1.0,42.4517,0,0.0,11.9694,0
851578.1,0,,63,61,0,50.0,1.0,42.3517,0,0.0,11.9393,0
853578.1,0,,63,61,0,50.0,1.0,42.2517,0,0.0,11.9091,0
855578.1,0,,63,61,0,50.0,1.0,42.1517,0,0.0,11.8789,0
857326.0,0,,63,61,0,50.0,1.0,42.0643,0,0.0,11.8525,0
857578.1,0,,62,60,0,50.0,1.0,42.0517,0,0.0,11.8487,0
859578.1,0,,62,60,0,50.0,1.0,41.9517,0,0.0,11.8186,0
861578.1,0,,62,60,0,50.0,1.0,41.8517,0,0.0,11.7884,0
863578.1,0,,62,60,0,50.0,1.0,41.7517,0,0.0,11.7582,0
865578.1,0,,62,60,0,50.0,1.0,41.6517,0,0.0,11.7281,0
867132.3,0,,62,60,0,50.0,1.0,41.5739,0,0.0,11.7046,0
867578.1,0,,61,60,0,50.0,1.0,41.5517,0,0.0,11.6989,0
869578.1,0,,61,60,0,50.0,1.0,41.4517,0,0.0,11.6735,0
871578.1,0,,61,60,0,50.0,1.0,41.3517,0,0.0,11.6481,0
873578.1,0,,61,60,0,50.0,1.0,41.2517,0,0.0,11.6227,0
875578.1,0,,61,60,0,50.0,1.0,41.1517,0,0.0,11.5972,0
877578.1,0,,61,60,0,50.0,1.0,41.0517,0,0.0,11.5718,0
879578.1,0,,61,60,0,50.0,1.0,40.9517,0,0.0,11.5464,0
881578.1,0,,61,60,0,50.0,1.0,40.8517,0,0.0,11.521,0
883578.1,0,,61,60,0,50.0,1.0,40.7517,0,0.0,11.4955,0
885578.1,0,,61,60,0,50.0,1.0,40.6517,0,0.0,11.4701,0
887578.1,0,,61,60,0,50.0,1.0,40.5517,0,0.0,11.4447,0
889578.1,0,,61,60,0,50.0,1.0,40.4517,0,0.0,11.4193,0
891578.1,0,,61,60,0,50.0,1.0,40.3517,0,0.0,11.3939,0
893578.1,0,,61,60,0,50.0,1.0,40.2517,0,0.0,11.3684,0
895578.1,0,,61,60,0,50.0,1.0,40.1517,0,0.0,11.343,0
897578.1,0,,61,60,0,50.0,1.0,40.0517,0,0.0,11.3176,0
899578.1,0,,61,60,0,50.0,1.0,39.9517,0,0.0,11.2922,0
901578.1,0,,61,60,0,50.0,1.0,39.8517,0,0.0,11.2667,0
903578.1,0,,61,60,0,50.0,1.0,39.7517,0,0.0,11.2413,0
905578.1,0,,61,60,0,50.0,1.0,39.6517,0,0.0,11.2159,0
907578.1,0,,61,60,0,50.0,1.0,39.5517,0,0.0,11.1905,0
909578.1,0,,61,60,0,50.0,1.0,39.4517,0,0.0,11.165,0
911578.1,0,,61,60,0,50.0,1.0,39.3517,0,0.0,11.1396,0
913578.1,0,,61,60,0,50.0,1.0,39.2517,0,0.0,11.1142,0
915578.1,0,,61,60,0,50.0,1.0,39.1517,0,0.0,11.0888,0
917578.1,0,,61,60,0,50.0,1.0,39.0517,0,0.0,11.0633,0
919578.1,0,,61,60,0,50.0,1.0,38.9517,0,0.0,11.0379,0
921578.1,0,,61,60,0,50.0,1.0,38.8517,0,0.0,11.0125,0
923578.1,0,,61,60,0,50.0,1.0,38.7517,0,0.0,10.9871,0
925578.1,0,,61,60,0,50.0,1.0,38.6517,0,0.0,10.9616,0
927578.1,0,,61,60,0,50.0,1.0,38.5517,0,0.0,10.9362,0
929578.1,0,,61,60,0,50.0,1.0,38.4517,0,0.0,10.9108,0
931578.1,0,,61,60,0,50.0,1.0,38.3517,0,0.0,10.8854,0
933578.1,0,,61,60,0,50.0,1.0,38.2517,0,0.0,10.86,0
935578.1,0,,61,60,0,50.0,1.0,38.1517,0,0.0,10.8345,0
937578.1,0,,61,60,0,50.0,1.0,38.0517,0,0.0,10.8091,0
939578.1,0,,61,60,0,50.0,1.0,37.9517,0,0.0,10.7837,0
941578.1,0,,61,60,0,50.0,1.0,37.8517,0,0.0,10.7583,0
943578.1,0,,61,60,0,50.0,1.0,37.7517,0,0.0,10.7328,0
945578.1,0,,61,60,0,50.0,1.0,37.6517,0,0.0,10.7074,0
947578.1,0,,61,60,0,50.0,1.0,37.5517,0,0.0,10.682,0
949578.1,0,,61,60,0,50.0,1.0,37.4517,0,0.0,10.6566,0
951578.1,0,,61,60,0,50.0,1.0,37.3517,0,0.0,10.6311,0
953578.1,0,,61,60,0,50.0,1.0,37.2517,0,0.0,10.6057,0
955578.1,0,,61,60,0,50.0,1.0,37.1517,0,0.0,10.5803,0
957578.1,0,,61,60,0,50.0,1.0,37.0517,0,0.0,10.5549,0
959578.1,0,,61,60,0,50.0,1.0,36.9517,0,0.0,10.5294,0
961578.1,0,,61,60,0,50.0,1.0,36.8517,0,0.0,10.504,0
963578.1,0,,61,60,0,50.0,1.0,36.7517,0,0.0,10.4786,0
965578.1,0,,61,60,0,50.0,1.0,36.6517,0,0.0,10.4532,0
967578.1,0,,61,60,0,50.0,1.0,36.5517,0,0.0,10.4277,0
969578.1,0,,61,60,0,50.0,1.0,36.4517,0,0.0,10.4023,0
971578.1,0,,61,60,0,50.0,1.0,36.3517,0,0.0,10.3769,0
973578.1,0,,61,60,0,50.0,1.0,36.2517,0,0.0,10.3515,0
975578.1,0,,61,60,0,50.0,1.0,36.1517,0,0.0,10.3261,0
977355.9,0,,61,60,0,50.0,1.0,36.0628,0,0.0,10.3035,0
977578.1,0,,60,59,0,50.0,1.0,36.0517,0,0.0,10.3006,0
979578.1,0,,60,59,0,50.0,1.0,35.9517,0,0.0,10.2752,0
981578.1,0,,60,59,0,50.0,1.0,35.8517,0,0.0,10.2498,0
983578.1,0,,60,59,0,50.0,1.0,35.7517,0,0.0,10.2244,0
985578.1,0,,60,59,0,50.0,1.0,35.6517,0,0.0,10.1989,0
987578.1,0,,60,59,0,50.0,1.0,35.5517,0,0.0,10.1735,0
989578.1,0,,60,59,0,50.0,1.0,35.4517,0,0.0,10.1481,0
991578.1,0,,60,59,0,50.0,1.0,35.3517,0,0.0,10.1227,0
993578.1,0,,60,59,0,50.0,1.0,35.2517,0,0.0,10.0972,0
995578.1,0,,60,59,0,50.0,1.0,35.1517,0,0.0,10.0718,0
997578.1,0,,60,59,0,50.0,1.0,35.0517,0,0.0,10.0464,0
999578.1,0,,60,59,0,50.0,1.0,34.9517,0,0.0,10.021,0
1001578.1,0,,60,59,0,50.0,1.0,34.8517,0,0.0,9.9955,0
1003578.1,0,,60,59,0,50.0,1.0,34.7517,0,0.0,9.9701,0
1005578.1,0,,60,59,0,50.0,1.0,34.6517,0,0.0,9.9447,0
1007578.1,0,,60,59,0,50.0,1.0,34.5517,0,0.0,9.9193,0
1009578.1,0,,60,59,0,50.0,1.0,34.4517,0,0.0,9.8939,0
1011578.1,0,,60,59,0,50.0,1.0,34.3517,0,0.0,9.8684,0
1013578.1,0,,60,59,0,50.0,1.0,34.2517,0,0.0,9.843,0
1014216.5,0,,60,59,0,50.0,1.0,34.2197,0,0.0,9.8349,0
1015578.1,0,,59,59,0,50.0,1.0,34.1517,0,0.0,9.8179,0
1017578.1,0,,59,59,0,50.0,1.0,34.0517,0,0.0,9.7929,0
1019578.1,0,,59,59,0,50.0,1.0,33.9517,0,0.0,9.7679,0
1021129.2,0,,59,59,0,50.0,1.0,33.8741,0,0.0,9.7485,0
1021578.1,0,,58,58,0,50.0,1.0,33.8517,0,0.0,9.7429,0
1023578.1,0,,58,58,0,50.0,1.0,33.7517,0,0.0,9.7179,0
1025578.1,0,,58,58,0,50.0,1.0,33.6517,0,0.0,9.6929,0
1027578.1,0,,58,58,0,50.0,1.0,33.5517,0,0.0,9.6679,0
1029578.1,0,,58,58,0,50.0,1.0,33.4517,0,0.0,9.6429,0
1031578.1,0,,58,58,0,50.0,1.0,33.3517,0,0.0,9.6179,0
1033578.1,0,,58,58,0,50.0,1.0,33.2517,0,0.0,9.5929,0
1035578.1,0,,58,58,0,50.0,1.0,33.1517,0,0.0,9.5679,0
1037578.1,0,,58,58,0,50.0,1.0,33.0517,0,0.0,9.5429,0
1039578.1,0,,58,58,0,50.0,1.0,32.9517,0,0.0,9.5179,0
1041578.1,0,,58,58,0,50.0,1.0,32.8517,0,0.0,9.4929,0
1043578.1,0,,58,58,0,50.0,1.0,32.7517,0,0.0,9.4679,0
1045578.1,0,,58,58,0,50.0,1.0,32.6517,0,0.0,9.4429,0
1047578.1,0,,58,58,0,50.0,1.0,32.5517,0,0.0,9.4179,0
1049578.1,0,,58,58,0,50.0,1.0,32.4517,0,0.0,9.3929,0
1051578.1,0,,58,58,0,50.0,1.0,32.3517,0,0.0,9.3679,0
1053578.1,0,,58,58,0,50.0,1.0,32.2517,0,0.0,9.3429,0
1055578.1,0,,58,58,0,50.0,1.0,32.1517,0,0.0,9.3179,0
1057578.1,0,,58,58,0,50.0,1.0,32.0517,0,0.0,9.2929,0
1059578.1,0,,58,58,0,50.0,1.0,31.9517,0,0.0,9.2679,0
1061578.1,0,,58,58,0,50.0,1.0,31.8517,0,0.0,9.2429,0
1063578.1,0,,58,58,0,50.0,1.0,31.7517,0,0.0,9.2179,0
1065578.1,0,,58,58,0,50.0,1.0,31.6517,0,0.0,9.1929,0
1067578.1,0,,58,58,0,50.0,1.0,31.5517,0,0.0,9.1679,0
1069578.1,0,,58,58,0,50.0,1.0,31.4517,0,0.0,9.1429,0
1071578.1,0,,58,58,0,50.0,1.0,31.3517,0,0.0,9.1179,0
1073578.1,0,,58,58,0,50.0,1.0,31.2517,0,0.0,9.0929,0
1075578.1,0,,58,58,0,50.0,1.0,31.1517,0,0.0,9.0679,0
1077578.1,0,,58,58,0,50.0,1.0,31.0517,0,0.0,9.0429,0
1079578.1,0,,58,58,0,50.0,1.0,30.9517,0,0.0,9.0179,0
1081578.1,0,,58,58,0,50.0,1.0,30.8517,0,0.0,8.9929,0
1083578.1,0,,58,58,0,50.0,1.0,30.7517,0,0.0,8.9679,0
1085578.1,0,,58,58,0,50.0,1.0,30.6517,0,0.0,8.9429,0
1087578.1,0,,58,58,0,50.0,1.0,30.5517,0,0.0,8.9179,0
1089578.1,0,,58,58,0,50.0,1.0,30.4517,0,0.0,8.8929,0
1091578.1,0,,58,58,0,50.0,1.0,30.3517,0,0.0,8.8679,0
1093578.1,0,,58,58,0,50.0,1.0,30.2517,0,0.0,8.8429,0
1095578.1,0,,58,58,0,50.0,1.0,30.1517,0,0.0,8.8179,0
1097578.1,0,,58,58,0,50.0,1.0,30.0517,0,0.0,8.7929,0
1099578.1,0,,58,58,0,50.0,1.0,29.9517,0,0.0,8.7679,0
1101578.1,0,,58,58,0,50.0,1.0,29.8517,0,0.0,8.7429,0
1103578.1,0,,58,58,0,50.0,1.0,29.7517,0,0.0,8.7179,0
1105578.1,0,,58,58,0,50.0,1.0,29.6517,0,0.0,8.6929,0
1107578.1,0,,58,58,0,50.0,1.0,29.5517,0,0.0,8.6679,0
1109578.1,0,,58,58,0,50.0,1.0,29.4517,0,0.0,8.6429,0
1111578.1,0,,58,58,0,50.0,1.0,29.3517,0,0.0,8.6179,0
1113578.1,0,,58,58,0,50.0,1.0,29.2517,0,0.0,8.5929,0
1115578.1,0,,58,58,0,50.0,1.0,29.1517,0,0.0,8.5679,0
1117578.1,0,,58,58,0,50.0,1.0,29.0517,0,0.0,8.5429,0
1119578.1,0,,58,58,0,50.0,1.0,28.9517,0,0.0,8.5179,0
1121578.1,0,,58,58,0,50.0,1.0,28.8517,0,0.0,8.4929,0
1123578.1,0,,58,58,0,50.0,1.0,28.7517,0,0.0,8.4679,0
1125578.1,0,,58,58,0,50.0,1.0,28.6517,0,0.0,8.4429,0
1127578.1,0,,58,58,0,50.0,1.0,28.5517,0,0.0,8.4179,0
1129578.1,0,,58,58,0,50.0,1.0,28.4517,0,0.0,8.3929,0
1131578.1,0,,58,58,0,50.0,1.0,28.3517,0,0.0,8.3679,0
1133578.1,0,,58,58,0,50.0,1.0,28.2517,0,0.0,8.3429,0
1135578.1,0,,58,58,0,50.0,1.0,28.1517,0,0.0,8.3179,0
1137578.1,0,,58,58,0,50.0,1.0,28.0517,0,0.0,8.2929,0
1139578.1,0,,58,58,0,50.0,1.0,27.9517,0,0.0,8.2679,0
1141578.1,0,,58,58,0,50.0,1.0,27.8517,0,0.0,8.2429,0
1143578.1,0,,58,58,0,50.0,1.0,27.7517,0,0.0,8.2179,0
1145578.1,0,,58,58,0,50.0,1.0,27.6517,0,0.0,8.1929,0
1147578.1,0,,58,58,0,50.0,1.0,27.5517,0,0.0,8.1679,0
1149578.1,0,,58,58,0,50.0,1.0,27.4517,0,0.0,8.1429,0
1151578.1,0,,58,58,0,50.0,1.0,27.3517,0,0.0,8.1179,0
1153578.1,0,,58,58,0,50.0,1.0,27.2517,0,0.0,8.0929,0
1155578.1,0,,58,58,0,50.0,1.0,27.1517,0,0.0,8.0679,0
1157578.1,0,,58,58,0,50.0,1.0,27.0517,0,0.0,8.0429,0
1159578.1,0,,58,58,0,50.0,1.0,26.9517,0,0.0,8.0179,0
1161578.1,0,,58,58,0,50.0,1.0,26.8517,0,0.0,7.9929,0
1163578.1,0,,58,58,0,50.0,1.0,26.7517,0,0.0,7.9679,0
1165578.1,0,,58,58,0,50.0,1.0,26.6517,0,0.0,7.9429,0
1167578.1,0,,58,58,0,50.0,1.0,26.5517,0,0.0,7.9179,0
1169240.8,0,,58,58,0,50.0,1.0,26.4685,0,0.0,7.8971,0
1169578.1,0,,57,57,0,50.0,1.0,26.4517,0,0.0,7.8929,0
1171578.1,0,,57,57,0,50.0,1.0,26.3517,0,0.0,7.8679,0
1173578.1,0,,57,57,0,50.0,1.0,26.2517,0,0.0,7.8429,0
1175578.1,0,,57,57,0,50.0,1.0,26.1517,0,0.0,7.8179,0
1177578.1,0,,57,57,0,50.0,1.0,26.0517,0,0.0,7.7929,0
1179578.1,0,,57,57,0,50.0,1.0,25.9517,0,0.0,7.7679,0
1181578.1,0,,57,57,0,50.0,1.0,25.8517,0,0.0,7.7429,0
1183169.6,0,,57,57,0,50.0,1.0,25.7721,0,0.0,7.723,0
1183578.1,0,,56,56,0,50.0,1.0,25.7517,0,0.0,7.7179,0
1184816.9,0,,56,56,0,50.0,1.0,25.6897,0,0.0,7.7024,0
1185578.1,0,,55,55,0,50.0,1.0,25.6517,0,0.0,7.6929,0
1187578.1,0,,55,55,0,50.0,1.0,25.5517,0,0.0,7.6679,0
1189578.1,0,,55,55,0,50.0,1.0,25.4517,0,0.0,7.6429,0
1191578.1,0,,55,55,0,50.0,1.0,25.3517,0,0.0,7.6179,0
1192344.6,0,,55,55,0,50.0,1.0,25.3133,0,0.0,7.6083,0
1193578.1,0,,54,54,0,50.0,1.0,25.2517,0,0.0,7.5929,0
1195578.1,0,,54,54,0,50.0,1.0,25.1517,0,0.0,7.5679,0
1197578.1,0,,54,54,0,50.0,1.0,25.0517,0,0.0,7.5429,0
1199578.1,0,,54,54,0,50.0,1.0,24.9517,0,0.0,7.5179,0
1201578.1,0,,54,54,0,50.0,1.0,24.8517,0,0.0,7.4929,0
1203578.1,0,,54,54,0,50.0,1.0,24.7517,0,0.0,7.4679,0
1205578.1,0,,54,54,0,50.0,1.0,24.6517,0,0.0,7.4429,0
1207578.1,0,,54,54,0,50.0,1.0,24.5517,0,0.0,7.4179,0
1209578.1,0,,54,54,0,50.0,1.0,24.4517,0,0.0,7.3929,0
1210376.0,0,,54,54,0,50.0,1.0,24.4118,0,0.0,7.3829,0
1211578.1,0,,53,53,0,50.0,1.0,24.3517,0,0.0,7.3679,0
1213578.1,0,,53,53,0,50.0,1.0,24.2517,0,0.0,7.3429,0
1215578.1,0,,53,53,0,50.0,1.0,24.1517,0,0.0,7.3179,0
1217578.1,0,,53,53,0,50.0,1.0,24.0517,0,0.0,7.2929,0
1219578.1,0,,53,53,0,50.0,1.0,23.9517,0,0.0,7.2679,0
1221578.1,0,,53,53,0,50.0,1.0,23.8517,0,0.0,7.2429,0
1223578.1,0,,53,53,0,50.0,1.0,23.7517,0,0.0,7.2179,0
1225578.1,0,,53,53,0,50.0,1.0,23.6517,0,0.0,7.1929,0
1227578.1,0,,53,53,0,50.0,1.0,23.5517,0,0.0,7.1679,0
1229578.1,0,,53,53,0,50.0,1.0,23.4517,0,0.0,7.1429,0
1231578.1,0,,53,53,0,50.0,1.0,23.3517,0,0.0,7.1179,0
1233578.1,0,,53,53,0,50.0,1.0,23.2517,0,0.0,7.0929,0
1235578.1,0,,53,53,0,50.0,1.0,23.1517,0,0.0,7.0679,0
1237578.1,0,,53,53,0,50.0,1.0,23.0517,0,0.0,7.0429,0
1239578.1,0,,53,53,0,50.0,1.0,22.9517,0,0.0,7.0179,0
1241578.1,0,,53,53,0,50.0,1.0,22.8517,0,0.0,6.9929,0
1242313.2,0,,53,53,0,50.0,1.0,22.8149,0,0.0,6.9837,0
1243578.1,0,,52,52,0,50.0,1.0,22.7517,0,0.0,6.9679,0
1245578.1,0,,52,52,0,50.0,1.0,22.6517,0,0.0,6.9429,0
1247578.1,0,,52,52,0,50.0,1.0,22.5517,0,0.0,6.9179,0
1249578.1,0,,52,52,0,50.0,1.0,22.4517,0,0.0,6.8929,0
1251578.1,0,,52,52,0,50.0,1.0,22.3517,0,0.0,6.8679,0
1253578.1,0,,52,52,0,50.0,1.0,22.2517,0,0.0,6.8429,0
1255578.1,0,,52,52,0,50.0,1.0,22.1517,0,0.0,6.8179,0
1256075.7,0,,52,52,0,50.0,1.0,22.1268,0,0.0,6.8116,0
1257578.1,0,,51,51,0,50.0,1.0,22.0517,0,0.0,6.7929,0
1259578.1,0,,51,51,0,50.0,1.0,21.9517,0,0.0,6.7679,0
1261578.1,0,,51,51,0,50.0,1.0,21.8517,0,0.0,6.7429,0
1263578.1,0,,51,51,0,50.0,1.0,21.7517,0,0.0,6.7179,0
1265578.1,0,,51,51,0,50.0,1.0,21.6517,0,0.0,6.6929,0
1267578.1,0,,51,51,0,50.0,1.0,21.5517,0,0.0,6.6679,0
1269578.1,0,,51,51,0,50.0,1.0,21.4517,0,0.0,6.6429,0
1271578.1,0,,51,51,0,50.0,1.0,21.3517,0,0.0,6.6179,0
1273578.1,0,,51,51,0,50.0,1.0,21.2517,0,0.0,6.5929,0
1275578.1,0,,51,51,0,50.0,1.0,21.1517,0,0.0,6.5679,0
1277541.4,0,,51,51,0,50.0,1.0,21.0535,0,0.0,6.5433,0
1277578.1,0,,50,50,0,50.0,1.0,21.0517,0,0.0,6.5429,0
1279578.1,0,,50,50,0,50.0,1.0,20.9517,0,0.0,6.5179,0
1281578.1,0,,50,50,0,50.0,1.0,20.8517,0,0.0,6.4929,0
1283578.1,0,,50,50,0,50.0,1.0,20.7517,0,0.0,6.4679,0
1285578.1,0,,50,50,0,50.0,1.0,20.6517,0,0.0,6.4429,0
1287578.1,0,,50,50,0,50.0,1.0,20.5517,0,0.0,6.4179,0
1289578.1,0,,50,50,0,50.0,1.0,20.4517,0,0.0,6.3929,0
1291578.1,0,,50,50,0,50.0,1.0,20.3517,0,0.0,6.3679,0
1293578.1,0,,50,50,0,50.0,1.0,20.2517,0,0.0,6.3429,0
1295578.1,0,,50,50,0,50.0,1.0,20.1517,0,0.0,6.3179,0
1297578.1,0,,50,50,0,50.0,1.0,20.0517,0,0.0,6.2929,0
1298674.1,0,,50,50,0,50.0,1.0,19.9969,0,0.0,6.2792,0
1299578.1,0,,49,49,0,50.0,1.0,19.9517,0,0.0,6.2679,0
1301578.1,0,,49,49,0,50.0,1.0,19.8517,0,0.0,6.2429,0
1303578.1,0,,49,49,0,50.0,1.0,19.7517,0,0.0,6.2179,0
1305578.1,0,,49,49,0,50.0,1.0,19.6517,0,0.0,6.1929,0
1307578.1,0,,49,49,0,50.0,1.0,19.5517,0,0.0,6.1679,0
1309578.1,0,,49,49,0,50.0,1.0,19.4517,0,0.0,6.1429,0
1311578.1,0,,49,49,0,50.0,1.0,19.3517,0,0.0,6.1179,0
1313578.1,0,,49,49,0,50.0,1.0,19.2517,0,0.0,6.0929,0
1315578.1,0,,49,49,0,50.0,1.0,19.1517,0,0.0,6.0679,0
1317578.1,0,,49,49,0,50.0,1.0,19.0517,0,0.0,6.0429,0
1319578.1,0,,49,49,0,50.0,1.0,18.9517,0,0.0,6.0179,0
1321578.1,0,,49,49,0,50.0,1.0,18.8517,0,0.0,5.9929,0
1322267.1,0,,49,49,0,50.0,1.0,18.8172,0,0.0,5.9843,0
1323578.1,0,,48,48,0,50.0,1.0,18.7517,0,0.0,5.9679,0
1325578.1,0,,48,48,0,50.0,1.0,18.6517,0,0.0,5.9429,0
1327578.1,0,,48,48,0,50.0,1.0,18.5517,0,0.0,5.9179,0
1328659.5,0,,48,48,0,50.0,1.0,18.4976,0,0.0,5.9044,0
1329578.1,0,,47,47,0,50.0,1.0,18.4517,0,0.0,5.8929,0
1331578.1,0,,47,47,0,50.0,1.0,18.3517,0,0.0,5.8679,0
1333578.1,0,,47,47,0,50.0,1.0,18.2517,0,0.0,5.8429,0
1335578.1,0,,47,47,0,50.0,1.0,18.1517,0,0.0,5.8179,0
1337578.1,0,,47,47,0,50.0,1.0,18.0517,0,0.0,5.7929,0
1339578.1,0,,47,47,0,50.0,1.0,17.9517,0,0.0,5.7679,0
1341578.1,0,,47,47,0,50.0,1.0,17.8517,0,0.0,5.7429,0
1343578.1,0,,47,47,0,50.0,1.0,17.7517,0,0.0,5.7179,0
1345578.1,0,,47,47,0,50.0,1.0,17.6517,0,0.0,5.6929,0
1347498.5,0,,47,47,0,50.0,1.0,17.5556,0,0.0,5.6689,0
1347578.1,0,,46,46,0,50.0,1.0,17.5517,0,0.0,5.6679,0
1348001.6,0,,46,46,0,50.0,1.0,17.5305,0,0.0,5.6626,0
1349578.1,0,,45,45,0,50.0,1.0,17.4517,0,0.0,5.6429,0
1350286.4,0,,45,45,0,50.0,1.0,17.4162,0,0.0,5.634,0
1351578.1,0,,44,44,0,50.0,1.0,17.3517,0,0.0,5.6179,0
1353578.1,0,,44,44,0,50.0,1.0,17.2517,0,0.0,5.5929,0
1355210.5,0,,44,44,0,50.0,1.0,17.17,0,0.0,5.5725,0
1355578.1,0,,43,43,0,50.0,1.0,17.1517,0,0.0,5.5679,0
1357578.1,0,,43,43,0,50.0,1.0,17.0517,0,0.0,5.5429,0
1359578.1,0,,43,43,0,50.0,1.0,16.9517,0,0.0,5.5179,0
1361578.1,0,,43,43,0,50.0,1.0,16.8517,0,0.0,5.4929,0
1363578.1,0,,43,43,0,50.0,1.0,16.7517,0,0.0,5.4679,0
1365040.9,0,,43,43,0,50.0,1.0,16.6785,0,0.0,5.4496,0
1365578.1,0,,42,42,0,50.0,1.0,16.6517,0,0.0,5.4429,0
1367578.1,0,,42,42,0,50.0,1.0,16.5517,0,0.0,5.4179,0
1369453.3,0,,42,42,0,50.0,1.0,16.4579,0,0.0,5.3944,0
1369578.1,0,,41,41,0,50.0,1.0,16.4517,0,0.0,5.3929,0
1371578.1,0,,41,41,0,50.0,1.0,16.3517,0,0.0,5.3679,0
1373578.1,0,,41,41,0,50.0,1.0,16.2517,0,0.0,5.3429,0
1375578.1,0,,41,41,0,50.0,1.0,16.1517,0,0.0,5.3179,0
1377317.6,0,,41,41,0,50.0,1.0,16.0647,0,0.0,5.2961,0
1377578.1,0,,40,40,0,50.0,1.0,16.0517,0,0.0,5.2929,0
1379578.1,0,,40,40,0,50.0,1.0,15.9517,0,0.0,5.2679,0
1381578.1,0,,40,40,0,50.0,1.0,15.8517,0,0.0,5.2429,0
1383578.1,0,,40,40,0,50.0,1.0,15.7517,0,0.0,5.2179,0
1385578.1,0,,40,40,0,50.0,1.0,15.6517,0,0.0,5.1929,0
1387578.1,0,,40,40,0,50.0,1.0,15.5517,0,0.0,5.1679,0
1389578.1,0,,40,40,0,50.0,1.0,15.4517,0,0.0,5.1429,0
1391578.1,0,,40,40,0,50.0,1.0,15.3517,0,0.0,5.1179,0
1391583.0,0,,40,40,0,50.0,1.0,15.3514,0,0.0,5.1178,0
1393578.1,0,,39,39,0,50.0,1.0,15.2517,0,0.0,5.0929,0
1395578.1,0,,39,39,0,50.0,1.0,15.1517,0,0.0,5.0679,0
1397578.1,0,,39,39,0,50.0,1.0,15.0517,0,0.0,5.0429,0
1399447.3,0,,39,39,0,50.0,1.0,14.9582,0,0.0,5.0195,0
1399578.1,0,,38,38,0,50.0,1.0,14.9517,0,0.0,5.0179,0
1401578.1,0,,38,38,0,50.0,1.0,14.8517,0,0.0,4.9929,0
1403578.1,0,,38,38,0,50.0,1.0,14.7517,0,0.0,4.9679,0
1405578.1,0,,38,38,0,50.0,1.0,14.6517,0,0.0,4.9429,0
1407578.1,0,,38,38,0,50.0,1.0,14.5517,0,0.0,4.9179,0
1409578.1,0,,38,38,0,50.0,1.0,14.4517,0,0.0,4.8929,0
1409757.9,0,,38,38,0,50.0,1.0,14.4427,0,0.0,4.8906,0
1411578.1,0,,37,37,0,50.0,1.0,14.3517,0,0.0,4.8679,0
1413578.1,0,,37,37,0,50.0,1.0,14.2517,0,0.0,4.8429,0
1415578.1,0,,37,37,0,50.0,1.0,14.1517,0,0.0,4.8179,0
1417578.1,0,,37,37,0,50.0,1.0,14.0517,0,0.0,4.7929,0
1417797.4,0,,37,37,0,50.0,1.0,14.0407,0,0.0,4.7901,0
1419578.1,0,,36,36,0,50.0,1.0,13.9517,0,0.0,4.7679,0
1421578.1,0,,36,36,0,50.0,1.0,13.8517,0,0.0,4.7429,0
1423578.1,0,,36,36,0,50.0,1.0,13.7517,0,0.0,4.7179,0
1425578.1,0,,36,36,0,50.0,1.0,13.6517,0,0.0,4.6929,0
1427578.1,0,,36,36,0,50.0,1.0,13.5517,0,0.0,4.6679,0
1428929.6,0,,36,36,0,50.0,1.0,13.4841,0,0.0,4.651,0
1429578.1,0,,34,34,0,50.0,1.0,13.4517,0,0.0,4.6429,0
1431578.1,0,,34,34,0,50.0,1.0,13.3517,0,0.0,4.6179,0
1433578.1,0,,34,34,0,50.0,1.0,13.2517,0,0.0,4.5929,0
1435578.1,0,,34,34,0,50.0,1.0,13.1517,0,0.0,4.5679,0
1437578.1,0,,34,34,0,50.0,1.0,13.0517,0,0.0,4.5429,0
1439578.1,0,,34,34,0,50.0,1.0,12.9517,0,0.0,4.5179,0
1441578.1,0,,34,34,0,50.0,1.0,12.8517,0,0.0,4.4929,0
1443578.1,0,,34,34,0,50.0,1.0,12.7517,0,0.0,4.4679,0
1445578.1,0,,34,34,0,50.0,1.0,12.6517,0,0.0,4.4429,0
1447279.7,0,,34,34,0,50.0,1.0,12.5666,0,0.0,4.4216,0
1447578.1,0,,33,33,0,50.0,1.0,12.5517,0,0.0,4.4179,0
1449578.1,0,,33,33,0,50.0,1.0,12.4517,0,0.0,4.3929,0
1451578.1,0,,33,33,0,50.0,1.0,12.3517,0,0.0,4.3679,0
1453578.1,0,,33,33,0,50.0,1.0,12.2517,0,0.0,4.3429,0
1455578.1,0,,33,33,0,50.0,1.0,12.1517,0,0.0,4.3179,0
1455633.1,0,,33,33,0,50.0,1.0,12.1489,0,0.0,4.3172,0
1457578.1,0,,32,32,0,50.0,1.0,12.0517,0,0.0,4.2929,0
1459578.1,0,,32,32,0,50.0,1.0,11.9517,0,0.0,4.2679,0
1461578.1,0,,32,32,0,50.0,1.0,11.8517,0,0.0,4.2429,0
1463578.1,0,,32,32,0,50.0,1.0,11.7517,0,0.0,4.2179,0
1465578.1,0,,32,32,0,50.0,1.0,11.6517,0,0.0,4.1929,0
1467578.1,0,,32,32,0,50.0,1.0,11.5517,0,0.0,4.1679,0
1467923.5,0,,32,32,0,50.0,1.0,11.5344,0,0.0,4.1636,0
1469578.1,0,,31,31,0,50.0,1.0,11.4517,0,0.0,4.1429,0
1471578.1,0,,31,31,0,50.0,1.0,11.3517,0,0.0,4.1179,0
1473578.1,0,,31,31,0,50.0,1.0,11.2517,0,0.0,4.0929,0
1475578.1,0,,31,31,0,50.0,1.0,11.1517,0,0.0,4.0679,0
1477578.1,0,,31,31,0,50.0,1.0,11.0517,0,0.0,4.0429,0
1478570.5,0,,31,31,0,50.0,1.0,11.002,0,0.0,4.0305,0
1479578.1,0,,30,30,0,50.0,1.0,10.9517,0,0.0,4.0179,0
1481578.1,0,,30,30,0,50.0,1.0,10.8517,0,0.0,3.9929,0
1483578.1,0,,30,30,0,50.0,1.0,10.7517,0,0.0,3.9679,0
1485578.1,0,,30,30,0,50.0,1.0,10.6517,0,0.0,3.9429,0
1487417.8,0,,30,30,0,50.0,1.0,10.5597,0,0.0,3.9199,0
1487578.1,0,,29,29,0,50.0,1.0,10.5517,0,0.0,3.9179,0
1489578.1,0,,29,29,0,50.0,1.0,10.4517,0,0.0,3.8929,0
1491578.1,0,,29,29,0,50.0,1.0,10.3517,0,0.0,3.8679,0
1493578.1,0,,29,29,0,50.0,1.0,10.2517,0,0.0,3.8429,0
1495578.1,0,,29,29,0,50.0,1.0,10.1517,0,0.0,3.8179,0
1497578.1,0,,29,29,0,50.0,1.0,10.0517,0,0.0,3.7929,0
1499578.1,0,,29,29,0,50.0,1.0,9.9517,0,0.0,3.7679,0
1500372.8,0,,29,29,0,50.0,1.0,9.9119,0,0.0,3.7579,0
1500525.0,0,,28,28,0,50.0,1.0,9.9043,0,0.0,3.756,0
1501578.1,0,,27,27,0,50.0,1.0,9.8517,0,0.0,3.7429,0
1503578.1,0,,27,27,0,50.0,1.0,9.7517,0,0.0,3.7179,0
1505112.5,0,,27,27,0,50.0,1.0,9.6749,0,0.0,3.6987,0
1505578.1,0,,26,26,0,50.0,1.0,9.6517,0,0.0,3.6929,0
1505768.2,0,,26,26,0,50.0,1.0,9.6422,0,0.0,3.6905,0
1507578.1,0,,25,25,0,50.0,1.0,9.5517,0,0.0,3.6679,0
1509578.1,0,,25,25,0,50.0,1.0,9.4517,0,0.0,3.6429,0
1511578.1,0,,25,25,0,50.0,1.0,9.3517,0,0.0,3.6179,0
1513578.1,0,,25,25,0,50.0,1.0,9.2517,0,0.0,3.5929,0
1513632.5,0,,25,25,0,50.0,1.0,9.2489,0,0.0,3.5922,0
1515578.1,0,,24,24,0,50.0,1.0,9.1517,0,0.0,3.5679,0
1517578.1,0,,24,24,0,50.0,1.0,9.0517,0,0.0,3.5429,0
1519578.1,0,,24,24,0,50.0,1.0,8.9517,0,0.0,3.5179,0
1521578.1,0,,24,24,0,50.0,1.0,8.8517,0,0.0,3.4929,0
1523578.1,0,,24,24,0,50.0,1.0,8.7517,0,0.0,3.4679,0
1525578.1,0,,24,24,0,50.0,1.0,8.6517,0,0.0,3.4429,0
1527395.0,0,,24,24,0,50.0,1.0,8.5608,0,0.0,3.4202,0
1527578.1,0,,23,23,0,50.0,1.0,8.5517,0,0.0,3.4179,0
1528225.6,0,,23,23,0,50.0,1.0,8.5193,0,0.0,3.4098,0
1529578.1,0,,21,21,0,50.0,1.0,8.4517,0,0.0,3.3929,0
1531578.1,0,,21,21,0,50.0,1.0,8.3517,0,0.0,3.3679,0
1533578.1,0,,21,21,0,50.0,1.0,8.2517,0,0.0,3.3429,0
1535578.1,0,,21,21,0,50.0,1.0,8.1517,0,0.0,3.3179,0
1536736.3,0,,21,21,0,50.0,1.0,8.0937,0,0.0,3.3034,0
1537578.1,0,,20,20,0,50.0,1.0,8.0517,0,0.0,3.2929,0
1539578.1,0,,20,20,0,50.0,1.0,7.9517,0,0.0,3.2679,0
1541578.1,0,,20,20,0,50.0,1.0,7.8517,0,0.0,3.2429,0
1543578.1,0,,20,20,0,50.0,1.0,7.7517,0,0.0,3.2179,0
1544937.2,0,,20,20,0,50.0,1.0,7.6837,0,0.0,3.2009,0
1545578.1,0,,19,19,0,50.0,1.0,7.6517,0,0.0,3.1929,0
1547578.1,0,,19,19,0,50.0,1.0,7.5517,0,0.0,3.1679,0
1549578.1,0,,19,19,0,50.0,1.0,7.4517,0,0.0,3.1429,0
1551578.1,0,,19,19,0,50.0,1.0,7.3517,0,0.0,3.1179,0
1553578.1,0,,19,19,0,50.0,1.0,7.2517,0,0.0,3.0929,0
1555578.1,0,,19,19,0,50.0,1.0,7.1517,0,0.0,3.0679,0
1557578.1,0,,19,19,0,50.0,1.0,7.0517,0,0.0,3.0429,0
1559578.1,0,,19,19,0,50.0,1.0,6.9517,0,0.0,3.0179,0
1561578.1,0,,19,19,0,50.0,1.0,6.8517,0,0.0,2.9929,0
1563578.1,0,,19,19,0,50.0,1.0,6.7517,0,0.0,2.9679,0
1564598.0,0,,19,19,0,50.0,1.0,6.7007,0,0.0,2.9551,0
1565578.1,0,,18,18,0,50.0,1.0,6.6517,0,0.0,2.9411,0
1567578.1,0,,18,18,0,50.0,1.0,6.5517,0,0.0,2.9125,0
1568172.1,0,,18,18,0,50.0,1.0,6.522,0,0.0,2.9041,0
1569578.1,0,,17,17,0,50.0,1.0,6.4517,0,0.0,2.884,0
1571578.1,0,,17,17,0,50.0,1.0,6.3517,0,0.0,2.8554,0
1573578.1,0,,17,17,0,50.0,1.0,6.2517,0,0.0,2.8268,0
1575578.1,0,,17,17,0,50.0,1.0,6.1517,0,0.0,2.7983,0
1577578.1,0,,17,17,0,50.0,1.0,6.0517,0,0.0,2.7697,0
1577787.2,0,,17,17,0,50.0,1.0,6.0412,0,0.0,2.7667,0
1577901.4,0,,16,16,0,50.0,1.0,6.0355,0,0.0,2.7648,0
1579578.1,0,,15,15,0,50.0,1.0,5.9517,0,0.0,2.7369,0
1581578.1,0,,15,15,0,50.0,1.0,5.8517,0,0.0,2.7035,0
1583578.1,0,,15,15,0,50.0,1.0,5.7517,0,0.0,2.6702,0
1585578.1,0,,15,15,0,50.0,1.0,5.6517,0,0.0,2.6369,0
1587578.1,0,,15,15,0,50.0,1.0,5.5517,0,0.0,2.6035,0
1589578.1,0,,15,15,0,50.0,1.0,5.4517,0,0.0,2.5702,0
1591578.1,0,,15,15,0,50.0,1.0,5.3517,0,0.0,2.5369,0
1593578.1,0,,15,15,0,50.0,1.0,5.2517,0,0.0,2.5035,0
1595578.1,0,,15,15,0,50.0,1.0,5.1517,0,0.0,2.4702,0
1597578.1,0,,15,15,0,50.0,1.0,5.0517,0,0.0,2.4369,0
1599578.1,0,,15,15,0,50.0,1.0,4.9517,0,0.0,2.4035,0
1601578.1,0,,15,15,0,50.0,1.0,4.8517,0,0.0,2.3702,0
1603578.1,0,,15,15,0,50.0,1.0,4.7517,0,0.0,2.3369,0
1605578.1,0,,15,15,0,50.0,1.0,4.6517,0,0.0,2.3035,0
1607578.1,0,,15,15,0,50.0,1.0,4.5517,0,0.0,2.2702,0
1609578.1,0,,15,15,0,50.0,1.0,4.4517,0,0.0,2.2369,0
1610096.1,0,,15,15,0,50.0,1.0,4.4258,0,0.0,2.2282,0
1610712.3,0,,14,14,0,50.0,1.0,4.3949,0,0.0,2.218,0
1611578.1,0,,13,13,0,50.0,1.0,4.3517,0,0.0,2.2035,0
1613578.1,0,,13,13,0,50.0,1.0,4.2517,0,0.0,2.1702,0
1615578.1,0,,13,13,0,50.0,1.0,4.1517,0,0.0,2.1369,0
1616977.4,0,,13,13,0,50.0,1.0,4.0817,0,0.0,2.1135,0
1617578.1,0,,12,12,0,50.0,1.0,4.0517,0,0.0,2.1035,0
1619578.1,0,,12,12,0,50.0,1.0,3.9517,0,0.0,2.0702,0
1621578.1,0,,12,12,0,50.0,1.0,3.8517,0,0.0,2.0369,0
1622875.6,0,,12,12,0,50.0,1.0,3.7868,0,0.0,2.0152,0
1623578.1,0,,11,11,0,50.0,1.0,3.7517,0,0.0,2.0035,0
1625578.1,0,,11,11,0,50.0,1.0,3.6517,0,0.0,1.9702,0
1627578.1,0,,11,11,0,50.0,1.0,3.5517,0,0.0,1.9369,0
1629578.1,0,,11,11,0,50.0,1.0,3.4517,0,0.0,1.9035,0
1631578.1,0,,11,11,0,50.0,1.0,3.3517,0,0.0,1.8702,0
1633578.1,0,,11,11,0,50.0,1.0,3.2517,0,0.0,1.8369,0
1635578.1,0,,11,11,0,50.0,1.0,3.1517,0,0.0,1.8035,0
1637578.1,0,,11,11,0,50.0,1.0,3.0517,0,0.0,1.7702,0
1639220.4,0,,11,11,0,50.0,1.0,2.9695,0,0.0,1.7428,0
1639578.1,0,,10,10,0,50.0,1.0,2.9517,0,0.0,1.7369,0
1641578.1,0,,10,10,0,50.0,1.0,2.8517,0,0.0,1.7035,0
1643578.1,0,,10,10,0,50.0,1.0,2.7517,0,0.0,1.6702,0
1644256.6,0,,10,10,0,50.0,1.0,2.7177,0,0.0,1.6589,0
1644381.4,0,,9,9,0,50.0,1.0,2.7115,0,0.0,1.6568,0
1645578.1,0,,8,8,0,50.0,1.0,2.6517,0,0.0,1.6369,0
1647578.1,0,,8,8,0,50.0,1.0,2.5517,0,0.0,1.6035,0
1647943.1,0,,8,8,0,50.0,1.0,2.5334,0,0.0,1.5974,0
1649578.1,0,,7,7,0,50.0,1.0,2.4517,0,0.0,1.5702,0
1651578.1,0,,7,7,0,50.0,1.0,2.3517,0,0.0,1.5369,0
1653578.1,0,,7,7,0,50.0,1.0,2.2517,0,0.0,1.5035,0
1653595.6,0,,7,7,0,50.0,1.0,2.2508,0,0.0,1.5032,0
1654334.1,0,,6,6,0,50.0,1.0,2.2139,0,0.0,1.4848,0
1655578.1,0,,5,5,0,50.0,1.0,2.1517,0,0.0,1.4433,0
1657578.1,0,,5,5,0,50.0,1.0,2.0517,0,0.0,1.3766,0
1659578.1,0,,5,5,0,50.0,1.0,1.9517,0,0.0,1.31,0
1661578.1,0,,5,5,0,50.0,1.0,1.8517,0,0.0,1.2433,0
1662873.3,0,,5,5,0,50.0,1.0,1.7869,0,0.0,1.2001,0
1663578.1,0,,4,4,0,50.0,1.0,1.7517,0,0.0,1.1766,0
1665578.1,0,,4,4,0,50.0,1.0,1.6517,0,0.0,1.11,0
1666928.3,0,,4,4,0,50.0,1.0,1.5841,0,0.0,1.065,0
1667578.1,0,,3,3,0,50.0,1.0,1.5517,0,0.0,1.0433,0
1669578.1,0,,3,3,0,50.0,1.0,1.4517,0,0.0,0.9766,0
1671578.1,0,,3,3,0,50.0,1.0,1.3517,0,0.0,0.91,0
1673578.1,0,,3,3,0,50.0,1.0,1.2517,0,0.0,0.8433,0
1675578.1,0,,3,3,0,50.0,1.0,1.1517,0,0.0,0.7766,0
1676513.0,0,,3,3,0,50.0,1.0,1.1049,0,0.0,0.7455,0
1677578.1,0,,2,2,0,50.0,1.0,1.0517,0,0.0,0.7188,0
1679578.1,0,,2,2,0,50.0,1.0,0.9517,0,0.0,0.6688,0
1681578.1,0,,2,2,0,50.0,1.0,0.8517,0,0.0,0.6188,0
1683578.1,0,,2,2,0,50.0,1.0,0.7517,0,0.0,0.5688,0
1685578.1,0,,2,2,0,50.0,1.0,0.6517,0,0.0,0.5188,0
1687578.1,0,,2,2,0,50.0,1.0,0.5517,0,0.0,0.4688,0
1689578.1,0,,2,2,0,50.0,1.0,0.4517,0,0.0,0.4188,0
1690890.6,0,,2,2,0,50.0,1.0,0.386,0,0.0,0.386,0
1691578.1,0,,1,1,0,50.0,1.0,0.3517,0,0.0,0.3517,0
1693578.1,0,,1,1,0,50.0,1.0,0.2517,0,0.0,0.2517,0
1695578.1,0,,1,1,0,50.0,1.0,0.1517,0,0.0,0.1517,0
1697578.1,0,,1,1,0,50.0,1.0,0.0517,0,0.0,0.0517,0
1698611.2,0,,1,1,0,50.0,1.0,0.0,0,0.0,0.0,0
1699578.1,1,,124,64,0,50.0,1.0,84.8822,0,0.0,10.1164,0
1701578.1,1,,124,64,0,50.0,1.0,84.7822,0,0.0,10.081,0
1703578.1,1,,124,64,0,50.0,1.0,84.6822,0,0.0,10.0456,0
1705578.1,1,,124,64,0,50.0,1.0,84.5822,0,0.0,10.0102,0
1707578.1,1,,124,64,0,50.0,1.0,84.4822,0,0.0,9.9749,0
1709578.1,1,,124,64,0,50.0,1.0,84.3822,0,0.0,9.9395,0
1711578.1,1,,124,64,0,50.0,1.0,84.2822,0,0.0,9.9041,0
1713578.1,1,,124,64,0,50.0,1.0,84.1822,0,0.0,9.8687,0
1715578.1,1,,124,64,0,50.0,1.0,84.0822,0,0.0,9.8333,0
1717578.1,1,,124,64,0,50.0,1.0,83.9822,0,0.0,9.798,0
1719578.1,1,,124,64,0,50.0,1.0,83.8822,0,0.0,9.7626,0
1721578.1,1,,124,64,0,50.0,1.0,83.7822,0,0.0,9.7272,0
1723578.1,1,,124,64,0,50.0,1.0,83.6822,0,0.0,9.6918,0
1725578.1,1,,124,64,0,50.0,1.0,83.5822,0,0.0,9.6564,0
1727578.1,1,,124,64,0,50.0,1.0,83.4822,0,0.0,9.621,0
1729578.1,1,,124,64,0,50.0,1.0,83.3822,0,0.0,9.5857,0
1731578.1,1,,124,64,0,50.0,1.0,83.2822,0,0.0,9.5503,0
1732189.3,1,,124,64,0,50.0,1.0,83.2517,0,0.0,9.5395,0
1733578.1,1,,123,64,0,50.0,1.0,83.1822,0,0.0,9.5149,0
1735578.1,1,,123,64,0,50.0,1.0,83.0822,0,0.0,9.4795,0
1737578.1,1,,123,64,0,50.0,1.0,82.9822,0,0.0,9.4441,0
1739578.1,1,,123,64,0,50.0,1.0,82.8822,0,0.0,9.4086,0
1741578.1,1,,123,64,0,50.0,1.0,82.7822,0,0.0,9.3732,0
1743578.1,1,,123,64,0,50.0,1.0,82.6822,0,0.0,9.3378,0
1745578.1,1,,123,64,0,50.0,1.0,82.5822,0,0.0,9.3024,0
1747578.1,1,,123,64,0,50.0,1.0,82.4822,0,0.0,9.267,0
1749578.1,1,,123,64,0,50.0,1.0,82.3822,0,0.0,9.2316,0
1751578.1,1,,123,64,0,50.0,1.0,82.2822,0,0.0,9.1962,0
1753578.1,1,,123,64,0,50.0,1.0,82.1822,0,0.0,9.1608,0
1755578.1,1,,123,64,0,50.0,1.0,82.0822,0,0.0,9.1254,0
1757578.1,1,,123,64,0,50.0,1.0,81.9822,0,0.0,9.09,0
1758148.8,1,,123,64,0,50.0,1.0,81.9537,0,0.0,9.0799,0
1759578.1,1,,122,64,0,50.0,1.0,81.8822,0,0.0,9.0545,0
1761534.9,1,,122,64,0,50.0,1.0,81.7844,0,0.0,9.0198,0
1761578.1,1,,121,64,0,50.0,1.0,81.7822,0,0.0,9.019,0
1763578.1,1,,121,64,0,50.0,1.0,81.6822,0,0.0,8.9826,0
1765084.7,1,,121,64,0,50.0,1.0,81.6069,0,0.0,8.9551,0
1765578.1,1,,120,64,0,50.0,1.0,81.5822,0,0.0,8.9459,0
1767578.1,1,,120,64,0,50.0,1.0,81.4822,0,0.0,8.9084,0
1769578.1,1,,120,64,0,50.0,1.0,81.3822,0,0.0,8.871,0
1771578.1,1,,120,64,0,50.0,1.0,81.2822,0,0.0,8.8335,0
1772603.2,1,,120,64,0,50.0,1.0,81.231,0,0.0,8.8144,0
1772894.4,1,,119,64,0,50.0,1.0,81.2164,0,0.0,8.8089,0
1773578.1,1,,118,64,0,50.0,1.0,81.1822,0,0.0,8.7961,0
1774742.2,1,,118,64,0,50.0,1.0,81.124,0,0.0,8.7742,0
1775578.1,1,,117,64,0,50.0,1.0,81.0822,0,0.0,8.7585,0
1777578.1,1,,117,64,0,50.0,1.0,80.9822,0,0.0,8.7208,0
1777900.7,1,,117,64,0,50.0,1.0,80.9661,0,0.0,8.7147,0
1778546.9,1,,116,64,0,50.0,1.0,80.9338,0,0.0,8.7026,0
1778674.3,1,,115,64,0,50.0,1.0,80.9274,0,0.0,8.7001,0
1778992.9,1,,114,64,0,50.0,1.0,80.9115,0,0.0,8.6939,0
1779578.1,1,,113,64,0,50.0,1.0,80.8822,0,0.0,8.6826,0
1779784.8,1,,113,64,0,50.0,1.0,80.8719,0,0.0,8.6786,0
1781368.6,1,,112,64,0,50.0,1.0,80.7927,0,0.0,8.6478,0
1781578.1,1,,111,64,0,50.0,1.0,80.7822,0,0.0,8.6437,0
1783578.1,1,,111,64,0,50.0,1.0,80.6822,0,0.0,8.6048,0
1784918.5,1,,111,64,0,50.0,1.0,80.6152,0,0.0,8.5787,0
1785578.1,1,,110,64,0,50.0,1.0,80.5822,0,0.0,8.5654,0
1786147.3,1,,110,64,0,50.0,1.0,80.5538,0,0.0,8.554,0
1786383.9,1,,109,64,0,50.0,1.0,80.5419,0,0.0,8.5491,0
1786921.0,1,,108,64,0,50.0,1.0,80.5151,0,0.0,8.5377,0
1787578.1,1,,107,64,0,50.0,1.0,80.4822,0,0.0,8.5236,0
1788104.2,1,,107,64,0,50.0,1.0,80.4559,0,0.0,8.5124,0
1789578.1,1,,106,64,0,50.0,1.0,80.3822,0,0.0,8.4809,0
1790607.4,1,,106,64,0,50.0,1.0,80.3308,0,0.0,8.4589,0
1791578.1,1,,105,64,0,50.0,1.0,80.2822,0,0.0,8.4381,0
1793019.4,1,,105,64,0,50.0,1.0,80.2101,0,0.0,8.4072,0
1793578.1,1,,104,64,0,50.0,1.0,80.1822,0,0.0,8.3953,0
1795578.1,1,,104,64,0,50.0,1.0,80.0822,0,0.0,8.3525,0
1797578.1,1,,104,64,0,50.0,1.0,79.9822,0,0.0,8.3096,0
1799063.3,1,,104,64,0,50.0,1.0,79.908,0,0.0,8.2778,0
1799578.1,1,,103,64,0,50.0,1.0,79.8822,0,0.0,8.2668,0
1801578.1,1,,103,64,0,50.0,1.0,79.7822,0,0.0,8.2238,0
1803578.1,1,,103,64,0,50.0,1.0,79.6822,0,0.0,8.1809,0
1805578.1,1,,103,64,0,50.0,1.0,79.5822,0,0.0,8.138,0
1806463.4,1,,103,64,0,50.0,1.0,79.5379,0,0.0,8.1189,0
1807578.1,1,,102,64,0,50.0,1.0,79.4822,0,0.0,8.095,0
1809578.1,1,,102,64,0,50.0,1.0,79.3822,0,0.0,8.052,0
1810768.8,1,,102,64,0,50.0,1.0,79.3227,0,0.0,8.0264,0
1811578.1,1,,101,64,0,50.0,1.0,79.2822,0,0.0,8.009,0
1811606.2,1,,101,64,0,50.0,1.0,79.2808,0,0.0,8.0084,0
1813578.1,1,,100,64,0,50.0,1.0,79.1822,0,0.0,7.9659,0
1813654.2,1,,100,64,0,50.0,1.0,79.1784,0,0.0,7.9643,0
1815578.1,1,,99,64,0,50.0,1.0,79.0822,0,0.0,7.9227,0
1817578.1,1,,99,64,0,50.0,1.0,78.9822,0,0.0,7.8794,0
1817595.4,1,,99,64,0,50.0,1.0,78.9813,0,0.0,7.879,0
1819578.1,1,,98,64,0,50.0,1.0,78.8822,0,0.0,7.8361,0
1821578.1,1,,98,64,0,50.0,1.0,78.7822,0,0.0,7.7928,0
1822164.8,1,,98,64,0,50.0,1.0,78.7529,0,0.0,7.7801,0
1823578.1,1,,97,64,0,50.0,1.0,78.6822,0,0.0,7.7495,0
1825578.1,1,,97,64,0,50.0,1.0,78.5822,0,0.0,7.7062,0
1827578.1,1,,97,64,0,50.0,1.0,78.4822,0,0.0,7.6629,0
1829578.1,1,,97,64,0,50.0,1.0,78.3822,0,0.0,7.6195,0
1831578.1,1,,97,64,0,50.0,1.0,78.2822,0,0.0,7.5762,0
1833578.1,1,,97,64,0,50.0,1.0,78.1822,0,0.0,7.5329,0
1835578.1,1,,97,64,0,50.0,1.0,78.0822,0,0.0,7.4896,0
1837578.1,1,,97,64,0,50.0,1.0,77.9822,0,0.0,7.4462,0
1839578.1,1,,97,64,0,50.0,1.0,77.8822,0,0.0,7.4029,0
1841578.1,1,,97,64,0,50.0,1.0,77.7822,0,0.0,7.3596,0
1842590.2,1,,97,64,0,50.0,1.0,77.7316,0,0.0,7.3377,0
1843578.1,1,,96,64,0,50.0,1.0,77.6822,0,0.0,7.3341,0
1845578.1,1,,96,64,0,50.0,1.0,77.5822,0,0.0,7.3268,0
1847578.1,1,,96,64,0,50.0,1.0,77.4822,0,0.0,7.3195,0
1849578.1,1,,96,64,0,50.0,1.0,77.3822,0,0.0,7.3122,0
1851578.1,1,,96,64,0,50.0,1.0,77.2822,0,0.0,7.3049,0
1853578.1,1,,96,64,0,50.0,1.0,77.1822,0,0.0,7.2976,0
1855578.1,1,,96,64,0,50.0,1.0,77.0822,0,0.0,7.2903,0
1857578.1,1,,96,64,0,50.0,1.0,76.9822,0,0.0,7.283,0
1859578.1,1,,96,64,0,50.0,1.0,76.8822,0,0.0,7.2757,0
1861578.1,1,,96,64,0,50.0,1.0,76.7822,0,0.0,7.2684,0
1863578.1,1,,96,64,0,50.0,1.0,76.6822,0,0.0,7.2612,0
1865578.1,1,,96,64,0,50.0,1.0,76.5822,0,0.0,7.2539,0
1867578.1,1,,96,64,0,50.0,1.0,76.4822,0,0.0,7.2466,0
1869578.1,1,,96,64,0,50.0,1.0,76.3822,0,0.0,7.2393,0
1871578.1,1,,96,64,0,50.0,1.0,76.2822,0,0.0,7.232,0
1873578.1,1,,96,64,0,50.0,1.0,76.1822,0,0.0,7.2247,0
1875578.1,1,,96,64,0,50.0,1.0,76.0822,0,0.0,7.2174,0
1877578.1,1,,96,64,0,50.0,1.0,75.9822,0,0.0,7.2101,0
1879578.1,1,,96,64,0,50.0,1.0,75.8822,0,0.0,7.2028,0
1881578.1,1,,96,64,0,50.0,1.0,75.7822,0,0.0,7.1955,0
1883578.1,1,,96,64,0,50.0,1.0,75.6822,0,0.0,7.1882,0
1885578.1,1,,96,64,0,50.0,1.0,75.5822,0,0.0,7.1809,0
1887578.1,1,,96,64,0,50.0,1.0,75.4822,0,0.0,7.1737,0
1889578.1,1,,96,64,0,50.0,1.0,75.3822,0,0.0,7.1664,0
1891578.1,1,,96,64,0,50.0,1.0,75.2822,0,0.0,7.1591,0
1893578.1,1,,96,64,0,50.0,1.0,75.1822,0,0.0,7.1518,0
1895578.1,1,,96,64,0,50.0,1.0,75.0822,0,0.0,7.1445,0
1897578.1,1,,96,64,0,50.0,1.0,74.9822,0,0.0,7.1372,0
1899578.1,1,,96,64,0,50.0,1.0,74.8822,0,0.0,7.1299,0
1901578.1,1,,96,64,0,50.0,1.0,74.7822,0,0.0,7.1226,0
1903578.1,1,,96,64,0,50.0,1.0,74.6822,0,0.0,7.1153,0
1905578.1,1,,96,64,0,50.0,1.0,74.5822,0,0.0,7.108,0
1907578.1,1,,96,64,0,50.0,1.0,74.4822,0,0.0,7.1007,0
1909578.1,1,,96,64,0,50.0,1.0,74.3822,0,0.0,7.0934,0
1911578.1,1,,96,64,0,50.0,1.0,74.2822,0,0.0,7.0862,0
1913578.1,1,,96,64,0,50.0,1.0,74.1822,0,0.0,7.0789,0
1915578.1,1,,96,64,0,50.0,1.0,74.0822,0,0.0,7.0716,0
1917578.1,1,,96,64,0,50.0,1.0,73.9822,0,0.0,7.0643,0
1919578.1,1,,96,64,0,50.0,1.0,73.8822,0,0.0,7.057,0
1921578.1,1,,96,64,0,50.0,1.0,73.7822,0,0.0,7.0497,0
1923578.1,1,,96,64,0,50.0,1.0,73.6822,0,0.0,7.0424,0
1925578.1,1,,96,64,0,50.0,1.0,73.5822,0,0.0,7.0351,0
1927578.1,1,,96,64,0,50.0,1.0,73.4822,0,0.0,7.0278,0
1929578.1,1,,96,64,0,50.0,1.0,73.3822,0,0.0,7.0205,0
1931578.1,1,,96,64,0,50.0,1.0,73.2822,0,0.0,7.0132,0
1933578.1,1,,96,64,0,50.0,1.0,73.1822,0,0.0,7.0059,0
1935578.1,1,,96,64,0,50.0,1.0,73.0822,0,0.0,6.9987,0
1937578.1,1,,96,64,0,50.0,1.0,72.9822,0,0.0,6.9914,0
1939578.1,1,,96,64,0,50.0,1.0,72.8822,0,0.0,6.9841,0
1941578.1,1,,96,64,0,50.0,1.0,72.7822,0,0.0,6.9768,0
1943578.1,1,,96,64,0,50.0,1.0,72.6822,0,0.0,6.9695,0
1945578.1,1,,96,64,0,50.0,1.0,72.5822,0,0.0,6.9622,0
1947578.1,1,,96,64,0,50.0,1.0,72.4822,0,0.0,6.9549,0
1949578.1,1,,96,64,0,50.0,1.0,72.3822,0,0.0,6.9476,0
1951578.1,1,,96,64,0,50.0,1.0,72.2822,0,0.0,6.9403,0
1953578.1,1,,96,64,0,50.0,1.0,72.1822,0,0.0,6.933,0
1955578.1,1,,96,64,0,50.0,1.0,72.0822,0,0.0,6.9257,0
1957578.1,1,,96,64,0,50.0,1.0,71.9822,0,0.0,6.9184,0
1959578.1,1,,96,64,0,50.0,1.0,71.8822,0,0.0,6.9112,0
1961578.1,1,,96,64,0,50.0,1.0,71.7822,0,0.0,6.9039,0
1963578.1,1,,96,64,0,50.0,1.0,71.6822,0,0.0,6.8966,0
1965578.1,1,,96,64,0,50.0,1.0,71.5822,0,0.0,6.8893,0
1965907.1,1,,96,64,0,50.0,1.0,71.5658,0,0.0,6.8881,0
1967578.1,1,,95,64,0,50.0,1.0,71.4822,0,0.0,6.882,0
1969578.1,1,,95,64,0,50.0,1.0,71.3822,0,0.0,6.8746,0
1971578.1,1,,95,64,0,50.0,1.0,71.2822,0,0.0,6.8673,0
1973578.1,1,,95,64,0,50.0,1.0,71.1822,0,0.0,6.86,0
1975578.1,1,,95,64,0,50.0,1.0,71.0822,0,0.0,6.8527,0
1977578.1,1,,95,64,0,50.0,1.0,70.9822,0,0.0,6.8453,0
1979578.1,1,,95,64,0,50.0,1.0,70.8822,0,0.0,6.838,0
1981578.1,1,,95,64,0,50.0,1.0,70.7822,0,0.0,6.8307,0
1983578.1,1,,95,64,0,50.0,1.0,70.6822,0,0.0,6.8234,0
1985578.1,1,,95,64,0,50.0,1.0,70.5822,0,0.0,6.816,0
1987578.1,1,,95,64,0,50.0,1.0,70.4822,0,0.0,6.8087,0
1989578.1,1,,95,64,0,50.0,1.0,70.3822,0,0.0,6.8014,0
1991578.1,1,,95,64,0,50.0,1.0,70.2822,0,0.0,6.7941,0
1993578.1,1,,95,64,0,50.0,1.0,70.1822,0,0.0,6.7867,0
1995578.1,1,,95,64,0,50.0,1.0,70.0822,0,0.0,6.7794,0
1997578.1,1,,95,64,0,50.0,1.0,69.9822,0,0.0,6.7721,0
1999578.1,1,,95,64,0,50.0,1.0,69.8822,0,0.0,6.7648,0
2001578.1,1,,95,64,0,50.0,1.0,69.7822,0,0.0,6.7574,0
2003578.1,1,,95,64,0,50.0,1.0,69.6822,0,0.0,6.7501,0
2005578.1,1,,95,64,0,50.0,1.0,69.5822,0,0.0,6.7428,0
2007578.1,1,,95,64,0,50.0,1.0,69.4822,0,0.0,6.7355,0
2009578.1,1,,95,64,0,50.0,1.0,69.3822,0,0.0,6.7281,0
2011578.1,1,,95,64,0,50.0,1.0,69.2822,0,0.0,6.7208,0
2013578.1,1,,95,64,0,50.0,1.0,69.1822,0,0.0,6.7135,0
2015578.1,1,,95,64,0,50.0,1.0,69.0822,0,0.0,6.7062,0
2017578.1,1,,95,64,0,50.0,1.0,68.9822,0,0.0,6.6988,0
2019578.1,1,,95,64,0,50.0,1.0,68.8822,0,0.0,6.6915,0
2021578.1,1,,95,64,0,50.0,1.0,68.7822,0,0.0,6.6842,0
2023578.1,1,,95,64,0,50.0,1.0,68.6822,0,0.0,6.6769,0
2024316.0,1,,95,64,0,50.0,1.0,68.6453,0,0.0,6.6742,0
2025578.1,1,,94,64,0,50.0,1.0,68.5822,0,0.0,6.6695,0
2027578.1,1,,94,64,0,50.0,1.0,68.4822,0,0.0,6.6621,0
2029578.1,1,,94,64,0,50.0,1.0,68.3822,0,0.0,6.6548,0
2031578.1,1,,94,64,0,50.0,1.0,68.2822,0,0.0,6.6474,0
2033578.1,1,,94,64,0,50.0,1.0,68.1822,0,0.0,6.6401,0
2035578.1,1,,94,64,0,50.0,1.0,68.0822,0,0.0,6.6327,0
2037578.1,1,,94,64,0,50.0,1.0,67.9822,0,0.0,6.6253,0
2039578.1,1,,94,64,0,50.0,1.0,67.8822,0,0.0,6.618,0
2041578.1,1,,94,64,0,50.0,1.0,67.7822,0,0.0,6.6106,0
2043578.1,1,,94,64,0,50.0,1.0,67.6822,0,0.0,6.6033,0
2045578.1,1,,94,64,0,50.0,1.0,67.5822,0,0.0,6.5959,0
2047578.1,1,,94,64,0,50.0,1.0,67.4822,0,0.0,6.5885,0
2049578.1,1,,94,64,0,50.0,1.0,67.3822,0,0.0,6.5812,0
2051578.1,1,,94,64,0,50.0,1.0,67.2822,0,0.0,6.5738,0
2053578.1,1,,94,64,0,50.0,1.0,67.1822,0,0.0,6.5664,0
2055578.1,1,,94,64,0,50.0,1.0,67.0822,0,0.0,6.5591,0
2057578.1,1,,94,64,0,50.0,1.0,66.9822,0,0.0,6.5517,0
2059578.1,1,,94,64,0,50.0,1.0,66.8822,0,0.0,6.5444,0
2061578.1,1,,94,64,0,50.0,1.0,66.7822,0,0.0,6.537,0
2063578.1,1,,94,64,0,50.0,1.0,66.6822,0,0.0,6.5296,0
2065578.1,1,,94,64,0,50.0,1.0,66.5822,0,0.0,6.5223,0
2067578.1,1,,94,64,0,50.0,1.0,66.4822,0,0.0,6.5149,0
2069578.1,1,,94,64,0,50.0,1.0,66.3822,0,0.0,6.5076,0
2071578.1,1,,94,64,0,50.0,1.0,66.2822,0,0.0,6.5002,0
2073578.1,1,,94,64,0,50.0,1.0,66.1822,0,0.0,6.4928,0
2075578.1,1,,94,64,0,50.0,1.0,66.0822,0,0.0,6.4855,0
2077578.1,1,,94,64,0,50.0,1.0,65.9822,0,0.0,6.4781,0
2079578.1,1,,94,64,0,50.0,1.0,65.8822,0,0.0,6.4708,0
2081578.1,1,,94,64,0,50.0,1.0,65.7822,0,0.0,6.4634,0
2083578.1,1,,94,64,0,50.0,1.0,65.6822,0,0.0,6.456,0
2084854.9,1,,94,64,0,50.0,1.0,65.6184,0,0.0,6.4513,0
2085578.1,1,,93,64,0,50.0,1.0,65.5822,0,0.0,6.4487,0
2087578.1,1,,93,64,0,50.0,1.0,65.4822,0,0.0,6.4414,0
2089578.1,1,,93,64,0,50.0,1.0,65.3822,0,0.0,6.434,0
2091578.1,1,,93,64,0,50.0,1.0,65.2822,0,0.0,6.4267,0
2093578.1,1,,93,64,0,50.0,1.0,65.1822,0,0.0,6.4194,0
2095578.1,1,,93,64,0,50.0,1.0,65.0822,0,0.0,6.412,0
2097578.1,1,,93,64,0,50.0,1.0,64.9822,0,0.0,6.4047,0
2099578.1,1,,93,64,0,50.0,1.0,64.8822,0,0.0,6.3974,0
2101578.1,1,,93,64,0,50.0,1.0,64.7822,0,0.0,6.3901,0
2103578.1,1,,93,64,0,50.0,1.0,64.6822,0,0.0,6.3827,0
2105578.1,1,,93,64,0,50.0,1.0,64.5822,0,0.0,6.3754,0
2107578.1,1,,93,64,0,50.0,1.0,64.4822,0,0.0,6.3681,0
2109578.1,1,,93,64,0,50.0,1.0,64.3822,0,0.0,6.3608,0
2111578.1,1,,93,64,0,50.0,1.0,64.2822,0,0.0,6.3534,0
2113578.1,1,,93,64,0,50.0,1.0,64.1822,0,0.0,6.3461,0
2115578.1,1,,93,64,0,50.0,1.0,64.0822,0,0.0,6.3388,0
2117578.1,1,,93,64,0,50.0,1.0,63.9822,0,0.0,6.3314,0
2119578.1,1,,93,64,0,50.0,1.0,63.8822,0,0.0,6.3241,0
2121578.1,1,,93,64,0,50.0,1.0,63.7822,0,0.0,6.3168,0
2123578.1,1,,93,64,0,50.0,1.0,63.6822,0,0.0,6.3095,0
2125578.1,1,,93,64,0,50.0,1.0,63.5822,0,0.0,6.3021,0
2127578.1,1,,93,64,0,50.0,1.0,63.4822,0,0.0,6.2948,0
2129578.1,1,,93,64,0,50.0,1.0,63.3822,0,0.0,6.2875,0
2131578.1,1,,93,64,0,50.0,1.0,63.2822,0,0.0,6.2802,0
2133578.1,1,,93,64,0,50.0,1.0,63.1822,0,0.0,6.2728,0
2135578.1,1,,93,64,0,50.0,1.0,63.0822,0,0.0,6.2655,0
2137578.1,1,,93,64,0,50.0,1.0,62.9822,0,0.0,6.2582,0
2139578.1,1,,93,64,0,50.0,1.0,62.8822,0,0.0,6.2508,0
2141578.1,1,,93,64,0,50.0,1.0,62.7822,0,0.0,6.2435,0
2143578.1,1,,93,64,0,50.0,1.0,62.6822,0,0.0,6.2362,0
2145578.1,1,,93,64,0,50.0,1.0,62.5822,0,0.0,6.2289,0
2147578.1,1,,93,64,0,50.0,1.0,62.4822,0,0.0,6.2215,0
2149578.1,1,,93,64,0,50.0,1.0,62.3822,0,0.0,6.2142,0
2151578.1,1,,93,64,0,50.0,1.0,62.2822,0,0.0,6.2069,0
2153578.1,1,,93,64,0,50.0,1.0,62.1822,0,0.0,6.1995,0
2155578.1,1,,93,64,0,50.0,1.0,62.0822,0,0.0,6.1922,0
2157578.1,1,,93,64,0,50.0,1.0,61.9822,0,0.0,6.1849,0
2159578.1,1,,93,64,0,50.0,1.0,61.8822,0,0.0,6.1776,0
2161578.1,1,,93,64,0,50.0,1.0,61.7822,0,0.0,6.1702,0
2163578.1,1,,93,64,0,50.0,1.0,61.6822,0,0.0,6.1629,0
2165578.1,1,,93,64,0,50.0,1.0,61.5822,0,0.0,6.1556,0
2167578.1,1,,93,64,0,50.0,1.0,61.4822,0,0.0,6.1483,0
2169578.1,1,,93,64,0,50.0,1.0,61.3822,0,0.0,6.1409,0
2171578.1,1,,93,64,0,50.0,1.0,61.2822,0,0.0,6.1336,0
2173578.1,1,,93,64,0,50.0,1.0,61.1822,0,0.0,6.1263,0
2175578.1,1,,93,64,0,50.0,1.0,61.0822,0,0.0,6.1189,0
2177578.1,1,,93,64,0,50.0,1.0,60.9822,0,0.0,6.1116,0
2179578.1,1,,93,64,0,50.0,1.0,60.8822,0,0.0,6.1043,0
2181578.1,1,,93,64,0,50.0,1.0,60.7822,0,0.0,6.097,0
2183578.1,1,,93,64,0,50.0,1.0,60.6822,0,0.0,6.0896,0
2185578.1,1,,93,64,0,50.0,1.0,60.5822,0,0.0,6.0823,0
2186517.6,1,,93,64,0,50.0,1.0,60.5352,0,0.0,6.0789,0
2187578.1,1,,92,64,0,50.0,1.0,60.4822,0,0.0,6.075,0
2189578.1,1,,92,64,0,50.0,1.0,60.3822,0,0.0,6.0676,0
2191578.1,1,,92,64,0,50.0,1.0,60.2822,0,0.0,6.0602,0
2193107.6,1,,92,64,0,50.0,1.0,60.2057,0,0.0,6.0546,0
2193578.1,1,,91,64,0,50.0,1.0,60.1822,0,0.0,6.0528,0
2195578.1,1,,91,64,0,50.0,1.0,60.0822,0,0.0,6.0453,0
2196020.3,1,,91,64,0,50.0,1.0,60.0601,0,0.0,6.0437,0
2197578.1,1,,90,64,0,50.0,1.0,59.9822,0,0.0,6.0378,0
2198578.1,1,,90,64,0,50.0,1.0,59.9322,0,0.0,6.0341,0
2199578.1,1,,89,64,0,50.0,1.0,59.8822,0,0.0,6.0303,0
2199624.8,1,,89,64,0,50.0,1.0,59.8799,0,0.0,6.0302,0
2201578.1,1,,88,64,0,50.0,1.0,59.7822,0,0.0,6.0229,0
2203578.1,1,,88,64,0,50.0,1.0,59.6822,0,0.0,6.0154,0
2205578.1,1,,88,64,0,50.0,1.0,59.5822,0,0.0,6.0079,0
2207578.1,1,,88,64,0,50.0,1.0,59.4822,0,0.0,6.0004,0
2208180.9,1,,88,64,0,50.0,1.0,59.4521,0,0.0,5.9982,0
2208226.4,1,,87,64,0,50.0,1.0,59.4498,0,0.0,5.998,0
2209578.1,1,,86,64,0,50.0,1.0,59.3822,0,0.0,5.9929,0
2211578.1,1,,86,64,0,50.0,1.0,59.2822,0,0.0,5.9853,0
2213578.1,1,,86,64,0,50.0,1.0,59.1822,0,0.0,5.9777,0
2215535.5,1,,86,64,0,50.0,1.0,59.0843,0,0.0,5.9702,0
2215578.1,1,,85,64,0,50.0,1.0,59.0822,0,0.0,5.9701,0
2217578.1,1,,85,64,0,50.0,1.0,58.9822,0,0.0,5.9625,0
2219578.1,1,,85,64,0,50.0,1.0,58.8822,0,0.0,5.9548,0
2221578.1,1,,85,64,0,50.0,1.0,58.7822,0,0.0,5.9472,0
2223578.1,1,,85,64,0,50.0,1.0,58.6822,0,0.0,5.9396,0
2225578.1,1,,85,64,0,50.0,1.0,58.5822,0,0.0,5.9319,0
2227578.1,1,,85,64,0,50.0,1.0,58.4822,0,0.0,5.9243,0
2229578.1,1,,85,64,0,50.0,1.0,58.3822,0,0.0,5.9167,0
2231578.1,1,,85,64,0,50.0,1.0,58.2822,0,0.0,5.909,0
2233578.1,1,,85,64,0,50.0,1.0,58.1822,0,0.0,5.9014,0
2235578.1,1,,85,64,0,50.0,1.0,58.0822,0,0.0,5.8938,0
2237578.1,1,,85,64,0,50.0,1.0,57.9822,0,0.0,5.8861,0
2239578.1,1,,85,64,0,50.0,1.0,57.8822,0,0.0,5.8785,0
2241578.1,1,,85,64,0,50.0,1.0,57.7822,0,0.0,5.8709,0
2243578.1,1,,85,64,0,50.0,1.0,57.6822,0,0.0,5.8633,0
2245578.1,1,,85,64,0,50.0,1.0,57.5822,0,0.0,5.8556,0
2247578.1,1,,85,64,0,50.0,1.0,57.4822,0,0.0,5.848,0
2249578.1,1,,85,64,0,50.0,1.0,57.3822,0,0.0,5.8404,0
2251578.1,1,,85,64,0,50.0,1.0,57.2822,0,0.0,5.8327,0
2253382.5,1,,85,64,0,50.0,1.0,57.192,0,0.0,5.8258,0
2253578.1,1,,84,64,0,50.0,1.0,57.1822,0,0.0,5.8251,0
2255578.1,1,,84,64,0,50.0,1.0,57.0822,0,0.0,5.8174,0
2257578.1,1,,84,64,0,50.0,1.0,56.9822,0,0.0,5.8098,0
2259578.1,1,,84,64,0,50.0,1.0,56.8822,0,0.0,5.8021,0
2261578.1,1,,84,64,0,50.0,1.0,56.7822,0,0.0,5.7944,0
2262211.7,1,,84,64,0,50.0,1.0,56.7505,0,0.0,5.792,0
2263578.1,1,,83,64,0,50.0,1.0,56.6822,0,0.0,5.7867,0
2265578.1,1,,83,64,0,50.0,1.0,56.5822,0,0.0,5.779,0
2267578.1,1,,83,64,0,50.0,1.0,56.4822,0,0.0,5.7713,0
2269578.1,1,,83,64,0,50.0,1.0,56.3822,0,0.0,5.7636,0
2271578.1,1,,83,64,0,50.0,1.0,56.2822,0,0.0,5.7559,0
2273578.1,1,,83,64,0,50.0,1.0,56.1822,0,0.0,5.7482,0
2275578.1,1,,83,64,0,50.0,1.0,56.0822,0,0.0,5.7405,0
2277578.1,1,,83,64,0,50.0,1.0,55.9822,0,0.0,5.7328,0
2279578.1,1,,83,64,0,50.0,1.0,55.8822,0,0.0,5.7251,0
2281578.1,1,,83,64,0,50.0,1.0,55.7822,0,0.0,5.7174,0
2283578.1,1,,83,64,0,50.0,1.0,55.6822,0,0.0,5.7097,0
2285578.1,1,,83,64,0,50.0,1.0,55.5822,0,0.0,5.702,0
2287578.1,1,,83,64,0,50.0,1.0,55.4822,0,0.0,5.6943,0
2289578.1,1,,83,64,0,50.0,1.0,55.3822,0,0.0,5.6866,0
2291083.9,1,,83,64,0,50.0,1.0,55.3069,0,0.0,5.6808,0
2291578.1,1,,82,64,0,50.0,1.0,55.2822,0,0.0,5.6788,0
2293423.2,1,,82,64,0,50.0,1.0,55.19,0,0.0,5.6715,0
2293578.1,1,,81,64,0,50.0,1.0,55.1822,0,0.0,5.6709,0
2295578.1,1,,81,64,0,50.0,1.0,55.0822,0,0.0,5.6631,0
2297578.1,1,,81,64,0,50.0,1.0,54.9822,0,0.0,5.6552,0
2299578.1,1,,81,64,0,50.0,1.0,54.8822,0,0.0,5.6474,0
2301578.1,1,,81,64,0,50.0,1.0,54.7822,0,0.0,5.6395,0
2303271.8,1,,81,64,0,50.0,1.0,54.6975,0,0.0,5.6329,0
2303578.1,1,,80,64,0,50.0,1.0,54.6822,0,0.0,5.6317,0
2305578.1,1,,80,64,0,50.0,1.0,54.5822,0,0.0,5.6238,0
2306548.6,1,,80,64,0,50.0,1.0,54.5337,0,0.0,5.62,0
2307578.1,1,,79,64,0,50.0,1.0,54.4822,0,0.0,5.6159,0
2309578.1,1,,79,64,0,50.0,1.0,54.3822,0,0.0,5.608,0
2309725.3,1,,79,64,0,50.0,1.0,54.3749,0,0.0,5.6074,0
2311578.1,1,,78,64,0,50.0,1.0,54.2822,0,0.0,5.6,0
2313578.1,1,,78,64,0,50.0,1.0,54.1822,0,0.0,5.5921,0
2315578.1,1,,78,64,0,50.0,1.0,54.0822,0,0.0,5.5841,0
2317578.1,1,,78,64,0,50.0,1.0,53.9822,0,0.0,5.5761,0
2318609.1,1,,78,64,0,50.0,1.0,53.9307,0,0.0,5.572,0
2319578.1,1,,77,64,0,50.0,1.0,53.8822,0,0.0,5.5681,0
2321578.1,1,,77,64,0,50.0,1.0,53.7822,0,0.0,5.5599,0
2321885.9,1,,77,64,0,50.0,1.0,53.7668,0,0.0,5.5587,0
2323578.1,1,,76,64,0,50.0,1.0,53.6822,0,0.0,5.5516,0
2325578.1,1,,76,64,0,50.0,1.0,53.5822,0,0.0,5.5432,0
2327578.1,1,,76,64,0,50.0,1.0,53.4822,0,0.0,5.5348,0
2329578.1,1,,76,64,0,50.0,1.0,53.3822,0,0.0,5.5264,0
2331578.1,1,,76,64,0,50.0,1.0,53.2822,0,0.0,5.518,0
2333578.1,1,,76,64,0,50.0,1.0,53.1822,0,0.0,5.5096,0
2335578.1,1,,76,64,0,50.0,1.0,53.0822,0,0.0,5.5012,0
2337578.1,1,,76,64,0,50.0,1.0,52.9822,0,0.0,5.4928,0
2339578.1,1,,76,64,0,50.0,1.0,52.8822,0,0.0,5.4845,0
2341578.1,1,,76,64,0,50.0,1.0,52.7822,0,0.0,5.4761,0
2343578.1,1,,76,64,0,50.0,1.0,52.6822,0,0.0,5.4677,0
2345233.1,1,,76,64,0,50.0,1.0,52.5995,0,0.0,5.4607,0
2345578.1,1,,75,64,0,50.0,1.0,52.5822,0,0.0,5.4592,0
2347578.1,1,,75,64,0,50.0,1.0,52.4822,0,0.0,5.4506,0
2349578.1,1,,75,64,0,50.0,1.0,52.3822,0,0.0,5.442,0
2351578.1,1,,75,64,0,50.0,1.0,52.2822,0,0.0,5.4333,0
2353578.1,1,,75,64,0,50.0,1.0,52.1822,0,0.0,5.4247,0
2355578.1,1,,75,64,0,50.0,1.0,52.0822,0,0.0,5.4161,0
2357578.1,1,,75,64,0,50.0,1.0,51.9822,0,0.0,5.4074,0
2359578.1,1,,75,64,0,50.0,1.0,51.8822,0,0.0,5.3988,0
2361578.1,1,,75,64,0,50.0,1.0,51.7822,0,0.0,5.3901,0
2363578.1,1,,75,64,0,50.0,1.0,51.6822,0,0.0,5.3815,0
2365578.1,1,,75,64,0,50.0,1.0,51.5822,0,0.0,5.3729,0
2367578.1,1,,75,64,0,50.0,1.0,51.4822,0,0.0,5.3642,0
2369578.1,1,,75,64,0,50.0,1.0,51.3822,0,0.0,5.3556,0
2371578.1,1,,75,64,0,50.0,1.0,51.2822,0,0.0,5.347,0
2373578.1,1,,75,64,0,50.0,1.0,51.1822,0,0.0,5.3383,0
2375578.1,1,,75,64,0,50.0,1.0,51.0822,0,0.0,5.3297,0
2377578.1,1,,75,64,0,50.0,1.0,50.9822,0,0.0,5.321,0
2379499.6,1,,75,64,0,50.0,1.0,50.8861,0,0.0,5.3127,0
2379578.1,1,,74,63,0,50.0,1.0,50.8822,0,0.0,5.3124,0
2380586.1,1,,74,63,0,50.0,1.0,50.8318,0,0.0,5.3079,0
2381578.1,1,,73,63,0,50.0,1.0,50.7822,0,0.0,5.3034,0
2383578.1,1,,73,63,0,50.0,1.0,50.6822,0,0.0,5.2945,0
2385578.1,1,,73,63,0,50.0,1.0,50.5822,0,0.0,5.2856,0
2385805.1,1,,73,63,0,50.0,1.0,50.5709,0,0.0,5.2846,0
2385992.8,1,,72,62,0,50.0,1.0,50.5615,0,0.0,5.2837,0
2387485.6,1,,71,62,0,50.0,1.0,50.4868,0,0.0,5.277,0
2387578.1,1,,70,62,0,50.0,1.0,50.4822,0,0.0,5.2766,0
2389578.1,1,,70,62,0,50.0,1.0,50.3822,0,0.0,5.2676,0
2391578.1,1,,70,62,0,50.0,1.0,50.2822,0,0.0,5.2586,0
2393578.1,1,,70,62,0,50.0,1.0,50.1822,0,0.0,5.2496,0
2395578.1,1,,70,62,0,50.0,1.0,50.0822,0,0.0,5.2405,0
2397578.1,1,,70,62,0,50.0,1.0,49.9822,0,0.0,5.2315,0
2399578.1,1,,70,62,0,50.0,1.0,49.8822,0,0.0,5.2225,0
2401578.1,1,,70,62,0,50.0,1.0,49.7822,0,0.0,5.2135,0
2403578.1,1,,70,62,0,50.0,1.0,49.6822,0,0.0,5.2045,0
2405578.1,1,,70,62,0,50.0,1.0,49.5822,0,0.0,5.1954,0
2407578.1,1,,70,62,0,50.0,1.0,49.4822,0,0.0,5.1864,0
2409578.1,1,,70,62,0,50.0,1.0,49.3822,0,0.0,5.1774,0
2411578.1,1,,70,62,0,50.0,1.0,49.2822,0,0.0,5.1684,0
2413578.1,1,,70,62,0,50.0,1.0,49.1822,0,0.0,5.1594,0
2415578.1,1,,70,62,0,50.0,1.0,49.0822,0,0.0,5.1503,0
2417578.1,1,,70,62,0,50.0,1.0,48.9822,0,0.0,5.1413,0
2419578.1,1,,70,62,0,50.0,1.0,48.8822,0,0.0,5.1323,0
2421578.1,1,,70,62,0,50.0,1.0,48.7822,0,0.0,5.1233,0
2423578.1,1,,70,62,0,50.0,1.0,48.6822,0,0.0,5.1143,0
2425578.1,1,,70,62,0,50.0,1.0,48.5822,0,0.0,5.1053,0
2427578.1,1,,70,62,0,50.0,1.0,48.4822,0,0.0,5.0962,0
2429578.1,1,,70,62,0,50.0,1.0,48.3822,0,0.0,5.0872,0
2431578.1,1,,70,62,0,50.0,1.0,48.2822,0,0.0,5.0782,0
2433578.1,1,,70,62,0,50.0,1.0,48.1822,0,0.0,5.0692,0
2435578.1,1,,70,62,0,50.0,1.0,48.0822,0,0.0,5.0602,0
2437578.1,1,,70,62,0,50.0,1.0,47.9822,0,0.0,5.0511,0
2439366.9,1,,70,62,0,50.0,1.0,47.8928,0,0.0,5.0431,0
2439578.1,1,,68,62,0,50.0,1.0,47.8822,0,0.0,5.0421,0
2441578.1,1,,68,62,0,50.0,1.0,47.7822,0,0.0,5.0332,0
2443578.1,1,,68,62,0,50.0,1.0,47.6822,0,0.0,5.0243,0
2445578.1,1,,68,62,0,50.0,1.0,47.5822,0,0.0,5.0154,0
2447578.1,1,,68,62,0,50.0,1.0,47.4822,0,0.0,5.0065,0
2449578.1,1,,68,62,0,50.0,1.0,47.3822,0,0.0,4.9975,0
2451578.1,1,,68,62,0,50.0,1.0,47.2822,0,0.0,4.9886,0
2453578.1,1,,68,62,0,50.0,1.0,47.1822,0,0.0,4.9797,0
2453822.6,1,,68,62,0,50.0,1.0,47.17,0,0.0,4.9786,0
2455578.1,1,,67,62,0,50.0,1.0,47.0822,0,0.0,4.9707,0
2457578.1,1,,67,62,0,50.0,1.0,46.9822,0,0.0,4.9618,0
2459578.1,1,,67,62,0,50.0,1.0,46.8822,0,0.0,4.9528,0
2461578.1,1,,67,62,0,50.0,1.0,46.7822,0,0.0,4.9439,0
2463578.1,1,,67,62,0,50.0,1.0,46.6822,0,0.0,4.9349,0
2465578.1,1,,67,62,0,50.0,1.0,46.5822,0,0.0,4.9259,0
2467578.1,1,,67,62,0,50.0,1.0,46.4822,0,0.0,4.917,0
2469578.1,1,,67,62,0,50.0,1.0,46.3822,0,0.0,4.908,0
2471578.1,1,,67,62,0,50.0,1.0,46.2822,0,0.0,4.899,0
2473578.1,1,,67,62,0,50.0,1.0,46.1822,0,0.0,4.8901,0
2475578.1,1,,67,62,0,50.0,1.0,46.0822,0,0.0,4.8811,0
2477578.1,1,,67,62,0,50.0,1.0,45.9822,0,0.0,4.8722,0
2479578.1,1,,67,62,0,50.0,1.0,45.8822,0,0.0,4.8632,0
2481578.1,1,,67,62,0,50.0,1.0,45.7822,0,0.0,4.8542,0
2483578.1,1,,67,62,0,50.0,1.0,45.6822,0,0.0,4.8453,0
2485578.1,1,,67,62,0,50.0,1.0,45.5822,0,0.0,4.8363,0
2487578.1,1,,67,62,0,50.0,1.0,45.4822,0,0.0,4.8273,0
2487755.7,1,,67,62,0,50.0,1.0,45.4733,0,0.0,4.8265,0
2488638.6,1,,66,62,0,50.0,1.0,45.4292,0,0.0,4.8226,0
2489578.1,1,,65,62,0,50.0,1.0,45.3822,0,0.0,4.8183,0
2491578.1,1,,65,62,0,50.0,1.0,45.2822,0,0.0,4.8093,0
2493578.1,1,,65,62,0,50.0,1.0,45.1822,0,0.0,4.8002,0
2495578.1,1,,65,62,0,50.0,1.0,45.0822,0,0.0,4.7911,0
2497578.1,1,,65,62,0,50.0,1.0,44.9822,0,0.0,4.7821,0
2499578.1,1,,65,62,0,50.0,1.0,44.8822,0,0.0,4.773,0
2501578.1,1,,65,62,0,50.0,1.0,44.7822,0,0.0,4.764,0
2503578.1,1,,65,62,0,50.0,1.0,44.6822,0,0.0,4.7549,0
2505578.1,1,,65,62,0,50.0,1.0,44.5822,0,0.0,4.7459,0
2507578.1,1,,65,62,0,50.0,1.0,44.4822,0,0.0,4.7368,0
2509578.1,1,,65,62,0,50.0,1.0,44.3822,0,0.0,4.7278,0
2511578.1,1,,65,62,0,50.0,1.0,44.2822,0,0.0,4.7187,0
2513578.1,1,,65,62,0,50.0,1.0,44.1822,0,0.0,4.7096,0
2515578.1,1,,65,62,0,50.0,1.0,44.0822,0,0.0,4.7006,0
2517578.1,1,,65,62,0,50.0,1.0,43.9822,0,0.0,4.6915,0
2519578.1,1,,65,62,0,50.0,1.0,43.8822,0,0.0,4.6825,0
2521578.1,1,,65,62,0,50.0,1.0,43.7822,0,0.0,4.6734,0
2523578.1,1,,65,62,0,50.0,1.0,43.6822,0,0.0,4.6644,0
2525578.1,1,,65,62,0,50.0,1.0,43.5822,0,0.0,4.6553,0
2527578.1,1,,65,62,0,50.0,1.0,43.4822,0,0.0,4.6463,0
2529578.1,1,,65,62,0,50.0,1.0,43.3822,0,0.0,4.6372,0
2531578.1,1,,65,62,0,50.0,1.0,43.2822,0,0.0,4.6281,0
2533578.1,1,,65,62,0,50.0,1.0,43.1822,0,0.0,4.6191,0
2535578.1,1,,65,62,0,50.0,1.0,43.0822,0,0.0,4.61,0
2537578.1,1,,65,62,0,50.0,1.0,42.9822,0,0.0,4.601,0
2537929.1,1,,65,62,0,50.0,1.0,42.9647,0,0.0,4.5994,0
2539578.1,1,,64,61,0,50.0,1.0,42.8822,0,0.0,4.5916,0
2541578.1,1,,64,61,0,50.0,1.0,42.7822,0,0.0,4.5822,0
2543578.1,1,,64,61,0,50.0,1.0,42.6822,0,0.0,4.5728,0
2544482.1,1,,64,61,0,50.0,1.0,42.637,0,0.0,4.5685,0
2545578.1,1,,63,61,0,50.0,1.0,42.5822,0,0.0,4.5631,0
2547578.1,1,,63,61,0,50.0,1.0,42.4822,0,0.0,4.5533,0
2549578.1,1,,63,61,0,50.0,1.0,42.3822,0,0.0,4.5435,0
2551578.1,1,,63,61,0,50.0,1.0,42.2822,0,0.0,4.5337,0
2553578.1,1,,63,61,0,50.0,1.0,42.1822,0,0.0,4.5239,0
2555578.1,1,,63,61,0,50.0,1.0,42.0822,0,0.0,4.5141,0
2555937.2,1,,63,61,0,50.0,1.0,42.0643,0,0.0,4.5124,0
2557578.1,1,,62,60,0,50.0,1.0,41.9822,0,0.0,4.5043,0
2559578.1,1,,62,60,0,50.0,1.0,41.8822,0,0.0,4.4945,0
2561578.1,1,,62,60,0,50.0,1.0,41.7822,0,0.0,4.4847,0
2563578.1,1,,62,60,0,50.0,1.0,41.6822,0,0.0,4.4749,0
2565578.1,1,,62,60,0,50.0,1.0,41.5822,0,0.0,4.4651,0
2565743.5,1,,62,60,0,50.0,1.0,41.5739,0,0.0,4.4643,0
2567578.1,1,,61,60,0,50.0,1.0,41.4822,0,0.0,4.4553,0
2569578.1,1,,61,60,0,50.0,1.0,41.3822,0,0.0,4.4455,0
2571578.1,1,,61,60,0,50.0,1.0,41.2822,0,0.0,4.4356,0
2573578.1,1,,61,60,0,50.0,1.0,41.1822,0,0.0,4.4258,0
2575578.1,1,,61,60,0,50.0,1.0,41.0822,0,0.0,4.4159,0
2577578.1,1,,61,60,0,50.0,1.0,40.9822,0,0.0,4.4061,0
2579578.1,1,,61,60,0,50.0,1.0,40.8822,0,0.0,4.3962,0
2581578.1,1,,61,60,0,50.0,1.0,40.7822,0,0.0,4.3864,0
2583578.1,1,,61,60,0,50.0,1.0,40.6822,0,0.0,4.3765,0
2585578.1,1,,61,60,0,50.0,1.0,40.5822,0,0.0,4.3667,0
2587578.1,1,,61,60,0,50.0,1.0,40.4822,0,0.0,4.3569,0
2589578.1,1,,61,60,0,50.0,1.0,40.3822,0,0.0,4.347,0
2591578.1,1,,61,60,0,50.0,1.0,40.2822,0,0.0,4.3372,0
2593578.1,1,,61,60,0,50.0,1.0,40.1822,0,0.0,4.3273,0
2595578.1,1,,61,60,0,50.0,1.0,40.0822,0,0.0,4.3175,0
2597578.1,1,,61,60,0,50.0,1.0,39.9822,0,0.0,4.3076,0
2599578.1,1,,61,60,0,50.0,1.0,39.8822,0,0.0,4.2978,0
2601578.1,1,,61,60,0,50.0,1.0,39.7822,0,0.0,4.2879,0
2603578.1,1,,61,60,0,50.0,1.0,39.6822,0,0.0,4.2781,0
2605578.1,1,,61,60,0,50.0,1.0,39.5822,0,0.0,4.2683,0
2607578.1,1,,61,60,0,50.0,1.0,39.4822,0,0.0,4.2584,0
2609578.1,1,,61,60,0,50.0,1.0,39.3822,0,0.0,4.2486,0
2611578.1,1,,61,60,0,50.0,1.0,39.2822,0,0.0,4.2387,0
2613578.1,1,,61,60,0,50.0,1.0,39.1822,0,0.0,4.2289,0
2615578.1,1,,61,60,0,50.0,1.0,39.0822,0,0.0,4.219,0
2617578.1,1,,61,60,0,50.0,1.0,38.9822,0,0.0,4.2092,0
2619578.1,1,,61,60,0,50.0,1.0,38.8822,0,0.0,4.1993,0
2621578.1,1,,61,60,0,50.0,1.0,38.7822,0,0.0,4.1895,0
2623578.1,1,,61,60,0,50.0,1.0,38.6822,0,0.0,4.1797,0
2625578.1,1,,61,60,0,50.0,1.0,38.5822,0,0.0,4.1698,0
2627578.1,1,,61,60,0,50.0,1.0,38.4822,0,0.0,4.16,0
2629578.1,1,,61,60,0,50.0,1.0,38.3822,0,0.0,4.1501,0
2631578.1,1,,61,60,0,50.0,1.0,38.2822,0,0.0,4.1403,0
2633578.1,1,,61,60,0,50.0,1.0,38.1822,0,0.0,4.1304,0
2635578.1,1,,61,60,0,50.0,1.0,38.0822,0,0.0,4.1206,0
2637578.1,1,,61,60,0,50.0,1.0,37.9822,0,0.0,4.1107,0
2639578.1,1,,61,60,0,50.0,1.0,37.8822,0,0.0,4.1009,0
2641578.1,1,,61,60,0,50.0,1.0,37.7822,0,0.0,4.0911,0
2643578.1,1,,61,60,0,50.0,1.0,37.6822,0,0.0,4.0812,0
2645578.1,1,,61,60,0,50.0,1.0,37.5822,0,0.0,4.0714,0
2647578.1,1,,61,60,0,50.0,1.0,37.4822,0,0.0,4.0615,0
2649578.1,1,,61,60,0,50.0,1.0,37.3822,0,0.0,4.0517,0
2651578.1,1,,61,60,0,50.0,1.0,37.2822,0,0.0,4.0418,0
2653578.1,1,,61,60,0,50.0,1.0,37.1822,0,0.0,4.032,0
2655578.1,1,,61,60,0,50.0,1.0,37.0822,0,0.0,4.0221,0
2657578.1,1,,61,60,0,50.0,1.0,36.9822,0,0.0,4.0123,0
2659578.1,1,,61,60,0,50.0,1.0,36.8822,0,0.0,4.0025,0
2661578.1,1,,61,60,0,50.0,1.0,36.7822,0,0.0,3.9926,0
2663578.1,1,,61,60,0,50.0,1.0,36.6822,0,0.0,3.9828,0
2665578.1,1,,61,60,0,50.0,1.0,36.5822,0,0.0,3.9729,0
2667578.1,1,,61,60,0,50.0,1.0,36.4822,0,0.0,3.9631,0
2669578.1,1,,61,60,0,50.0,1.0,36.3822,0,0.0,3.9532,0
2671578.1,1,,61,60,0,50.0,1.0,36.2822,0,0.0,3.9434,0
2673578.1,1,,61,60,0,50.0,1.0,36.1822,0,0.0,3.9335,0
2675578.1,1,,61,60,0,50.0,1.0,36.0822,0,0.0,3.9237,0
2675967.1,1,,61,60,0,50.0,1.0,36.0628,0,0.0,3.9218,0
2677578.1,1,,60,59,0,50.0,1.0,35.9822,0,0.0,3.9138,0
2679578.1,1,,60,59,0,50.0,1.0,35.8822,0,0.0,3.9038,0
2681578.1,1,,60,59,0,50.0,1.0,35.7822,0,0.0,3.8939,0
2683578.1,1,,60,59,0,50.0,1.0,35.6822,0,0.0,3.8839,0
2685578.1,1,,60,59,0,50.0,1.0,35.5822,0,0.0,3.874,0
2687578.1,1,,60,59,0,50.0,1.0,35.4822,0,0.0,3.864,0
2689578.1,1,,60,59,0,50.0,1.0,35.3822,0,0.0,3.8541,0
2691578.1,1,,60,59,0,50.0,1.0,35.2822,0,0.0,3.8441,0
2693578.1,1,,60,59,0,50.0,1.0,35.1822,0,0.0,3.8342,0
2695578.1,1,,60,59,0,50.0,1.0,35.0822,0,0.0,3.8242,0
2697578.1,1,,60,59,0,50.0,1.0,34.9822,0,0.0,3.8143,0
2699578.1,1,,60,59,0,50.0,1.0,34.8822,0,0.0,3.8043,0
2701578.1,1,,60,59,0,50.0,1.0,34.7822,0,0.0,3.7944,0
2703578.1,1,,60,59,0,50.0,1.0,34.6822,0,0.0,3.7844,0
2705578.1,1,,60,59,0,50.0,1.0,34.5822,0,0.0,3.7745,0
2707578.1,1,,60,59,0,50.0,1.0,34.4822,0,0.0,3.7645,0
2709578.1,1,,60,59,0,50.0,1.0,34.3822,0,0.0,3.7546,0
2711578.1,1,,60,59,0,50.0,1.0,34.2822,0,0.0,3.7446,0
2712827.7,1,,60,59,0,50.0,1.0,34.2197,0,0.0,3.7384,0
2713578.1,1,,59,59,0,50.0,1.0,34.1822,0,0.0,3.7372,0
2715578.1,1,,59,59,0,50.0,1.0,34.0822,0,0.0,3.7339,0
2717578.1,1,,59,59,0,50.0,1.0,33.9822,0,0.0,3.7307,0
2719578.1,1,,59,59,0,50.0,1.0,33.8822,0,0.0,3.7275,0
2719740.4,1,,59,59,0,50.0,1.0,33.8741,0,0.0,3.7272,0
2721578.1,1,,58,58,0,50.0,1.0,33.7822,0,0.0,3.7242,0
2723578.1,1,,58,58,0,50.0,1.0,33.6822,0,0.0,3.7208,0
2725578.1,1,,58,58,0,50.0,1.0,33.5822,0,0.0,3.7175,0
2727578.1,1,,58,58,0,50.0,1.0,33.4822,0,0.0,3.7142,0
2729578.1,1,,58,58,0,50.0,1.0,33.3822,0,0.0,3.7108,0
2731578.1,1,,58,58,0,50.0,1.0,33.2822,0,0.0,3.7075,0
2733578.1,1,,58,58,0,50.0,1.0,33.1822,0,0.0,3.7042,0
2735578.1,1,,58,58,0,50.0,1.0,33.0822,0,0.0,3.7008,0
2737578.1,1,,58,58,0,50.0,1.0,32.9822,0,0.0,3.6975,0
2739578.1,1,,58,58,0,50.0,1.0,32.8822,0,0.0,3.6942,0
2741578.1,1,,58,58,0,50.0,1.0,32.7822,0,0.0,3.6908,0
2743578.1,1,,58,58,0,50.0,1.0,32.6822,0,0.0,3.6875,0
2745578.1,1,,58,58,0,50.0,1.0,32.5822,0,0.0,3.6842,0
2747578.1,1,,58,58,0,50.0,1.0,32.4822,0,0.0,3.6808,0
2749578.1,1,,58,58,0,50.0,1.0,32.3822,0,0.0,3.6775,0
2751578.1,1,,58,58,0,50.0,1.0,32.2822,0,0.0,3.6742,0
2753578.1,1,,58,58,0,50.0,1.0,32.1822,0,0.0,3.6708,0
2755578.1,1,,58,58,0,50.0,1.0,32.0822,0,0.0,3.6675,0
2757578.1,1,,58,58,0,50.0,1.0,31.9822,0,0.0,3.6642,0
2759578.1,1,,58,58,0,50.0,1.0,31.8822,0,0.0,3.6608,0
2761578.1,1,,58,58,0,50.0,1.0,31.7822,0,0.0,3.6575,0
2763578.1,1,,58,58,0,50.0,1.0,31.6822,0,0.0,3.6542,0
2765578.1,1,,58,58,0,50.0,1.0,31.5822,0,0.0,3.6508,0
2767578.1,1,,58,58,0,50.0,1.0,31.4822,0,0.0,3.6475,0
2769578.1,1,,58,58,0,50.0,1.0,31.3822,0,0.0,3.6442,0
2771578.1,1,,58,58,0,50.0,1.0,31.2822,0,0.0,3.6408,0
2773578.1,1,,58,58,0,50.0,1.0,31.1822,0,0.0,3.6375,0
2775578.1,1,,58,58,0,50.0,1.0,31.0822,0,0.0,3.6342,0
2777578.1,1,,58,58,0,50.0,1.0,30.9822,0,0.0,3.6308,0
2779578.1,1,,58,58,0,50.0,1.0,30.8822,0,0.0,3.6275,0
2781578.1,1,,58,58,0,50.0,1.0,30.7822,0,0.0,3.6242,0
2783578.1,1,,58,58,0,50.0,1.0,30.6822,0,0.0,3.6208,0
2785578.1,1,,58,58,0,50.0,1.0,30.5822,0,0.0,3.6175,0
2787578.1,1,,58,58,0,50.0,1.0,30.4822,0,0.0,3.6142,0
2789578.1,1,,58,58,0,50.0,1.0,30.3822,0,0.0,3.6108,0
2791578.1,1,,58,58,0,50.0,1.0,30.2822,0,0.0,3.6075,0
2793578.1,1,,58,58,0,50.0,1.0,30.1822,0,0.0,3.6042,0
2795578.1,1,,58,58,0,50.0,1.0,30.0822,0,0.0,3.6008,0
2797578.1,1,,58,58,0,50.0,1.0,29.9822,0,0.0,3.5975,0
2799578.1,1,,58,58,0,50.0,1.0,29.8822,0,0.0,3.5942,0
2801578.1,1,,58,58,0,50.0,1.0,29.7822,0,0.0,3.5908,0
2803578.1,1,,58,58,0,50.0,1.0,29.6822,0,0.0,3.5875,0
2805578.1,1,,58,58,0,50.0,1.0,29.5822,0,0.0,3.5842,0
2807578.1,1,,58,58,0,50.0,1.0,29.4822,0,0.0,3.5808,0
2809578.1,1,,58,58,0,50.0,1.0,29.3822,0,0.0,3.5775,0
2811578.1,1,,58,58,0,50.0,1.0,29.2822,0,0.0,3.5742,0
2813578.1,1,,58,58,0,50.0,1.0,29.1822,0,0.0,3.5708,0
2815578.1,1,,58,58,0,50.0,1.0,29.0822,0,0.0,3.5675,0
2817578.1,1,,58,58,0,50.0,1.0,28.9822,0,0.0,3.5642,0
2819578.1,1,,58,58,0,50.0,1.0,28.8822,0,0.0,3.5608,0
2821578.1,1,,58,58,0,50.0,1.0,28.7822,0,0.0,3.5575,0
2823578.1,1,,58,58,0,50.0,1.0,28.6822,0,0.0,3.5542,0
2825578.1,1,,58,58,0,50.0,1.0,28.5822,0,0.0,3.5508,0
2827578.1,1,,58,58,0,50.0,1.0,28.4822,0,0.0,3.5475,0
2829578.1,1,,58,58,0,50.0,1.0,28.3822,0,0.0,3.5442,0
2831578.1,1,,58,58,0,50.0,1.0,28.2822,0,0.0,3.5408,0
2833578.1,1,,58,58,0,50.0,1.0,28.1822,0,0.0,3.5375,0
2835578.1,1,,58,58,0,50.0,1.0,28.0822,0,0.0,3.5342,0
2837578.1,1,,58,58,0,50.0,1.0,27.9822,0,0.0,3.5308,0
2839578.1,1,,58,58,0,50.0,1.0,27.8822,0,0.0,3.5275,0
2841578.1,1,,58,58,0,50.0,1.0,27.7822,0,0.0,3.5242,0
2843578.1,1,,58,58,0,50.0,1.0,27.6822,0,0.0,3.5208,0
2845578.1,1,,58,58,0,50.0,1.0,27.5822,0,0.0,3.5175,0
2847578.1,1,,58,58,0,50.0,1.0,27.4822,0,0.0,3.5142,0
2849578.1,1,,58,58,0,50.0,1.0,27.3822,0,0.0,3.5108,0
2851578.1,1,,58,58,0,50.0,1.0,27.2822,0,0.0,3.5075,0
2853578.1,1,,58,58,0,50.0,1.0,27.1822,0,0.0,3.5042,0
2855578.1,1,,58,58,0,50.0,1.0,27.0822,0,0.0,3.5008,0
2857578.1,1,,58,58,0,50.0,1.0,26.9822,0,0.0,3.4975,0
2859578.1,1,,58,58,0,50.0,1.0,26.8822,0,0.0,3.4942,0
2861578.1,1,,58,58,0,50.0,1.0,26.7822,0,0.0,3.4908,0
2863578.1,1,,58,58,0,50.0,1.0,26.6822,0,0.0,3.4875,0
2865578.1,1,,58,58,0,50.0,1.0,26.5822,0,0.0,3.4842,0
2867578.1,1,,58,58,0,50.0,1.0,26.4822,0,0.0,3.4808,0
2867852.0,1,,58,58,0,50.0,1.0,26.4685,0,0.0,3.4804,0
2869578.1,1,,57,57,0,50.0,1.0,26.3822,0,0.0,3.4775,0
2871578.1,1,,57,57,0,50.0,1.0,26.2822,0,0.0,3.4742,0
2873578.1,1,,57,57,0,50.0,1.0,26.1822,0,0.0,3.4708,0
2875578.1,1,,57,57,0,50.0,1.0,26.0822,0,0.0,3.4675,0
2877578.1,1,,57,57,0,50.0,1.0,25.9822,0,0.0,3.4642,0
2879578.1,1,,57,57,0,50.0,1.0,25.8822,0,0.0,3.4608,0
2881578.1,1,,57,57,0,50.0,1.0,25.7822,0,0.0,3.4575,0
2881780.8,1,,57,57,0,50.0,1.0,25.7721,0,0.0,3.4572,0
2883428.1,1,,56,56,0,50.0,1.0,25.6897,0,0.0,3.4543,0
2883578.1,1,,55,55,0,50.0,1.0,25.6822,0,0.0,3.4541,0
2885578.1,1,,55,55,0,50.0,1.0,25.5822,0,0.0,3.4506,0
2887578.1,1,,55,55,0,50.0,1.0,25.4822,0,0.0,3.4472,0
2889578.1,1,,55,55,0,50.0,1.0,25.3822,0,0.0,3.4437,0
2890955.8,1,,55,55,0,50.0,1.0,25.3133,0,0.0,3.4413,0
2891578.1,1,,54,54,0,50.0,1.0,25.2822,0,0.0,3.4402,0
2893578.1,1,,54,54,0,50.0,1.0,25.1822,0,0.0,3.4366,0
2895578.1,1,,54,54,0,50.0,1.0,25.0822,0,0.0,3.433,0
2897578.1,1,,54,54,0,50.0,1.0,24.9822,0,0.0,3.4294,0
2899578.1,1,,54,54,0,50.0,1.0,24.8822,0,0.0,3.4258,0
2901578.1,1,,54,54,0,50.0,1.0,24.7822,0,0.0,3.4223,0
2903578.1,1,,54,54,0,50.0,1.0,24.6822,0,0.0,3.4187,0
2905578.1,1,,54,54,0,50.0,1.0,24.5822,0,0.0,3.4151,0
2907578.1,1,,54,54,0,50.0,1.0,24.4822,0,0.0,3.4115,0
2908987.2,1,,54,54,0,50.0,1.0,24.4118,0,0.0,3.409,0
2909578.1,1,,53,53,0,50.0,1.0,24.3822,0,0.0,3.4079,0
2911578.1,1,,53,53,0,50.0,1.0,24.2822,0,0.0,3.4043,0
2913578.1,1,,53,53,0,50.0,1.0,24.1822,0,0.0,3.4007,0
2915578.1,1,,53,53,0,50.0,1.0,24.0822,0,0.0,3.3971,0
2917578.1,1,,53,53,0,50.0,1.0,23.9822,0,0.0,3.3935,0
2919578.1,1,,53,53,0,50.0,1.0,23.8822,0,0.0,3.3899,0
2921578.1,1,,53,53,0,50.0,1.0,23.7822,0,0.0,3.3864,0
2923578.1,1,,53,53,0,50.0,1.0,23.6822,0,0.0,3.3828,0
2925578.1,1,,53,53,0,50.0,1.0,23.5822,0,0.0,3.3792,0
2927578.1,1,,53,53,0,50.0,1.0,23.4822,0,0.0,3.3756,0
2929578.1,1,,53,53,0,50.0,1.0,23.3822,0,0.0,3.372,0
2931578.1,1,,53,53,0,50.0,1.0,23.2822,0,0.0,3.3684,0
2933578.1,1,,53,53,0,50.0,1.0,23.1822,0,0.0,3.3648,0
2935578.1,1,,53,53,0,50.0,1.0,23.0822,0,0.0,3.3612,0
2937578.1,1,,53,53,0,50.0,1.0,22.9822,0,0.0,3.3576,0
2939578.1,1,,53,53,0,50.0,1.0,22.8822,0,0.0,3.354,0
2940924.4,1,,53,53,0,50.0,1.0,22.8149,0,0.0,3.3516,0
2941578.1,1,,52,52,0,50.0,1.0,22.7822,0,0.0,3.3504,0
2943578.1,1,,52,52,0,50.0,1.0,22.6822,0,0.0,3.3467,0
2945578.1,1,,52,52,0,50.0,1.0,22.5822,0,0.0,3.343,0
2947578.1,1,,52,52,0,50.0,1.0,22.4822,0,0.0,3.3393,0
2949578.1,1,,52,52,0,50.0,1.0,22.3822,0,0.0,3.3356,0
2951578.1,1,,52,52,0,50.0,1.0,22.2822,0,0.0,3.3319,0
2953578.1,1,,52,52,0,50.0,1.0,22.1822,0,0.0,3.3282,0
2954686.9,1,,52,52,0,50.0,1.0,22.1268,0,0.0,3.3261,0
2955578.1,1,,51,51,0,50.0,1.0,22.0822,0,0.0,3.3244,0
2957578.1,1,,51,51,0,50.0,1.0,21.9822,0,0.0,3.3206,0
2959578.1,1,,51,51,0,50.0,1.0,21.8822,0,0.0,3.3167,0
2961578.1,1,,51,51,0,50.0,1.0,21.7822,0,0.0,3.3129,0
2963578.1,1,,51,51,0,50.0,1.0,21.6822,0,0.0,3.309,0
2965578.1,1,,51,51,0,50.0,1.0,21.5822,0,0.0,3.3052,0
2967578.1,1,,51,51,0,50.0,1.0,21.4822,0,0.0,3.3013,0
2969578.1,1,,51,51,0,50.0,1.0,21.3822,0,0.0,3.2975,0
2971578.1,1,,51,51,0,50.0,1.0,21.2822,0,0.0,3.2936,0
2973578.1,1,,51,51,0,50.0,1.0,21.1822,0,0.0,3.2898,0
2975578.1,1,,51,51,0,50.0,1.0,21.0822,0,0.0,3.2859,0
2976152.6,1,,51,51,0,50.0,1.0,21.0535,0,0.0,3.2848,0
2977578.1,1,,50,50,0,50.0,1.0,20.9822,0,0.0,3.282,0
2979578.1,1,,50,50,0,50.0,1.0,20.8822,0,0.0,3.278,0
2981578.1,1,,50,50,0,50.0,1.0,20.7822,0,0.0,3.274,0
2983578.1,1,,50,50,0,50.0,1.0,20.6822,0,0.0,3.27,0
2985578.1,1,,50,50,0,50.0,1.0,20.5822,0,0.0,3.266,0
2987578.1,1,,50,50,0,50.0,1.0,20.4822,0,0.0,3.2619,0
2989578.1,1,,50,50,0,50.0,1.0,20.3822,0,0.0,3.2579,0
2991578.1,1,,50,50,0,50.0,1.0,20.2822,0,0.0,3.2539,0
2993578.1,1,,50,50,0,50.0,1.0,20.1822,0,0.0,3.2499,0
2995578.1,1,,50,50,0,50.0,1.0,20.0822,0,0.0,3.2459,0
2997285.3,1,,50,50,0,50.0,1.0,19.9969,0,0.0,3.2425,0
2997578.1,1,,49,49,0,50.0,1.0,19.9822,0,0.0,3.2419,0
2999578.1,1,,49,49,0,50.0,1.0,19.8822,0,0.0,3.2377,0
3001578.1,1,,49,49,0,50.0,1.0,19.7822,0,0.0,3.2336,0
3003578.1,1,,49,49,0,50.0,1.0,19.6822,0,0.0,3.2294,0
3005578.1,1,,49,49,0,50.0,1.0,19.5822,0,0.0,3.2252,0
3007578.1,1,,49,49,0,50.0,1.0,19.4822,0,0.0,3.2211,0
3009578.1,1,,49,49,0,50.0,1.0,19.3822,0,0.0,3.2169,0
3011578.1,1,,49,49,0,50.0,1.0,19.2822,0,0.0,3.2127,0
3013578.1,1,,49,49,0,50.0,1.0,19.1822,0,0.0,3.2086,0
3015578.1,1,,49,49,0,50.0,1.0,19.0822,0,0.0,3.2044,0
3017578.1,1,,49,49,0,50.0,1.0,18.9822,0,0.0,3.2002,0
3019578.1,1,,49,49,0,50.0,1.0,18.8822,0,0.0,3.1961,0
3020878.3,1,,49,49,0,50.0,1.0,18.8172,0,0.0,3.1933,0
3021578.1,1,,48,48,0,50.0,1.0,18.7822,0,0.0,3.1918,0
3023578.1,1,,48,48,0,50.0,1.0,18.6822,0,0.0,3.1875,0
3025578.1,1,,48,48,0,50.0,1.0,18.5822,0,0.0,3.1831,0
3027270.7,1,,48,48,0,50.0,1.0,18.4976,0,0.0,3.1794,0
3027578.1,1,,47,47,0,50.0,1.0,18.4822,0,0.0,3.1787,0
3029578.1,1,,47,47,0,50.0,1.0,18.3822,0,0.0,3.1742,0
3031578.1,1,,47,47,0,50.0,1.0,18.2822,0,0.0,3.1696,0
3033578.1,1,,47,47,0,50.0,1.0,18.1822,0,0.0,3.1651,0
3035578.1,1,,47,47,0,50.0,1.0,18.0822,0,0.0,3.1605,0
3037578.1,1,,47,47,0,50.0,1.0,17.9822,0,0.0,3.156,0
3039578.1,1,,47,47,0,50.0,1.0,17.8822,0,0.0,3.1515,0
3041578.1,1,,47,47,0,50.0,1.0,17.7822,0,0.0,3.1469,0
3043578.1,1,,47,47,0,50.0,1.0,17.6822,0,0.0,3.1424,0
3045578.1,1,,47,47,0,50.0,1.0,17.5822,0,0.0,3.1378,0
3046109.7,1,,47,47,0,50.0,1.0,17.5556,0,0.0,3.1366,0
3046612.8,1,,46,46,0,50.0,1.0,17.5305,0,0.0,3.1354,0
3047578.1,1,,45,45,0,50.0,1.0,17.4822,0,0.0,3.1331,0
3048897.6,1,,45,45,0,50.0,1.0,17.4162,0,0.0,3.13,0
3049578.1,1,,44,44,0,50.0,1.0,17.3822,0,0.0,3.1283,0
3051578.1,1,,44,44,0,50.0,1.0,17.2822,0,0.0,3.1233,0
3053578.1,1,,44,44,0,50.0,1.0,17.1822,0,0.0,3.1183,0
3053821.7,1,,44,44,0,50.0,1.0,17.17,0,0.0,3.1176,0
3055578.1,1,,43,43,0,50.0,1.0,17.0822,0,0.0,3.1133,0
3057578.1,1,,43,43,0,50.0,1.0,16.9822,0,0.0,3.1083,0
3059578.1,1,,43,43,0,50.0,1.0,16.8822,0,0.0,3.1033,0
3061578.1,1,,43,43,0,50.0,1.0,16.7822,0,0.0,3.0983,0
3063578.1,1,,43,43,0,50.0,1.0,16.6822,0,0.0,3.0933,0
3063652.1,1,,43,43,0,50.0,1.0,16.6785,0,0.0,3.0931,0
3065578.1,1,,42,42,0,50.0,1.0,16.5822,0,0.0,3.0883,0
3067578.1,1,,42,42,0,50.0,1.0,16.4822,0,0.0,3.0833,0
3068064.5,1,,42,42,0,50.0,1.0,16.4579,0,0.0,3.082,0
3069578.1,1,,41,41,0,50.0,1.0,16.3822,0,0.0,3.0783,0
3071578.1,1,,41,41,0,50.0,1.0,16.2822,0,0.0,3.0733,0
3073578.1,1,,41,41,0,50.0,1.0,16.1822,0,0.0,3.0683,0
3075578.1,1,,41,41,0,50.0,1.0,16.0822,0,0.0,3.0633,0
3075928.8,1,,41,41,0,50.0,1.0,16.0647,0,0.0,3.0624,0
3077578.1,1,,40,40,0,50.0,1.0,15.9822,0,0.0,3.0583,0
3079578.1,1,,40,40,0,50.0,1.0,15.8822,0,0.0,3.0533,0
3081578.1,1,,40,40,0,50.0,1.0,15.7822,0,0.0,3.0483,0
3083578.1,1,,40,40,0,50.0,1.0,15.6822,0,0.0,3.0433,0
3085578.1,1,,40,40,0,50.0,1.0,15.5822,0,0.0,3.0383,0
3087578.1,1,,40,40,0,50.0,1.0,15.4822,0,0.0,3.0333,0
3089578.1,1,,40,40,0,50.0,1.0,15.3822,0,0.0,3.0283,0
3090194.2,1,,40,40,0,50.0,1.0,15.3514,0,0.0,3.0267,0
3091578.1,1,,39,39,0,50.0,1.0,15.2822,0,0.0,3.0233,0
3093578.1,1,,39,39,0,50.0,1.0,15.1822,0,0.0,3.0183,0
3095578.1,1,,39,39,0,50.0,1.0,15.0822,0,0.0,3.0133,0
3097578.1,1,,39,39,0,50.0,1.0,14.9822,0,0.0,3.0083,0
3098058.5,1,,39,39,0,50.0,1.0,14.9582,0,0.0,3.0071,0
3099578.1,1,,38,38,0,50.0,1.0,14.8822,0,0.0,3.0033,0
3101578.1,1,,38,38,0,50.0,1.0,14.7822,0,0.0,2.9983,0
3103578.1,1,,38,38,0,50.0,1.0,14.6822,0,0.0,2.9933,0
3105578.1,1,,38,38,0,50.0,1.0,14.5822,0,0.0,2.9883,0
3107578.1,1,,38,38,0,50.0,1.0,14.4822,0,0.0,2.9833,0
3108369.1,1,,38,38,0,50.0,1.0,14.4427,0,0.0,2.9813,0
3109578.1,1,,37,37,0,50.0,1.0,14.3822,0,0.0,2.9783,0
3111578.1,1,,37,37,0,50.0,1.0,14.2822,0,0.0,2.9733,0
3113578.1,1,,37,37,0,50.0,1.0,14.1822,0,0.0,2.9683,0
3115578.1,1,,37,37,0,50.0,1.0,14.0822,0,0.0,2.9633,0
3116408.6,1,,37,37,0,50.0,1.0,14.0407,0,0.0,2.9612,0
3117578.1,1,,36,36,0,50.0,1.0,13.9822,0,0.0,2.9583,0
3119578.1,1,,36,36,0,50.0,1.0,13.8822,0,0.0,2.9533,0
3121578.1,1,,36,36,0,50.0,1.0,13.7822,0,0.0,2.9483,0
3123578.1,1,,36,36,0,50.0,1.0,13.6822,0,0.0,2.9433,0
3125578.1,1,,36,36,0,50.0,1.0,13.5822,0,0.0,2.9383,0
3127540.8,1,,36,36,0,50.0,1.0,13.4841,0,0.0,2.9333,0
3127578.1,1,,34,34,0,50.0,1.0,13.4822,0,0.0,2.9332,0
3129578.1,1,,34,34,0,50.0,1.0,13.3822,0,0.0,2.9276,0
3131578.1,1,,34,34,0,50.0,1.0,13.2822,0,0.0,2.922,0
3133578.1,1,,34,34,0,50.0,1.0,13.1822,0,0.0,2.9164,0
3135578.1,1,,34,34,0,50.0,1.0,13.0822,0,0.0,2.9107,0
3137578.1,1,,34,34,0,50.0,1.0,12.9822,0,0.0,2.9051,0
3139578.1,1,,34,34,0,50.0,1.0,12.8822,0,0.0,2.8995,0
3141578.1,1,,34,34,0,50.0,1.0,12.7822,0,0.0,2.8939,0
3143578.1,1,,34,34,0,50.0,1.0,12.6822,0,0.0,2.8882,0
3145578.1,1,,34,34,0,50.0,1.0,12.5822,0,0.0,2.8826,0
3145890.9,1,,34,34,0,50.0,1.0,12.5666,0,0.0,2.8817,0
3147578.1,1,,33,33,0,50.0,1.0,12.4822,0,0.0,2.8766,0
3149578.1,1,,33,33,0,50.0,1.0,12.3822,0,0.0,2.8705,0
3151578.1,1,,33,33,0,50.0,1.0,12.2822,0,0.0,2.8645,0
3153578.1,1,,33,33,0,50.0,1.0,12.1822,0,0.0,2.8584,0
3154244.3,1,,33,33,0,50.0,1.0,12.1489,0,0.0,2.8564,0
3155578.1,1,,32,32,0,50.0,1.0,12.0822,0,0.0,2.8523,0
3157578.1,1,,32,32,0,50.0,1.0,11.9822,0,0.0,2.8463,0
3159578.1,1,,32,32,0,50.0,1.0,11.8822,0,0.0,2.8402,0
3161578.1,1,,32,32,0,50.0,1.0,11.7822,0,0.0,2.8341,0
3163578.1,1,,32,32,0,50.0,1.0,11.6822,0,0.0,2.828,0
3165578.1,1,,32,32,0,50.0,1.0,11.5822,0,0.0,2.822,0
3166534.7,1,,32,32,0,50.0,1.0,11.5344,0,0.0,2.8191,0
3167578.1,1,,31,31,0,50.0,1.0,11.4822,0,0.0,2.8156,0
3169578.1,1,,31,31,0,50.0,1.0,11.3822,0,0.0,2.8089,0
3171578.1,1,,31,31,0,50.0,1.0,11.2822,0,0.0,2.8023,0
3173578.1,1,,31,31,0,50.0,1.0,11.1822,0,0.0,2.7956,0
3175578.1,1,,31,31,0,50.0,1.0,11.0822,0,0.0,2.7889,0
3177181.7,1,,31,31,0,50.0,1.0,11.002,0,0.0,2.7836,0
3177578.1,1,,30,30,0,50.0,1.0,10.9822,0,0.0,2.7822,0
3179578.1,1,,30,30,0,50.0,1.0,10.8822,0,0.0,2.7753,0
3181578.1,1,,30,30,0,50.0,1.0,10.7822,0,0.0,2.7683,0
3183578.1,1,,30,30,0,50.0,1.0,10.6822,0,0.0,2.7614,0
3185578.1,1,,30,30,0,50.0,1.0,10.5822,0,0.0,2.7544,0
3186029.0,1,,30,30,0,50.0,1.0,10.5597,0,0.0,2.7529,0
3187578.1,1,,29,29,0,50.0,1.0,10.4822,0,0.0,2.7472,0
3189578.1,1,,29,29,0,50.0,1.0,10.3822,0,0.0,2.7399,0
3191578.1,1,,29,29,0,50.0,1.0,10.2822,0,0.0,2.7326,0
3193578.1,1,,29,29,0,50.0,1.0,10.1822,0,0.0,2.7253,0
3195578.1,1,,29,29,0,50.0,1.0,10.0822,0,0.0,2.718,0
3197578.1,1,,29,29,0,50.0,1.0,9.9822,0,0.0,2.7108,0
3198984.0,1,,29,29,0,50.0,1.0,9.9119,0,0.0,2.7056,0
3199136.2,1,,28,28,0,50.0,1.0,9.9043,0,0.0,2.7051,0
3199578.1,1,,27,27,0,50.0,1.0,9.8822,0,0.0,2.7034,0
3201578.1,1,,27,27,0,50.0,1.0,9.7822,0,0.0,2.6956,0
3203578.1,1,,27,27,0,50.0,1.0,9.6822,0,0.0,2.6879,0
3203723.7,1,,27,27,0,50.0,1.0,9.6749,0,0.0,2.6873,0
3204379.4,1,,26,26,0,50.0,1.0,9.6422,0,0.0,2.6846,0
3205578.1,1,,25,25,0,50.0,1.0,9.5822,0,0.0,2.6796,0
3207578.1,1,,25,25,0,50.0,1.0,9.4822,0,0.0,2.6713,0
3209578.1,1,,25,25,0,50.0,1.0,9.3822,0,0.0,2.6629,0
3211578.1,1,,25,25,0,50.0,1.0,9.2822,0,0.0,2.6546,0
3212243.7,1,,25,25,0,50.0,1.0,9.2489,0,0.0,2.6518,0
3213578.1,1,,24,24,0,50.0,1.0,9.1822,0,0.0,2.6463,0
3215578.1,1,,24,24,0,50.0,1.0,9.0822,0,0.0,2.6379,0
3217578.1,1,,24,24,0,50.0,1.0,8.9822,0,0.0,2.6296,0
3219578.1,1,,24,24,0,50.0,1.0,8.8822,0,0.0,2.6213,0
3221578.1,1,,24,24,0,50.0,1.0,8.7822,0,0.0,2.6129,0
3223578.1,1,,24,24,0,50.0,1.0,8.6822,0,0.0,2.6046,0
3225578.1,1,,24,24,0,50.0,1.0,8.5822,0,0.0,2.5963,0
3226006.2,1,,24,24,0,50.0,1.0,8.5608,0,0.0,2.5945,0
3226836.8,1,,23,23,0,50.0,1.0,8.5193,0,0.0,2.591,0
3227578.1,1,,21,21,0,50.0,1.0,8.4822,0,0.0,2.5879,0
3229578.1,1,,21,21,0,50.0,1.0,8.3822,0,0.0,2.5796,0
3231578.1,1,,21,21,0,50.0,1.0,8.2822,0,0.0,2.5713,0
3233578.1,1,,21,21,0,50.0,1.0,8.1822,0,0.0,2.5629,0
3235347.5,1,,21,21,0,50.0,1.0,8.0937,0,0.0,2.5556,0
3235578.1,1,,20,20,0,50.0,1.0,8.0822,0,0.0,2.5545,0
3237578.1,1,,20,20,0,50.0,1.0,7.9822,0,0.0,2.5453,0
3239578.1,1,,20,20,0,50.0,1.0,7.8822,0,0.0,2.5362,0
3241578.1,1,,20,20,0,50.0,1.0,7.7822,0,0.0,2.527,0
3243548.4,1,,20,20,0,50.0,1.0,7.6837,0,0.0,2.518,0
3243578.1,1,,19,19,0,50.0,1.0,7.6822,0,0.0,2.5178,0
3245578.1,1,,19,19,0,50.0,1.0,7.5822,0,0.0,2.5087,0
3247578.1,1,,19,19,0,50.0,1.0,7.4822,0,0.0,2.4995,0
3249578.1,1,,19,19,0,50.0,1.0,7.3822,0,0.0,2.4903,0
3251578.1,1,,19,19,0,50.0,1.0,7.2822,0,0.0,2.4812,0
3253578.1,1,,19,19,0,50.0,1.0,7.1822,0,0.0,2.472,0
3255578.1,1,,19,19,0,50.0,1.0,7.0822,0,0.0,2.4628,0
3257578.1,1,,19,19,0,50.0,1.0,6.9822,0,0.0,2.4537,0
3259578.1,1,,19,19,0,50.0,1.0,6.8822,0,0.0,2.4445,0
3261578.1,1,,19,19,0,50.0,1.0,6.7822,0,0.0,2.4353,0
3263209.2,1,,19,19,0,50.0,1.0,6.7007,0,0.0,2.4279,0
3263578.1,1,,18,18,0,50.0,1.0,6.6822,0,0.0,2.4259,0
3265578.1,1,,18,18,0,50.0,1.0,6.5822,0,0.0,2.4154,0
3266783.3,1,,18,18,0,50.0,1.0,6.522,0,0.0,2.4091,0
3267578.1,1,,17,17,0,50.0,1.0,6.4822,0,0.0,2.405,0
3269578.1,1,,17,17,0,50.0,1.0,6.3822,0,0.0,2.3945,0
3271578.1,1,,17,17,0,50.0,1.0,6.2822,0,0.0,2.384,0
3273578.1,1,,17,17,0,50.0,1.0,6.1822,0,0.0,2.3735,0
3275578.1,1,,17,17,0,50.0,1.0,6.0822,0,0.0,2.3631,0
3276398.4,1,,17,17,0,50.0,1.0,6.0412,0,0.0,2.3588,0
3276512.6,1,,16,16,0,50.0,1.0,6.0355,0,0.0,2.3581,0
3277578.1,1,,15,15,0,50.0,1.0,5.9822,0,0.0,2.351,0
3279578.1,1,,15,15,0,50.0,1.0,5.8822,0,0.0,2.3376,0
3281578.1,1,,15,15,0,50.0,1.0,5.7822,0,0.0,2.3243,0
3283578.1,1,,15,15,0,50.0,1.0,5.6822,0,0.0,2.311,0
3285578.1,1,,15,15,0,50.0,1.0,5.5822,0,0.0,2.2976,0
3287578.1,1,,15,15,0,50.0,1.0,5.4822,0,0.0,2.2843,0
3289578.1,1,,15,15,0,50.0,1.0,5.3822,0,0.0,2.271,0
3291578.1,1,,15,15,0,50.0,1.0,5.2822,0,0.0,2.2576,0
3293578.1,1,,15,15,0,50.0,1.0,5.1822,0,0.0,2.2443,0
3295578.1,1,,15,15,0,50.0,1.0,5.0822,0,0.0,2.231,0
3297578.1,1,,15,15,0,50.0,1.0,4.9822,0,0.0,2.2176,0
3299578.1,1,,15,15,0,50.0,1.0,4.8822,0,0.0,2.2043,0
3301578.1,1,,15,15,0,50.0,1.0,4.7822,0,0.0,2.191,0
3303578.1,1,,15,15,0,50.0,1.0,4.6822,0,0.0,2.1776,0
3305578.1,1,,15,15,0,50.0,1.0,4.5822,0,0.0,2.1643,0
3307578.1,1,,15,15,0,50.0,1.0,4.4822,0,0.0,2.151,0
3308707.3,1,,15,15,0,50.0,1.0,4.4258,0,0.0,2.1434,0
3309323.5,1,,14,14,0,50.0,1.0,4.3949,0,0.0,2.1393,0
3309578.1,1,,13,13,0,50.0,1.0,4.3822,0,0.0,2.1374,0
3311578.1,1,,13,13,0,50.0,1.0,4.2822,0,0.0,2.1224,0
3313578.1,1,,13,13,0,50.0,1.0,4.1822,0,0.0,2.1074,0
3315578.1,1,,13,13,0,50.0,1.0,4.0822,0,0.0,2.0924,0
3315588.6,1,,13,13,0,50.0,1.0,4.0817,0,0.0,2.0923,0
3317578.1,1,,12,12,0,50.0,1.0,3.9822,0,0.0,2.0774,0
3319578.1,1,,12,12,0,50.0,1.0,3.8822,0,0.0,2.0624,0
3321486.8,1,,12,12,0,50.0,1.0,3.7868,0,0.0,2.0481,0
3321578.1,1,,11,11,0,50.0,1.0,3.7822,0,0.0,2.0474,0
3323578.1,1,,11,11,0,50.0,1.0,3.6822,0,0.0,2.0324,0
3325578.1,1,,11,11,0,50.0,1.0,3.5822,0,0.0,2.0174,0
3327578.1,1,,11,11,0,50.0,1.0,3.4822,0,0.0,2.0024,0
3329578.1,1,,11,11,0,50.0,1.0,3.3822,0,0.0,1.9874,0
3331578.1,1,,11,11,0,50.0,1.0,3.2822,0,0.0,1.9724,0
3333578.1,1,,11,11,0,50.0,1.0,3.1822,0,0.0,1.9574,0
3335578.1,1,,11,11,0,50.0,1.0,3.0822,0,0.0,1.9424,0
3337578.1,1,,11,11,0,50.0,1.0,2.9822,0,0.0,1.9274,0
3337831.6,1,,11,11,0,50.0,1.0,2.9695,0,0.0,1.9255,0
3339578.1,1,,10,10,0,50.0,1.0,2.8822,0,0.0,1.91,0
3341578.1,1,,10,10,0,50.0,1.0,2.7822,0,0.0,1.8922,0
3342867.8,1,,10,10,0,50.0,1.0,2.7177,0,0.0,1.8808,0
3342992.6,1,,9,9,0,50.0,1.0,2.7115,0,0.0,1.8795,0
3343578.1,1,,8,8,0,50.0,1.0,2.6822,0,0.0,1.8722,0
3345578.1,1,,8,8,0,50.0,1.0,2.5822,0,0.0,1.8472,0
3346554.3,1,,8,8,0,50.0,1.0,2.5334,0,0.0,1.835,0
3347578.1,1,,7,7,0,50.0,1.0,2.4822,0,0.0,1.8222,0
3349578.1,1,,7,7,0,50.0,1.0,2.3822,0,0.0,1.7972,0
3351578.1,1,,7,7,0,50.0,1.0,2.2822,0,0.0,1.7722,0
3352206.8,1,,7,7,0,50.0,1.0,2.2508,0,0.0,1.7644,0
3352945.3,1,,6,6,0,50.0,1.0,2.2139,0,0.0,1.7505,0
3353578.1,1,,5,5,0,50.0,1.0,2.1822,0,0.0,1.7347,0
3355578.1,1,,5,5,0,50.0,1.0,2.0822,0,0.0,1.6847,0
3357578.1,1,,5,5,0,50.0,1.0,1.9822,0,0.0,1.6347,0
3359578.1,1,,5,5,0,50.0,1.0,1.8822,0,0.0,1.5847,0
3361484.5,1,,5,5,0,50.0,1.0,1.7869,0,0.0,1.537,0
3361578.1,1,,4,4,0,50.0,1.0,1.7822,0,0.0,1.5344,0
3363578.1,1,,4,4,0,50.0,1.0,1.6822,0,0.0,1.4789,0
3365539.5,1,,4,4,0,50.0,1.0,1.5841,0,0.0,1.4244,0
3365578.1,1,,3,3,0,50.0,1.0,1.5822,0,0.0,1.4231,0
3367578.1,1,,3,3,0,50.0,1.0,1.4822,0,0.0,1.3564,0
3369578.1,1,,3,3,0,50.0,1.0,1.3822,0,0.0,1.2898,0
3371578.1,1,,3,3,0,50.0,1.0,1.2822,0,0.0,1.2231,0
3373578.1,1,,3,3,0,50.0,1.0,1.1822,0,0.0,1.1564,0
3375124.2,1,,3,3,0,50.0,1.0,1.1049,0,0.0,1.1049,0
3375578.1,1,,2,2,0,50.0,1.0,1.0822,0,0.0,1.0822,0
3377578.1,1,,2,2,0,50.0,1.0,0.9822,0,0.0,0.9822,0
3379578.1,1,,2,2,0,50.0,1.0,0.8822,0,0.0,0.8822,0
3381578.1,1,,2,2,0,50.0,1.0,0.7822,0,0.0,0.7822,0
3383578.1,1,,2,2,0,50.0,1.0,0.6822,0,0.0,0.6822,0
3385578.1,1,,2,2,0,50.0,1.0,0.5822,0,0.0,0.5822,0
3387578.1,1,,2,2,0,50.0,1.0,0.4822,0,0.0,0.4822,0
3389501.8,1,,2,2,0,50.0,1.0,0.386,0,0.0,0.386,0
3389578.1,1,,1,1,0,50.0,1.0,0.3822,0,0.0,0.3822,0
3391578.1,1,,1,1,0,50.0,1.0,0.2822,0,0.0,0.2822,0
3393578.1,1,,1,1,0,50.0,1.0,0.1822,0,0.0,0.1822,0
3395578.1,1,,1,1,0,50.0,1.0,0.0822,0,0.0,0.0822,0
3397222.4,1,,1,1,0,50.0,1.0,0.0,0,0.0,0.0,0
