t_ns,collective,label,n_active_flows,n_eps_flows,n_ocs_flows,core_bw_gbps,core_utilisation,core_queue_mb,ocs_bw_gbps,ocs_bytes_carried_mb,port_queue_mb_max,n_dark
33578.1,0,,124,64,0,50.0,1.0,85.6232,0,0.0,38.0631,0
35271.1,0,,123,64,0,50.0,1.0,85.5386,0,0.0,37.8665,0
35578.1,0,,122,64,0,50.0,1.0,85.5232,0,0.0,37.8308,0
37246.3,0,,122,64,0,50.0,1.0,85.4398,0,0.0,37.6373,0
37578.1,0,,121,64,0,50.0,1.0,85.4232,0,0.0,37.5988,0
39578.1,0,,121,64,0,50.0,1.0,85.3232,0,0.0,37.3669,0
41578.1,0,,121,64,0,50.0,1.0,85.2232,0,0.0,37.1351,0
43578.1,0,,121,64,0,50.0,1.0,85.1232,0,0.0,36.9032,0
43736.2,0,,121,64,0,50.0,1.0,85.1153,0,0.0,36.8849,0
44864.9,0,,120,64,0,50.0,1.0,85.0589,0,0.0,36.7541,0
45578.1,0,,119,64,0,50.0,1.0,85.0232,0,0.0,36.6716,0
47076.7,0,,119,64,0,50.0,1.0,84.9483,0,0.0,36.4982,0
47578.1,0,,118,64,0,50.0,1.0,84.9232,0,0.0,36.4402,0
49578.1,0,,118,64,0,50.0,1.0,84.8232,0,0.0,36.209,0
51578.1,0,,118,64,0,50.0,1.0,84.7232,0,0.0,35.9777,0
53578.1,0,,118,64,0,50.0,1.0,84.6232,0,0.0,35.7465,0
55578.1,0,,118,64,0,50.0,1.0,84.5232,0,0.0,35.5152,0
57578.1,0,,118,64,0,50.0,1.0,84.4232,0,0.0,35.284,0
59578.1,0,,118,64,0,50.0,1.0,84.3232,0,0.0,35.0527,0
61578.1,0,,118,64,0,50.0,1.0,84.2232,0,0.0,34.8215,0
63578.1,0,,118,64,0,50.0,1.0,84.1232,0,0.0,34.5903,0
63979.5,0,,118,64,0,50.0,1.0,84.1032,0,0.0,34.5438,0
65578.1,0,,117,64,0,50.0,1.0,84.0232,0,0.0,34.3592,0
66082.1,0,,117,64,0,50.0,1.0,83.998,0,0.0,34.301,0
67493.0,0,,116,64,0,50.0,1.0,83.9275,0,0.0,34.1381,0
67578.1,0,,115,64,0,50.0,1.0,83.9232,0,0.0,34.1283,0
67611.3,0,,115,64,0,50.0,1.0,83.9216,0,0.0,34.1245,0
69578.1,0,,114,64,0,50.0,1.0,83.8232,0,0.0,33.8979,0
71578.1,0,,114,64,0,50.0,1.0,83.7232,0,0.0,33.6675,0
73578.1,0,,114,64,0,50.0,1.0,83.6232,0,0.0,33.4372,0
73992.0,0,,114,64,0,50.0,1.0,83.6025,0,0.0,33.3895,0
75578.1,0,,113,64,0,50.0,1.0,83.5232,0,0.0,33.2253,0
76913.8,0,,113,64,0,50.0,1.0,83.4565,0,0.0,33.087,0
77578.1,0,,112,64,0,50.0,1.0,83.4232,0,0.0,33.0182,0
78706.9,0,,112,64,0,50.0,1.0,83.3668,0,0.0,32.9015,0
79578.1,0,,111,64,0,50.0,1.0,83.3232,0,0.0,32.8115,0
80063.1,0,,111,64,0,50.0,1.0,83.299,0,0.0,32.7613,0
80390.8,0,,110,64,0,50.0,1.0,83.2826,0,0.0,32.7316,0
81578.1,0,,109,64,0,50.0,1.0,83.2232,0,0.0,32.6238,0
83578.1,0,,109,64,0,50.0,1.0,83.1232,0,0.0,32.4424,0
85578.1,0,,109,64,0,50.0,1.0,83.0232,0,0.0,32.2609,0
85834.0,0,,109,64,0,50.0,1.0,83.0104,0,0.0,32.2377,0
87108.3,0,,108,64,0,50.0,1.0,82.9467,0,0.0,32.1223,0
87578.1,0,,107,64,0,50.0,1.0,82.9232,0,0.0,32.0798,0
89493.0,0,,107,64,0,50.0,1.0,82.8275,0,0.0,31.9064,0
89578.1,0,,106,64,0,50.0,1.0,82.8232,0,0.0,31.8999,0
91578.1,0,,106,64,0,50.0,1.0,82.7232,0,0.0,31.7457,0
93578.1,0,,106,64,0,50.0,1.0,82.6232,0,0.0,31.5916,0
94408.2,0,,106,64,0,50.0,1.0,82.5817,0,0.0,31.5276,0
95578.1,0,,105,64,0,50.0,1.0,82.5232,0,0.0,31.4543,0
96246.9,0,,105,64,0,50.0,1.0,82.4898,0,0.0,31.4125,0
97578.1,0,,104,64,0,50.0,1.0,82.4232,0,0.0,31.3293,0
99578.1,0,,104,64,0,50.0,1.0,82.3232,0,0.0,31.2043,0
101578.1,0,,104,64,0,50.0,1.0,82.2232,0,0.0,31.0793,0
102591.1,0,,104,64,0,50.0,1.0,82.1726,0,0.0,31.016,0
103578.1,0,,103,64,0,50.0,1.0,82.1232,0,0.0,30.9544,0
105578.1,0,,103,64,0,50.0,1.0,82.0232,0,0.0,30.8297,0
106141.0,0,,103,64,0,50.0,1.0,81.9951,0,0.0,30.7946,0
106942.0,0,,102,64,0,50.0,1.0,81.955,0,0.0,30.7447,0
107578.1,0,,101,64,0,50.0,1.0,81.9232,0,0.0,30.7052,0
108316.4,0,,101,64,0,50.0,1.0,81.8863,0,0.0,30.6593,0
109578.1,0,,100,64,0,50.0,1.0,81.8232,0,0.0,30.5811,0
111578.1,0,,100,64,0,50.0,1.0,81.7232,0,0.0,30.4571,0
112157.6,0,,100,64,0,50.0,1.0,81.6943,0,0.0,30.4211,0
113578.1,0,,99,64,0,50.0,1.0,81.6232,0,0.0,30.3553,0
114005.3,0,,99,64,0,50.0,1.0,81.6019,0,0.0,30.3354,0
115578.1,0,,98,64,0,50.0,1.0,81.5232,0,0.0,30.2627,0
117578.1,0,,98,64,0,50.0,1.0,81.4232,0,0.0,30.1702,0
117746.3,0,,98,64,0,50.0,1.0,81.4148,0,0.0,30.1624,0
118984.2,0,,97,64,0,50.0,1.0,81.3529,0,0.0,30.1054,0
119578.1,0,,96,64,0,50.0,1.0,81.3232,0,0.0,30.088,0
121578.1,0,,96,64,0,50.0,1.0,81.2232,0,0.0,30.0297,0
123578.1,0,,96,64,0,50.0,1.0,81.1232,0,0.0,29.9714,0
125578.1,0,,96,64,0,50.0,1.0,81.0232,0,0.0,29.913,0
127578.1,0,,96,64,0,50.0,1.0,80.9232,0,0.0,29.8547,0
129578.1,0,,96,64,0,50.0,1.0,80.8232,0,0.0,29.7964,0
131578.1,0,,96,64,0,50.0,1.0,80.7232,0,0.0,29.738,0
133578.1,0,,96,64,0,50.0,1.0,80.6232,0,0.0,29.6797,0
135578.1,0,,96,64,0,50.0,1.0,80.5232,0,0.0,29.6214,0
137578.1,0,,96,64,0,50.0,1.0,80.4232,0,0.0,29.563,0
139578.1,0,,96,64,0,50.0,1.0,80.3232,0,0.0,29.5047,0
141578.1,0,,96,64,0,50.0,1.0,80.2232,0,0.0,29.4464,0
143578.1,0,,96,64,0,50.0,1.0,80.1232,0,0.0,29.388,0
145578.1,0,,96,64,0,50.0,1.0,80.0232,0,0.0,29.3297,0
147578.1,0,,96,64,0,50.0,1.0,79.9232,0,0.0,29.2714,0
149578.1,0,,96,64,0,50.0,1.0,79.8232,0,0.0,29.213,0
151578.1,0,,96,64,0,50.0,1.0,79.7232,0,0.0,29.1547,0
153578.1,0,,96,64,0,50.0,1.0,79.6232,0,0.0,29.0964,0
155578.1,0,,96,64,0,50.0,1.0,79.5232,0,0.0,29.038,0
157578.1,0,,96,64,0,50.0,1.0,79.4232,0,0.0,28.9797,0
159578.1,0,,96,64,0,50.0,1.0,79.3232,0,0.0,28.9214,0
161578.1,0,,96,64,0,50.0,1.0,79.2232,0,0.0,28.863,0
163578.1,0,,96,64,0,50.0,1.0,79.1232,0,0.0,28.8047,0
165578.1,0,,96,64,0,50.0,1.0,79.0232,0,0.0,28.7464,0
167578.1,0,,96,64,0,50.0,1.0,78.9232,0,0.0,28.688,0
169578.1,0,,96,64,0,50.0,1.0,78.8232,0,0.0,28.6297,0
171578.1,0,,96,64,0,50.0,1.0,78.7232,0,0.0,28.5714,0
173578.1,0,,96,64,0,50.0,1.0,78.6232,0,0.0,28.513,0
175578.1,0,,96,64,0,50.0,1.0,78.5232,0,0.0,28.4547,0
177578.1,0,,96,64,0,50.0,1.0,78.4232,0,0.0,28.3964,0
179578.1,0,,96,64,0,50.0,1.0,78.3232,0,0.0,28.338,0
181578.1,0,,96,64,0,50.0,1.0,78.2232,0,0.0,28.2797,0
183578.1,0,,96,64,0,50.0,1.0,78.1232,0,0.0,28.2214,0
185578.1,0,,96,64,0,50.0,1.0,78.0232,0,0.0,28.163,0
187578.1,0,,96,64,0,50.0,1.0,77.9232,0,0.0,28.1047,0
189578.1,0,,96,64,0,50.0,1.0,77.8232,0,0.0,28.0464,0
191578.1,0,,96,64,0,50.0,1.0,77.7232,0,0.0,27.988,0
193578.1,0,,96,64,0,50.0,1.0,77.6232,0,0.0,27.9297,0
195578.1,0,,96,64,0,50.0,1.0,77.5232,0,0.0,27.8714,0
197578.1,0,,96,64,0,50.0,1.0,77.4232,0,0.0,27.813,0
199578.1,0,,96,64,0,50.0,1.0,77.3232,0,0.0,27.7547,0
201578.1,0,,96,64,0,50.0,1.0,77.2232,0,0.0,27.6964,0
203578.1,0,,96,64,0,50.0,1.0,77.1232,0,0.0,27.638,0
205578.1,0,,96,64,0,50.0,1.0,77.0232,0,0.0,27.5797,0
207578.1,0,,96,64,0,50.0,1.0,76.9232,0,0.0,27.5214,0
209578.1,0,,96,64,0,50.0,1.0,76.8232,0,0.0,27.463,0
211578.1,0,,96,64,0,50.0,1.0,76.7232,0,0.0,27.4047,0
213578.1,0,,96,64,0,50.0,1.0,76.6232,0,0.0,27.3464,0
215578.1,0,,96,64,0,50.0,1.0,76.5232,0,0.0,27.288,0
217578.1,0,,96,64,0,50.0,1.0,76.4232,0,0.0,27.2297,0
219578.1,0,,96,64,0,50.0,1.0,76.3232,0,0.0,27.1714,0
221578.1,0,,96,64,0,50.0,1.0,76.2232,0,0.0,27.113,0
223578.1,0,,96,64,0,50.0,1.0,76.1232,0,0.0,27.0547,0
225578.1,0,,96,64,0,50.0,1.0,76.0232,0,0.0,26.9964,0
227578.1,0,,96,64,0,50.0,1.0,75.9232,0,0.0,26.938,0
229578.1,0,,96,64,0,50.0,1.0,75.8232,0,0.0,26.8797,0
231578.1,0,,96,64,0,50.0,1.0,75.7232,0,0.0,26.8214,0
233578.1,0,,96,64,0,50.0,1.0,75.6232,0,0.0,26.763,0
235578.1,0,,96,64,0,50.0,1.0,75.5232,0,0.0,26.7047,0
237578.1,0,,96,64,0,50.0,1.0,75.4232,0,0.0,26.6464,0
239578.1,0,,96,64,0,50.0,1.0,75.3232,0,0.0,26.588,0
241578.1,0,,96,64,0,50.0,1.0,75.2232,0,0.0,26.5297,0
243578.1,0,,96,64,0,50.0,1.0,75.1232,0,0.0,26.4714,0
245578.1,0,,96,64,0,50.0,1.0,75.0232,0,0.0,26.413,0
247578.1,0,,96,64,0,50.0,1.0,74.9232,0,0.0,26.3547,0
249578.1,0,,96,64,0,50.0,1.0,74.8232,0,0.0,26.2964,0
251578.1,0,,96,64,0,50.0,1.0,74.7232,0,0.0,26.238,0
253578.1,0,,96,64,0,50.0,1.0,74.6232,0,0.0,26.1797,0
255578.1,0,,96,64,0,50.0,1.0,74.5232,0,0.0,26.1214,0
257578.1,0,,96,64,0,50.0,1.0,74.4232,0,0.0,26.063,0
259578.1,0,,96,64,0,50.0,1.0,74.3232,0,0.0,26.0047,0
261578.1,0,,96,64,0,50.0,1.0,74.2232,0,0.0,25.9464,0
263578.1,0,,96,64,0,50.0,1.0,74.1232,0,0.0,25.888,0
265578.1,0,,96,64,0,50.0,1.0,74.0232,0,0.0,25.8297,0
267578.1,0,,96,64,0,50.0,1.0,73.9232,0,0.0,25.7714,0
269578.1,0,,96,64,0,50.0,1.0,73.8232,0,0.0,25.713,0
271578.1,0,,96,64,0,50.0,1.0,73.7232,0,0.0,25.6547,0
273578.1,0,,96,64,0,50.0,1.0,73.6232,0,0.0,25.5964,0
275578.1,0,,96,64,0,50.0,1.0,73.5232,0,0.0,25.538,0
277578.1,0,,96,64,0,50.0,1.0,73.4232,0,0.0,25.4797,0
279578.1,0,,96,64,0,50.0,1.0,73.3232,0,0.0,25.4214,0
281578.1,0,,96,64,0,50.0,1.0,73.2232,0,0.0,25.363,0
283578.1,0,,96,64,0,50.0,1.0,73.1232,0,0.0,25.3047,0
285578.1,0,,96,64,0,50.0,1.0,73.0232,0,0.0,25.2464,0
287578.1,0,,96,64,0,50.0,1.0,72.9232,0,0.0,25.188,0
289578.1,0,,96,64,0,50.0,1.0,72.8232,0,0.0,25.1297,0
291578.1,0,,96,64,0,50.0,1.0,72.7232,0,0.0,25.0714,0
293578.1,0,,96,64,0,50.0,1.0,72.6232,0,0.0,25.013,0
295578.1,0,,96,64,0,50.0,1.0,72.5232,0,0.0,24.9547,0
297578.1,0,,96,64,0,50.0,1.0,72.4232,0,0.0,24.8964,0
299578.1,0,,96,64,0,50.0,1.0,72.3232,0,0.0,24.838,0
301578.1,0,,96,64,0,50.0,1.0,72.2232,0,0.0,24.7797,0
303578.1,0,,96,64,0,50.0,1.0,72.1232,0,0.0,24.7214,0
305578.1,0,,96,64,0,50.0,1.0,72.0232,0,0.0,24.663,0
307578.1,0,,96,64,0,50.0,1.0,71.9232,0,0.0,24.6047,0
309578.1,0,,96,64,0,50.0,1.0,71.8232,0,0.0,24.5464,0
311578.1,0,,96,64,0,50.0,1.0,71.7232,0,0.0,24.488,0
313578.1,0,,96,64,0,50.0,1.0,71.6232,0,0.0,24.4297,0
315578.1,0,,96,64,0,50.0,1.0,71.5232,0,0.0,24.3714,0
317578.1,0,,96,64,0,50.0,1.0,71.4232,0,0.0,24.313,0
319578.1,0,,96,64,0,50.0,1.0,71.3232,0,0.0,24.2547,0
321578.1,0,,96,64,0,50.0,1.0,71.2232,0,0.0,24.1964,0
323578.1,0,,96,64,0,50.0,1.0,71.1232,0,0.0,24.138,0
325578.1,0,,96,64,0,50.0,1.0,71.0232,0,0.0,24.0797,0
327578.1,0,,96,64,0,50.0,1.0,70.9232,0,0.0,24.0214,0
329578.1,0,,96,64,0,50.0,1.0,70.8232,0,0.0,23.963,0
331578.1,0,,96,64,0,50.0,1.0,70.7232,0,0.0,23.9047,0
333578.1,0,,96,64,0,50.0,1.0,70.6232,0,0.0,23.8464,0
335578.1,0,,96,64,0,50.0,1.0,70.5232,0,0.0,23.788,0
337578.1,0,,96,64,0,50.0,1.0,70.4232,0,0.0,23.7297,0
339578.1,0,,96,64,0,50.0,1.0,70.3232,0,0.0,23.6714,0
341578.1,0,,96,64,0,50.0,1.0,70.2232,0,0.0,23.613,0
343578.1,0,,96,64,0,50.0,1.0,70.1232,0,0.0,23.5547,0
345578.1,0,,96,64,0,50.0,1.0,70.0232,0,0.0,23.4964,0
347578.1,0,,96,64,0,50.0,1.0,69.9232,0,0.0,23.438,0
349578.1,0,,96,64,0,50.0,1.0,69.8232,0,0.0,23.3797,0
351578.1,0,,96,64,0,50.0,1.0,69.7232,0,0.0,23.3214,0
353578.1,0,,96,64,0,50.0,1.0,69.6232,0,0.0,23.263,0
355578.1,0,,96,64,0,50.0,1.0,69.5232,0,0.0,23.2047,0
357578.1,0,,96,64,0,50.0,1.0,69.4232,0,0.0,23.1464,0
359578.1,0,,96,64,0,50.0,1.0,69.3232,0,0.0,23.088,0
361578.1,0,,96,64,0,50.0,1.0,69.2232,0,0.0,23.0297,0
363578.1,0,,96,64,0,50.0,1.0,69.1232,0,0.0,22.9714,0
365578.1,0,,96,64,0,50.0,1.0,69.0232,0,0.0,22.913,0
367578.1,0,,96,64,0,50.0,1.0,68.9232,0,0.0,22.8547,0
369578.1,0,,96,64,0,50.0,1.0,68.8232,0,0.0,22.7964,0
371578.1,0,,96,64,0,50.0,1.0,68.7232,0,0.0,22.738,0
373578.1,0,,96,64,0,50.0,1.0,68.6232,0,0.0,22.6797,0
375578.1,0,,96,64,0,50.0,1.0,68.5232,0,0.0,22.6214,0
377578.1,0,,96,64,0,50.0,1.0,68.4232,0,0.0,22.563,0
379578.1,0,,96,64,0,50.0,1.0,68.3232,0,0.0,22.5047,0
381578.1,0,,96,64,0,50.0,1.0,68.2232,0,0.0,22.4464,0
383578.1,0,,96,64,0,50.0,1.0,68.1232,0,0.0,22.388,0
385578.1,0,,96,64,0,50.0,1.0,68.0232,0,0.0,22.3297,0
387578.1,0,,96,64,0,50.0,1.0,67.9232,0,0.0,22.2714,0
389578.1,0,,96,64,0,50.0,1.0,67.8232,0,0.0,22.213,0
391578.1,0,,96,64,0,50.0,1.0,67.7232,0,0.0,22.1547,0
393578.1,0,,96,64,0,50.0,1.0,67.6232,0,0.0,22.0964,0
395578.1,0,,96,64,0,50.0,1.0,67.5232,0,0.0,22.038,0
397578.1,0,,96,64,0,50.0,1.0,67.4232,0,0.0,21.9797,0
399578.1,0,,96,64,0,50.0,1.0,67.3232,0,0.0,21.9214,0
401578.1,0,,96,64,0,50.0,1.0,67.2232,0,0.0,21.863,0
403578.1,0,,96,64,0,50.0,1.0,67.1232,0,0.0,21.8047,0
405578.1,0,,96,64,0,50.0,1.0,67.0232,0,0.0,21.7464,0
407578.1,0,,96,64,0,50.0,1.0,66.9232,0,0.0,21.688,0
409578.1,0,,96,64,0,50.0,1.0,66.8232,0,0.0,21.6297,0
411578.1,0,,96,64,0,50.0,1.0,66.7232,0,0.0,21.5714,0
413578.1,0,,96,64,0,50.0,1.0,66.6232,0,0.0,21.513,0
415578.1,0,,96,64,0,50.0,1.0,66.5232,0,0.0,21.4547,0
417578.1,0,,96,64,0,50.0,1.0,66.4232,0,0.0,21.3964,0
419578.1,0,,96,64,0,50.0,1.0,66.3232,0,0.0,21.338,0
421578.1,0,,96,64,0,50.0,1.0,66.2232,0,0.0,21.2797,0
423578.1,0,,96,64,0,50.0,1.0,66.1232,0,0.0,21.2214,0
425578.1,0,,96,64,0,50.0,1.0,66.0232,0,0.0,21.163,0
427578.1,0,,96,64,0,50.0,1.0,65.9232,0,0.0,21.1047,0
429578.1,0,,96,64,0,50.0,1.0,65.8232,0,0.0,21.0464,0
431578.1,0,,96,64,0,50.0,1.0,65.7232,0,0.0,20.988,0
433578.1,0,,96,64,0,50.0,1.0,65.6232,0,0.0,20.9297,0
435578.1,0,,96,64,0,50.0,1.0,65.5232,0,0.0,20.8714,0
437578.1,0,,96,64,0,50.0,1.0,65.4232,0,0.0,20.813,0
439578.1,0,,96,64,0,50.0,1.0,65.3232,0,0.0,20.7547,0
441578.1,0,,96,64,0,50.0,1.0,65.2232,0,0.0,20.6964,0
443578.1,0,,96,64,0,50.0,1.0,65.1232,0,0.0,20.638,0
445578.1,0,,96,64,0,50.0,1.0,65.0232,0,0.0,20.5797,0
447578.1,0,,96,64,0,50.0,1.0,64.9232,0,0.0,20.5214,0
449578.1,0,,96,64,0,50.0,1.0,64.8232,0,0.0,20.463,0
451578.1,0,,96,64,0,50.0,1.0,64.7232,0,0.0,20.4047,0
453578.1,0,,96,64,0,50.0,1.0,64.6232,0,0.0,20.3464,0
455578.1,0,,96,64,0,50.0,1.0,64.5232,0,0.0,20.288,0
457578.1,0,,96,64,0,50.0,1.0,64.4232,0,0.0,20.2297,0
459578.1,0,,96,64,0,50.0,1.0,64.3232,0,0.0,20.1714,0
461578.1,0,,96,64,0,50.0,1.0,64.2232,0,0.0,20.113,0
463578.1,0,,96,64,0,50.0,1.0,64.1232,0,0.0,20.0547,0
465578.1,0,,96,64,0,50.0,1.0,64.0232,0,0.0,19.9964,0
467578.1,0,,96,64,0,50.0,1.0,63.9232,0,0.0,19.938,0
469578.1,0,,96,64,0,50.0,1.0,63.8232,0,0.0,19.8797,0
471578.1,0,,96,64,0,50.0,1.0,63.7232,0,0.0,19.8214,0
473578.1,0,,96,64,0,50.0,1.0,63.6232,0,0.0,19.763,0
475578.1,0,,96,64,0,50.0,1.0,63.5232,0,0.0,19.7047,0
477578.1,0,,96,64,0,50.0,1.0,63.4232,0,0.0,19.6464,0
479578.1,0,,96,64,0,50.0,1.0,63.3232,0,0.0,19.588,0
481578.1,0,,96,64,0,50.0,1.0,63.2232,0,0.0,19.5297,0
483578.1,0,,96,64,0,50.0,1.0,63.1232,0,0.0,19.4714,0
485578.1,0,,96,64,0,50.0,1.0,63.0232,0,0.0,19.413,0
487578.1,0,,96,64,0,50.0,1.0,62.9232,0,0.0,19.3547,0
489578.1,0,,96,64,0,50.0,1.0,62.8232,0,0.0,19.2964,0
491578.1,0,,96,64,0,50.0,1.0,62.7232,0,0.0,19.238,0
493578.1,0,,96,64,0,50.0,1.0,62.6232,0,0.0,19.1797,0
495578.1,0,,96,64,0,50.0,1.0,62.5232,0,0.0,19.1214,0
497578.1,0,,96,64,0,50.0,1.0,62.4232,0,0.0,19.063,0
499578.1,0,,96,64,0,50.0,1.0,62.3232,0,0.0,19.0047,0
499966.9,0,,96,64,0,50.0,1.0,62.3038,0,0.0,18.9934,0
501578.1,0,,95,64,0,50.0,1.0,62.2232,0,0.0,18.948,0
503578.1,0,,95,64,0,50.0,1.0,62.1232,0,0.0,18.8918,0
505578.1,0,,95,64,0,50.0,1.0,62.0232,0,0.0,18.8356,0
507578.1,0,,95,64,0,50.0,1.0,61.9232,0,0.0,18.7793,0
509578.1,0,,95,64,0,50.0,1.0,61.8232,0,0.0,18.7231,0
511578.1,0,,95,64,0,50.0,1.0,61.7232,0,0.0,18.6668,0
513578.1,0,,95,64,0,50.0,1.0,61.6232,0,0.0,18.6106,0
515578.1,0,,95,64,0,50.0,1.0,61.5232,0,0.0,18.5544,0
516924.3,0,,95,64,0,50.0,1.0,61.4559,0,0.0,18.5165,0
517578.1,0,,94,64,0,50.0,1.0,61.4232,0,0.0,18.4989,0
519578.1,0,,94,64,0,50.0,1.0,61.3232,0,0.0,18.4449,0
521578.1,0,,94,64,0,50.0,1.0,61.2232,0,0.0,18.391,0
523578.1,0,,94,64,0,50.0,1.0,61.1232,0,0.0,18.3371,0
525578.1,0,,94,64,0,50.0,1.0,61.0232,0,0.0,18.2831,0
527578.1,0,,94,64,0,50.0,1.0,60.9232,0,0.0,18.2292,0
529578.1,0,,94,64,0,50.0,1.0,60.8232,0,0.0,18.1752,0
531578.1,0,,94,64,0,50.0,1.0,60.7232,0,0.0,18.1213,0
533578.1,0,,94,64,0,50.0,1.0,60.6232,0,0.0,18.0674,0
535578.1,0,,94,64,0,50.0,1.0,60.5232,0,0.0,18.0134,0
537578.1,0,,94,64,0,50.0,1.0,60.4232,0,0.0,17.9595,0
539578.1,0,,94,64,0,50.0,1.0,60.3232,0,0.0,17.9055,0
541578.1,0,,94,64,0,50.0,1.0,60.2232,0,0.0,17.8516,0
543578.1,0,,94,64,0,50.0,1.0,60.1232,0,0.0,17.7977,0
545578.1,0,,94,64,0,50.0,1.0,60.0232,0,0.0,17.7437,0
547578.1,0,,94,64,0,50.0,1.0,59.9232,0,0.0,17.6898,0
549578.1,0,,94,64,0,50.0,1.0,59.8232,0,0.0,17.6358,0
551578.1,0,,94,64,0,50.0,1.0,59.7232,0,0.0,17.5819,0
553578.1,0,,94,64,0,50.0,1.0,59.6232,0,0.0,17.528,0
554771.3,0,,94,64,0,50.0,1.0,59.5636,0,0.0,17.4958,0
555578.1,0,,93,64,0,50.0,1.0,59.5232,0,0.0,17.475,0
557578.1,0,,93,64,0,50.0,1.0,59.4232,0,0.0,17.4237,0
559578.1,0,,93,64,0,50.0,1.0,59.3232,0,0.0,17.3723,0
561578.1,0,,93,64,0,50.0,1.0,59.2232,0,0.0,17.3209,0
562735.8,0,,93,64,0,50.0,1.0,59.1654,0,0.0,17.2911,0
563578.1,0,,92,64,0,50.0,1.0,59.1232,0,0.0,17.2696,0
565578.1,0,,92,64,0,50.0,1.0,59.0232,0,0.0,17.2185,0
567578.1,0,,92,64,0,50.0,1.0,58.9232,0,0.0,17.1674,0
569407.7,0,,92,64,0,50.0,1.0,58.8318,0,0.0,17.1206,0
569578.1,0,,91,64,0,50.0,1.0,58.8232,0,0.0,17.1163,0
570572.8,0,,91,64,0,50.0,1.0,58.7735,0,0.0,17.091,0
571578.1,0,,90,64,0,50.0,1.0,58.7232,0,0.0,17.0656,0
573176.0,0,,90,64,0,50.0,1.0,58.6433,0,0.0,17.0252,0
573578.1,0,,89,64,0,50.0,1.0,58.6232,0,0.0,17.0151,0
575578.1,0,,89,64,0,50.0,1.0,58.5232,0,0.0,16.9648,0
577578.1,0,,89,64,0,50.0,1.0,58.4232,0,0.0,16.9146,0
578109.4,0,,89,64,0,50.0,1.0,58.3967,0,0.0,16.9012,0
578582.8,0,,88,64,0,50.0,1.0,58.373,0,0.0,16.8894,0
579578.1,0,,87,64,0,50.0,1.0,58.3232,0,0.0,16.8647,0
581578.1,0,,87,64,0,50.0,1.0,58.2232,0,0.0,16.815,0
583461.5,0,,87,64,0,50.0,1.0,58.1291,0,0.0,16.7682,0
583516.2,0,,86,64,0,50.0,1.0,58.1263,0,0.0,16.7669,0
583578.1,0,,85,64,0,50.0,1.0,58.1232,0,0.0,16.7654,0
585578.1,0,,85,64,0,50.0,1.0,58.0232,0,0.0,16.7163,0
587578.1,0,,85,64,0,50.0,1.0,57.9232,0,0.0,16.6672,0
589578.1,0,,85,64,0,50.0,1.0,57.8232,0,0.0,16.6181,0
591578.1,0,,85,64,0,50.0,1.0,57.7232,0,0.0,16.569,0
593578.1,0,,85,64,0,50.0,1.0,57.6232,0,0.0,16.5199,0
594065.6,0,,85,64,0,50.0,1.0,57.5989,0,0.0,16.5079,0
595578.1,0,,84,64,0,50.0,1.0,57.5232,0,0.0,16.471,0
597578.1,0,,84,64,0,50.0,1.0,57.4232,0,0.0,16.4223,0
599578.1,0,,84,64,0,50.0,1.0,57.3232,0,0.0,16.3735,0
601578.1,0,,84,64,0,50.0,1.0,57.2232,0,0.0,16.3247,0
603578.1,0,,84,64,0,50.0,1.0,57.1232,0,0.0,16.2759,0
604660.6,0,,84,64,0,50.0,1.0,57.0691,0,0.0,16.2495,0
605578.1,0,,83,64,0,50.0,1.0,57.0232,0,0.0,16.2285,0
607578.1,0,,83,64,0,50.0,1.0,56.9232,0,0.0,16.1826,0
607937.4,0,,83,64,0,50.0,1.0,56.9053,0,0.0,16.1743,0
608692.9,0,,82,64,0,50.0,1.0,56.8675,0,0.0,16.1582,0
609578.1,0,,81,64,0,50.0,1.0,56.8232,0,0.0,16.1394,0
611578.1,0,,81,64,0,50.0,1.0,56.7232,0,0.0,16.097,0
612088.0,0,,81,64,0,50.0,1.0,56.6977,0,0.0,16.0862,0
613578.1,0,,80,64,0,50.0,1.0,56.6232,0,0.0,16.0549,0
615578.1,0,,80,64,0,50.0,1.0,56.5232,0,0.0,16.0129,0
617578.1,0,,80,64,0,50.0,1.0,56.4232,0,0.0,15.9708,0
619578.1,0,,80,64,0,50.0,1.0,56.3232,0,0.0,15.9288,0
621578.1,0,,80,64,0,50.0,1.0,56.2232,0,0.0,15.8867,0
623578.1,0,,80,64,0,50.0,1.0,56.1232,0,0.0,15.8447,0
625578.1,0,,80,64,0,50.0,1.0,56.0232,0,0.0,15.8027,0
627578.1,0,,80,64,0,50.0,1.0,55.9232,0,0.0,15.7606,0
629578.1,0,,80,64,0,50.0,1.0,55.8232,0,0.0,15.7186,0
631578.1,0,,80,64,0,50.0,1.0,55.7232,0,0.0,15.6766,0
631685.1,0,,80,64,0,50.0,1.0,55.7179,0,0.0,15.6743,0
633578.1,0,,79,64,0,50.0,1.0,55.6232,0,0.0,15.6348,0
635578.1,0,,79,64,0,50.0,1.0,55.5232,0,0.0,15.5931,0
637578.1,0,,79,64,0,50.0,1.0,55.4232,0,0.0,15.5513,0
639578.1,0,,79,64,0,50.0,1.0,55.3232,0,0.0,15.5096,0
641578.1,0,,79,64,0,50.0,1.0,55.2232,0,0.0,15.4679,0
643099.3,0,,79,64,0,50.0,1.0,55.1472,0,0.0,15.4361,0
643578.1,0,,78,64,0,50.0,1.0,55.1232,0,0.0,15.4262,0
645578.1,0,,78,64,0,50.0,1.0,55.0232,0,0.0,15.3848,0
647578.1,0,,78,64,0,50.0,1.0,54.9232,0,0.0,15.3434,0
649578.1,0,,78,64,0,50.0,1.0,54.8232,0,0.0,15.3019,0
651578.1,0,,78,64,0,50.0,1.0,54.7232,0,0.0,15.2605,0
652929.7,0,,78,64,0,50.0,1.0,54.6557,0,0.0,15.2325,0
653578.1,0,,77,64,0,50.0,1.0,54.6232,0,0.0,15.2192,0
655578.1,0,,77,64,0,50.0,1.0,54.5232,0,0.0,15.1781,0
656261.1,0,,77,64,0,50.0,1.0,54.4891,0,0.0,15.164,0
657578.1,0,,76,64,0,50.0,1.0,54.4232,0,0.0,15.1372,0
659578.1,0,,76,64,0,50.0,1.0,54.3232,0,0.0,15.0964,0
661578.1,0,,76,64,0,50.0,1.0,54.2232,0,0.0,15.0556,0
663578.1,0,,76,64,0,50.0,1.0,54.1232,0,0.0,15.0148,0
665578.1,0,,76,64,0,50.0,1.0,54.0232,0,0.0,14.974,0
667578.1,0,,76,64,0,50.0,1.0,53.9232,0,0.0,14.9332,0
669578.1,0,,76,64,0,50.0,1.0,53.8232,0,0.0,14.8924,0
671578.1,0,,76,64,0,50.0,1.0,53.7232,0,0.0,14.8516,0
673578.1,0,,76,64,0,50.0,1.0,53.6232,0,0.0,14.8109,0
675578.1,0,,76,64,0,50.0,1.0,53.5232,0,0.0,14.7701,0
677460.2,0,,76,64,0,50.0,1.0,53.4291,0,0.0,14.7317,0
677578.1,0,,75,64,0,50.0,1.0,53.4232,0,0.0,14.7293,0
679578.1,0,,75,64,0,50.0,1.0,53.3232,0,0.0,14.6888,0
681578.1,0,,75,64,0,50.0,1.0,53.2232,0,0.0,14.6484,0
683578.1,0,,75,64,0,50.0,1.0,53.1232,0,0.0,14.608,0
685578.1,0,,75,64,0,50.0,1.0,53.0232,0,0.0,14.5675,0
685615.8,0,,75,64,0,50.0,1.0,53.0214,0,0.0,14.5667,0
687578.1,0,,74,64,0,50.0,1.0,52.9232,0,0.0,14.5274,0
688874.4,0,,74,64,0,50.0,1.0,52.8584,0,0.0,14.5014,0
689578.1,0,,73,64,0,50.0,1.0,52.8232,0,0.0,14.4886,0
691578.1,0,,73,64,0,50.0,1.0,52.7232,0,0.0,14.4521,0
693578.1,0,,73,64,0,50.0,1.0,52.6232,0,0.0,14.4157,0
695578.1,0,,73,64,0,50.0,1.0,52.5232,0,0.0,14.3792,0
696729.6,0,,73,64,0,50.0,1.0,52.4657,0,0.0,14.3582,0
697578.1,0,,72,64,0,50.0,1.0,52.4232,0,0.0,14.3429,0
699578.1,0,,72,64,0,50.0,1.0,52.3232,0,0.0,14.3068,0
701578.1,0,,72,64,0,50.0,1.0,52.2232,0,0.0,14.2707,0
702527.7,0,,72,64,0,50.0,1.0,52.1758,0,0.0,14.2536,0
703578.1,0,,71,64,0,50.0,1.0,52.1232,0,0.0,14.2348,0
705578.1,0,,71,64,0,50.0,1.0,52.0232,0,0.0,14.199,0
707578.1,0,,71,64,0,50.0,1.0,51.9232,0,0.0,14.1633,0
709578.1,0,,71,64,0,50.0,1.0,51.8232,0,0.0,14.1275,0
711578.1,0,,71,64,0,50.0,1.0,51.7232,0,0.0,14.0918,0
713578.1,0,,71,64,0,50.0,1.0,51.6232,0,0.0,14.056,0
715578.1,0,,71,64,0,50.0,1.0,51.5232,0,0.0,14.0203,0
717578.1,0,,71,64,0,50.0,1.0,51.4232,0,0.0,13.9845,0
719578.1,0,,71,64,0,50.0,1.0,51.3232,0,0.0,13.9488,0
721578.1,0,,71,64,0,50.0,1.0,51.2232,0,0.0,13.913,0
723578.1,0,,71,64,0,50.0,1.0,51.1232,0,0.0,13.8773,0
725578.1,0,,71,64,0,50.0,1.0,51.0232,0,0.0,13.8415,0
727578.1,0,,71,64,0,50.0,1.0,50.9232,0,0.0,13.8058,0
729578.1,0,,71,64,0,50.0,1.0,50.8232,0,0.0,13.77,0
731578.1,0,,71,64,0,50.0,1.0,50.7232,0,0.0,13.7343,0
733578.1,0,,71,64,0,50.0,1.0,50.6232,0,0.0,13.6986,0
735578.1,0,,71,64,0,50.0,1.0,50.5232,0,0.0,13.6628,0
737578.1,0,,71,64,0,50.0,1.0,50.4232,0,0.0,13.6271,0
739578.1,0,,71,64,0,50.0,1.0,50.3232,0,0.0,13.5913,0
741578.1,0,,71,64,0,50.0,1.0,50.2232,0,0.0,13.5556,0
743578.1,0,,71,64,0,50.0,1.0,50.1232,0,0.0,13.5198,0
744598.2,0,,71,64,0,50.0,1.0,50.0722,0,0.0,13.5016,0
745578.1,0,,70,64,0,50.0,1.0,50.0232,0,0.0,13.4842,0
747578.1,0,,70,64,0,50.0,1.0,49.9232,0,0.0,13.4488,0
749578.1,0,,70,64,0,50.0,1.0,49.8232,0,0.0,13.4134,0
751578.1,0,,70,64,0,50.0,1.0,49.7232,0,0.0,13.378,0
753578.1,0,,70,64,0,50.0,1.0,49.6232,0,0.0,13.3426,0
755578.1,0,,70,64,0,50.0,1.0,49.5232,0,0.0,13.3072,0
757186.6,0,,70,64,0,50.0,1.0,49.4428,0,0.0,13.2788,0
757578.1,0,,69,64,0,50.0,1.0,49.4232,0,0.0,13.2719,0
759578.1,0,,69,64,0,50.0,1.0,49.3232,0,0.0,13.2369,0
761578.1,0,,69,64,0,50.0,1.0,49.2232,0,0.0,13.2018,0
763578.1,0,,69,64,0,50.0,1.0,49.1232,0,0.0,13.1668,0
765578.1,0,,69,64,0,50.0,1.0,49.0232,0,0.0,13.1317,0
767578.1,0,,69,64,0,50.0,1.0,48.9232,0,0.0,13.0966,0
769578.1,0,,69,64,0,50.0,1.0,48.8232,0,0.0,13.0616,0
771578.1,0,,69,64,0,50.0,1.0,48.7232,0,0.0,13.0265,0
773578.1,0,,69,64,0,50.0,1.0,48.6232,0,0.0,12.9915,0
775578.1,0,,69,64,0,50.0,1.0,48.5232,0,0.0,12.9564,0
777578.1,0,,69,64,0,50.0,1.0,48.4232,0,0.0,12.9214,0
779578.1,0,,69,64,0,50.0,1.0,48.3232,0,0.0,12.8863,0
781578.1,0,,69,64,0,50.0,1.0,48.2232,0,0.0,12.8513,0
783578.1,0,,69,64,0,50.0,1.0,48.1232,0,0.0,12.8162,0
785578.1,0,,69,64,0,50.0,1.0,48.0232,0,0.0,12.7812,0
787578.1,0,,69,64,0,50.0,1.0,47.9232,0,0.0,12.7461,0
789144.5,0,,69,64,0,50.0,1.0,47.8449,0,0.0,12.7186,0
789578.1,0,,68,64,0,50.0,1.0,47.8232,0,0.0,12.7119,0
791578.1,0,,68,64,0,50.0,1.0,47.7232,0,0.0,12.6811,0
793578.1,0,,68,64,0,50.0,1.0,47.6232,0,0.0,12.6502,0
795578.1,0,,68,64,0,50.0,1.0,47.5232,0,0.0,12.6193,0
797578.1,0,,68,64,0,50.0,1.0,47.4232,0,0.0,12.5884,0
799578.1,0,,68,64,0,50.0,1.0,47.3232,0,0.0,12.5575,0
800012.5,0,,68,64,0,50.0,1.0,47.3015,0,0.0,12.5508,0
801578.1,0,,67,64,0,50.0,1.0,47.2232,0,0.0,12.527,0
803578.1,0,,67,64,0,50.0,1.0,47.1232,0,0.0,12.4965,0
805578.1,0,,67,64,0,50.0,1.0,47.0232,0,0.0,12.466,0
807578.1,0,,67,64,0,50.0,1.0,46.9232,0,0.0,12.4355,0
809578.1,0,,67,64,0,50.0,1.0,46.8232,0,0.0,12.405,0
811578.1,0,,67,64,0,50.0,1.0,46.7232,0,0.0,12.3745,0
813578.1,0,,67,64,0,50.0,1.0,46.6232,0,0.0,12.344,0
815578.1,0,,67,64,0,50.0,1.0,46.5232,0,0.0,12.3135,0
817578.1,0,,67,64,0,50.0,1.0,46.4232,0,0.0,12.283,0
819578.1,0,,67,64,0,50.0,1.0,46.3232,0,0.0,12.2525,0
821578.1,0,,67,64,0,50.0,1.0,46.2232,0,0.0,12.222,0
823578.1,0,,67,64,0,50.0,1.0,46.1232,0,0.0,12.1915,0
825578.1,0,,67,64,0,50.0,1.0,46.0232,0,0.0,12.161,0
827578.1,0,,67,64,0,50.0,1.0,45.9232,0,0.0,12.1305,0
829578.1,0,,67,64,0,50.0,1.0,45.8232,0,0.0,12.1,0
831578.1,0,,67,64,0,50.0,1.0,45.7232,0,0.0,12.0695,0
833578.1,0,,67,64,0,50.0,1.0,45.6232,0,0.0,12.039,0
835578.1,0,,67,64,0,50.0,1.0,45.5232,0,0.0,12.0085,0
837578.1,0,,67,64,0,50.0,1.0,45.4232,0,0.0,11.978,0
839578.1,0,,67,64,0,50.0,1.0,45.3232,0,0.0,11.9475,0
841578.1,0,,67,64,0,50.0,1.0,45.2232,0,0.0,11.917,0
843578.1,0,,67,64,0,50.0,1.0,45.1232,0,0.0,11.8865,0
845578.1,0,,67,64,0,50.0,1.0,45.0232,0,0.0,11.856,0
847578.1,0,,67,64,0,50.0,1.0,44.9232,0,0.0,11.8255,0
849578.1,0,,67,64,0,50.0,1.0,44.8232,0,0.0,11.795,0
851578.1,0,,67,64,0,50.0,1.0,44.7232,0,0.0,11.7645,0
853278.7,0,,67,64,0,50.0,1.0,44.6382,0,0.0,11.7386,0
853578.1,0,,66,64,0,50.0,1.0,44.6232,0,0.0,11.7341,0
855578.1,0,,66,64,0,50.0,1.0,44.5232,0,0.0,11.7039,0
857578.1,0,,66,64,0,50.0,1.0,44.4232,0,0.0,11.6738,0
858794.7,0,,66,64,0,50.0,1.0,44.3624,0,0.0,11.6555,0
859578.1,0,,65,64,0,50.0,1.0,44.3232,0,0.0,11.6438,0
861578.1,0,,65,64,0,50.0,1.0,44.2232,0,0.0,11.6141,0
863578.1,0,,65,64,0,50.0,1.0,44.1232,0,0.0,11.5843,0
865578.1,0,,65,64,0,50.0,1.0,44.0232,0,0.0,11.5545,0
867132.3,0,,65,64,0,50.0,1.0,43.9455,0,0.0,11.5314,0
867578.1,0,,64,64,0,50.0,1.0,43.9232,0,0.0,11.5258,0
869578.1,0,,64,64,0,50.0,1.0,43.8232,0,0.0,11.5008,0
871578.1,0,,64,64,0,50.0,1.0,43.7232,0,0.0,11.4758,0
873578.1,0,,64,64,0,50.0,1.0,43.6232,0,0.0,11.4508,0
875578.1,0,,64,64,0,50.0,1.0,43.5232,0,0.0,11.4258,0
877578.1,0,,64,64,0,50.0,1.0,43.4232,0,0.0,11.4008,0
879578.1,0,,64,64,0,50.0,1.0,43.3232,0,0.0,11.3758,0
881578.1,0,,64,64,0,50.0,1.0,43.2232,0,0.0,11.3508,0
883578.1,0,,64,64,0,50.0,1.0,43.1232,0,0.0,11.3258,0
885578.1,0,,64,64,0,50.0,1.0,43.0232,0,0.0,11.3008,0
887578.1,0,,64,64,0,50.0,1.0,42.9232,0,0.0,11.2758,0
889578.1,0,,64,64,0,50.0,1.0,42.8232,0,0.0,11.2508,0
891578.1,0,,64,64,0,50.0,1.0,42.7232,0,0.0,11.2258,0
893578.1,0,,64,64,0,50.0,1.0,42.6232,0,0.0,11.2008,0
895578.1,0,,64,64,0,50.0,1.0,42.5232,0,0.0,11.1758,0
897578.1,0,,64,64,0,50.0,1.0,42.4232,0,0.0,11.1508,0
899578.1,0,,64,64,0,50.0,1.0,42.3232,0,0.0,11.1258,0
901578.1,0,,64,64,0,50.0,1.0,42.2232,0,0.0,11.1008,0
903578.1,0,,64,64,0,50.0,1.0,42.1232,0,0.0,11.0758,0
905578.1,0,,64,64,0,50.0,1.0,42.0232,0,0.0,11.0508,0
907578.1,0,,64,64,0,50.0,1.0,41.9232,0,0.0,11.0258,0
909578.1,0,,64,64,0,50.0,1.0,41.8232,0,0.0,11.0008,0
911578.1,0,,64,64,0,50.0,1.0,41.7232,0,0.0,10.9758,0
913578.1,0,,64,64,0,50.0,1.0,41.6232,0,0.0,10.9508,0
915578.1,0,,64,64,0,50.0,1.0,41.5232,0,0.0,10.9258,0
917578.1,0,,64,64,0,50.0,1.0,41.4232,0,0.0,10.9008,0
919578.1,0,,64,64,0,50.0,1.0,41.3232,0,0.0,10.8758,0
921578.1,0,,64,64,0,50.0,1.0,41.2232,0,0.0,10.8508,0
923578.1,0,,64,64,0,50.0,1.0,41.1232,0,0.0,10.8258,0
925578.1,0,,64,64,0,50.0,1.0,41.0232,0,0.0,10.8008,0
927578.1,0,,64,64,0,50.0,1.0,40.9232,0,0.0,10.7758,0
929578.1,0,,64,64,0,50.0,1.0,40.8232,0,0.0,10.7508,0
931578.1,0,,64,64,0,50.0,1.0,40.7232,0,0.0,10.7258,0
933578.1,0,,64,64,0,50.0,1.0,40.6232,0,0.0,10.7008,0
935578.1,0,,64,64,0,50.0,1.0,40.5232,0,0.0,10.6758,0
937578.1,0,,64,64,0,50.0,1.0,40.4232,0,0.0,10.6508,0
939578.1,0,,64,64,0,50.0,1.0,40.3232,0,0.0,10.6258,0
941578.1,0,,64,64,0,50.0,1.0,40.2232,0,0.0,10.6008,0
943578.1,0,,64,64,0,50.0,1.0,40.1232,0,0.0,10.5758,0
945578.1,0,,64,64,0,50.0,1.0,40.0232,0,0.0,10.5508,0
947578.1,0,,64,64,0,50.0,1.0,39.9232,0,0.0,10.5258,0
949578.1,0,,64,64,0,50.0,1.0,39.8232,0,0.0,10.5008,0
951578.1,0,,64,64,0,50.0,1.0,39.7232,0,0.0,10.4758,0
953578.1,0,,64,64,0,50.0,1.0,39.6232,0,0.0,10.4508,0
955578.1,0,,64,64,0,50.0,1.0,39.5232,0,0.0,10.4258,0
957578.1,0,,64,64,0,50.0,1.0,39.4232,0,0.0,10.4008,0
959578.1,0,,64,64,0,50.0,1.0,39.3232,0,0.0,10.3758,0
961578.1,0,,64,64,0,50.0,1.0,39.2232,0,0.0,10.3508,0
963578.1,0,,64,64,0,50.0,1.0,39.1232,0,0.0,10.3258,0
965578.1,0,,64,64,0,50.0,1.0,39.0232,0,0.0,10.3008,0
966048.9,0,,64,64,0,50.0,1.0,38.9997,0,0.0,10.295,0
967578.1,0,,63,63,0,50.0,1.0,38.9232,0,0.0,10.2758,0
969578.1,0,,63,63,0,50.0,1.0,38.8232,0,0.0,10.2508,0
971578.1,0,,63,63,0,50.0,1.0,38.7232,0,0.0,10.2258,0
973578.1,0,,63,63,0,50.0,1.0,38.6232,0,0.0,10.2008,0
975578.1,0,,63,63,0,50.0,1.0,38.5232,0,0.0,10.1758,0
977578.1,0,,63,63,0,50.0,1.0,38.4232,0,0.0,10.1508,0
979578.1,0,,63,63,0,50.0,1.0,38.3232,0,0.0,10.1258,0
981578.1,0,,63,63,0,50.0,1.0,38.2232,0,0.0,10.1008,0
983578.1,0,,63,63,0,50.0,1.0,38.1232,0,0.0,10.0758,0
985578.1,0,,63,63,0,50.0,1.0,38.0232,0,0.0,10.0508,0
987578.1,0,,63,63,0,50.0,1.0,37.9232,0,0.0,10.0258,0
989578.1,0,,63,63,0,50.0,1.0,37.8232,0,0.0,10.0008,0
991578.1,0,,63,63,0,50.0,1.0,37.7232,0,0.0,9.9758,0
993578.1,0,,63,63,0,50.0,1.0,37.6232,0,0.0,9.9508,0
995578.1,0,,63,63,0,50.0,1.0,37.5232,0,0.0,9.9258,0
997578.1,0,,63,63,0,50.0,1.0,37.4232,0,0.0,9.9008,0
999578.1,0,,63,63,0,50.0,1.0,37.3232,0,0.0,9.8758,0
1000381.3,0,,63,63,0,50.0,1.0,37.2831,0,0.0,9.8658,0
1001578.1,0,,62,62,0,50.0,1.0,37.2232,0,0.0,9.8508,0
1003578.1,0,,62,62,0,50.0,1.0,37.1232,0,0.0,9.8258,0
1005578.1,0,,62,62,0,50.0,1.0,37.0232,0,0.0,9.8008,0
1007578.1,0,,62,62,0,50.0,1.0,36.9232,0,0.0,9.7758,0
1009578.1,0,,62,62,0,50.0,1.0,36.8232,0,0.0,9.7508,0
1009767.3,0,,62,62,0,50.0,1.0,36.8138,0,0.0,9.7485,0
1011578.1,0,,61,61,0,50.0,1.0,36.7232,0,0.0,9.7258,0
1013578.1,0,,61,61,0,50.0,1.0,36.6232,0,0.0,9.7008,0
1015578.1,0,,61,61,0,50.0,1.0,36.5232,0,0.0,9.6758,0
1017578.1,0,,61,61,0,50.0,1.0,36.4232,0,0.0,9.6508,0
1019578.1,0,,61,61,0,50.0,1.0,36.3232,0,0.0,9.6258,0
1021578.1,0,,61,61,0,50.0,1.0,36.2232,0,0.0,9.6008,0
1023578.1,0,,61,61,0,50.0,1.0,36.1232,0,0.0,9.5758,0
1025578.1,0,,61,61,0,50.0,1.0,36.0232,0,0.0,9.5508,0
1027578.1,0,,61,61,0,50.0,1.0,35.9232,0,0.0,9.5258,0
1029578.1,0,,61,61,0,50.0,1.0,35.8232,0,0.0,9.5008,0
1031578.1,0,,61,61,0,50.0,1.0,35.7232,0,0.0,9.4758,0
1033578.1,0,,61,61,0,50.0,1.0,35.6232,0,0.0,9.4508,0
1035578.1,0,,61,61,0,50.0,1.0,35.5232,0,0.0,9.4258,0
1037578.1,0,,61,61,0,50.0,1.0,35.4232,0,0.0,9.4008,0
1039578.1,0,,61,61,0,50.0,1.0,35.3232,0,0.0,9.3758,0
1041578.1,0,,61,61,0,50.0,1.0,35.2232,0,0.0,9.3508,0
1043578.1,0,,61,61,0,50.0,1.0,35.1232,0,0.0,9.3258,0
1045578.1,0,,61,61,0,50.0,1.0,35.0232,0,0.0,9.3008,0
1047578.1,0,,61,61,0,50.0,1.0,34.9232,0,0.0,9.2758,0
1049578.1,0,,61,61,0,50.0,1.0,34.8232,0,0.0,9.2508,0
1051578.1,0,,61,61,0,50.0,1.0,34.7232,0,0.0,9.2258,0
1053578.1,0,,61,61,0,50.0,1.0,34.6232,0,0.0,9.2008,0
1055578.1,0,,61,61,0,50.0,1.0,34.5232,0,0.0,9.1758,0
1057578.1,0,,61,61,0,50.0,1.0,34.4232,0,0.0,9.1508,0
1059578.1,0,,61,61,0,50.0,1.0,34.3232,0,0.0,9.1258,0
1061578.1,0,,61,61,0,50.0,1.0,34.2232,0,0.0,9.1008,0
1063578.1,0,,61,61,0,50.0,1.0,34.1232,0,0.0,9.0758,0
1065578.1,0,,61,61,0,50.0,1.0,34.0232,0,0.0,9.0508,0
1067578.1,0,,61,61,0,50.0,1.0,33.9232,0,0.0,9.0258,0
1069578.1,0,,61,61,0,50.0,1.0,33.8232,0,0.0,9.0008,0
1071578.1,0,,61,61,0,50.0,1.0,33.7232,0,0.0,8.9758,0
1073578.1,0,,61,61,0,50.0,1.0,33.6232,0,0.0,8.9508,0
1075578.1,0,,61,61,0,50.0,1.0,33.5232,0,0.0,8.9258,0
1077578.1,0,,61,61,0,50.0,1.0,33.4232,0,0.0,8.9008,0
1079578.1,0,,61,61,0,50.0,1.0,33.3232,0,0.0,8.8758,0
1081578.1,0,,61,61,0,50.0,1.0,33.2232,0,0.0,8.8508,0
1083578.1,0,,61,61,0,50.0,1.0,33.1232,0,0.0,8.8258,0
1085578.1,0,,61,61,0,50.0,1.0,33.0232,0,0.0,8.8008,0
1087578.1,0,,61,61,0,50.0,1.0,32.9232,0,0.0,8.7758,0
1089578.1,0,,61,61,0,50.0,1.0,32.8232,0,0.0,8.7508,0
1091578.1,0,,61,61,0,50.0,1.0,32.7232,0,0.0,8.7258,0
1093578.1,0,,61,61,0,50.0,1.0,32.6232,0,0.0,8.7008,0
1095578.1,0,,61,61,0,50.0,1.0,32.5232,0,0.0,8.6758,0
1097578.1,0,,61,61,0,50.0,1.0,32.4232,0,0.0,8.6508,0
1099578.1,0,,61,61,0,50.0,1.0,32.3232,0,0.0,8.6258,0
1101578.1,0,,61,61,0,50.0,1.0,32.2232,0,0.0,8.6008,0
1103578.1,0,,61,61,0,50.0,1.0,32.1232,0,0.0,8.5758,0
1105578.1,0,,61,61,0,50.0,1.0,32.0232,0,0.0,8.5508,0
1107578.1,0,,61,61,0,50.0,1.0,31.9232,0,0.0,8.5258,0
1109578.1,0,,61,61,0,50.0,1.0,31.8232,0,0.0,8.5008,0
1111578.1,0,,61,61,0,50.0,1.0,31.7232,0,0.0,8.4758,0
1113248.9,0,,61,61,0,50.0,1.0,31.6397,0,0.0,8.455,0
1113578.1,0,,60,60,0,50.0,1.0,31.6232,0,0.0,8.4508,0
1115578.1,0,,60,60,0,50.0,1.0,31.5232,0,0.0,8.4258,0
1117578.1,0,,60,60,0,50.0,1.0,31.4232,0,0.0,8.4008,0
1119578.1,0,,60,60,0,50.0,1.0,31.3232,0,0.0,8.3758,0
1121578.1,0,,60,60,0,50.0,1.0,31.2232,0,0.0,8.3508,0
1123578.1,0,,60,60,0,50.0,1.0,31.1232,0,0.0,8.3258,0
1125578.1,0,,60,60,0,50.0,1.0,31.0232,0,0.0,8.3008,0
1127578.1,0,,60,60,0,50.0,1.0,30.9232,0,0.0,8.2758,0
1129578.1,0,,60,60,0,50.0,1.0,30.8232,0,0.0,8.2508,0
1131578.1,0,,60,60,0,50.0,1.0,30.7232,0,0.0,8.2258,0
1133578.1,0,,60,60,0,50.0,1.0,30.6232,0,0.0,8.2008,0
1135578.1,0,,60,60,0,50.0,1.0,30.5232,0,0.0,8.1758,0
1137578.1,0,,60,60,0,50.0,1.0,30.4232,0,0.0,8.1508,0
1139578.1,0,,60,60,0,50.0,1.0,30.3232,0,0.0,8.1258,0
1141578.1,0,,60,60,0,50.0,1.0,30.2232,0,0.0,8.1008,0
1143578.1,0,,60,60,0,50.0,1.0,30.1232,0,0.0,8.0758,0
1145578.1,0,,60,60,0,50.0,1.0,30.0232,0,0.0,8.0508,0
1147578.1,0,,60,60,0,50.0,1.0,29.9232,0,0.0,8.0258,0
1147911.3,0,,60,60,0,50.0,1.0,29.9066,0,0.0,8.0217,0
1149578.1,0,,59,59,0,50.0,1.0,29.8232,0,0.0,8.0008,0
1151578.1,0,,59,59,0,50.0,1.0,29.7232,0,0.0,7.9758,0
1153578.1,0,,59,59,0,50.0,1.0,29.6232,0,0.0,7.9508,0
1155578.1,0,,59,59,0,50.0,1.0,29.5232,0,0.0,7.9258,0
1157578.1,0,,59,59,0,50.0,1.0,29.4232,0,0.0,7.9008,0
1159578.1,0,,59,59,0,50.0,1.0,29.3232,0,0.0,7.8758,0
1161578.1,0,,59,59,0,50.0,1.0,29.2232,0,0.0,7.8508,0
1163578.1,0,,59,59,0,50.0,1.0,29.1232,0,0.0,7.8258,0
1165578.1,0,,59,59,0,50.0,1.0,29.0232,0,0.0,7.8008,0
1167578.1,0,,59,59,0,50.0,1.0,28.9232,0,0.0,7.7758,0
1169578.1,0,,59,59,0,50.0,1.0,28.8232,0,0.0,7.7508,0
1171578.1,0,,59,59,0,50.0,1.0,28.7232,0,0.0,7.7258,0
1173578.1,0,,59,59,0,50.0,1.0,28.6232,0,0.0,7.7008,0
1175578.1,0,,59,59,0,50.0,1.0,28.5232,0,0.0,7.6758,0
1177578.1,0,,59,59,0,50.0,1.0,28.4232,0,0.0,7.6508,0
1179578.1,0,,59,59,0,50.0,1.0,28.3232,0,0.0,7.6258,0
1181578.1,0,,59,59,0,50.0,1.0,28.2232,0,0.0,7.6008,0
1183578.1,0,,59,59,0,50.0,1.0,28.1232,0,0.0,7.5758,0
1185578.1,0,,59,59,0,50.0,1.0,28.0232,0,0.0,7.5508,0
1187578.1,0,,59,59,0,50.0,1.0,27.9232,0,0.0,7.5258,0
1189578.1,0,,59,59,0,50.0,1.0,27.8232,0,0.0,7.5008,0
1191578.1,0,,59,59,0,50.0,1.0,27.7232,0,0.0,7.4758,0
1193578.1,0,,59,59,0,50.0,1.0,27.6232,0,0.0,7.4508,0
1195578.1,0,,59,59,0,50.0,1.0,27.5232,0,0.0,7.4258,0
1197578.1,0,,59,59,0,50.0,1.0,27.4232,0,0.0,7.4008,0
1199578.1,0,,59,59,0,50.0,1.0,27.3232,0,0.0,7.3758,0
1201578.1,0,,59,59,0,50.0,1.0,27.2232,0,0.0,7.3508,0
1203578.1,0,,59,59,0,50.0,1.0,27.1232,0,0.0,7.3258,0
1205578.1,0,,59,59,0,50.0,1.0,27.0232,0,0.0,7.3008,0
1206819.7,0,,59,59,0,50.0,1.0,26.9612,0,0.0,7.2853,0
1207549.1,0,,58,58,0,50.0,1.0,26.9247,0,0.0,7.2762,0
1207578.1,0,,57,57,0,50.0,1.0,26.9232,0,0.0,7.2758,0
1209578.1,0,,57,57,0,50.0,1.0,26.8232,0,0.0,7.2508,0
1211578.1,0,,57,57,0,50.0,1.0,26.7232,0,0.0,7.2258,0
1213578.1,0,,57,57,0,50.0,1.0,26.6232,0,0.0,7.2008,0
1215578.1,0,,57,57,0,50.0,1.0,26.5232,0,0.0,7.1758,0
1215994.7,0,,57,57,0,50.0,1.0,26.5024,0,0.0,7.1706,0
1217578.1,0,,56,56,0,50.0,1.0,26.4232,0,0.0,7.1508,0
1219578.1,0,,56,56,0,50.0,1.0,26.3232,0,0.0,7.1258,0
1221578.1,0,,56,56,0,50.0,1.0,26.2232,0,0.0,7.1008,0
1223578.1,0,,56,56,0,50.0,1.0,26.1232,0,0.0,7.0758,0
1225578.1,0,,56,56,0,50.0,1.0,26.0232,0,0.0,7.0508,0
1227578.1,0,,56,56,0,50.0,1.0,25.9232,0,0.0,7.0258,0
1229578.1,0,,56,56,0,50.0,1.0,25.8232,0,0.0,7.0008,0
1230951.3,0,,56,56,0,50.0,1.0,25.7546,0,0.0,6.9837,0
1231578.1,0,,55,55,0,50.0,1.0,25.7232,0,0.0,6.9758,0
1233578.1,0,,55,55,0,50.0,1.0,25.6232,0,0.0,6.9508,0
1235578.1,0,,55,55,0,50.0,1.0,25.5232,0,0.0,6.9258,0
1237578.1,0,,55,55,0,50.0,1.0,25.4232,0,0.0,6.9008,0
1239578.1,0,,55,55,0,50.0,1.0,25.3232,0,0.0,6.8758,0
1241578.1,0,,55,55,0,50.0,1.0,25.2232,0,0.0,6.8508,0
1243578.1,0,,55,55,0,50.0,1.0,25.1232,0,0.0,6.8258,0
1244713.8,0,,55,55,0,50.0,1.0,25.0665,0,0.0,6.8116,0
1245578.1,0,,54,54,0,50.0,1.0,25.0232,0,0.0,6.8008,0
1245887.7,0,,54,54,0,50.0,1.0,25.0078,0,0.0,6.797,0
1247578.1,0,,53,53,0,50.0,1.0,24.9232,0,0.0,6.7758,0
1249578.1,0,,53,53,0,50.0,1.0,24.8232,0,0.0,6.7508,0
1251578.1,0,,53,53,0,50.0,1.0,24.7232,0,0.0,6.7258,0
1253578.1,0,,53,53,0,50.0,1.0,24.6232,0,0.0,6.7008,0
1253752.0,0,,53,53,0,50.0,1.0,24.6145,0,0.0,6.6987,0
1255578.1,0,,52,52,0,50.0,1.0,24.5232,0,0.0,6.6758,0
1257578.1,0,,52,52,0,50.0,1.0,24.4232,0,0.0,6.6508,0
1259578.1,0,,52,52,0,50.0,1.0,24.3232,0,0.0,6.6258,0
1260704.9,0,,52,52,0,50.0,1.0,24.2669,0,0.0,6.6118,0
1261578.1,0,,51,51,0,50.0,1.0,24.2232,0,0.0,6.6008,0
1263578.1,0,,51,51,0,50.0,1.0,24.1232,0,0.0,6.5758,0
1265578.1,0,,51,51,0,50.0,1.0,24.0232,0,0.0,6.5508,0
1267578.1,0,,51,51,0,50.0,1.0,23.9232,0,0.0,6.5258,0
1269578.1,0,,51,51,0,50.0,1.0,23.8232,0,0.0,6.5008,0
1271578.1,0,,51,51,0,50.0,1.0,23.7232,0,0.0,6.4758,0
1271774.4,0,,51,51,0,50.0,1.0,23.7134,0,0.0,6.4734,0
1273578.1,0,,50,50,0,50.0,1.0,23.6232,0,0.0,6.4508,0
1275578.1,0,,50,50,0,50.0,1.0,23.5232,0,0.0,6.4258,0
1277578.1,0,,50,50,0,50.0,1.0,23.4232,0,0.0,6.4008,0
1279578.1,0,,50,50,0,50.0,1.0,23.3232,0,0.0,6.3758,0
1281578.1,0,,50,50,0,50.0,1.0,23.2232,0,0.0,6.3508,0
1283578.1,0,,50,50,0,50.0,1.0,23.1232,0,0.0,6.3258,0
1285578.1,0,,50,50,0,50.0,1.0,23.0232,0,0.0,6.3008,0
1287312.2,0,,50,50,0,50.0,1.0,22.9365,0,0.0,6.2792,0
1287578.1,0,,49,49,0,50.0,1.0,22.9232,0,0.0,6.2758,0
1289578.1,0,,49,49,0,50.0,1.0,22.8232,0,0.0,6.2508,0
1291578.1,0,,49,49,0,50.0,1.0,22.7232,0,0.0,6.2258,0
1293578.1,0,,49,49,0,50.0,1.0,22.6232,0,0.0,6.2008,0
1295578.1,0,,49,49,0,50.0,1.0,22.5232,0,0.0,6.1758,0
1297405.1,0,,49,49,0,50.0,1.0,22.4319,0,0.0,6.153,0
1297578.1,0,,48,48,0,50.0,1.0,22.4232,0,0.0,6.1508,0
1299578.1,0,,48,48,0,50.0,1.0,22.3232,0,0.0,6.1258,0
1301191.5,0,,48,48,0,50.0,1.0,22.2426,0,0.0,6.1057,0
1301578.1,0,,47,47,0,50.0,1.0,22.2232,0,0.0,6.1008,0
1303578.1,0,,47,47,0,50.0,1.0,22.1232,0,0.0,6.0758,0
1305578.1,0,,47,47,0,50.0,1.0,22.0232,0,0.0,6.0508,0
1307578.1,0,,47,47,0,50.0,1.0,21.9232,0,0.0,6.0258,0
1309578.1,0,,47,47,0,50.0,1.0,21.8232,0,0.0,6.0008,0
1310905.2,0,,47,47,0,50.0,1.0,21.7569,0,0.0,5.9843,0
1311578.1,0,,46,46,0,50.0,1.0,21.7232,0,0.0,5.9758,0
1313578.1,0,,46,46,0,50.0,1.0,21.6232,0,0.0,5.9508,0
1315578.1,0,,46,46,0,50.0,1.0,21.5232,0,0.0,5.9258,0
1317578.1,0,,46,46,0,50.0,1.0,21.4232,0,0.0,5.9008,0
1319578.1,0,,46,46,0,50.0,1.0,21.3232,0,0.0,5.8758,0
1321578.1,0,,46,46,0,50.0,1.0,21.2232,0,0.0,5.8508,0
1323578.1,0,,46,46,0,50.0,1.0,21.1232,0,0.0,5.8258,0
1325578.1,0,,46,46,0,50.0,1.0,21.0232,0,0.0,5.8008,0
1327578.1,0,,46,46,0,50.0,1.0,20.9232,0,0.0,5.7758,0
1329578.1,0,,46,46,0,50.0,1.0,20.8232,0,0.0,5.7508,0
1331578.1,0,,46,46,0,50.0,1.0,20.7232,0,0.0,5.7258,0
1333578.1,0,,46,46,0,50.0,1.0,20.6232,0,0.0,5.7008,0
1335578.1,0,,46,46,0,50.0,1.0,20.5232,0,0.0,5.6758,0
1336136.5,0,,46,46,0,50.0,1.0,20.4953,0,0.0,5.6689,0
1337578.1,0,,45,45,0,50.0,1.0,20.4232,0,0.0,5.6508,0
1339578.1,0,,45,45,0,50.0,1.0,20.3232,0,0.0,5.6258,0
1341578.1,0,,45,45,0,50.0,1.0,20.2232,0,0.0,5.6008,0
1343578.1,0,,45,45,0,50.0,1.0,20.1232,0,0.0,5.5758,0
1345578.1,0,,45,45,0,50.0,1.0,20.0232,0,0.0,5.5508,0
1347578.1,0,,45,45,0,50.0,1.0,19.9232,0,0.0,5.5258,0
1349578.1,0,,45,45,0,50.0,1.0,19.8232,0,0.0,5.5008,0
1351578.1,0,,45,45,0,50.0,1.0,19.7232,0,0.0,5.4758,0
1352309.6,0,,45,45,0,50.0,1.0,19.6867,0,0.0,5.4667,0
1353578.1,0,,44,44,0,50.0,1.0,19.6232,0,0.0,5.4508,0
1355578.1,0,,44,44,0,50.0,1.0,19.5232,0,0.0,5.4258,0
1357578.1,0,,44,44,0,50.0,1.0,19.4232,0,0.0,5.4008,0
1359578.1,0,,44,44,0,50.0,1.0,19.3232,0,0.0,5.3758,0
1361578.1,0,,44,44,0,50.0,1.0,19.2232,0,0.0,5.3508,0
1363578.1,0,,44,44,0,50.0,1.0,19.1232,0,0.0,5.3258,0
1365562.5,0,,44,44,0,50.0,1.0,19.024,0,0.0,5.301,0
1365578.1,0,,43,43,0,50.0,1.0,19.0232,0,0.0,5.3008,0
1367578.1,0,,43,43,0,50.0,1.0,18.9232,0,0.0,5.2758,0
1369578.1,0,,43,43,0,50.0,1.0,18.8232,0,0.0,5.2508,0
1371578.1,0,,43,43,0,50.0,1.0,18.7232,0,0.0,5.2258,0
1373578.1,0,,43,43,0,50.0,1.0,18.6232,0,0.0,5.2008,0
1373936.5,0,,43,43,0,50.0,1.0,18.6053,0,0.0,5.1964,0
1375578.1,0,,42,42,0,50.0,1.0,18.5232,0,0.0,5.1758,0
1377578.1,0,,42,42,0,50.0,1.0,18.4232,0,0.0,5.1508,0
1379578.1,0,,42,42,0,50.0,1.0,18.3232,0,0.0,5.1258,0
1381578.1,0,,42,42,0,50.0,1.0,18.2232,0,0.0,5.1008,0
1383578.1,0,,42,42,0,50.0,1.0,18.1232,0,0.0,5.0758,0
1385578.1,0,,42,42,0,50.0,1.0,18.0232,0,0.0,5.0508,0
1386462.4,0,,42,42,0,50.0,1.0,17.979,0,0.0,5.0398,0
1387578.1,0,,41,41,0,50.0,1.0,17.9232,0,0.0,5.0258,0
1389578.1,0,,41,41,0,50.0,1.0,17.8232,0,0.0,5.0008,0
1391578.1,0,,41,41,0,50.0,1.0,17.7232,0,0.0,4.9758,0
1393087.7,0,,41,41,0,50.0,1.0,17.6478,0,0.0,4.957,0
1393578.1,0,,40,40,0,50.0,1.0,17.6232,0,0.0,4.9508,0
1395578.1,0,,40,40,0,50.0,1.0,17.5232,0,0.0,4.9258,0
1397578.1,0,,40,40,0,50.0,1.0,17.4232,0,0.0,4.9008,0
1399578.1,0,,40,40,0,50.0,1.0,17.3232,0,0.0,4.8758,0
1401578.1,0,,40,40,0,50.0,1.0,17.2232,0,0.0,4.8508,0
1403578.1,0,,40,40,0,50.0,1.0,17.1232,0,0.0,4.8258,0
1405578.1,0,,40,40,0,50.0,1.0,17.0232,0,0.0,4.8008,0
1407505.6,0,,40,40,0,50.0,1.0,16.9269,0,0.0,4.7768,0
1407578.1,0,,39,39,0,50.0,1.0,16.9232,0,0.0,4.7758,0
1409578.1,0,,39,39,0,50.0,1.0,16.8232,0,0.0,4.7508,0
1411578.1,0,,39,39,0,50.0,1.0,16.7232,0,0.0,4.7258,0
1413578.1,0,,39,39,0,50.0,1.0,16.6232,0,0.0,4.7008,0
1415578.1,0,,39,39,0,50.0,1.0,16.5232,0,0.0,4.6758,0
1417578.1,0,,39,39,0,50.0,1.0,16.4232,0,0.0,4.6508,0
1419578.1,0,,39,39,0,50.0,1.0,16.3232,0,0.0,4.6258,0
1421578.1,0,,39,39,0,50.0,1.0,16.2232,0,0.0,4.6008,0
1423578.1,0,,39,39,0,50.0,1.0,16.1232,0,0.0,4.5758,0
1425578.1,0,,39,39,0,50.0,1.0,16.0232,0,0.0,4.5508,0
1427578.1,0,,39,39,0,50.0,1.0,15.9232,0,0.0,4.5258,0
1429578.1,0,,39,39,0,50.0,1.0,15.8232,0,0.0,4.5008,0
1431578.1,0,,39,39,0,50.0,1.0,15.7232,0,0.0,4.4758,0
1433578.1,0,,39,39,0,50.0,1.0,15.6232,0,0.0,4.4508,0
1435578.1,0,,39,39,0,50.0,1.0,15.5232,0,0.0,4.4258,0
1436597.4,0,,39,39,0,50.0,1.0,15.4723,0,0.0,4.4131,0
1437578.1,0,,38,38,0,50.0,1.0,15.4232,0,0.0,4.4008,0
1439578.1,0,,38,38,0,50.0,1.0,15.3232,0,0.0,4.3758,0
1441578.1,0,,38,38,0,50.0,1.0,15.2232,0,0.0,4.3508,0
1443578.1,0,,38,38,0,50.0,1.0,15.1232,0,0.0,4.3258,0
1445578.1,0,,38,38,0,50.0,1.0,15.0232,0,0.0,4.3008,0
1447578.1,0,,38,38,0,50.0,1.0,14.9232,0,0.0,4.2758,0
1449578.1,0,,38,38,0,50.0,1.0,14.8232,0,0.0,4.2508,0
1451578.1,0,,38,38,0,50.0,1.0,14.7232,0,0.0,4.2258,0
1452579.7,0,,38,38,0,50.0,1.0,14.6732,0,0.0,4.2133,0
1453578.1,0,,36,36,0,50.0,1.0,14.6232,0,0.0,4.2008,0
1455578.1,0,,36,36,0,50.0,1.0,14.5232,0,0.0,4.1758,0
1457568.9,0,,36,36,0,50.0,1.0,14.4237,0,0.0,4.151,0
1457578.1,0,,35,35,0,50.0,1.0,14.4232,0,0.0,4.1508,0
1459578.1,0,,35,35,0,50.0,1.0,14.3232,0,0.0,4.1258,0
1461578.1,0,,35,35,0,50.0,1.0,14.2232,0,0.0,4.1008,0
1463578.1,0,,35,35,0,50.0,1.0,14.1232,0,0.0,4.0758,0
1465578.1,0,,35,35,0,50.0,1.0,14.0232,0,0.0,4.0508,0
1467208.5,0,,35,35,0,50.0,1.0,13.9417,0,0.0,4.0305,0
1467578.1,0,,34,34,0,50.0,1.0,13.9232,0,0.0,4.0258,0
1469037.7,0,,34,34,0,50.0,1.0,13.8503,0,0.0,4.0076,0
1469578.1,0,,33,33,0,50.0,1.0,13.8232,0,0.0,4.0008,0
1469764.8,0,,33,33,0,50.0,1.0,13.8139,0,0.0,3.9985,0
1470929.7,0,,32,32,0,50.0,1.0,13.7557,0,0.0,3.9839,0
1471003.8,0,,31,31,0,50.0,1.0,13.752,0,0.0,3.983,0
1471578.1,0,,30,30,0,50.0,1.0,13.7232,0,0.0,3.9758,0
1473578.1,0,,30,30,0,50.0,1.0,13.6232,0,0.0,3.9508,0
1475578.1,0,,30,30,0,50.0,1.0,13.5232,0,0.0,3.9258,0
1476055.9,0,,30,30,0,50.0,1.0,13.4993,0,0.0,3.9199,0
1477578.1,0,,29,29,0,50.0,1.0,13.4232,0,0.0,3.9008,0
1478612.1,0,,29,29,0,50.0,1.0,13.3715,0,0.0,3.8879,0
1479578.1,0,,28,28,0,50.0,1.0,13.3232,0,0.0,3.8758,0
1481578.1,0,,28,28,0,50.0,1.0,13.2232,0,0.0,3.8508,0
1483578.1,0,,28,28,0,50.0,1.0,13.1232,0,0.0,3.8258,0
1485578.1,0,,28,28,0,50.0,1.0,13.0232,0,0.0,3.8008,0
1487578.1,0,,28,28,0,50.0,1.0,12.9232,0,0.0,3.7758,0
1489163.1,0,,28,28,0,50.0,1.0,12.844,0,0.0,3.756,0
1489578.1,0,,27,27,0,50.0,1.0,12.8232,0,0.0,3.7508,0
1491573.6,0,,27,27,0,50.0,1.0,12.7235,0,0.0,3.7259,0
1491578.1,0,,26,26,0,50.0,1.0,12.7232,0,0.0,3.7258,0
1493578.1,0,,26,26,0,50.0,1.0,12.6232,0,0.0,3.7008,0
1493750.6,0,,26,26,0,50.0,1.0,12.6146,0,0.0,3.6987,0
1495578.1,0,,25,25,0,50.0,1.0,12.5232,0,0.0,3.6758,0
1497578.1,0,,25,25,0,50.0,1.0,12.4232,0,0.0,3.6508,0
1499578.1,0,,25,25,0,50.0,1.0,12.3232,0,0.0,3.6258,0
1501578.1,0,,25,25,0,50.0,1.0,12.2232,0,0.0,3.6008,0
1503578.1,0,,25,25,0,50.0,1.0,12.1232,0,0.0,3.5758,0
1505578.1,0,,25,25,0,50.0,1.0,12.0232,0,0.0,3.5508,0
1507578.1,0,,25,25,0,50.0,1.0,11.9232,0,0.0,3.5258,0
1509578.1,0,,25,25,0,50.0,1.0,11.8232,0,0.0,3.5008,0
1511578.1,0,,25,25,0,50.0,1.0,11.7232,0,0.0,3.4758,0
1512690.9,0,,25,25,0,50.0,1.0,11.6676,0,0.0,3.4619,0
1513578.1,0,,24,24,0,50.0,1.0,11.6232,0,0.0,3.4508,0
1515578.1,0,,24,24,0,50.0,1.0,11.5232,0,0.0,3.4258,0
1517278.4,0,,24,24,0,50.0,1.0,11.4382,0,0.0,3.4046,0
1517578.1,0,,23,23,0,50.0,1.0,11.4232,0,0.0,3.4008,0
1519578.1,0,,23,23,0,50.0,1.0,11.3232,0,0.0,3.3758,0
1521578.1,0,,23,23,0,50.0,1.0,11.2232,0,0.0,3.3508,0
1523578.1,0,,23,23,0,50.0,1.0,11.1232,0,0.0,3.3258,0
1525578.1,0,,23,23,0,50.0,1.0,11.0232,0,0.0,3.3008,0
1527578.1,0,,23,23,0,50.0,1.0,10.9232,0,0.0,3.2758,0
1529578.1,0,,23,23,0,50.0,1.0,10.8232,0,0.0,3.2508,0
1531578.1,0,,23,23,0,50.0,1.0,10.7232,0,0.0,3.2258,0
1533578.1,0,,23,23,0,50.0,1.0,10.6232,0,0.0,3.2008,0
1535578.1,0,,23,23,0,50.0,1.0,10.5232,0,0.0,3.1758,0
1537578.1,0,,23,23,0,50.0,1.0,10.4232,0,0.0,3.1508,0
1539578.1,0,,23,23,0,50.0,1.0,10.3232,0,0.0,3.1258,0
1539816.6,0,,23,23,0,50.0,1.0,10.3113,0,0.0,3.1229,0
1541578.1,0,,22,22,0,50.0,1.0,10.2232,0,0.0,3.1008,0
1543578.1,0,,22,22,0,50.0,1.0,10.1232,0,0.0,3.0758,0
1545578.1,0,,22,22,0,50.0,1.0,10.0232,0,0.0,3.0508,0
1546769.6,0,,22,22,0,50.0,1.0,9.9637,0,0.0,3.036,0
1547578.1,0,,21,21,0,50.0,1.0,9.9232,0,0.0,3.0258,0
1549578.1,0,,21,21,0,50.0,1.0,9.8232,0,0.0,3.0008,0
1551578.1,0,,21,21,0,50.0,1.0,9.7232,0,0.0,2.9758,0
1553578.1,0,,21,21,0,50.0,1.0,9.6232,0,0.0,2.9508,0
1555578.1,0,,21,21,0,50.0,1.0,9.5232,0,0.0,2.9258,0
1557578.1,0,,21,21,0,50.0,1.0,9.4232,0,0.0,2.9008,0
1559578.1,0,,21,21,0,50.0,1.0,9.3232,0,0.0,2.8758,0
1560386.4,0,,21,21,0,50.0,1.0,9.2828,0,0.0,2.8657,0
1561578.1,0,,20,20,0,50.0,1.0,9.2232,0,0.0,2.8508,0
1563578.1,0,,20,20,0,50.0,1.0,9.1232,0,0.0,2.8258,0
1565578.1,0,,20,20,0,50.0,1.0,9.0232,0,0.0,2.8008,0
1567578.1,0,,20,20,0,50.0,1.0,8.9232,0,0.0,2.7758,0
1568461.7,0,,20,20,0,50.0,1.0,8.8791,0,0.0,2.7648,0
1569578.1,0,,19,19,0,50.0,1.0,8.8232,0,0.0,2.7508,0
1571578.1,0,,19,19,0,50.0,1.0,8.7232,0,0.0,2.7258,0
1573578.1,0,,19,19,0,50.0,1.0,8.6232,0,0.0,2.7008,0
1575578.1,0,,19,19,0,50.0,1.0,8.5232,0,0.0,2.6758,0
1577578.1,0,,19,19,0,50.0,1.0,8.4232,0,0.0,2.6508,0
1579578.1,0,,19,19,0,50.0,1.0,8.3232,0,0.0,2.6258,0
1581578.1,0,,19,19,0,50.0,1.0,8.2232,0,0.0,2.6008,0
1583578.1,0,,19,19,0,50.0,1.0,8.1232,0,0.0,2.5758,0
1585578.1,0,,19,19,0,50.0,1.0,8.0232,0,0.0,2.5508,0
1587578.1,0,,19,19,0,50.0,1.0,7.9232,0,0.0,2.5258,0
1589578.1,0,,19,19,0,50.0,1.0,7.8232,0,0.0,2.5008,0
1591578.1,0,,19,19,0,50.0,1.0,7.7232,0,0.0,2.4758,0
1593578.1,0,,19,19,0,50.0,1.0,7.6232,0,0.0,2.4508,0
1594866.9,0,,19,19,0,50.0,1.0,7.5588,0,0.0,2.4347,0
1595578.1,0,,17,17,0,50.0,1.0,7.5232,0,0.0,2.4246,0
1597578.1,0,,17,17,0,50.0,1.0,7.4232,0,0.0,2.396,0
1599578.1,0,,17,17,0,50.0,1.0,7.3232,0,0.0,2.3674,0
1601578.1,0,,17,17,0,50.0,1.0,7.2232,0,0.0,2.3389,0
1603578.1,0,,17,17,0,50.0,1.0,7.1232,0,0.0,2.3103,0
1605578.1,0,,17,17,0,50.0,1.0,7.0232,0,0.0,2.2817,0
1607578.1,0,,17,17,0,50.0,1.0,6.9232,0,0.0,2.2531,0
1609578.1,0,,17,17,0,50.0,1.0,6.8232,0,0.0,2.2246,0
1611578.1,0,,17,17,0,50.0,1.0,6.7232,0,0.0,2.196,0
1612992.9,0,,17,17,0,50.0,1.0,6.6525,0,0.0,2.1758,0
1613578.1,0,,16,16,0,50.0,1.0,6.6232,0,0.0,2.1674,0
1615578.1,0,,16,16,0,50.0,1.0,6.5232,0,0.0,2.1389,0
1617578.1,0,,16,16,0,50.0,1.0,6.4232,0,0.0,2.1103,0
1619578.1,0,,16,16,0,50.0,1.0,6.3232,0,0.0,2.0817,0
1621578.1,0,,16,16,0,50.0,1.0,6.2232,0,0.0,2.0531,0
1623578.1,0,,16,16,0,50.0,1.0,6.1232,0,0.0,2.0246,0
1625578.1,0,,16,16,0,50.0,1.0,6.0232,0,0.0,1.996,0
1627578.1,0,,16,16,0,50.0,1.0,5.9232,0,0.0,1.9674,0
1629578.1,0,,16,16,0,50.0,1.0,5.8232,0,0.0,1.9389,0
1631578.1,0,,16,16,0,50.0,1.0,5.7232,0,0.0,1.9103,0
1633578.1,0,,16,16,0,50.0,1.0,5.6232,0,0.0,1.8817,0
1635578.1,0,,16,16,0,50.0,1.0,5.5232,0,0.0,1.8531,0
1637578.1,0,,16,16,0,50.0,1.0,5.4232,0,0.0,1.8246,0
1639578.1,0,,16,16,0,50.0,1.0,5.3232,0,0.0,1.796,0
1640677.2,0,,16,16,0,50.0,1.0,5.2683,0,0.0,1.7803,0
1641578.1,0,,15,15,0,50.0,1.0,5.2232,0,0.0,1.7674,0
1643578.1,0,,15,15,0,50.0,1.0,5.1232,0,0.0,1.7389,0
1645578.1,0,,15,15,0,50.0,1.0,5.0232,0,0.0,1.7103,0
1647578.1,0,,15,15,0,50.0,1.0,4.9232,0,0.0,1.6817,0
1649176.7,0,,15,15,0,50.0,1.0,4.8433,0,0.0,1.6589,0
1649578.1,0,,14,14,0,50.0,1.0,4.8232,0,0.0,1.6531,0
1651578.1,0,,14,14,0,50.0,1.0,4.7232,0,0.0,1.6246,0
1653578.1,0,,14,14,0,50.0,1.0,4.6232,0,0.0,1.596,0
1655578.1,0,,14,14,0,50.0,1.0,4.5232,0,0.0,1.5674,0
1657578.1,0,,14,14,0,50.0,1.0,4.4232,0,0.0,1.5389,0
1659092.1,0,,14,14,0,50.0,1.0,4.3475,0,0.0,1.5172,0
1659578.1,0,,13,13,0,50.0,1.0,4.3232,0,0.0,1.5098,0
1661578.1,0,,13,13,0,50.0,1.0,4.2232,0,0.0,1.479,0
1663578.1,0,,13,13,0,50.0,1.0,4.1232,0,0.0,1.4482,0
1665578.1,0,,13,13,0,50.0,1.0,4.0232,0,0.0,1.4174,0
1667578.1,0,,13,13,0,50.0,1.0,3.9232,0,0.0,1.3867,0
1669578.1,0,,13,13,0,50.0,1.0,3.8232,0,0.0,1.3559,0
1671578.1,0,,13,13,0,50.0,1.0,3.7232,0,0.0,1.3251,0
1672728.6,0,,13,13,0,50.0,1.0,3.6657,0,0.0,1.3074,0
1672872.6,0,,12,12,0,50.0,1.0,3.6585,0,0.0,1.3052,0
1673578.1,0,,11,11,0,50.0,1.0,3.6232,0,0.0,1.2937,0
1675578.1,0,,11,11,0,50.0,1.0,3.5232,0,0.0,1.2613,0
1677578.1,0,,11,11,0,50.0,1.0,3.4232,0,0.0,1.2289,0
1678177.0,0,,11,11,0,50.0,1.0,3.3933,0,0.0,1.2191,0
1679223.1,0,,10,10,0,50.0,1.0,3.341,0,0.0,1.2001,0
1679398.1,0,,9,9,0,50.0,1.0,3.3322,0,0.0,1.1971,0
1679578.1,0,,8,8,0,50.0,1.0,3.3232,0,0.0,1.1936,0
1681578.1,0,,8,8,0,50.0,1.0,3.2232,0,0.0,1.1543,0
1683578.1,0,,8,8,0,50.0,1.0,3.1232,0,0.0,1.115,0
1685552.8,0,,8,8,0,50.0,1.0,3.0245,0,0.0,1.0762,0
1685578.1,0,,7,7,0,50.0,1.0,3.0232,0,0.0,1.0759,0
1687578.1,0,,7,7,0,50.0,1.0,2.9232,0,0.0,1.0467,0
1689578.1,0,,7,7,0,50.0,1.0,2.8232,0,0.0,1.0175,0
1689707.2,0,,7,7,0,50.0,1.0,2.8168,0,0.0,1.0156,0
1691578.1,0,,6,6,0,50.0,1.0,2.7232,0,0.0,0.9806,0
1693578.1,0,,6,6,0,50.0,1.0,2.6232,0,0.0,0.9431,0
1695578.1,0,,6,6,0,50.0,1.0,2.5232,0,0.0,0.9056,0
1695872.5,0,,6,6,0,50.0,1.0,2.5085,0,0.0,0.9,0
1697578.1,0,,5,5,0,50.0,1.0,2.4232,0,0.0,0.8574,0
1698756.0,0,,5,5,0,50.0,1.0,2.3643,0,0.0,0.828,0
1699578.1,0,,4,4,0,50.0,1.0,2.3232,0,0.0,0.8177,0
1701578.1,0,,4,4,0,50.0,1.0,2.2232,0,0.0,0.7927,0
1703578.1,0,,4,4,0,50.0,1.0,2.1232,0,0.0,0.7677,0
1705578.1,0,,4,4,0,50.0,1.0,2.0232,0,0.0,0.7427,0
1707578.1,0,,4,4,0,50.0,1.0,1.9232,0,0.0,0.7177,0
1709578.1,0,,4,4,0,50.0,1.0,1.8232,0,0.0,0.6927,0
1711578.1,0,,4,4,0,50.0,1.0,1.7232,0,0.0,0.6677,0
1713578.1,0,,4,4,0,50.0,1.0,1.6232,0,0.0,0.6427,0
1715578.1,0,,4,4,0,50.0,1.0,1.5232,0,0.0,0.6177,0
1717578.1,0,,4,4,0,50.0,1.0,1.4232,0,0.0,0.5927,0
1717690.2,0,,4,4,0,50.0,1.0,1.4176,0,0.0,0.5913,0
1719578.1,0,,3,3,0,50.0,1.0,1.3232,0,0.0,0.5598,0
1721578.1,0,,3,3,0,50.0,1.0,1.2232,0,0.0,0.5265,0
1723578.1,0,,3,3,0,50.0,1.0,1.1232,0,0.0,0.4931,0
1725578.1,0,,3,3,0,50.0,1.0,1.0232,0,0.0,0.4598,0
1727578.1,0,,3,3,0,50.0,1.0,0.9232,0,0.0,0.4265,0
1729578.1,0,,3,3,0,50.0,1.0,0.8232,0,0.0,0.3931,0
1731578.1,0,,3,3,0,50.0,1.0,0.7232,0,0.0,0.3598,0
1733578.1,0,,3,3,0,50.0,1.0,0.6232,0,0.0,0.3265,0
1735578.1,0,,3,3,0,50.0,1.0,0.5232,0,0.0,0.2931,0
1737578.1,0,,3,3,0,50.0,1.0,0.4232,0,0.0,0.2598,0
1739578.1,0,,3,3,0,50.0,1.0,0.3232,0,0.0,0.2265,0
1739760.6,0,,3,3,0,50.0,1.0,0.3141,0,0.0,0.2234,0
1741578.1,0,,2,2,0,50.0,1.0,0.2232,0,0.0,0.178,0
1743387.8,0,,2,2,0,50.0,1.0,0.1328,0,0.0,0.1328,0
1743578.1,0,,1,1,0,50.0,1.0,0.1232,0,0.0,0.1232,0
1745578.1,0,,1,1,0,50.0,1.0,0.0232,0,0.0,0.0232,0
1746042.9,0,,1,1,0,50.0,1.0,0.0,0,0.0,0.0,0
1747578.1,1,,124,56,8,50.0,1.0,71.3042,12.9032,0.0198,10.1258,0
1749578.1,1,,124,56,8,50.0,1.0,71.2042,12.9032,0.0456,10.1158,0
1751578.1,1,,124,56,8,50.0,1.0,71.1042,12.9032,0.0714,10.1058,0
1753578.1,1,,124,56,8,50.0,1.0,71.0042,12.9032,0.0972,10.0957,0
1755578.1,1,,124,56,8,50.0,1.0,70.9042,12.9032,0.123,10.0857,0
1757578.1,1,,124,56,8,50.0,1.0,70.8042,12.9032,0.1488,10.0757,0
1759578.1,1,,124,56,8,50.0,1.0,70.7042,12.9032,0.1746,10.0657,0
1761578.1,1,,124,56,8,50.0,1.0,70.6042,12.9032,0.2005,10.0556,0
1763578.1,1,,124,56,8,50.0,1.0,70.5042,12.9032,0.2263,10.0456,0
1765578.1,1,,124,56,8,50.0,1.0,70.4042,12.9032,0.2521,10.0356,0
1767578.1,1,,124,56,8,50.0,1.0,70.3042,12.9032,0.2779,10.0256,0
1769578.1,1,,124,56,8,50.0,1.0,70.2042,12.9032,0.3037,10.0156,0
1771578.1,1,,124,56,8,50.0,1.0,70.1042,12.9032,0.3295,10.0055,0
1773578.1,1,,124,56,8,50.0,1.0,70.0042,12.9032,0.3553,9.9955,0
1775578.1,1,,124,56,8,50.0,1.0,69.9042,12.9032,0.3811,9.9855,0
1777578.1,1,,124,56,8,50.0,1.0,69.8042,12.9032,0.4069,9.9755,0
1779578.1,1,,124,56,8,50.0,1.0,69.7042,12.9032,0.4327,9.9654,0
1779621.0,1,,124,56,8,50.0,1.0,69.7021,12.9032,0.4333,9.9652,0
1781314.0,1,,123,56,8,50.0,1.0,69.6174,13.0108,0.4553,9.9567,0
1781578.1,1,,122,56,8,50.0,1.0,69.6042,13.1183,0.4588,9.9553,0
1783289.2,1,,122,56,8,50.0,1.0,69.5187,13.1183,0.4812,9.9466,0
1783578.1,1,,121,56,8,50.0,1.0,69.5042,13.2258,0.485,9.9451,0
1785578.1,1,,121,56,8,50.0,1.0,69.4042,13.2258,0.5115,9.9349,0
1787578.1,1,,121,56,8,50.0,1.0,69.3042,13.2258,0.5379,9.9247,0
1789578.1,1,,121,56,8,50.0,1.0,69.2042,13.2258,0.5644,9.9145,0
1789779.1,1,,121,56,8,50.0,1.0,69.1942,13.2258,0.567,9.9135,0
1790907.7,1,,120,56,8,50.0,1.0,69.1377,13.3407,0.5821,9.9077,0
1791578.1,1,,119,56,8,50.0,1.0,69.1042,13.4483,0.5911,9.9042,0
1793119.6,1,,119,56,8,50.0,1.0,69.0272,13.4483,0.6118,9.8963,0
1793578.1,1,,118,56,8,50.0,1.0,69.0042,13.5632,0.6181,9.8939,0
1795578.1,1,,118,56,8,50.0,1.0,68.9042,13.5632,0.6452,9.8835,0
1797578.1,1,,118,56,8,50.0,1.0,68.8042,13.5632,0.6723,9.8732,0
1799578.1,1,,118,56,8,50.0,1.0,68.7042,13.5632,0.6994,9.8628,0
1801578.1,1,,118,56,8,50.0,1.0,68.6042,13.5632,0.7266,9.8525,0
1803578.1,1,,118,56,8,50.0,1.0,68.5042,13.5632,0.7537,9.8421,0
1805578.1,1,,118,56,8,50.0,1.0,68.4042,13.5632,0.7808,9.8318,0
1807578.1,1,,118,56,8,50.0,1.0,68.3042,13.5632,0.8079,9.8214,0
1809578.1,1,,118,56,8,50.0,1.0,68.2042,13.5632,0.8351,9.8111,0
1810022.4,1,,118,56,8,50.0,1.0,68.182,13.5632,0.8411,9.8088,0
1811578.1,1,,117,56,8,50.0,1.0,68.1042,13.6782,0.8624,9.8007,0
1812125.0,1,,117,56,8,50.0,1.0,68.0769,13.6782,0.8699,9.7979,0
1813535.9,1,,116,56,8,50.0,1.0,68.0063,13.8013,0.8893,9.7905,0
1813578.1,1,,115,56,8,50.0,1.0,68.0042,13.9245,0.8899,9.7903,0
1813654.2,1,,115,56,8,50.0,1.0,68.0004,13.9245,0.891,9.7899,0
1815578.1,1,,114,56,8,50.0,1.0,67.9042,14.0567,0.918,9.7798,0
1817578.1,1,,114,56,8,50.0,1.0,67.8042,14.0567,0.9461,9.7692,0
1819578.1,1,,114,56,8,50.0,1.0,67.7042,14.0567,0.9742,9.7587,0
1820034.8,1,,114,56,8,50.0,1.0,67.6814,14.0567,0.9807,9.7563,0
1821578.1,1,,113,56,8,50.0,1.0,67.6042,14.1717,1.0025,9.7481,0
1822956.7,1,,113,56,8,50.0,1.0,67.5353,14.1717,1.0221,9.7407,0
1823578.1,1,,112,56,8,50.0,1.0,67.5042,14.2948,1.031,9.7374,0
1824749.8,1,,112,56,8,50.0,1.0,67.4456,14.2948,1.0477,9.7312,0
1825578.1,1,,111,56,8,50.0,1.0,67.4042,14.4271,1.0597,9.7267,0
1826106.0,1,,111,56,8,50.0,1.0,67.3778,14.4271,1.0673,9.7239,0
1826433.7,1,,110,56,8,50.0,1.0,67.3615,14.5503,1.072,9.7221,0
1827578.1,1,,109,56,8,50.0,1.0,67.3042,14.6927,1.0889,9.7159,0
1829578.1,1,,109,56,8,50.0,1.0,67.2042,14.6927,1.1182,9.705,0
1831578.1,1,,109,56,8,50.0,1.0,67.1042,14.6927,1.1476,9.6941,0
1831876.8,1,,109,56,8,50.0,1.0,67.0893,14.6927,1.152,9.6925,0
1833151.1,1,,108,56,8,50.0,1.0,67.0256,14.8352,1.1709,9.6855,0
1833578.1,1,,107,56,8,50.0,1.0,67.0042,14.9674,1.1773,9.6832,0
1835535.9,1,,107,56,8,50.0,1.0,66.9063,14.9674,1.2066,9.6724,0
1835578.1,1,,106,56,8,50.0,1.0,66.9042,15.0997,1.2073,9.6721,0
1837578.1,1,,106,56,8,50.0,1.0,66.8042,15.0997,1.2375,9.661,0
1839578.1,1,,106,56,8,50.0,1.0,66.7042,15.0997,1.2677,9.6499,0
1840451.1,1,,106,56,8,50.0,1.0,66.6606,15.0997,1.2808,9.645,0
1841578.1,1,,105,56,8,50.0,1.0,66.6042,15.2422,1.298,9.6387,0
1842289.8,1,,105,56,8,50.0,1.0,66.5686,15.2422,1.3089,9.6347,0
1843578.1,1,,104,56,8,50.0,1.0,66.5042,15.396,1.3287,9.6275,0
1845578.1,1,,104,56,8,50.0,1.0,66.4042,15.396,1.3595,9.6162,0
1847578.1,1,,104,56,8,50.0,1.0,66.3042,15.396,1.3903,9.6049,0
1848634.0,1,,104,56,8,50.0,1.0,66.2514,15.396,1.4065,9.599,0
1849578.1,1,,103,56,8,50.0,1.0,66.2042,15.5385,1.4212,9.5936,0
1851578.1,1,,103,56,8,50.0,1.0,66.1042,15.5385,1.4523,9.5823,0
1852183.9,1,,103,56,8,50.0,1.0,66.0739,15.5385,1.4617,9.5789,0
1852984.9,1,,102,56,8,50.0,1.0,66.0339,15.6923,1.4743,9.5744,0
1853578.1,1,,101,56,8,50.0,1.0,66.0042,15.859,1.4837,9.571,0
1854359.3,1,,101,56,8,50.0,1.0,65.9652,15.859,1.4961,9.5666,0
1855578.1,1,,100,56,8,50.0,1.0,65.9042,16.0128,1.5156,9.5596,0
1857578.1,1,,100,56,8,50.0,1.0,65.8042,16.0128,1.5476,9.5481,0
1858200.5,1,,100,56,8,50.0,1.0,65.7731,16.0128,1.5576,9.5445,0
1859578.1,1,,99,56,8,50.0,1.0,65.7042,16.1667,1.5798,9.5365,0
1860048.2,1,,99,56,8,50.0,1.0,65.6807,16.1667,1.5874,9.5338,0
1861578.1,1,,98,56,8,50.0,1.0,65.6042,16.3333,1.6124,9.5248,0
1863578.1,1,,98,56,8,50.0,1.0,65.5042,16.3333,1.6451,9.5131,0
1863789.2,1,,98,56,8,50.0,1.0,65.4937,16.3333,1.6485,9.5118,0
1865027.1,1,,97,56,8,50.0,1.0,65.4318,16.5,1.669,9.5045,0
1865578.1,1,,96,56,8,50.0,1.0,65.4042,16.6667,1.6782,9.5012,0
1867578.1,1,,96,56,8,50.0,1.0,65.3042,16.6667,1.7115,9.4893,0
1869578.1,1,,96,56,8,50.0,1.0,65.2042,16.6667,1.7448,9.4774,0
1871578.1,1,,96,56,8,50.0,1.0,65.1042,16.6667,1.7782,9.4655,0
1873578.1,1,,96,56,8,50.0,1.0,65.0042,16.6667,1.8115,9.4536,0
1875578.1,1,,96,56,8,50.0,1.0,64.9042,16.6667,1.8448,9.4417,0
1877578.1,1,,96,56,8,50.0,1.0,64.8042,16.6667,1.8782,9.4298,0
1879578.1,1,,96,56,8,50.0,1.0,64.7042,16.6667,1.9115,9.4179,0
1881578.1,1,,96,56,8,50.0,1.0,64.6042,16.6667,1.9448,9.406,0
1883578.1,1,,96,56,8,50.0,1.0,64.5042,16.6667,1.9782,9.3941,0
1885578.1,1,,96,56,8,50.0,1.0,64.4042,16.6667,2.0115,9.3822,0
1887578.1,1,,96,56,8,50.0,1.0,64.3042,16.6667,2.0448,9.3703,0
1889578.1,1,,96,56,8,50.0,1.0,64.2042,16.6667,2.0782,9.3584,0
1891578.1,1,,96,56,8,50.0,1.0,64.1042,16.6667,2.1115,9.3465,0
1893578.1,1,,96,56,8,50.0,1.0,64.0042,16.6667,2.1448,9.3346,0
1895578.1,1,,96,56,8,50.0,1.0,63.9042,16.6667,2.1782,9.3227,0
1897578.1,1,,96,56,8,50.0,1.0,63.8042,16.6667,2.2115,9.3108,0
1899578.1,1,,96,56,8,50.0,1.0,63.7042,16.6667,2.2448,9.2989,0
1901578.1,1,,96,56,8,50.0,1.0,63.6042,16.6667,2.2782,9.287,0
1903578.1,1,,96,56,8,50.0,1.0,63.5042,16.6667,2.3115,9.2751,0
1905578.1,1,,96,56,8,50.0,1.0,63.4042,16.6667,2.3448,9.2632,0
1907578.1,1,,96,56,8,50.0,1.0,63.3042,16.6667,2.3782,9.2512,0
1909578.1,1,,96,56,8,50.0,1.0,63.2042,16.6667,2.4115,9.2393,0
1911578.1,1,,96,56,8,50.0,1.0,63.1042,16.6667,2.4448,9.2274,0
1913578.1,1,,96,56,8,50.0,1.0,63.0042,16.6667,2.4782,9.2155,0
1915578.1,1,,96,56,8,50.0,1.0,62.9042,16.6667,2.5115,9.2036,0
1917578.1,1,,96,56,8,50.0,1.0,62.8042,16.6667,2.5448,9.1917,0
1919578.1,1,,96,56,8,50.0,1.0,62.7042,16.6667,2.5782,9.1798,0
1921578.1,1,,96,56,8,50.0,1.0,62.6042,16.6667,2.6115,9.1679,0
1923578.1,1,,96,56,8,50.0,1.0,62.5042,16.6667,2.6448,9.156,0
1925578.1,1,,96,56,8,50.0,1.0,62.4042,16.6667,2.6782,9.1441,0
1927578.1,1,,96,56,8,50.0,1.0,62.3042,16.6667,2.7115,9.1322,0
1929578.1,1,,96,56,8,50.0,1.0,62.2042,16.6667,2.7448,9.1203,0
1931578.1,1,,96,56,8,50.0,1.0,62.1042,16.6667,2.7782,9.1084,0
1933578.1,1,,96,56,8,50.0,1.0,62.0042,16.6667,2.8115,9.0965,0
1935578.1,1,,96,56,8,50.0,1.0,61.9042,16.6667,2.8448,9.0846,0
1937578.1,1,,96,56,8,50.0,1.0,61.8042,16.6667,2.8782,9.0727,0
1939578.1,1,,96,56,8,50.0,1.0,61.7042,16.6667,2.9115,9.0608,0
1941578.1,1,,96,56,8,50.0,1.0,61.6042,16.6667,2.9448,9.0489,0
1943578.1,1,,96,56,8,50.0,1.0,61.5042,16.6667,2.9782,9.037,0
1945578.1,1,,96,56,8,50.0,1.0,61.4042,16.6667,3.0115,9.0251,0
1947578.1,1,,96,56,8,50.0,1.0,61.3042,16.6667,3.0448,9.0132,0
1949578.1,1,,96,56,8,50.0,1.0,61.2042,16.6667,3.0782,9.0012,0
1951578.1,1,,96,56,8,50.0,1.0,61.1042,16.6667,3.1115,8.9893,0
1953578.1,1,,96,56,8,50.0,1.0,61.0042,16.6667,3.1448,8.9774,0
1955578.1,1,,96,56,8,50.0,1.0,60.9042,16.6667,3.1782,8.9655,0
1957578.1,1,,96,56,8,50.0,1.0,60.8042,16.6667,3.2115,8.9536,0
1959578.1,1,,96,56,8,50.0,1.0,60.7042,16.6667,3.2448,8.9417,0
1961578.1,1,,96,56,8,50.0,1.0,60.6042,16.6667,3.2782,8.9298,0
1963578.1,1,,96,56,8,50.0,1.0,60.5042,16.6667,3.3115,8.9179,0
1965578.1,1,,96,56,8,50.0,1.0,60.4042,16.6667,3.3448,8.906,0
1967578.1,1,,96,56,8,50.0,1.0,60.3042,16.6667,3.3782,8.8941,0
1969578.1,1,,96,56,8,50.0,1.0,60.2042,16.6667,3.4115,8.8822,0
1971578.1,1,,96,56,8,50.0,1.0,60.1042,16.6667,3.4448,8.8703,0
1973578.1,1,,96,56,8,50.0,1.0,60.0042,16.6667,3.4782,8.8584,0
1975578.1,1,,96,56,8,50.0,1.0,59.9042,16.6667,3.5115,8.8465,0
1977578.1,1,,96,56,8,50.0,1.0,59.8042,16.6667,3.5448,8.8346,0
1979578.1,1,,96,56,8,50.0,1.0,59.7042,16.6667,3.5782,8.8227,0
1981578.1,1,,96,56,8,50.0,1.0,59.6042,16.6667,3.6115,8.8108,0
1983578.1,1,,96,56,8,50.0,1.0,59.5042,16.6667,3.6448,8.7989,0
1985578.1,1,,96,56,8,50.0,1.0,59.4042,16.6667,3.6782,8.787,0
1987578.1,1,,96,56,8,50.0,1.0,59.3042,16.6667,3.7115,8.7751,0
1989578.1,1,,96,56,8,50.0,1.0,59.2042,16.6667,3.7448,8.7632,0
1991578.1,1,,96,56,8,50.0,1.0,59.1042,16.6667,3.7782,8.7512,0
1993578.1,1,,96,56,8,50.0,1.0,59.0042,16.6667,3.8115,8.7393,0
1995578.1,1,,96,56,8,50.0,1.0,58.9042,16.6667,3.8448,8.7274,0
1997578.1,1,,96,56,8,50.0,1.0,58.8042,16.6667,3.8782,8.7155,0
1999578.1,1,,96,56,8,50.0,1.0,58.7042,16.6667,3.9115,8.7036,0
2001578.1,1,,96,56,8,50.0,1.0,58.6042,16.6667,3.9448,8.6917,0
2003578.1,1,,96,56,8,50.0,1.0,58.5042,16.6667,3.9782,8.6798,0
2005578.1,1,,96,56,8,50.0,1.0,58.4042,16.6667,4.0115,8.6679,0
2007578.1,1,,96,56,8,50.0,1.0,58.3042,16.6667,4.0448,8.656,0
2009578.1,1,,96,56,8,50.0,1.0,58.2042,16.6667,4.0782,8.6441,0
2011578.1,1,,96,56,8,50.0,1.0,58.1042,16.6667,4.1115,8.6322,0
2013578.1,1,,96,56,8,50.0,1.0,58.0042,16.6667,4.1448,8.6203,0
2015578.1,1,,96,56,8,50.0,1.0,57.9042,16.6667,4.1782,8.6084,0
2017578.1,1,,96,56,8,50.0,1.0,57.8042,16.6667,4.2115,8.5965,0
2019578.1,1,,96,56,8,50.0,1.0,57.7042,16.6667,4.2448,8.5846,0
2021578.1,1,,96,56,8,50.0,1.0,57.6042,16.6667,4.2782,8.5727,0
2023578.1,1,,96,56,8,50.0,1.0,57.5042,16.6667,4.3115,8.5608,0
2025578.1,1,,96,56,8,50.0,1.0,57.4042,16.6667,4.3448,8.5489,0
2027578.1,1,,96,56,8,50.0,1.0,57.3042,16.6667,4.3782,8.537,0
2029578.1,1,,96,56,8,50.0,1.0,57.2042,16.6667,4.4115,8.5251,0
2031578.1,1,,96,56,8,50.0,1.0,57.1042,16.6667,4.4448,8.5132,0
2033578.1,1,,96,56,8,50.0,1.0,57.0042,16.6667,4.4782,8.5012,0
2035578.1,1,,96,56,8,50.0,1.0,56.9042,16.6667,4.5115,8.4893,0
2037578.1,1,,96,56,8,50.0,1.0,56.8042,16.6667,4.5448,8.4774,0
2039578.1,1,,96,56,8,50.0,1.0,56.7042,16.6667,4.5782,8.4655,0
2041578.1,1,,96,56,8,50.0,1.0,56.6042,16.6667,4.6115,8.4536,0
2043578.1,1,,96,56,8,50.0,1.0,56.5042,16.6667,4.6448,8.4417,0
2045578.1,1,,96,56,8,50.0,1.0,56.4042,16.6667,4.6782,8.4298,0
2047578.1,1,,96,56,8,50.0,1.0,56.3042,16.6667,4.7115,8.4179,0
2049578.1,1,,96,56,8,50.0,1.0,56.2042,16.6667,4.7448,8.406,0
2051578.1,1,,96,56,8,50.0,1.0,56.1042,16.6667,4.7782,8.3941,0
2053578.1,1,,96,56,8,50.0,1.0,56.0042,16.6667,4.8115,8.3822,0
2055578.1,1,,96,56,8,50.0,1.0,55.9042,16.6667,4.8448,8.3703,0
2057578.1,1,,96,56,8,50.0,1.0,55.8042,16.6667,4.8782,8.3584,0
2059578.1,1,,96,56,8,50.0,1.0,55.7042,16.6667,4.9115,8.3465,0
2061578.1,1,,96,56,8,50.0,1.0,55.6042,16.6667,4.9448,8.3346,0
2063578.1,1,,96,56,8,50.0,1.0,55.5042,16.6667,4.9782,8.3227,0
2065578.1,1,,96,56,8,50.0,1.0,55.4042,16.6667,5.0115,8.3108,0
2067578.1,1,,96,56,8,50.0,1.0,55.3042,16.6667,5.0448,8.2989,0
2069578.1,1,,96,56,8,50.0,1.0,55.2042,16.6667,5.0782,8.287,0
2071578.1,1,,96,56,8,50.0,1.0,55.1042,16.6667,5.1115,8.2751,0
2073578.1,1,,96,56,8,50.0,1.0,55.0042,16.6667,5.1448,8.2632,0
2075578.1,1,,96,56,8,50.0,1.0,54.9042,16.6667,5.1782,8.2512,0
2077578.1,1,,96,56,8,50.0,1.0,54.8042,16.6667,5.2115,8.2393,0
2079578.1,1,,96,56,8,50.0,1.0,54.7042,16.6667,5.2448,8.2274,0
2081578.1,1,,96,56,8,50.0,1.0,54.6042,16.6667,5.2782,8.2155,0
2083578.1,1,,96,56,8,50.0,1.0,54.5042,16.6667,5.3115,8.2036,0
2085578.1,1,,96,56,8,50.0,1.0,54.4042,16.6667,5.3448,8.1917,0
2087578.1,1,,96,56,8,50.0,1.0,54.3042,16.6667,5.3782,8.1798,0
2089578.1,1,,96,56,8,50.0,1.0,54.2042,16.6667,5.4115,8.1679,0
2091578.1,1,,96,56,8,50.0,1.0,54.1042,16.6667,5.4448,8.156,0
2093578.1,1,,96,56,8,50.0,1.0,54.0042,16.6667,5.4782,8.1441,0
2095578.1,1,,96,56,8,50.0,1.0,53.9042,16.6667,5.5115,8.1322,0
2097578.1,1,,96,56,8,50.0,1.0,53.8042,16.6667,5.5448,8.1203,0
2099578.1,1,,96,56,8,50.0,1.0,53.7042,16.6667,5.5782,8.1084,0
2101578.1,1,,96,56,8,50.0,1.0,53.6042,16.6667,5.6115,8.0965,0
2103578.1,1,,96,56,8,50.0,1.0,53.5042,16.6667,5.6448,8.0846,0
2105578.1,1,,96,56,8,50.0,1.0,53.4042,16.6667,5.6782,8.0727,0
2107578.1,1,,96,56,8,50.0,1.0,53.3042,16.6667,5.7115,8.0608,0
2109578.1,1,,96,56,8,50.0,1.0,53.2042,16.6667,5.7448,8.0489,0
2111578.1,1,,96,56,8,50.0,1.0,53.1042,16.6667,5.7782,8.037,0
2113578.1,1,,96,56,8,50.0,1.0,53.0042,16.6667,5.8115,8.0251,0
2115578.1,1,,96,56,8,50.0,1.0,52.9042,16.6667,5.8448,8.0132,0
2117578.1,1,,96,56,8,50.0,1.0,52.8042,16.6667,5.8782,8.0012,0
2119578.1,1,,96,56,8,50.0,1.0,52.7042,16.6667,5.9115,7.9893,0
2121578.1,1,,96,56,8,50.0,1.0,52.6042,16.6667,5.9448,7.9774,0
2123578.1,1,,96,56,8,50.0,1.0,52.5042,16.6667,5.9782,7.9655,0
2125578.1,1,,96,56,8,50.0,1.0,52.4042,16.6667,6.0115,7.9536,0
2127578.1,1,,96,56,8,50.0,1.0,52.3042,16.6667,6.0448,7.9417,0
2129578.1,1,,96,56,8,50.0,1.0,52.2042,16.6667,6.0782,7.9298,0
2131578.1,1,,96,56,8,50.0,1.0,52.1042,16.6667,6.1115,7.9179,0
2133578.1,1,,96,56,8,50.0,1.0,52.0042,16.6667,6.1448,7.906,0
2135578.1,1,,96,56,8,50.0,1.0,51.9042,16.6667,6.1782,7.8941,0
2137578.1,1,,96,56,8,50.0,1.0,51.8042,16.6667,6.2115,7.8822,0
2139578.1,1,,96,56,8,50.0,1.0,51.7042,16.6667,6.2448,7.8703,0
2141578.1,1,,96,56,8,50.0,1.0,51.6042,16.6667,6.2782,7.8584,0
2143578.1,1,,96,56,8,50.0,1.0,51.5042,16.6667,6.3115,7.8465,0
2145578.1,1,,96,56,8,50.0,1.0,51.4042,16.6667,6.3448,7.8346,0
2147578.1,1,,96,56,8,50.0,1.0,51.3042,16.6667,6.3782,7.8227,0
2149578.1,1,,96,56,8,50.0,1.0,51.2042,16.6667,6.4115,7.8108,0
2151578.1,1,,96,56,8,50.0,1.0,51.1042,16.6667,6.4448,7.7989,0
2153578.1,1,,96,56,8,50.0,1.0,51.0042,16.6667,6.4782,7.787,0
2155578.1,1,,96,56,8,50.0,1.0,50.9042,16.6667,6.5115,7.7751,0
2157578.1,1,,96,56,8,50.0,1.0,50.8042,16.6667,6.5448,7.7632,0
2159578.1,1,,96,56,8,50.0,1.0,50.7042,16.6667,6.5782,7.7512,0
2161578.1,1,,96,56,8,50.0,1.0,50.6042,16.6667,6.6115,7.7393,0
2163578.1,1,,96,56,8,50.0,1.0,50.5042,16.6667,6.6448,7.7274,0
2165578.1,1,,96,56,8,50.0,1.0,50.4042,16.6667,6.6782,7.7155,0
2167578.1,1,,96,56,8,50.0,1.0,50.3042,16.6667,6.7115,7.7036,0
2169578.1,1,,96,56,8,50.0,1.0,50.2042,16.6667,6.7448,7.6917,0
2171578.1,1,,96,56,8,50.0,1.0,50.1042,16.6667,6.7782,7.6798,0
2173578.1,1,,96,56,8,50.0,1.0,50.0042,16.6667,6.8115,7.6679,0
2175578.1,1,,96,56,8,50.0,1.0,49.9042,16.6667,6.8448,7.656,0
2177578.1,1,,96,56,8,50.0,1.0,49.8042,16.6667,6.8782,7.6441,0
2179578.1,1,,96,56,8,50.0,1.0,49.7042,16.6667,6.9115,7.6322,0
2181578.1,1,,96,56,8,50.0,1.0,49.6042,16.6667,6.9448,7.6203,0
2183578.1,1,,96,56,8,50.0,1.0,49.5042,16.6667,6.9782,7.6084,0
2185578.1,1,,96,56,8,50.0,1.0,49.4042,16.6667,7.0115,7.5965,0
2187578.1,1,,96,56,8,50.0,1.0,49.3042,16.6667,7.0448,7.5846,0
2189578.1,1,,96,56,8,50.0,1.0,49.2042,16.6667,7.0782,7.5727,0
2191578.1,1,,96,56,8,50.0,1.0,49.1042,16.6667,7.1115,7.5608,0
2193578.1,1,,96,56,8,50.0,1.0,49.0042,16.6667,7.1448,7.5489,0
2195578.1,1,,96,56,8,50.0,1.0,48.9042,16.6667,7.1782,7.537,0
2197578.1,1,,96,56,8,50.0,1.0,48.8042,16.6667,7.2115,7.5251,0
2199578.1,1,,96,56,8,50.0,1.0,48.7042,16.6667,7.2448,7.5132,0
2201578.1,1,,96,56,8,50.0,1.0,48.6042,16.6667,7.2782,7.5012,0
2203578.1,1,,96,56,8,50.0,1.0,48.5042,16.6667,7.3115,7.4893,0
2205578.1,1,,96,56,8,50.0,1.0,48.4042,16.6667,7.3448,7.4774,0
2207578.1,1,,96,56,8,50.0,1.0,48.3042,16.6667,7.3782,7.4655,0
2209578.1,1,,96,56,8,50.0,1.0,48.2042,16.6667,7.4115,7.4536,0
2211578.1,1,,96,56,8,50.0,1.0,48.1042,16.6667,7.4448,7.4417,0
2213578.1,1,,96,56,8,50.0,1.0,48.0042,16.6667,7.4782,7.4298,0
2215578.1,1,,96,56,8,50.0,1.0,47.9042,16.6667,7.5115,7.4179,0
2217578.1,1,,96,56,8,50.0,1.0,47.8042,16.6667,7.5448,7.406,0
2219578.1,1,,96,56,8,50.0,1.0,47.7042,16.6667,7.5782,7.3941,0
2221578.1,1,,96,56,8,50.0,1.0,47.6042,16.6667,7.6115,7.3822,0
2223578.1,1,,96,56,8,50.0,1.0,47.5042,16.6667,7.6448,7.3703,0
2225578.1,1,,96,56,8,50.0,1.0,47.4042,16.6667,7.6782,7.3584,0
2227578.1,1,,96,56,8,50.0,1.0,47.3042,16.6667,7.7115,7.3465,0
2229578.1,1,,96,56,8,50.0,1.0,47.2042,16.6667,7.7448,7.3346,0
2231578.1,1,,96,56,8,50.0,1.0,47.1042,16.6667,7.7782,7.3227,0
2233578.1,1,,96,56,8,50.0,1.0,47.0042,16.6667,7.8115,7.3108,0
2235578.1,1,,96,56,8,50.0,1.0,46.9042,16.6667,7.8448,7.2989,0
2237578.1,1,,96,56,8,50.0,1.0,46.8042,16.6667,7.8782,7.287,0
2239578.1,1,,96,56,8,50.0,1.0,46.7042,16.6667,7.9115,7.2751,0
2241578.1,1,,96,56,8,50.0,1.0,46.6042,16.6667,7.9448,7.2632,0
2243578.1,1,,96,56,8,50.0,1.0,46.5042,16.6667,7.9782,7.2512,0
2245578.1,1,,96,56,8,50.0,1.0,46.4042,16.6667,8.0115,7.2393,0
2246009.7,1,,96,56,8,50.0,1.0,46.3826,16.6667,8.0187,7.2368,0
2247578.1,1,,95,56,8,50.0,1.0,46.3042,16.8478,8.0451,7.2273,0
2249578.1,1,,95,56,8,50.0,1.0,46.2042,16.8478,8.0788,7.2153,0
2251578.1,1,,95,56,8,50.0,1.0,46.1042,16.8478,8.1125,7.2032,0
2253578.1,1,,95,56,8,50.0,1.0,46.0042,16.8478,8.1462,7.1912,0
2255578.1,1,,95,56,8,50.0,1.0,45.9042,16.8478,8.1799,7.1791,0
2257578.1,1,,95,56,8,50.0,1.0,45.8042,16.8478,8.2136,7.1671,0
2259578.1,1,,95,56,8,50.0,1.0,45.7042,16.8478,8.2473,7.155,0
2261578.1,1,,95,56,8,50.0,1.0,45.6042,16.8478,8.281,7.143,0
2262967.2,1,,95,56,8,50.0,1.0,45.5348,16.8478,8.3044,7.1346,0
2263578.1,1,,94,56,8,50.0,1.0,45.5042,17.0455,8.3148,7.1309,0
2265578.1,1,,94,56,8,50.0,1.0,45.4042,17.0455,8.3489,7.1187,0
2267578.1,1,,94,56,8,50.0,1.0,45.3042,17.0455,8.383,7.1065,0
2269578.1,1,,94,56,8,50.0,1.0,45.2042,17.0455,8.4171,7.0943,0
2271578.1,1,,94,56,8,50.0,1.0,45.1042,17.0455,8.4512,7.0821,0
2273578.1,1,,94,56,8,50.0,1.0,45.0042,17.0455,8.4852,7.0699,0
2275578.1,1,,94,56,8,50.0,1.0,44.9042,17.0455,8.5193,7.0577,0
2277578.1,1,,94,56,8,50.0,1.0,44.8042,17.0455,8.5534,7.0455,0
2279578.1,1,,94,56,8,50.0,1.0,44.7042,17.0455,8.5875,7.0333,0
2281578.1,1,,94,56,8,50.0,1.0,44.6042,17.0455,8.6216,7.0211,0
2283578.1,1,,94,56,8,50.0,1.0,44.5042,17.0455,8.6557,7.0089,0
2285578.1,1,,94,56,8,50.0,1.0,44.4042,17.0455,8.6898,6.9967,0
2287578.1,1,,94,56,8,50.0,1.0,44.3042,17.0455,8.7239,6.9844,0
2289578.1,1,,94,56,8,50.0,1.0,44.2042,17.0455,8.758,6.9722,0
2291578.1,1,,94,56,8,50.0,1.0,44.1042,17.0455,8.7921,6.96,0
2293578.1,1,,94,56,8,50.0,1.0,44.0042,17.0455,8.8262,6.9478,0
2295578.1,1,,94,56,8,50.0,1.0,43.9042,17.0455,8.8602,6.9356,0
2297578.1,1,,94,56,8,50.0,1.0,43.8042,17.0455,8.8943,6.9234,0
2299578.1,1,,94,56,8,50.0,1.0,43.7042,17.0455,8.9284,6.9112,0
2300814.2,1,,94,56,8,50.0,1.0,43.6424,17.0455,8.9495,6.9037,0
2301578.1,1,,93,56,8,50.0,1.0,43.6042,17.2619,8.9627,6.899,0
2303578.1,1,,93,56,8,50.0,1.0,43.5042,17.2619,8.9972,6.8866,0
2305578.1,1,,93,56,8,50.0,1.0,43.4042,17.2619,9.0317,6.8742,0
2307578.1,1,,93,56,8,50.0,1.0,43.3042,17.2619,9.0663,6.8618,0
2308778.7,1,,93,56,8,50.0,1.0,43.2442,17.2619,9.087,6.8544,0
2309578.1,1,,92,56,8,50.0,1.0,43.2042,17.4431,9.1009,6.8494,0
2311578.1,1,,92,56,8,50.0,1.0,43.1042,17.4431,9.1358,6.837,0
2313578.1,1,,92,56,8,50.0,1.0,43.0042,17.4431,9.1707,6.8246,0
2315450.6,1,,92,56,8,50.0,1.0,42.9106,17.4431,9.2034,6.813,0
2315578.1,1,,91,56,8,50.0,1.0,42.9042,17.6242,9.2056,6.8122,0
2316615.7,1,,91,56,8,50.0,1.0,42.8524,17.6242,9.2239,6.8057,0
2317578.1,1,,90,56,8,50.0,1.0,42.8042,17.8054,9.241,6.7997,0
2319218.9,1,,90,56,8,50.0,1.0,42.7222,17.8054,9.2702,6.7893,0
2319578.1,1,,89,56,8,50.0,1.0,42.7042,18.003,9.2767,6.7871,0
2321578.1,1,,89,56,8,50.0,1.0,42.6042,18.003,9.3127,6.7744,0
2323578.1,1,,89,56,8,50.0,1.0,42.5042,18.003,9.3487,6.7618,0
2324152.3,1,,89,56,8,50.0,1.0,42.4755,18.003,9.3591,6.7582,0
2324625.6,1,,88,56,8,50.0,1.0,42.4519,18.2006,9.3677,6.7551,0
2325578.1,1,,87,56,8,50.0,1.0,42.4042,18.4171,9.3852,6.749,0
2327578.1,1,,87,56,8,50.0,1.0,42.3042,18.4171,9.422,6.7362,0
2329504.4,1,,87,56,8,50.0,1.0,42.2079,18.4171,9.4575,6.7238,0
2329559.0,1,,86,56,8,50.0,1.0,42.2052,18.6147,9.4585,6.7234,0
2329578.1,1,,85,56,8,50.0,1.0,42.2042,18.8312,9.4589,6.7233,0
2331578.1,1,,85,56,8,50.0,1.0,42.1042,18.8312,9.4966,6.7103,0
2333578.1,1,,85,56,8,50.0,1.0,42.0042,18.8312,9.5342,6.6972,0
2335578.1,1,,85,56,8,50.0,1.0,41.9042,18.8312,9.5719,6.6842,0
2337578.1,1,,85,56,8,50.0,1.0,41.8042,18.8312,9.6095,6.6711,0
2339578.1,1,,85,56,8,50.0,1.0,41.7042,18.8312,9.6472,6.6581,0
2340108.5,1,,85,56,8,50.0,1.0,41.6777,18.8312,9.6572,6.6546,0
2341578.1,1,,84,56,8,50.0,1.0,41.6042,19.0693,9.6852,6.645,0
2343578.1,1,,84,56,8,50.0,1.0,41.5042,19.0693,9.7234,6.6319,0
2345578.1,1,,84,56,8,50.0,1.0,41.4042,19.0693,9.7615,6.6188,0
2347578.1,1,,84,56,8,50.0,1.0,41.3042,19.0693,9.7996,6.6057,0
2349578.1,1,,84,56,8,50.0,1.0,41.2042,19.0693,9.8378,6.5926,0
2350703.5,1,,84,56,8,50.0,1.0,41.148,19.0693,9.8592,6.5852,0
2351578.1,1,,83,56,8,50.0,1.0,41.1042,19.3074,9.8761,6.5794,0
2353578.1,1,,83,56,8,50.0,1.0,41.0042,19.3074,9.9147,6.5661,0
2353980.3,1,,83,56,8,50.0,1.0,40.9841,19.3074,9.9225,6.5634,0
2354735.8,1,,82,56,8,50.0,1.0,40.9463,19.5705,9.9373,6.5583,0
2355578.1,1,,81,56,8,50.0,1.0,40.9042,19.787,9.954,6.5526,0
2357578.1,1,,81,56,8,50.0,1.0,40.8042,19.787,9.9935,6.5391,0
2358130.9,1,,81,56,8,50.0,1.0,40.7766,19.787,10.0045,6.5353,0
2359578.1,1,,80,56,8,50.0,1.0,40.7042,20.0501,10.0335,6.5255,0
2361578.1,1,,80,56,8,50.0,1.0,40.6042,20.0501,10.0736,6.5119,0
2363578.1,1,,80,56,8,50.0,1.0,40.5042,20.0501,10.1137,6.4983,0
2365578.1,1,,80,56,8,50.0,1.0,40.4042,20.0501,10.1538,6.4847,0
2367578.1,1,,80,56,8,50.0,1.0,40.3042,20.0501,10.1939,6.4711,0
2369578.1,1,,80,56,8,50.0,1.0,40.2042,20.0501,10.234,6.4575,0
2371578.1,1,,80,56,8,50.0,1.0,40.1042,20.0501,10.2741,6.4439,0
2373578.1,1,,80,56,8,50.0,1.0,40.0042,20.0501,10.3142,6.4303,0
2375578.1,1,,80,56,8,50.0,1.0,39.9042,20.0501,10.3543,6.4167,0
2377578.1,1,,80,56,8,50.0,1.0,39.8042,20.0501,10.3944,6.4031,0
2377728.0,1,,80,56,8,50.0,1.0,39.7967,20.0501,10.3974,6.4021,0
2379578.1,1,,79,56,8,50.0,1.0,39.7042,20.2882,10.4349,6.3893,0
2381578.1,1,,79,56,8,50.0,1.0,39.6042,20.2882,10.4755,6.3755,0
2383578.1,1,,79,56,8,50.0,1.0,39.5042,20.2882,10.5161,6.3617,0
2385578.1,1,,79,56,8,50.0,1.0,39.4042,20.2882,10.5567,6.348,0
2387578.1,1,,79,56,8,50.0,1.0,39.3042,20.2882,10.5972,6.3342,0
2389142.2,1,,79,56,8,50.0,1.0,39.226,20.2882,10.629,6.3234,0
2389578.1,1,,78,56,8,50.0,1.0,39.2042,20.5263,10.6379,6.3204,0
2391578.1,1,,78,56,8,50.0,1.0,39.1042,20.5263,10.679,6.3065,0
2393578.1,1,,78,56,8,50.0,1.0,39.0042,20.5263,10.72,6.2927,0
2395578.1,1,,78,56,8,50.0,1.0,38.9042,20.5263,10.7611,6.2789,0
2397578.1,1,,78,56,8,50.0,1.0,38.8042,20.5263,10.8021,6.265,0
2398972.6,1,,78,56,8,50.0,1.0,38.7345,20.5263,10.8307,6.2554,0
2399578.1,1,,77,56,8,50.0,1.0,38.7042,20.7895,10.8433,6.2512,0
2401578.1,1,,77,56,8,50.0,1.0,38.6042,20.7895,10.8849,6.2373,0
2402304.0,1,,77,56,8,50.0,1.0,38.5679,20.7895,10.9,6.2323,0
2403578.1,1,,76,56,8,50.0,1.0,38.5042,21.0526,10.9268,6.2233,0
2405578.1,1,,76,56,8,50.0,1.0,38.4042,21.0526,10.9689,6.2092,0
2407578.1,1,,76,56,8,50.0,1.0,38.3042,21.0526,11.011,6.1951,0
2409578.1,1,,76,56,8,50.0,1.0,38.2042,21.0526,11.0531,6.181,0
2411578.1,1,,76,56,8,50.0,1.0,38.1042,21.0526,11.0953,6.1669,0
2413578.1,1,,76,56,8,50.0,1.0,38.0042,21.0526,11.1374,6.1528,0
2415578.1,1,,76,56,8,50.0,1.0,37.9042,21.0526,11.1795,6.1387,0
2417578.1,1,,76,56,8,50.0,1.0,37.8042,21.0526,11.2216,6.1246,0
2419578.1,1,,76,56,8,50.0,1.0,37.7042,21.0526,11.2637,6.1105,0
2421578.1,1,,76,56,8,50.0,1.0,37.6042,21.0526,11.3058,6.0964,0
2423503.1,1,,76,56,8,50.0,1.0,37.508,21.0526,11.3463,6.0828,0
2423578.1,1,,75,56,8,50.0,1.0,37.5042,21.345,11.3479,6.0823,0
2425578.1,1,,75,56,8,50.0,1.0,37.4042,21.345,11.3906,6.0681,0
2427578.1,1,,75,56,8,50.0,1.0,37.3042,21.345,11.4333,6.054,0
2429578.1,1,,75,56,8,50.0,1.0,37.2042,21.345,11.476,6.0399,0
2431578.1,1,,75,56,8,50.0,1.0,37.1042,21.345,11.5187,6.0257,0
2431658.7,1,,75,56,8,50.0,1.0,37.1002,21.345,11.5204,6.0251,0
2433578.1,1,,74,56,8,50.0,1.0,37.0042,21.6374,11.5619,6.0115,0
2434917.3,1,,74,56,8,50.0,1.0,36.9373,21.6374,11.5909,6.002,0
2435578.1,1,,73,56,8,50.0,1.0,36.9042,21.9298,11.6054,5.9972,0
2437578.1,1,,73,56,8,50.0,1.0,36.8042,21.9298,11.6492,5.9828,0
2439578.1,1,,73,56,8,50.0,1.0,36.7042,21.9298,11.6931,5.9684,0
2441197.8,1,,73,56,8,50.0,1.0,36.6232,21.9298,11.7286,5.9567,0
2441578.1,1,,72,56,7,50.0,1.0,36.6042,19.3154,10.2614,5.9539,0
2442772.5,1,,72,56,7,50.0,1.0,36.5445,19.3154,10.2845,5.9453,0
2443578.1,1,,71,56,7,50.0,1.0,36.5042,19.6078,10.3003,5.9393,0
2445578.1,1,,71,56,7,50.0,1.0,36.4042,19.6078,10.3395,5.9246,0
2447578.1,1,,71,56,7,50.0,1.0,36.3042,19.6078,10.3787,5.9099,0
2448161.0,1,,71,56,7,50.0,1.0,36.2751,19.6078,10.3901,5.9056,0
2449578.1,1,,70,56,7,50.0,1.0,36.2042,19.7917,10.4182,5.8951,0
2451578.1,1,,70,56,7,50.0,1.0,36.1042,19.7917,10.4578,5.8803,0
2453578.1,1,,70,56,7,50.0,1.0,36.0042,19.7917,10.4973,5.8655,0
2455578.1,1,,70,56,7,50.0,1.0,35.9042,19.7917,10.5369,5.8507,0
2457578.1,1,,70,56,7,50.0,1.0,35.8042,19.7917,10.5765,5.8359,0
2459578.1,1,,70,56,7,50.0,1.0,35.7042,19.7917,10.6161,5.8211,0
2461578.1,1,,70,56,7,50.0,1.0,35.6042,19.7917,10.6557,5.8063,0
2463578.1,1,,70,56,7,50.0,1.0,35.5042,19.7917,10.6953,5.7915,0
2465578.1,1,,70,56,7,50.0,1.0,35.4042,19.7917,10.7348,5.7768,0
2467578.1,1,,70,56,7,50.0,1.0,35.3042,19.7917,10.7744,5.762,0
2469578.1,1,,70,56,7,50.0,1.0,35.2042,19.7917,10.814,5.7472,0
2471578.1,1,,70,56,7,50.0,1.0,35.1042,19.7917,10.8536,5.7324,0
2473578.1,1,,70,56,7,50.0,1.0,35.0042,19.7917,10.8932,5.7176,0
2475578.1,1,,70,56,7,50.0,1.0,34.9042,19.7917,10.9328,5.7028,0
2477578.1,1,,70,56,7,50.0,1.0,34.8042,19.7917,10.9723,5.688,0
2479578.1,1,,70,56,7,50.0,1.0,34.7042,19.7917,11.0119,5.6732,0
2481578.1,1,,70,56,7,50.0,1.0,34.6042,19.7917,11.0515,5.6584,0
2483578.1,1,,70,56,7,50.0,1.0,34.5042,19.7917,11.0911,5.6436,0
2485578.1,1,,70,56,7,50.0,1.0,34.4042,19.7917,11.1307,5.6289,0
2487578.1,1,,70,56,7,50.0,1.0,34.3042,19.7917,11.1703,5.6141,0
2489578.1,1,,70,56,7,50.0,1.0,34.2042,19.7917,11.2098,5.5993,0
2490641.1,1,,70,56,7,50.0,1.0,34.1511,19.7917,11.2309,5.5914,0
2491578.1,1,,69,56,7,50.0,1.0,34.1042,20.1185,11.2497,5.5845,0
2493578.1,1,,69,56,7,50.0,1.0,34.0042,20.1185,11.29,5.5696,0
2495578.1,1,,69,56,7,50.0,1.0,33.9042,20.1185,11.3302,5.5548,0
2496657.6,1,,69,56,7,50.0,1.0,33.8503,20.1185,11.3519,5.5468,0
2497578.1,1,,68,56,6,50.0,1.0,33.8042,16.9935,9.721,5.5399,0
2499578.1,1,,68,56,6,50.0,1.0,33.7042,16.9935,9.755,5.525,0
2501578.1,1,,68,56,6,50.0,1.0,33.6042,16.9935,9.789,5.5101,0
2503229.4,1,,68,56,6,50.0,1.0,33.5217,16.9935,9.817,5.4978,0
2503578.1,1,,67,56,6,50.0,1.0,33.5042,17.3203,9.8231,5.4952,0
2505578.1,1,,67,56,6,50.0,1.0,33.4042,17.3203,9.8577,5.48,0
2507578.1,1,,67,56,6,50.0,1.0,33.3042,17.3203,9.8923,5.4648,0
2509578.1,1,,67,56,6,50.0,1.0,33.2042,17.3203,9.927,5.4496,0
2511578.1,1,,67,56,6,50.0,1.0,33.1042,17.3203,9.9616,5.4345,0
2513578.1,1,,67,56,6,50.0,1.0,33.0042,17.3203,9.9963,5.4193,0
2515578.1,1,,67,56,6,50.0,1.0,32.9042,17.3203,10.0309,5.4041,0
2517578.1,1,,67,56,6,50.0,1.0,32.8042,17.3203,10.0655,5.3889,0
2519578.1,1,,67,56,6,50.0,1.0,32.7042,17.3203,10.1002,5.3738,0
2521578.1,1,,67,56,6,50.0,1.0,32.6042,17.3203,10.1348,5.3586,0
2523578.1,1,,67,56,6,50.0,1.0,32.5042,17.3203,10.1695,5.3434,0
2525578.1,1,,67,56,6,50.0,1.0,32.4042,17.3203,10.2041,5.3282,0
2527578.1,1,,67,56,6,50.0,1.0,32.3042,17.3203,10.2387,5.3131,0
2529578.1,1,,67,56,6,50.0,1.0,32.2042,17.3203,10.2734,5.2979,0
2531578.1,1,,67,56,6,50.0,1.0,32.1042,17.3203,10.308,5.2827,0
2533578.1,1,,67,56,6,50.0,1.0,32.0042,17.3203,10.3427,5.2675,0
2535187.3,1,,67,56,6,50.0,1.0,31.9238,17.3203,10.3705,5.2553,0
2535578.1,1,,66,56,6,50.0,1.0,31.9042,17.6471,10.3774,5.2523,0
2537208.0,1,,66,56,6,50.0,1.0,31.8227,17.6471,10.4062,5.2397,0
2537578.1,1,,65,56,6,50.0,1.0,31.8042,17.6471,10.4127,5.2368,0
2539578.1,1,,65,56,6,50.0,1.0,31.7042,17.6471,10.448,5.2213,0
2541578.1,1,,65,56,6,50.0,1.0,31.6042,17.6471,10.4833,5.2058,0
2543578.1,1,,65,56,6,50.0,1.0,31.5042,17.6471,10.5186,5.1903,0
2545578.1,1,,65,56,6,50.0,1.0,31.4042,17.6471,10.5539,5.1748,0
2547578.1,1,,65,56,6,50.0,1.0,31.3042,17.6471,10.5892,5.1593,0
2549578.1,1,,65,56,6,50.0,1.0,31.2042,17.6471,10.6245,5.1437,0
2551578.1,1,,65,56,6,50.0,1.0,31.1042,17.6471,10.6598,5.1282,0
2551917.2,1,,65,56,6,50.0,1.0,31.0873,17.6471,10.6658,5.1256,0
2553578.1,1,,64,56,5,50.0,1.0,31.0042,14.8897,8.921,5.1127,0
2555578.1,1,,64,56,5,50.0,1.0,30.9042,14.8897,8.9508,5.0971,0
2557542.4,1,,64,56,5,50.0,1.0,30.806,14.8897,8.9801,5.0818,0
2557578.1,1,,63,56,4,50.0,1.0,30.8042,12.1324,7.1905,5.0815,0
2559578.1,1,,63,56,4,50.0,1.0,30.7042,12.1324,7.2148,5.0656,0
2561578.1,1,,63,56,4,50.0,1.0,30.6042,12.1324,7.2391,5.0498,0
2563578.1,1,,63,56,4,50.0,1.0,30.5042,12.1324,7.2633,5.0339,0
2565578.1,1,,63,56,4,50.0,1.0,30.4042,12.1324,7.2876,5.018,0
2567578.1,1,,63,56,4,50.0,1.0,30.3042,12.1324,7.3119,5.0021,0
2569578.1,1,,63,56,4,50.0,1.0,30.2042,12.1324,7.3361,4.9862,0
2571578.1,1,,63,56,4,50.0,1.0,30.1042,12.1324,7.3604,4.9704,0
2573578.1,1,,63,56,4,50.0,1.0,30.0042,12.1324,7.3847,4.9545,0
2575578.1,1,,63,56,4,50.0,1.0,29.9042,12.1324,7.4089,4.9386,0
2577578.1,1,,63,56,4,50.0,1.0,29.8042,12.1324,7.4332,4.9227,0
2579578.1,1,,63,56,4,50.0,1.0,29.7042,12.1324,7.4574,4.9068,0
2580603.8,1,,63,56,4,50.0,1.0,29.6529,12.1324,7.4699,4.8987,0
2581578.1,1,,62,55,4,50.0,1.0,29.6042,12.1324,7.4817,4.8909,0
2583578.1,1,,62,55,4,50.0,1.0,29.5042,12.1324,7.506,4.8749,0
2585578.1,1,,62,55,4,50.0,1.0,29.4042,12.1324,7.5302,4.8588,0
2587578.1,1,,62,55,4,50.0,1.0,29.3042,12.1324,7.5545,4.8428,0
2589578.1,1,,62,55,4,50.0,1.0,29.2042,12.1324,7.5788,4.8268,0
2591578.1,1,,62,55,4,50.0,1.0,29.1042,12.1324,7.603,4.8107,0
2593578.1,1,,62,55,4,50.0,1.0,29.0042,12.1324,7.6273,4.7947,0
2595578.1,1,,62,55,4,50.0,1.0,28.9042,12.1324,7.6516,4.7787,0
2596864.0,1,,62,55,4,50.0,1.0,28.8399,12.1324,7.6672,4.7683,0
2597578.1,1,,61,55,4,50.0,1.0,28.8042,12.3407,7.676,4.7625,0
2599578.1,1,,61,55,4,50.0,1.0,28.7042,12.3407,7.7007,4.7461,0
2601578.1,1,,61,55,4,50.0,1.0,28.6042,12.3407,7.7253,4.7297,0
2601724.6,1,,61,55,4,50.0,1.0,28.5969,12.3407,7.7271,4.7285,0
2603578.1,1,,59,55,3,50.0,1.0,28.5042,9.2157,5.8191,4.7132,0
2605578.1,1,,59,55,3,50.0,1.0,28.4042,9.2157,5.8375,4.6967,0
2607578.1,1,,59,55,3,50.0,1.0,28.3042,9.2157,5.856,4.6802,0
2609578.1,1,,59,55,3,50.0,1.0,28.2042,9.2157,5.8744,4.6637,0
2611578.1,1,,59,55,3,50.0,1.0,28.1042,9.2157,5.8928,4.6472,0
2613175.2,1,,59,55,3,50.0,1.0,28.0244,9.2157,5.9076,4.6341,0
2613578.1,1,,58,55,3,50.0,1.0,28.0042,9.5833,5.9114,4.6307,0
2615578.1,1,,58,55,3,50.0,1.0,27.9042,9.5833,5.9306,4.6139,0
2617107.3,1,,58,55,3,50.0,1.0,27.8278,9.5833,5.9452,4.601,0
2617578.1,1,,57,55,2,50.0,1.0,27.8042,6.6667,3.9659,4.597,0
2619578.1,1,,57,55,2,50.0,1.0,27.7042,6.6667,3.9792,4.5798,0
2621578.1,1,,57,55,2,50.0,1.0,27.6042,6.6667,3.9926,4.5626,0
2623578.1,1,,57,55,2,50.0,1.0,27.5042,6.6667,4.0059,4.5455,0
2625578.1,1,,57,55,2,50.0,1.0,27.4042,6.6667,4.0192,4.5283,0
2625819.5,1,,57,55,2,50.0,1.0,27.3922,6.6667,4.0209,4.5262,0
2627578.1,1,,56,54,2,50.0,1.0,27.3042,6.9048,4.033,4.5107,0
2629578.1,1,,56,54,2,50.0,1.0,27.2042,6.9048,4.0468,4.493,0
2631578.1,1,,56,54,2,50.0,1.0,27.1042,6.9048,4.0606,4.4754,0
2633578.1,1,,56,54,2,50.0,1.0,27.0042,6.9048,4.0744,4.4577,0
2635578.1,1,,56,54,2,50.0,1.0,26.9042,6.9048,4.0882,4.4401,0
2637160.1,1,,56,54,2,50.0,1.0,26.8251,6.9048,4.0992,4.4261,0
2637578.1,1,,55,53,2,50.0,1.0,26.8042,7.1429,4.1021,4.4223,0
2639578.1,1,,55,53,2,50.0,1.0,26.7042,7.1429,4.1164,4.4042,0
2641578.1,1,,55,53,2,50.0,1.0,26.6042,7.1429,4.1307,4.3861,0
2643578.1,1,,55,53,2,50.0,1.0,26.5042,7.1429,4.145,4.3679,0
2645578.1,1,,55,53,2,50.0,1.0,26.4042,7.1429,4.1593,4.3498,0
2647578.1,1,,55,53,2,50.0,1.0,26.3042,7.1429,4.1736,4.3317,0
2649578.1,1,,55,53,2,50.0,1.0,26.2042,7.1429,4.1879,4.3135,0
2651578.1,1,,55,53,2,50.0,1.0,26.1042,7.1429,4.2021,4.2954,0
2653578.1,1,,55,53,2,50.0,1.0,26.0042,7.1429,4.2164,4.2773,0
2655578.1,1,,55,53,2,50.0,1.0,25.9042,7.1429,4.2307,4.2591,0
2657578.1,1,,55,53,2,50.0,1.0,25.8042,7.1429,4.245,4.241,0
2659578.1,1,,55,53,2,50.0,1.0,25.7042,7.1429,4.2593,4.2229,0
2661578.1,1,,55,53,2,50.0,1.0,25.6042,7.1429,4.2736,4.2048,0
2663578.1,1,,55,53,2,50.0,1.0,25.5042,7.1429,4.2879,4.1866,0
2665578.1,1,,55,53,2,50.0,1.0,25.4042,7.1429,4.3021,4.1685,0
2667578.1,1,,55,53,2,50.0,1.0,25.3042,7.1429,4.3164,4.1504,0
2669578.1,1,,55,53,2,50.0,1.0,25.2042,7.1429,4.3307,4.1322,0
2671578.1,1,,55,53,2,50.0,1.0,25.1042,7.1429,4.345,4.1141,0
2673578.1,1,,55,53,2,50.0,1.0,25.0042,7.1429,4.3593,4.096,0
2675578.1,1,,55,53,2,50.0,1.0,24.9042,7.1429,4.3736,4.0778,0
2677578.1,1,,55,53,2,50.0,1.0,24.8042,7.1429,4.3879,4.0597,0
2679578.1,1,,55,53,2,50.0,1.0,24.7042,7.1429,4.4021,4.0416,0
2681578.1,1,,55,53,2,50.0,1.0,24.6042,7.1429,4.4164,4.0234,0
2683578.1,1,,55,53,2,50.0,1.0,24.5042,7.1429,4.4307,4.0053,0
2685578.1,1,,55,53,2,50.0,1.0,24.4042,7.1429,4.445,3.9872,0
2687578.1,1,,55,53,2,50.0,1.0,24.3042,7.1429,4.4593,3.969,0
2689578.1,1,,55,53,2,50.0,1.0,24.2042,7.1429,4.4736,3.9509,0
2691578.1,1,,55,53,2,50.0,1.0,24.1042,7.1429,4.4879,3.9328,0
2693578.1,1,,55,53,2,50.0,1.0,24.0042,7.1429,4.5021,3.9146,0
2695578.1,1,,55,53,2,50.0,1.0,23.9042,7.1429,4.5164,3.8965,0
2697578.1,1,,55,53,2,50.0,1.0,23.8042,7.1429,4.5307,3.8784,0
2699578.1,1,,55,53,2,50.0,1.0,23.7042,7.1429,4.545,3.8602,0
2701578.1,1,,55,53,2,50.0,1.0,23.6042,7.1429,4.5593,3.8421,0
2703578.1,1,,55,53,2,50.0,1.0,23.5042,7.1429,4.5736,3.824,0
2705578.1,1,,55,53,2,50.0,1.0,23.4042,7.1429,4.5879,3.8059,0
2707578.1,1,,55,53,2,50.0,1.0,23.3042,7.1429,4.6021,3.7877,0
2709578.1,1,,55,53,2,50.0,1.0,23.2042,7.1429,4.6164,3.7696,0
2711578.1,1,,55,53,2,50.0,1.0,23.1042,7.1429,4.6307,3.7515,0
2713578.1,1,,55,53,2,50.0,1.0,23.0042,7.1429,4.645,3.7333,0
2715578.1,1,,55,53,2,50.0,1.0,22.9042,7.1429,4.6593,3.7152,0
2717578.1,1,,55,53,2,50.0,1.0,22.8042,7.1429,4.6736,3.6971,0
2719450.6,1,,55,53,2,50.0,1.0,22.7106,7.1429,4.6869,3.6801,0
2719578.1,1,,54,52,2,50.0,1.0,22.7042,7.1429,4.6879,3.6789,0
2721578.1,1,,54,52,2,50.0,1.0,22.6042,7.1429,4.7021,3.6606,0
2723578.1,1,,54,52,2,50.0,1.0,22.5042,7.1429,4.7164,3.6424,0
2725578.1,1,,54,52,2,50.0,1.0,22.4042,7.1429,4.7307,3.6241,0
2727578.1,1,,54,52,2,50.0,1.0,22.3042,7.1429,4.745,3.6058,0
2729578.1,1,,54,52,2,50.0,1.0,22.2042,7.1429,4.7593,3.5875,0
2730676.2,1,,54,52,2,50.0,1.0,22.1493,7.1429,4.7671,3.5775,0
2731578.1,1,,53,51,2,50.0,1.0,22.1042,7.1429,4.7736,3.5692,0
2733578.1,1,,53,51,2,50.0,1.0,22.0042,7.1429,4.7879,3.5508,0
2735578.1,1,,53,51,2,50.0,1.0,21.9042,7.1429,4.8021,3.5323,0
2737578.1,1,,53,51,2,50.0,1.0,21.8042,7.1429,4.8164,3.5139,0
2739578.1,1,,53,51,2,50.0,1.0,21.7042,7.1429,4.8307,3.4954,0
2741578.1,1,,53,51,2,50.0,1.0,21.6042,7.1429,4.845,3.477,0
2743578.1,1,,53,51,2,50.0,1.0,21.5042,7.1429,4.8593,3.4586,0
2745578.1,1,,53,51,2,50.0,1.0,21.4042,7.1429,4.8736,3.4401,0
2747578.1,1,,53,51,2,50.0,1.0,21.3042,7.1429,4.8879,3.4217,0
2749578.1,1,,53,51,2,50.0,1.0,21.2042,7.1429,4.9021,3.4032,0
2751578.1,1,,53,51,2,50.0,1.0,21.1042,7.1429,4.9164,3.3848,0
2753578.1,1,,53,51,2,50.0,1.0,21.0042,7.1429,4.9307,3.3664,0
2755578.1,1,,53,51,2,50.0,1.0,20.9042,7.1429,4.945,3.3479,0
2757578.1,1,,53,51,2,50.0,1.0,20.8042,7.1429,4.9593,3.3295,0
2759578.1,1,,53,51,2,50.0,1.0,20.7042,7.1429,4.9736,3.311,0
2761578.1,1,,53,51,2,50.0,1.0,20.6042,7.1429,4.9879,3.2926,0
2763578.1,1,,53,51,2,50.0,1.0,20.5042,7.1429,5.0021,3.2742,0
2765578.1,1,,53,51,2,50.0,1.0,20.4042,7.1429,5.0164,3.2557,0
2767578.1,1,,53,51,2,50.0,1.0,20.3042,7.1429,5.0307,3.2373,0
2769578.1,1,,53,51,2,50.0,1.0,20.2042,7.1429,5.045,3.2188,0
2771578.1,1,,53,51,2,50.0,1.0,20.1042,7.1429,5.0593,3.2004,0
2773578.1,1,,53,51,2,50.0,1.0,20.0042,7.1429,5.0736,3.1819,0
2775578.1,1,,53,51,2,50.0,1.0,19.9042,7.1429,5.0879,3.1635,0
2777578.1,1,,53,51,2,50.0,1.0,19.8042,7.1429,5.1021,3.1451,0
2779578.1,1,,53,51,2,50.0,1.0,19.7042,7.1429,5.1164,3.1266,0
2779968.7,1,,53,51,2,50.0,1.0,19.6847,7.1429,5.1192,3.123,0
2781578.1,1,,52,50,2,50.0,1.0,19.6042,7.1429,5.1307,3.108,0
2783578.1,1,,52,50,2,50.0,1.0,19.5042,7.1429,5.145,3.0894,0
2785578.1,1,,52,50,2,50.0,1.0,19.4042,7.1429,5.1593,3.0708,0
2787578.1,1,,52,50,2,50.0,1.0,19.3042,7.1429,5.1736,3.0521,0
2789578.1,1,,52,50,2,50.0,1.0,19.2042,7.1429,5.1879,3.0335,0
2791578.1,1,,52,50,2,50.0,1.0,19.1042,7.1429,5.2021,3.0148,0
2792617.1,1,,52,50,2,50.0,1.0,19.0523,7.1429,5.2096,3.0052,0
2793578.1,1,,51,50,1,50.0,1.0,19.0042,3.5714,2.6079,2.9997,0
2795578.1,1,,51,50,1,50.0,1.0,18.9042,3.5714,2.6151,2.9883,0
2797578.1,1,,51,50,1,50.0,1.0,18.8042,3.5714,2.6222,2.9768,0
2799578.1,1,,51,50,1,50.0,1.0,18.7042,3.5714,2.6294,2.9654,0
2801578.1,1,,51,50,1,50.0,1.0,18.6042,3.5714,2.6365,2.954,0
2803578.1,1,,51,50,1,50.0,1.0,18.5042,3.5714,2.6437,2.9426,0
2805578.1,1,,51,50,1,50.0,1.0,18.4042,3.5714,2.6508,2.9312,0
2807578.1,1,,51,50,1,50.0,1.0,18.3042,3.5714,2.6579,2.9198,0
2809578.1,1,,51,50,1,50.0,1.0,18.2042,3.5714,2.6651,2.9084,0
2810597.0,1,,51,50,1,50.0,1.0,18.1533,3.5714,2.6687,2.9025,0
2811578.1,1,,50,49,1,50.0,1.0,18.1042,3.5714,2.6722,2.8969,0
2811595.5,1,,50,49,1,50.0,1.0,18.1034,3.5714,2.6723,2.8968,0
2813578.1,1,,49,48,1,50.0,1.0,18.0042,3.5714,2.6794,2.8853,0
2815578.1,1,,49,48,1,50.0,1.0,17.9042,3.5714,2.6865,2.8737,0
2817578.1,1,,49,48,1,50.0,1.0,17.8042,3.5714,2.6937,2.862,0
2818032.0,1,,49,48,1,50.0,1.0,17.7815,3.5714,2.6953,2.8594,0
2818320.9,1,,48,47,1,50.0,1.0,17.7671,3.5714,2.6963,2.8576,0
2819578.1,1,,47,46,1,50.0,1.0,17.7042,3.5714,2.7008,2.8501,0
2821578.1,1,,47,46,1,50.0,1.0,17.6042,3.5714,2.7079,2.8382,0
2823578.1,1,,47,46,1,50.0,1.0,17.5042,3.5714,2.7151,2.8263,0
2825578.1,1,,47,46,1,50.0,1.0,17.4042,3.5714,2.7222,2.8144,0
2827176.4,1,,47,46,1,50.0,1.0,17.3243,3.5714,2.7279,2.8048,0
2827578.1,1,,46,46,0,50.0,1.0,17.3042,0,0.0,2.8039,0
2829578.1,1,,46,46,0,50.0,1.0,17.2042,0,0.0,2.7992,0
2831578.1,1,,46,46,0,50.0,1.0,17.1042,0,0.0,2.7945,0
2832611.4,1,,46,46,0,50.0,1.0,17.0526,0,0.0,2.792,0
2833578.1,1,,45,45,0,50.0,1.0,17.0042,0,0.0,2.7896,0
2835578.1,1,,45,45,0,50.0,1.0,16.9042,0,0.0,2.7846,0
2836495.6,1,,45,45,0,50.0,1.0,16.8584,0,0.0,2.7822,0
2837578.1,1,,44,44,0,50.0,1.0,16.8042,0,0.0,2.7795,0
2839578.1,1,,44,44,0,50.0,1.0,16.7042,0,0.0,2.7745,0
2841578.1,1,,44,44,0,50.0,1.0,16.6042,0,0.0,2.7694,0
2843578.1,1,,44,44,0,50.0,1.0,16.5042,0,0.0,2.7644,0
2843907.6,1,,44,44,0,50.0,1.0,16.4878,0,0.0,2.7635,0
2845578.1,1,,43,43,0,50.0,1.0,16.4042,0,0.0,2.7592,0
2847578.1,1,,43,43,0,50.0,1.0,16.3042,0,0.0,2.754,0
2848292.1,1,,43,43,0,50.0,1.0,16.2685,0,0.0,2.7521,0
2849578.1,1,,42,42,0,50.0,1.0,16.2042,0,0.0,2.7488,0
2851578.1,1,,42,42,0,50.0,1.0,16.1042,0,0.0,2.7436,0
2853578.1,1,,42,42,0,50.0,1.0,16.0042,0,0.0,2.7384,0
2855578.1,1,,42,42,0,50.0,1.0,15.9042,0,0.0,2.7331,0
2857578.1,1,,42,42,0,50.0,1.0,15.8042,0,0.0,2.7279,0
2859578.1,1,,42,42,0,50.0,1.0,15.7042,0,0.0,2.7227,0
2861578.1,1,,42,42,0,50.0,1.0,15.6042,0,0.0,2.7175,0
2863578.1,1,,42,42,0,50.0,1.0,15.5042,0,0.0,2.7123,0
2865578.1,1,,42,42,0,50.0,1.0,15.4042,0,0.0,2.7071,0
2867578.1,1,,42,42,0,50.0,1.0,15.3042,0,0.0,2.7019,0
2869578.1,1,,42,42,0,50.0,1.0,15.2042,0,0.0,2.6967,0
2871578.1,1,,42,42,0,50.0,1.0,15.1042,0,0.0,2.6915,0
2873578.1,1,,42,42,0,50.0,1.0,15.0042,0,0.0,2.6863,0
2875364.8,1,,42,42,0,50.0,1.0,14.9149,0,0.0,2.6816,0
2875578.1,1,,41,41,0,50.0,1.0,14.9042,0,0.0,2.681,0
2877578.1,1,,41,41,0,50.0,1.0,14.8042,0,0.0,2.6756,0
2879578.1,1,,41,41,0,50.0,1.0,14.7042,0,0.0,2.6702,0
2881578.1,1,,41,41,0,50.0,1.0,14.6042,0,0.0,2.6648,0
2883578.1,1,,41,41,0,50.0,1.0,14.5042,0,0.0,2.6594,0
2884336.9,1,,41,41,0,50.0,1.0,14.4663,0,0.0,2.6574,0
2885578.1,1,,40,40,0,50.0,1.0,14.4042,0,0.0,2.654,0
2887578.1,1,,40,40,0,50.0,1.0,14.3042,0,0.0,2.6487,0
2889578.1,1,,40,40,0,50.0,1.0,14.2042,0,0.0,2.6433,0
2890249.5,1,,40,40,0,50.0,1.0,14.1707,0,0.0,2.6414,0
2891578.1,1,,39,39,0,50.0,1.0,14.1042,0,0.0,2.6379,0
2893578.1,1,,39,39,0,50.0,1.0,14.0042,0,0.0,2.6325,0
2895578.1,1,,39,39,0,50.0,1.0,13.9042,0,0.0,2.6271,0
2897578.1,1,,39,39,0,50.0,1.0,13.8042,0,0.0,2.6217,0
2899578.1,1,,39,39,0,50.0,1.0,13.7042,0,0.0,2.6163,0
2901578.1,1,,39,39,0,50.0,1.0,13.6042,0,0.0,2.6109,0
2903578.1,1,,39,39,0,50.0,1.0,13.5042,0,0.0,2.6055,0
2903997.7,1,,39,39,0,50.0,1.0,13.4833,0,0.0,2.6043,0
2905578.1,1,,38,38,0,50.0,1.0,13.4042,0,0.0,2.6001,0
2907578.1,1,,38,38,0,50.0,1.0,13.3042,0,0.0,2.5947,0
2909578.1,1,,38,38,0,50.0,1.0,13.2042,0,0.0,2.5893,0
2911578.1,1,,38,38,0,50.0,1.0,13.1042,0,0.0,2.5839,0
2913578.1,1,,38,38,0,50.0,1.0,13.0042,0,0.0,2.5785,0
2915578.1,1,,38,38,0,50.0,1.0,12.9042,0,0.0,2.5731,0
2917578.1,1,,38,38,0,50.0,1.0,12.8042,0,0.0,2.5677,0
2919578.1,1,,38,38,0,50.0,1.0,12.7042,0,0.0,2.5623,0
2921578.1,1,,38,38,0,50.0,1.0,12.6042,0,0.0,2.5569,0
2923578.1,1,,38,38,0,50.0,1.0,12.5042,0,0.0,2.5515,0
2924361.8,1,,38,38,0,50.0,1.0,12.465,0,0.0,2.5494,0
2924641.5,1,,37,37,0,50.0,1.0,12.4511,0,0.0,2.5486,0
2925578.1,1,,36,36,0,50.0,1.0,12.4042,0,0.0,2.5458,0
2927578.1,1,,36,36,0,50.0,1.0,12.3042,0,0.0,2.54,0
2929578.1,1,,36,36,0,50.0,1.0,12.2042,0,0.0,2.5341,0
2931578.1,1,,36,36,0,50.0,1.0,12.1042,0,0.0,2.5283,0
2932847.9,1,,36,36,0,50.0,1.0,12.0407,0,0.0,2.5246,0
2933036.5,1,,35,35,0,50.0,1.0,12.0313,0,0.0,2.524,0
2933578.1,1,,34,34,0,50.0,1.0,12.0042,0,0.0,2.5224,0
2935578.1,1,,34,34,0,50.0,1.0,11.9042,0,0.0,2.5163,0
2937578.1,1,,34,34,0,50.0,1.0,11.8042,0,0.0,2.5102,0
2939578.1,1,,34,34,0,50.0,1.0,11.7042,0,0.0,2.5042,0
2941578.1,1,,34,34,0,50.0,1.0,11.6042,0,0.0,2.4981,0
2943578.1,1,,34,34,0,50.0,1.0,11.5042,0,0.0,2.492,0
2945578.1,1,,34,34,0,50.0,1.0,11.4042,0,0.0,2.486,0
2947578.1,1,,34,34,0,50.0,1.0,11.3042,0,0.0,2.4799,0
2949578.1,1,,34,34,0,50.0,1.0,11.2042,0,0.0,2.4738,0
2950542.6,1,,34,34,0,50.0,1.0,11.156,0,0.0,2.4709,0
2951578.1,1,,33,33,0,50.0,1.0,11.1042,0,0.0,2.4677,0
2953578.1,1,,33,33,0,50.0,1.0,11.0042,0,0.0,2.4617,0
2955578.1,1,,33,33,0,50.0,1.0,10.9042,0,0.0,2.4556,0
2955974.1,1,,33,33,0,50.0,1.0,10.8844,0,0.0,2.4544,0
2957578.1,1,,32,32,0,50.0,1.0,10.8042,0,0.0,2.4493,0
2959578.1,1,,32,32,0,50.0,1.0,10.7042,0,0.0,2.443,0
2961578.1,1,,32,32,0,50.0,1.0,10.6042,0,0.0,2.4366,0
2963355.7,1,,32,32,0,50.0,1.0,10.5154,0,0.0,2.431,0
2963578.1,1,,31,31,0,50.0,1.0,10.5042,0,0.0,2.4302,0
2965578.1,1,,31,31,0,50.0,1.0,10.4042,0,0.0,2.4232,0
2967578.1,1,,31,31,0,50.0,1.0,10.3042,0,0.0,2.4163,0
2967770.6,1,,31,31,0,50.0,1.0,10.2946,0,0.0,2.4156,0
2969578.1,1,,30,30,0,50.0,1.0,10.2042,0,0.0,2.409,0
2971578.1,1,,30,30,0,50.0,1.0,10.1042,0,0.0,2.4018,0
2973578.1,1,,30,30,0,50.0,1.0,10.0042,0,0.0,2.3945,0
2975578.1,1,,30,30,0,50.0,1.0,9.9042,0,0.0,2.3872,0
2977578.1,1,,30,30,0,50.0,1.0,9.8042,0,0.0,2.3799,0
2979084.3,1,,30,30,0,50.0,1.0,9.7289,0,0.0,2.3744,0
2979578.1,1,,29,29,0,50.0,1.0,9.7042,0,0.0,2.3724,0
2981578.1,1,,29,29,0,50.0,1.0,9.6042,0,0.0,2.3643,0
2983578.1,1,,29,29,0,50.0,1.0,9.5042,0,0.0,2.3561,0
2985578.1,1,,29,29,0,50.0,1.0,9.4042,0,0.0,2.348,0
2987276.3,1,,29,29,0,50.0,1.0,9.3193,0,0.0,2.3411,0
2987578.1,1,,28,28,0,50.0,1.0,9.3042,0,0.0,2.3397,0
2988587.0,1,,28,28,0,50.0,1.0,9.2538,0,0.0,2.335,0
2989578.1,1,,27,27,0,50.0,1.0,9.2042,0,0.0,2.3293,0
2991578.1,1,,27,27,0,50.0,1.0,9.1042,0,0.0,2.3178,0
2993578.1,1,,27,27,0,50.0,1.0,9.0042,0,0.0,2.3064,0
2995578.1,1,,27,27,0,50.0,1.0,8.9042,0,0.0,2.2949,0
2997578.1,1,,27,27,0,50.0,1.0,8.8042,0,0.0,2.2835,0
2999578.1,1,,27,27,0,50.0,1.0,8.7042,0,0.0,2.272,0
3001578.1,1,,27,27,0,50.0,1.0,8.6042,0,0.0,2.2605,0
3003578.1,1,,27,27,0,50.0,1.0,8.5042,0,0.0,2.2491,0
3005578.1,1,,27,27,0,50.0,1.0,8.4042,0,0.0,2.2376,0
3007578.1,1,,27,27,0,50.0,1.0,8.3042,0,0.0,2.2262,0
3009578.1,1,,27,27,0,50.0,1.0,8.2042,0,0.0,2.2147,0
3011578.1,1,,27,27,0,50.0,1.0,8.1042,0,0.0,2.2032,0
3013457.1,1,,27,27,0,50.0,1.0,8.0103,0,0.0,2.1925,0
3013578.1,1,,25,25,0,50.0,1.0,8.0042,0,0.0,2.1918,0
3015578.1,1,,25,25,0,50.0,1.0,7.9042,0,0.0,2.1803,0
3017578.0,1,,25,25,0,50.0,1.0,7.8042,0,0.0,2.1689,0
3017578.1,1,,24,24,0,50.0,1.0,7.8042,0,0.0,2.1689,0
3019578.1,1,,24,24,0,50.0,1.0,7.7042,0,0.0,2.157,0
3021578.1,1,,24,24,0,50.0,1.0,7.6042,0,0.0,2.1451,0
3023578.1,1,,24,24,0,50.0,1.0,7.5042,0,0.0,2.1332,0
3024459.2,1,,24,24,0,50.0,1.0,7.4602,0,0.0,2.1279,0
3025578.1,1,,23,23,0,50.0,1.0,7.4042,0,0.0,2.1209,0
3027219.7,1,,23,23,0,50.0,1.0,7.3222,0,0.0,2.1107,0
3027578.1,1,,22,22,0,50.0,1.0,7.3042,0,0.0,2.1084,0
3029499.1,1,,22,22,0,50.0,1.0,7.2082,0,0.0,2.0964,0
3029578.1,1,,21,21,0,50.0,1.0,7.2042,0,0.0,2.0959,0
3031578.1,1,,21,21,0,50.0,1.0,7.1042,0,0.0,2.0834,0
3033578.1,1,,21,21,0,50.0,1.0,7.0042,0,0.0,2.0709,0
3035578.1,1,,21,21,0,50.0,1.0,6.9042,0,0.0,2.0584,0
3036380.4,1,,21,21,0,50.0,1.0,6.8641,0,0.0,2.0534,0
3037578.1,1,,20,20,0,50.0,1.0,6.8042,0,0.0,2.0459,0
3039578.1,1,,20,20,0,50.0,1.0,6.7042,0,0.0,2.0334,0
3041578.1,1,,20,20,0,50.0,1.0,6.6042,0,0.0,2.0209,0
3041965.3,1,,20,20,0,50.0,1.0,6.5849,0,0.0,2.0185,0
3043578.1,1,,19,19,0,50.0,1.0,6.5042,0,0.0,2.0084,0
3045578.1,1,,19,19,0,50.0,1.0,6.4042,0,0.0,1.9959,0
3046210.8,1,,19,19,0,50.0,1.0,6.3726,0,0.0,1.992,0
3047578.1,1,,18,18,0,50.0,1.0,6.3042,0,0.0,1.9834,0
3049487.6,1,,18,18,0,50.0,1.0,6.2088,0,0.0,1.9715,0
3049578.1,1,,17,17,0,50.0,1.0,6.2042,0,0.0,1.9709,0
3050018.3,1,,17,17,0,50.0,1.0,6.1822,0,0.0,1.9682,0
3051578.1,1,,16,16,0,50.0,1.0,6.1042,0,0.0,1.9578,0
3053295.1,1,,16,16,0,50.0,1.0,6.0184,0,0.0,1.9463,0
3053578.1,1,,15,15,0,50.0,1.0,6.0042,0,0.0,1.9443,0
3055578.1,1,,15,15,0,50.0,1.0,5.9042,0,0.0,1.9297,0
3057578.1,1,,15,15,0,50.0,1.0,5.8042,0,0.0,1.9151,0
3059578.1,1,,15,15,0,50.0,1.0,5.7042,0,0.0,1.9005,0
3061578.1,1,,15,15,0,50.0,1.0,5.6042,0,0.0,1.8859,0
3063578.1,1,,15,15,0,50.0,1.0,5.5042,0,0.0,1.8713,0
3065578.1,1,,15,15,0,50.0,1.0,5.4042,0,0.0,1.8568,0
3067578.1,1,,15,15,0,50.0,1.0,5.3042,0,0.0,1.8422,0
3069578.1,1,,15,15,0,50.0,1.0,5.2042,0,0.0,1.8276,0
3071162.4,1,,15,15,0,50.0,1.0,5.125,0,0.0,1.816,0
3071578.1,1,,14,14,0,50.0,1.0,5.1042,0,0.0,1.8121,0
3072955.9,1,,14,14,0,50.0,1.0,5.0353,0,0.0,1.7992,0
3073578.1,1,,13,13,0,50.0,1.0,5.0042,0,0.0,1.7927,0
3075578.1,1,,13,13,0,50.0,1.0,4.9042,0,0.0,1.7719,0
3077578.1,1,,13,13,0,50.0,1.0,4.8042,0,0.0,1.7511,0
3079578.1,1,,13,13,0,50.0,1.0,4.7042,0,0.0,1.7302,0
3081578.1,1,,13,13,0,50.0,1.0,4.6042,0,0.0,1.7094,0
3083578.1,1,,13,13,0,50.0,1.0,4.5042,0,0.0,1.6886,0
3085578.1,1,,13,13,0,50.0,1.0,4.4042,0,0.0,1.6677,0
3087578.1,1,,13,13,0,50.0,1.0,4.3042,0,0.0,1.6469,0
3087840.5,1,,13,13,0,50.0,1.0,4.2911,0,0.0,1.6442,0
3089578.1,1,,12,12,0,50.0,1.0,4.2042,0,0.0,1.6261,0
3091578.1,1,,12,12,0,50.0,1.0,4.1042,0,0.0,1.6052,0
3093578.1,1,,12,12,0,50.0,1.0,4.0042,0,0.0,1.5844,0
3095578.1,1,,12,12,0,50.0,1.0,3.9042,0,0.0,1.5636,0
3097578.1,1,,12,12,0,50.0,1.0,3.8042,0,0.0,1.5427,0
3099295.0,1,,12,12,0,50.0,1.0,3.7184,0,0.0,1.5249,0
3099578.1,1,,11,11,0,50.0,1.0,3.7042,0,0.0,1.5219,0
3101578.1,1,,11,11,0,50.0,1.0,3.6042,0,0.0,1.5011,0
3103578.1,1,,11,11,0,50.0,1.0,3.5042,0,0.0,1.4802,0
3105578.1,1,,11,11,0,50.0,1.0,3.4042,0,0.0,1.4594,0
3107578.1,1,,11,11,0,50.0,1.0,3.3042,0,0.0,1.4386,0
3107862.6,1,,11,11,0,50.0,1.0,3.29,0,0.0,1.4356,0
3109578.1,1,,10,10,0,50.0,1.0,3.2042,0,0.0,1.4152,0
3111578.1,1,,10,10,0,50.0,1.0,3.1042,0,0.0,1.3914,0
3113445.9,1,,10,10,0,50.0,1.0,3.0108,0,0.0,1.3691,0
3113578.1,1,,9,9,0,50.0,1.0,3.0042,0,0.0,1.3672,0
3115578.1,1,,9,9,0,50.0,1.0,2.9042,0,0.0,1.3372,0
3117578.1,1,,9,9,0,50.0,1.0,2.8042,0,0.0,1.3072,0
3119578.1,1,,9,9,0,50.0,1.0,2.7042,0,0.0,1.2772,0
3121578.1,1,,9,9,0,50.0,1.0,2.6042,0,0.0,1.2472,0
3123578.1,1,,9,9,0,50.0,1.0,2.5042,0,0.0,1.2172,0
3125578.1,1,,9,9,0,50.0,1.0,2.4042,0,0.0,1.1872,0
3127578.1,1,,9,9,0,50.0,1.0,2.3042,0,0.0,1.1572,0
3129578.1,1,,9,9,0,50.0,1.0,2.2042,0,0.0,1.1272,0
3131578.1,1,,9,9,0,50.0,1.0,2.1042,0,0.0,1.0972,0
3133578.1,1,,9,9,0,50.0,1.0,2.0042,0,0.0,1.0672,0
3134861.0,1,,9,9,0,50.0,1.0,1.9401,0,0.0,1.0479,0
3135578.1,1,,8,8,0,50.0,1.0,1.9042,0,0.0,1.0366,0
3137578.1,1,,8,8,0,50.0,1.0,1.8042,0,0.0,1.005,0
3139578.1,1,,8,8,0,50.0,1.0,1.7042,0,0.0,0.9734,0
3141578.1,1,,8,8,0,50.0,1.0,1.6042,0,0.0,0.9419,0
3143578.1,1,,8,8,0,50.0,1.0,1.5042,0,0.0,0.9103,0
3144707.3,1,,8,8,0,50.0,1.0,1.4478,0,0.0,0.8924,0
3145578.1,1,,7,7,0,50.0,1.0,1.4042,0,0.0,0.8779,0
3147578.1,1,,7,7,0,50.0,1.0,1.3042,0,0.0,0.8446,0
3149578.1,1,,7,7,0,50.0,1.0,1.2042,0,0.0,0.8113,0
3151578.1,1,,7,7,0,50.0,1.0,1.1042,0,0.0,0.7779,0
3153578.1,1,,7,7,0,50.0,1.0,1.0042,0,0.0,0.7446,0
3155181.5,1,,7,7,0,50.0,1.0,0.9241,0,0.0,0.7179,0
3155578.1,1,,6,6,0,50.0,1.0,0.9042,0,0.0,0.7113,0
3156234.1,1,,6,6,0,50.0,1.0,0.8714,0,0.0,0.7003,0
3157578.1,1,,5,5,0,50.0,1.0,0.8042,0,0.0,0.6779,0
3158469.9,1,,5,5,0,50.0,1.0,0.7596,0,0.0,0.6631,0
3159578.1,1,,4,4,0,50.0,1.0,0.7042,0,0.0,0.6446,0
3159815.0,1,,4,4,0,50.0,1.0,0.6924,0,0.0,0.6407,0
3161578.1,1,,3,3,0,50.0,1.0,0.6042,0,0.0,0.5966,0
3161884.3,1,,3,3,0,50.0,1.0,0.5889,0,0.0,0.5889,0
3162215.5,1,,2,2,0,50.0,1.0,0.5724,0,0.0,0.5724,0
3163578.1,1,,1,1,0,50.0,1.0,0.5042,0,0.0,0.5042,0
3165578.1,1,,1,1,0,50.0,1.0,0.4042,0,0.0,0.4042,0
3167578.1,1,,1,1,0,50.0,1.0,0.3042,0,0.0,0.3042,0
3169578.1,1,,1,1,0,50.0,1.0,0.2042,0,0.0,0.2042,0
3171578.1,1,,1,1,0,50.0,1.0,0.1042,0,0.0,0.1042,0
3173578.1,1,,1,1,0,50.0,1.0,0.0042,0,0.0,0.0042,0
3173662.7,1,,1,1,0,50.0,1.0,0.0,0,0.0,0.0,0
3175578.1,2,,124,56,8,50.0,1.0,73.3988,12.9032,0.0247,41.7673,0
3177578.1,2,,124,56,8,50.0,1.0,73.2988,12.9032,0.0505,41.5068,0
3179578.1,2,,124,56,8,50.0,1.0,73.1988,12.9032,0.0763,41.2463,0
3181578.1,2,,124,56,8,50.0,1.0,73.0988,12.9032,0.1021,40.9859,0
3183578.1,2,,124,56,8,50.0,1.0,72.9988,12.9032,0.1279,40.7254,0
3185578.1,2,,124,56,8,50.0,1.0,72.8988,12.9032,0.1537,40.4649,0
3187578.1,2,,124,56,8,50.0,1.0,72.7988,12.9032,0.1796,40.2044,0
3189578.1,2,,124,56,8,50.0,1.0,72.6988,12.9032,0.2054,39.9439,0
3191578.1,2,,124,56,8,50.0,1.0,72.5988,12.9032,0.2312,39.6834,0
3193578.1,2,,124,56,8,50.0,1.0,72.4988,12.9032,0.257,39.423,0
3195578.1,2,,124,56,8,50.0,1.0,72.3988,12.9032,0.2828,39.1625,0
3197578.1,2,,124,56,8,50.0,1.0,72.2988,12.9032,0.3086,38.902,0
3199578.1,2,,124,56,8,50.0,1.0,72.1988,12.9032,0.3344,38.6415,0
3201578.1,2,,124,56,8,50.0,1.0,72.0988,12.9032,0.3602,38.381,0
3203578.1,2,,124,56,8,50.0,1.0,71.9988,12.9032,0.386,38.1205,0
3205578.1,2,,124,56,8,50.0,1.0,71.8988,12.9032,0.4118,37.86,0
3207578.1,2,,124,56,8,50.0,1.0,71.7988,12.9032,0.4376,37.5996,0
3209578.1,2,,124,56,8,50.0,1.0,71.6988,12.9032,0.4634,37.3391,0
3211578.1,2,,124,56,8,50.0,1.0,71.5988,12.9032,0.4892,37.0786,0
3213578.1,2,,124,56,8,50.0,1.0,71.4988,12.9032,0.515,36.8181,0
3215578.1,2,,124,56,8,50.0,1.0,71.3988,12.9032,0.5408,36.5576,0
3217578.1,2,,124,56,8,50.0,1.0,71.2988,12.9032,0.5667,36.2971,0
3219578.1,2,,124,56,8,50.0,1.0,71.1988,12.9032,0.5925,36.0367,0
3221578.1,2,,124,56,8,50.0,1.0,71.0988,12.9032,0.6183,35.7762,0
3223324.4,2,,124,56,8,50.0,1.0,71.0114,12.9032,0.6408,35.5487,0
3223578.1,2,,123,56,8,50.0,1.0,70.9988,13.0108,0.6441,35.5184,0
3225578.1,2,,123,56,8,50.0,1.0,70.8988,13.0108,0.6701,35.2795,0
3227578.1,2,,123,56,8,50.0,1.0,70.7988,13.0108,0.6961,35.0405,0
3228121.3,2,,123,56,8,50.0,1.0,70.7716,13.0108,0.7032,34.9756,0
3229532.2,2,,122,56,8,50.0,1.0,70.7011,13.1183,0.7217,34.8072,0
3229578.1,2,,121,56,8,50.0,1.0,70.6988,13.2258,0.7223,34.8017,0
3229814.3,2,,121,56,8,50.0,1.0,70.6869,13.2258,0.7254,34.7735,0
3231243.4,2,,120,56,8,50.0,1.0,70.6155,13.3333,0.7445,34.6033,0
3231578.1,2,,119,56,8,50.0,1.0,70.5988,13.4483,0.749,34.5672,0
3233036.5,2,,119,56,8,50.0,1.0,70.5258,13.4483,0.7686,34.4102,0
3233578.1,2,,118,56,8,50.0,1.0,70.4988,13.5632,0.776,34.352,0
3233910.3,2,,118,56,8,50.0,1.0,70.4821,13.5632,0.7805,34.3163,0
3235578.1,2,,116,56,8,50.0,1.0,70.3988,13.8013,0.8035,34.1373,0
3237578.1,2,,116,56,8,50.0,1.0,70.2988,13.8013,0.8311,33.9226,0
3237724.2,2,,116,56,8,50.0,1.0,70.2915,13.8013,0.8331,33.907,0
3238051.8,2,,115,56,8,50.0,1.0,70.2751,13.9163,0.8377,33.8718,0
3239578.1,2,,114,56,8,50.0,1.0,70.1988,14.0394,0.8591,33.7083,0
3241578.1,2,,114,56,8,50.0,1.0,70.0988,14.0394,0.8872,33.4941,0
3243578.1,2,,114,56,8,50.0,1.0,69.9988,14.0394,0.9152,33.2799,0
3245578.1,2,,114,56,8,50.0,1.0,69.8988,14.0394,0.9433,33.0657,0
3247578.1,2,,114,56,8,50.0,1.0,69.7988,14.0394,0.9714,32.8515,0
3249578.1,2,,114,56,8,50.0,1.0,69.6988,14.0394,0.9995,32.6373,0
3251578.1,2,,114,56,8,50.0,1.0,69.5988,14.0394,1.0276,32.423,0
3253578.1,2,,114,56,8,50.0,1.0,69.4988,14.0394,1.0556,32.2088,0
3255578.1,2,,114,56,8,50.0,1.0,69.3988,14.0394,1.0837,31.9946,0
3257521.5,2,,114,56,8,50.0,1.0,69.3016,14.0394,1.111,31.7865,0
3257578.1,2,,113,56,8,50.0,1.0,69.2988,14.1626,1.1118,31.7804,0
3259578.1,2,,113,56,8,50.0,1.0,69.1988,14.1626,1.1401,31.5664,0
3260015.5,2,,113,56,8,50.0,1.0,69.1769,14.1626,1.1463,31.5196,0
3261578.1,2,,112,56,8,50.0,1.0,69.0988,14.2857,1.1687,31.3717,0
3263578.1,2,,112,56,8,50.0,1.0,68.9988,14.2857,1.1972,31.1824,0
3264302.6,2,,112,56,8,50.0,1.0,68.9625,14.2857,1.2076,31.1138,0
3265578.1,2,,111,56,8,50.0,1.0,68.8988,14.418,1.226,30.9933,0
3265768.1,2,,111,56,8,50.0,1.0,68.8893,14.418,1.2287,30.9753,0
3267578.1,2,,110,56,8,50.0,1.0,68.7988,14.5503,1.255,30.8044,0
3269578.1,2,,110,56,8,50.0,1.0,68.6988,14.5503,1.2841,30.6156,0
3270774.3,2,,110,56,8,50.0,1.0,68.6389,14.5503,1.3015,30.5027,0
3271183.9,2,,109,56,8,50.0,1.0,68.6185,14.6825,1.3076,30.464,0
3271578.1,2,,108,56,8,50.0,1.0,68.5988,14.825,1.3134,30.4269,0
3273578.1,2,,108,56,8,50.0,1.0,68.4988,14.825,1.3431,30.2385,0
3275207.1,2,,108,56,8,50.0,1.0,68.4173,14.825,1.3672,30.0851,0
3275562.1,2,,107,56,8,50.0,1.0,68.3996,14.9788,1.3725,30.0517,0
3275578.1,2,,106,56,8,50.0,1.0,68.3988,15.1111,1.3728,30.0504,0
3275844.3,2,,106,56,8,50.0,1.0,68.3855,15.1111,1.3768,30.0289,0
3276426.8,2,,105,56,8,50.0,1.0,68.3563,15.2536,1.3857,29.9819,0
3277036.7,2,,104,56,8,50.0,1.0,68.3258,15.396,1.3951,29.9328,0
3277578.1,2,,103,56,8,50.0,1.0,68.2988,15.5385,1.4035,29.8969,0
3279578.1,2,,103,56,8,50.0,1.0,68.1988,15.5385,1.4345,29.7645,0
3281578.1,2,,103,56,8,50.0,1.0,68.0988,15.5385,1.4656,29.6321,0
3283578.1,2,,103,56,8,50.0,1.0,67.9988,15.5385,1.4967,29.4996,0
3285578.1,2,,103,56,8,50.0,1.0,67.8988,15.5385,1.5278,29.3672,0
3285893.1,2,,103,56,8,50.0,1.0,67.883,15.5385,1.5327,29.3463,0
3287578.1,2,,102,56,8,50.0,1.0,67.7988,15.6923,1.5591,29.2349,0
3287922.9,2,,102,56,8,50.0,1.0,67.7815,15.6923,1.5645,29.2121,0
3289578.1,2,,101,56,8,50.0,1.0,67.6988,15.8462,1.5908,29.1283,0
3289761.6,2,,101,56,8,50.0,1.0,67.6896,15.8462,1.5937,29.1191,0
3290453.3,2,,100,56,8,50.0,1.0,67.655,16.0128,1.6047,29.0841,0
3290517.0,2,,99,56,8,50.0,1.0,67.6518,16.1795,1.6058,29.0809,0
3291578.1,2,,98,56,8,50.0,1.0,67.5988,16.3333,1.6231,29.0276,0
3293578.1,2,,98,56,8,50.0,1.0,67.4988,16.3333,1.6558,28.9271,0
3295578.1,2,,98,56,8,50.0,1.0,67.3988,16.3333,1.6884,28.8266,0
3297578.1,2,,98,56,8,50.0,1.0,67.2988,16.3333,1.7211,28.7261,0
3297798.8,2,,98,56,8,50.0,1.0,67.2877,16.3333,1.7247,28.715,0
3299578.1,2,,97,56,8,50.0,1.0,67.1988,16.5,1.7541,28.6259,0
3301578.1,2,,97,56,8,50.0,1.0,67.0988,16.5,1.7871,28.5256,0
3303578.1,2,,97,56,8,50.0,1.0,66.9988,16.5,1.8201,28.4254,0
3305578.1,2,,97,56,8,50.0,1.0,66.8988,16.5,1.8531,28.3251,0
3307578.1,2,,97,56,8,50.0,1.0,66.7988,16.5,1.8861,28.2412,0
3307720.2,2,,97,56,8,50.0,1.0,66.7917,16.5,1.8884,28.2365,0
3309578.1,2,,96,56,8,50.0,1.0,66.6988,16.6667,1.9194,28.1745,0
3311578.1,2,,96,56,8,50.0,1.0,66.5988,16.6667,1.9527,28.1079,0
3313578.1,2,,96,56,8,50.0,1.0,66.4988,16.6667,1.986,28.0412,0
3315578.1,2,,96,56,8,50.0,1.0,66.3988,16.6667,2.0194,27.9745,0
3317578.1,2,,96,56,8,50.0,1.0,66.2988,16.6667,2.0527,27.9079,0
3319578.1,2,,96,56,8,50.0,1.0,66.1988,16.6667,2.086,27.8412,0
3321578.1,2,,96,56,8,50.0,1.0,66.0988,16.6667,2.1194,27.7745,0
3323578.1,2,,96,56,8,50.0,1.0,65.9988,16.6667,2.1527,27.7079,0
3325578.1,2,,96,56,8,50.0,1.0,65.8988,16.6667,2.186,27.6412,0
3327578.1,2,,96,56,8,50.0,1.0,65.7988,16.6667,2.2194,27.5745,0
3329578.1,2,,96,56,8,50.0,1.0,65.6988,16.6667,2.2527,27.5079,0
3331578.1,2,,96,56,8,50.0,1.0,65.5988,16.6667,2.286,27.4412,0
3333578.1,2,,96,56,8,50.0,1.0,65.4988,16.6667,2.3194,27.3745,0
3335578.1,2,,96,56,8,50.0,1.0,65.3988,16.6667,2.3527,27.3079,0
3337578.1,2,,96,56,8,50.0,1.0,65.2988,16.6667,2.386,27.2412,0
3339578.1,2,,96,56,8,50.0,1.0,65.1988,16.6667,2.4194,27.1745,0
3341578.1,2,,96,56,8,50.0,1.0,65.0988,16.6667,2.4527,27.1079,0
3343578.1,2,,96,56,8,50.0,1.0,64.9988,16.6667,2.486,27.0412,0
3345578.1,2,,96,56,8,50.0,1.0,64.8988,16.6667,2.5194,26.9745,0
3347578.1,2,,96,56,8,50.0,1.0,64.7988,16.6667,2.5527,26.9079,0
3349578.1,2,,96,56,8,50.0,1.0,64.6988,16.6667,2.586,26.8412,0
3351578.1,2,,96,56,8,50.0,1.0,64.5988,16.6667,2.6194,26.7745,0
3353578.1,2,,96,56,8,50.0,1.0,64.4988,16.6667,2.6527,26.7079,0
3355578.1,2,,96,56,8,50.0,1.0,64.3988,16.6667,2.686,26.6412,0
3357578.1,2,,96,56,8,50.0,1.0,64.2988,16.6667,2.7194,26.5745,0
3359578.1,2,,96,56,8,50.0,1.0,64.1988,16.6667,2.7527,26.5079,0
3361578.1,2,,96,56,8,50.0,1.0,64.0988,16.6667,2.786,26.4412,0
3363578.1,2,,96,56,8,50.0,1.0,63.9988,16.6667,2.8194,26.3745,0
3365578.1,2,,96,56,8,50.0,1.0,63.8988,16.6667,2.8527,26.3079,0
3367578.1,2,,96,56,8,50.0,1.0,63.7988,16.6667,2.886,26.2412,0
3369578.1,2,,96,56,8,50.0,1.0,63.6988,16.6667,2.9194,26.1745,0
3371578.1,2,,96,56,8,50.0,1.0,63.5988,16.6667,2.9527,26.1079,0
3373578.1,2,,96,56,8,50.0,1.0,63.4988,16.6667,2.986,26.0412,0
3375578.1,2,,96,56,8,50.0,1.0,63.3988,16.6667,3.0194,25.9745,0
3377578.1,2,,96,56,8,50.0,1.0,63.2988,16.6667,3.0527,25.9079,0
3379578.1,2,,96,56,8,50.0,1.0,63.1988,16.6667,3.086,25.8412,0
3381578.1,2,,96,56,8,50.0,1.0,63.0988,16.6667,3.1194,25.7745,0
3383578.1,2,,96,56,8,50.0,1.0,62.9988,16.6667,3.1527,25.7079,0
3385578.1,2,,96,56,8,50.0,1.0,62.8988,16.6667,3.186,25.6412,0
3387578.1,2,,96,56,8,50.0,1.0,62.7988,16.6667,3.2194,25.5745,0
3389578.1,2,,96,56,8,50.0,1.0,62.6988,16.6667,3.2527,25.5079,0
3391578.1,2,,96,56,8,50.0,1.0,62.5988,16.6667,3.286,25.4412,0
3393578.1,2,,96,56,8,50.0,1.0,62.4988,16.6667,3.3194,25.3745,0
3395578.1,2,,96,56,8,50.0,1.0,62.3988,16.6667,3.3527,25.3079,0
3397578.1,2,,96,56,8,50.0,1.0,62.2988,16.6667,3.386,25.2412,0
3399578.1,2,,96,56,8,50.0,1.0,62.1988,16.6667,3.4194,25.1745,0
3401578.1,2,,96,56,8,50.0,1.0,62.0988,16.6667,3.4527,25.1079,0
3403578.1,2,,96,56,8,50.0,1.0,61.9988,16.6667,3.486,25.0412,0
3405578.1,2,,96,56,8,50.0,1.0,61.8988,16.6667,3.5194,24.9745,0
3407578.1,2,,96,56,8,50.0,1.0,61.7988,16.6667,3.5527,24.9079,0
3409578.1,2,,96,56,8,50.0,1.0,61.6988,16.6667,3.586,24.8412,0
3411578.1,2,,96,56,8,50.0,1.0,61.5988,16.6667,3.6194,24.7745,0
3413578.1,2,,96,56,8,50.0,1.0,61.4988,16.6667,3.6527,24.7079,0
3415578.1,2,,96,56,8,50.0,1.0,61.3988,16.6667,3.686,24.6412,0
3417578.1,2,,96,56,8,50.0,1.0,61.2988,16.6667,3.7194,24.5745,0
3419578.1,2,,96,56,8,50.0,1.0,61.1988,16.6667,3.7527,24.5079,0
3421578.1,2,,96,56,8,50.0,1.0,61.0988,16.6667,3.786,24.4412,0
3423578.1,2,,96,56,8,50.0,1.0,60.9988,16.6667,3.8194,24.3745,0
3425578.1,2,,96,56,8,50.0,1.0,60.8988,16.6667,3.8527,24.3079,0
3427578.1,2,,96,56,8,50.0,1.0,60.7988,16.6667,3.886,24.2412,0
3429578.1,2,,96,56,8,50.0,1.0,60.6988,16.6667,3.9194,24.1745,0
3431578.1,2,,96,56,8,50.0,1.0,60.5988,16.6667,3.9527,24.1079,0
3433578.1,2,,96,56,8,50.0,1.0,60.4988,16.6667,3.986,24.0412,0
3435578.1,2,,96,56,8,50.0,1.0,60.3988,16.6667,4.0194,23.9745,0
3437578.1,2,,96,56,8,50.0,1.0,60.2988,16.6667,4.0527,23.9079,0
3439578.1,2,,96,56,8,50.0,1.0,60.1988,16.6667,4.086,23.8412,0
3441578.1,2,,96,56,8,50.0,1.0,60.0988,16.6667,4.1194,23.7745,0
3443578.1,2,,96,56,8,50.0,1.0,59.9988,16.6667,4.1527,23.7079,0
3445578.1,2,,96,56,8,50.0,1.0,59.8988,16.6667,4.186,23.6412,0
3447578.1,2,,96,56,8,50.0,1.0,59.7988,16.6667,4.2194,23.5745,0
3449578.1,2,,96,56,8,50.0,1.0,59.6988,16.6667,4.2527,23.5079,0
3451578.1,2,,96,56,8,50.0,1.0,59.5988,16.6667,4.286,23.4412,0
3453578.1,2,,96,56,8,50.0,1.0,59.4988,16.6667,4.3194,23.3745,0
3455578.1,2,,96,56,8,50.0,1.0,59.3988,16.6667,4.3527,23.3079,0
3457578.1,2,,96,56,8,50.0,1.0,59.2988,16.6667,4.386,23.2412,0
3459578.1,2,,96,56,8,50.0,1.0,59.1988,16.6667,4.4194,23.1745,0
3461578.1,2,,96,56,8,50.0,1.0,59.0988,16.6667,4.4527,23.1079,0
3463578.1,2,,96,56,8,50.0,1.0,58.9988,16.6667,4.486,23.0412,0
3465578.1,2,,96,56,8,50.0,1.0,58.8988,16.6667,4.5194,22.9745,0
3467578.1,2,,96,56,8,50.0,1.0,58.7988,16.6667,4.5527,22.9079,0
3469578.1,2,,96,56,8,50.0,1.0,58.6988,16.6667,4.586,22.8412,0
3471578.1,2,,96,56,8,50.0,1.0,58.5988,16.6667,4.6194,22.7745,0
3473578.1,2,,96,56,8,50.0,1.0,58.4988,16.6667,4.6527,22.7079,0
3475578.1,2,,96,56,8,50.0,1.0,58.3988,16.6667,4.686,22.6412,0
3477578.1,2,,96,56,8,50.0,1.0,58.2988,16.6667,4.7194,22.5745,0
3479578.1,2,,96,56,8,50.0,1.0,58.1988,16.6667,4.7527,22.5079,0
3481578.1,2,,96,56,8,50.0,1.0,58.0988,16.6667,4.786,22.4412,0
3483578.1,2,,96,56,8,50.0,1.0,57.9988,16.6667,4.8194,22.3745,0
3485578.1,2,,96,56,8,50.0,1.0,57.8988,16.6667,4.8527,22.3079,0
3487578.1,2,,96,56,8,50.0,1.0,57.7988,16.6667,4.886,22.2412,0
3489578.1,2,,96,56,8,50.0,1.0,57.6988,16.6667,4.9194,22.1745,0
3491578.1,2,,96,56,8,50.0,1.0,57.5988,16.6667,4.9527,22.1079,0
3492313.3,2,,96,56,8,50.0,1.0,57.562,16.6667,4.965,22.0834,0
3493578.1,2,,95,56,8,50.0,1.0,57.4988,16.8478,4.9863,22.0414,0
3495578.1,2,,95,56,8,50.0,1.0,57.3988,16.8478,5.02,21.975,0
3497578.1,2,,95,56,8,50.0,1.0,57.2988,16.8478,5.0537,21.9086,0
3499578.1,2,,95,56,8,50.0,1.0,57.1988,16.8478,5.0874,21.8422,0
3501578.1,2,,95,56,8,50.0,1.0,57.0988,16.8478,5.1211,21.7758,0
3503578.1,2,,95,56,8,50.0,1.0,56.9988,16.8478,5.1547,21.7094,0
3505578.1,2,,95,56,8,50.0,1.0,56.8988,16.8478,5.1884,21.643,0
3507578.1,2,,95,56,8,50.0,1.0,56.7988,16.8478,5.2221,21.5766,0
3509578.1,2,,95,56,8,50.0,1.0,56.6988,16.8478,5.2558,21.5102,0
3511578.1,2,,95,56,8,50.0,1.0,56.5988,16.8478,5.2895,21.4438,0
3513578.1,2,,95,56,8,50.0,1.0,56.4988,16.8478,5.3232,21.3774,0
3515578.1,2,,95,56,8,50.0,1.0,56.3988,16.8478,5.3569,21.311,0
3517578.1,2,,95,56,8,50.0,1.0,56.2988,16.8478,5.3906,21.2446,0
3518655.1,2,,95,56,8,50.0,1.0,56.2449,16.8478,5.4088,21.2094,0
3519578.1,2,,94,56,8,50.0,1.0,56.1988,17.029,5.4245,21.1796,0
3521578.1,2,,94,56,8,50.0,1.0,56.0988,17.029,5.4585,21.1149,0
3523578.1,2,,94,56,8,50.0,1.0,55.9988,17.029,5.4926,21.0502,0
3525578.1,2,,94,56,8,50.0,1.0,55.8988,17.029,5.5267,20.9856,0
3527578.1,2,,94,56,8,50.0,1.0,55.7988,17.029,5.5607,20.9209,0
3529578.1,2,,94,56,8,50.0,1.0,55.6988,17.029,5.5948,20.8562,0
3530934.0,2,,94,56,8,50.0,1.0,55.631,17.029,5.6179,20.8124,0
3531578.1,2,,93,56,8,50.0,1.0,55.5988,17.2101,5.6289,20.7917,0
3533578.1,2,,93,56,8,50.0,1.0,55.4988,17.2101,5.6634,20.7273,0
3535578.1,2,,93,56,8,50.0,1.0,55.3988,17.2101,5.6978,20.6629,0
3537578.1,2,,93,56,8,50.0,1.0,55.2988,17.2101,5.7322,20.5985,0
3539578.1,2,,93,56,8,50.0,1.0,55.1988,17.2101,5.7666,20.5341,0
3541578.1,2,,93,56,8,50.0,1.0,55.0988,17.2101,5.801,20.4697,0
3543578.1,2,,93,56,8,50.0,1.0,54.9988,17.2101,5.8355,20.4053,0
3545578.1,2,,93,56,8,50.0,1.0,54.8988,17.2101,5.8699,20.3409,0
3547578.1,2,,93,56,8,50.0,1.0,54.7988,17.2101,5.9043,20.2765,0
3549578.1,2,,93,56,8,50.0,1.0,54.6988,17.2101,5.9387,20.2121,0
3551578.1,2,,93,56,8,50.0,1.0,54.5988,17.2101,5.9731,20.1477,0
3551659.8,2,,93,56,8,50.0,1.0,54.5947,17.2101,5.9746,20.1451,0
3553034.2,2,,92,56,7,50.0,1.0,54.526,15.135,5.2499,20.101,0
3553578.1,2,,91,56,7,50.0,1.0,54.4988,15.3162,5.2582,20.0837,0
3555578.1,2,,91,56,7,50.0,1.0,54.3988,15.3162,5.2888,20.0198,0
3557578.1,2,,91,56,7,50.0,1.0,54.2988,15.3162,5.3195,19.956,0
3559578.1,2,,91,56,7,50.0,1.0,54.1988,15.3162,5.3501,19.8921,0
3561578.1,2,,91,56,7,50.0,1.0,54.0988,15.3162,5.3807,19.8283,0
3563578.1,2,,91,56,7,50.0,1.0,53.9988,15.3162,5.4114,19.7644,0
3565578.1,2,,91,56,7,50.0,1.0,53.8988,15.3162,5.442,19.7006,0
3567578.1,2,,91,56,7,50.0,1.0,53.7988,15.3162,5.4726,19.6367,0
3569578.1,2,,91,56,7,50.0,1.0,53.6988,15.3162,5.5033,19.5729,0
3571578.1,2,,91,56,7,50.0,1.0,53.5988,15.3162,5.5339,19.509,0
3573578.1,2,,91,56,7,50.0,1.0,53.4988,15.3162,5.5645,19.4452,0
3575578.1,2,,91,56,7,50.0,1.0,53.3988,15.3162,5.5952,19.3813,0
3577578.1,2,,91,56,7,50.0,1.0,53.2988,15.3162,5.6258,19.3175,0
3579578.1,2,,91,56,7,50.0,1.0,53.1988,15.3162,5.6564,19.2536,0
3581578.1,2,,91,56,7,50.0,1.0,53.0988,15.3162,5.6871,19.1898,0
3583578.1,2,,91,56,7,50.0,1.0,52.9988,15.3162,5.7177,19.1259,0
3585578.1,2,,91,56,7,50.0,1.0,52.8988,15.3162,5.7483,19.0621,0
3587578.1,2,,91,56,7,50.0,1.0,52.7988,15.3162,5.779,18.9982,0
3589578.1,2,,91,56,7,50.0,1.0,52.6988,15.3162,5.8096,18.9344,0
3591578.1,2,,91,56,7,50.0,1.0,52.5988,15.3162,5.8402,18.8705,0
3593578.1,2,,91,56,7,50.0,1.0,52.4988,15.3162,5.8709,18.8067,0
3595578.1,2,,91,56,7,50.0,1.0,52.3988,15.3162,5.9015,18.7428,0
3597578.1,2,,91,56,7,50.0,1.0,52.2988,15.3162,5.9321,18.679,0
3599578.1,2,,91,56,7,50.0,1.0,52.1988,15.3162,5.9628,18.6151,0
3601578.1,2,,91,56,7,50.0,1.0,52.0988,15.3162,5.9934,18.5513,0
3603578.1,2,,91,56,7,50.0,1.0,51.9988,15.3162,6.024,18.4874,0
3605578.1,2,,91,56,7,50.0,1.0,51.8988,15.3162,6.0547,18.4236,0
3607578.1,2,,91,56,7,50.0,1.0,51.7988,15.3162,6.0853,18.3597,0
3609578.1,2,,91,56,7,50.0,1.0,51.6988,15.3162,6.1159,18.2959,0
3611578.1,2,,91,56,7,50.0,1.0,51.5988,15.3162,6.1466,18.232,0
3613578.1,2,,91,56,7,50.0,1.0,51.4988,15.3162,6.1772,18.1682,0
3615578.1,2,,91,56,7,50.0,1.0,51.3988,15.3162,6.2078,18.1043,0
3617578.1,2,,91,56,7,50.0,1.0,51.2988,15.3162,6.2384,18.0405,0
3619578.1,2,,91,56,7,50.0,1.0,51.1988,15.3162,6.2691,17.9766,0
3621578.1,2,,91,56,7,50.0,1.0,51.0988,15.3162,6.2997,17.9128,0
3623578.1,2,,91,56,7,50.0,1.0,50.9988,15.3162,6.3303,17.8489,0
3625578.1,2,,91,56,7,50.0,1.0,50.8988,15.3162,6.361,17.7851,0
3627578.1,2,,91,56,7,50.0,1.0,50.7988,15.3162,6.3916,17.7213,0
3629578.1,2,,91,56,7,50.0,1.0,50.6988,15.3162,6.4222,17.6574,0
3629857.0,2,,91,56,7,50.0,1.0,50.6848,15.3162,6.4265,17.6485,0
3631578.1,2,,90,56,7,50.0,1.0,50.5988,15.5138,6.4532,17.5952,0
3633578.1,2,,90,56,7,50.0,1.0,50.4988,15.5138,6.4842,17.5333,0
3635578.1,2,,90,56,7,50.0,1.0,50.3988,15.5138,6.5153,17.4714,0
3637578.1,2,,90,56,7,50.0,1.0,50.2988,15.5138,6.5463,17.4095,0
3639578.1,2,,90,56,7,50.0,1.0,50.1988,15.5138,6.5773,17.3475,0
3639969.6,2,,90,56,7,50.0,1.0,50.1792,15.5138,6.5834,17.3354,0
3641578.1,2,,89,56,7,50.0,1.0,50.0988,15.6221,6.6085,17.2859,0
3643578.1,2,,89,56,7,50.0,1.0,49.9988,15.6221,6.6398,17.2243,0
3645578.1,2,,89,56,7,50.0,1.0,49.8988,15.6221,6.671,17.1626,0
3647578.1,2,,89,56,7,50.0,1.0,49.7988,15.6221,6.7023,17.101,0
3649578.1,2,,89,56,7,50.0,1.0,49.6988,15.6221,6.7335,17.0394,0
3651483.9,2,,89,56,7,50.0,1.0,49.6035,15.6221,6.7633,16.9807,0
3651578.1,2,,88,56,7,50.0,1.0,49.5988,15.8385,6.7648,16.9779,0
3653578.1,2,,88,56,7,50.0,1.0,49.4988,15.8385,6.7964,16.9184,0
3655578.1,2,,88,56,7,50.0,1.0,49.3988,15.8385,6.8281,16.859,0
3657578.1,2,,88,56,7,50.0,1.0,49.2988,15.8385,6.8598,16.7995,0
3659578.1,2,,88,56,7,50.0,1.0,49.1988,15.8385,6.8915,16.74,0
3661578.1,2,,88,56,7,50.0,1.0,49.0988,15.8385,6.9232,16.6806,0
3662333.7,2,,88,56,7,50.0,1.0,49.061,15.8385,6.9351,16.6581,0
3663578.1,2,,87,56,7,50.0,1.0,48.9988,15.9576,6.955,16.6213,0
3665578.1,2,,87,56,7,50.0,1.0,48.8988,15.9576,6.9869,16.5622,0
3667578.1,2,,87,56,7,50.0,1.0,48.7988,15.9576,7.0188,16.503,0
3667968.0,2,,87,56,7,50.0,1.0,48.7793,15.9576,7.025,16.4915,0
3669578.1,2,,86,56,7,50.0,1.0,48.6988,16.1552,7.051,16.4441,0
3671578.1,2,,86,56,7,50.0,1.0,48.5988,16.1552,7.0834,16.3853,0
3673578.1,2,,86,56,7,50.0,1.0,48.4988,16.1552,7.1157,16.3264,0
3675578.1,2,,86,56,7,50.0,1.0,48.3988,16.1552,7.148,16.2675,0
3677079.3,2,,86,56,7,50.0,1.0,48.3237,16.1552,7.1722,16.2234,0
3677578.1,2,,85,56,7,50.0,1.0,48.2988,16.2868,7.1804,16.2088,0
3679578.1,2,,85,56,7,50.0,1.0,48.1988,16.2868,7.2129,16.1503,0
3680583.7,2,,85,56,7,50.0,1.0,48.1485,16.2868,7.2293,16.1209,0
3680692.9,2,,84,56,7,50.0,1.0,48.143,16.5032,7.2311,16.1177,0
3681578.1,2,,83,56,7,50.0,1.0,48.0988,16.7008,7.2459,16.092,0
3683578.1,2,,83,56,7,50.0,1.0,47.9988,16.7008,7.2793,16.0341,0
3685578.1,2,,83,56,7,50.0,1.0,47.8988,16.7008,7.3127,15.9761,0
3687578.1,2,,83,56,7,50.0,1.0,47.7988,16.7008,7.3461,15.9181,0
3689578.1,2,,83,56,7,50.0,1.0,47.6988,16.7008,7.3795,15.8602,0
3691578.1,2,,83,56,7,50.0,1.0,47.5988,16.7008,7.4129,15.8022,0
3693308.6,2,,83,56,7,50.0,1.0,47.5122,16.7008,7.4418,15.752,0
3693578.1,2,,82,56,7,50.0,1.0,47.4988,16.9173,7.4464,15.7443,0
3695578.1,2,,82,56,7,50.0,1.0,47.3988,16.9173,7.4802,15.6866,0
3697578.1,2,,82,56,7,50.0,1.0,47.2988,16.9173,7.514,15.6289,0
3699578.1,2,,82,56,7,50.0,1.0,47.1988,16.9173,7.5479,15.5712,0
3701578.1,2,,82,56,7,50.0,1.0,47.0988,16.9173,7.5817,15.5135,0
3703578.1,2,,82,56,7,50.0,1.0,46.9988,16.9173,7.6155,15.4558,0
3705578.1,2,,82,56,7,50.0,1.0,46.8988,16.9173,7.6494,15.3981,0
3707578.1,2,,82,56,7,50.0,1.0,46.7988,16.9173,7.6832,15.3404,0
3709578.1,2,,82,56,7,50.0,1.0,46.6988,16.9173,7.717,15.2827,0
3711578.1,2,,82,56,7,50.0,1.0,46.5988,16.9173,7.7509,15.225,0
3713578.1,2,,82,56,7,50.0,1.0,46.4988,16.9173,7.7847,15.1673,0
3715578.1,2,,82,56,7,50.0,1.0,46.3988,16.9173,7.8185,15.1096,0
3717393.1,2,,82,56,7,50.0,1.0,46.308,16.9173,7.8492,15.0573,0
3717578.1,2,,81,56,7,50.0,1.0,46.2988,17.1554,7.8524,15.052,0
3718430.7,2,,81,56,7,50.0,1.0,46.2561,17.1554,7.867,15.0275,0
3719578.1,2,,80,56,7,50.0,1.0,46.1988,17.3935,7.887,14.9947,0
3721578.1,2,,80,56,7,50.0,1.0,46.0988,17.3935,7.9218,14.9376,0
3723578.1,2,,80,56,7,50.0,1.0,45.9988,17.3935,7.9566,14.8805,0
3725578.1,2,,80,56,7,50.0,1.0,45.8988,17.3935,7.9914,14.8234,0
3727578.1,2,,80,56,7,50.0,1.0,45.7988,17.3935,8.0261,14.7663,0
3729578.1,2,,80,56,7,50.0,1.0,45.6988,17.3935,8.0609,14.7092,0
3731578.1,2,,80,56,7,50.0,1.0,45.5988,17.3935,8.0957,14.6521,0
3733578.1,2,,80,56,7,50.0,1.0,45.4988,17.3935,8.1305,14.595,0
3735578.1,2,,80,56,7,50.0,1.0,45.3988,17.3935,8.1653,14.5378,0
3737578.1,2,,80,56,7,50.0,1.0,45.2988,17.3935,8.2001,14.4807,0
3739578.1,2,,80,56,7,50.0,1.0,45.1988,17.3935,8.2349,14.4236,0
3740330.7,2,,80,56,7,50.0,1.0,45.1611,17.3935,8.248,14.4021,0
3741578.1,2,,79,56,7,50.0,1.0,45.0988,17.6566,8.27,14.3667,0
3743578.1,2,,79,56,7,50.0,1.0,44.9988,17.6566,8.3053,14.3099,0
3745578.1,2,,79,56,7,50.0,1.0,44.8988,17.6566,8.3406,14.2531,0
3746283.5,2,,79,56,7,50.0,1.0,44.8635,17.6566,8.3531,14.2331,0
3747578.1,2,,78,56,7,50.0,1.0,44.7988,17.9198,8.3763,14.1965,0
3749542.1,2,,78,56,7,50.0,1.0,44.7006,17.9198,8.4115,14.141,0
3749578.1,2,,77,56,7,50.0,1.0,44.6988,18.1579,8.4121,14.14,0
3751578.1,2,,77,56,7,50.0,1.0,44.5988,18.1579,8.4484,14.086,0
3753578.1,2,,77,56,7,50.0,1.0,44.4988,18.1579,8.4847,14.0319,0
3755578.1,2,,77,56,7,50.0,1.0,44.3988,18.1579,8.5211,13.9779,0
3757578.1,2,,77,56,7,50.0,1.0,44.2988,18.1579,8.5574,13.9238,0
3759578.1,2,,77,56,7,50.0,1.0,44.1988,18.1579,8.5937,13.8698,0
3761129.2,2,,77,56,7,50.0,1.0,44.1212,18.1579,8.6219,13.8278,0
3761578.1,2,,76,56,7,50.0,1.0,44.0988,18.3041,8.6301,13.8158,0
3763578.1,2,,76,56,7,50.0,1.0,43.9988,18.3041,8.6667,13.7621,0
3765578.1,2,,76,56,7,50.0,1.0,43.8988,18.3041,8.7033,13.7084,0
3767578.1,2,,76,56,7,50.0,1.0,43.7988,18.3041,8.7399,13.6546,0
3769202.9,2,,76,56,7,50.0,1.0,43.7175,18.3041,8.7696,13.611,0
3769578.1,2,,75,56,7,50.0,1.0,43.6988,18.5673,8.7766,13.6014,0
3771578.1,2,,75,56,7,50.0,1.0,43.5988,18.5673,8.8137,13.5505,0
3773578.1,2,,75,56,7,50.0,1.0,43.4988,18.5673,8.8509,13.4995,0
3775578.1,2,,75,56,7,50.0,1.0,43.3988,18.5673,8.888,13.4485,0
3777578.1,2,,75,56,7,50.0,1.0,43.2988,18.5673,8.9251,13.3975,0
3779578.1,2,,75,56,7,50.0,1.0,43.1988,18.5673,8.9623,13.3466,0
3781578.1,2,,75,56,7,50.0,1.0,43.0988,18.5673,8.9994,13.2956,0
3783578.1,2,,75,56,7,50.0,1.0,42.9988,18.5673,9.0365,13.2446,0
3785578.1,2,,75,56,7,50.0,1.0,42.8988,18.5673,9.0737,13.1936,0
3787578.1,2,,75,56,7,50.0,1.0,42.7988,18.5673,9.1108,13.1427,0
3789578.1,2,,75,56,7,50.0,1.0,42.6988,18.5673,9.1479,13.0917,0
3791578.1,2,,75,56,7,50.0,1.0,42.5988,18.5673,9.1851,13.0407,0
3793578.1,2,,75,56,7,50.0,1.0,42.4988,18.5673,9.2222,12.9898,0
3795578.1,2,,75,56,7,50.0,1.0,42.3988,18.5673,9.2594,12.9388,0
3797578.1,2,,75,56,7,50.0,1.0,42.2988,18.5673,9.2965,12.8878,0
3799578.1,2,,75,56,7,50.0,1.0,42.1988,18.5673,9.3336,12.8368,0
3801578.1,2,,75,56,7,50.0,1.0,42.0988,18.5673,9.3708,12.7859,0
3803578.1,2,,75,56,7,50.0,1.0,41.9988,18.5673,9.4079,12.7349,0
3805578.1,2,,75,56,7,50.0,1.0,41.8988,18.5673,9.445,12.6839,0
3807578.1,2,,75,56,7,50.0,1.0,41.7988,18.5673,9.4822,12.6329,0
3809578.1,2,,75,56,7,50.0,1.0,41.6988,18.5673,9.5193,12.582,0
3811578.1,2,,75,56,7,50.0,1.0,41.5988,18.5673,9.5564,12.531,0
3813578.1,2,,75,56,7,50.0,1.0,41.4988,18.5673,9.5936,12.48,0
3815578.1,2,,75,56,7,50.0,1.0,41.3988,18.5673,9.6307,12.429,0
3817578.1,2,,75,56,7,50.0,1.0,41.2988,18.5673,9.6678,12.3781,0
3819578.1,2,,75,56,7,50.0,1.0,41.1988,18.5673,9.705,12.3271,0
3821578.1,2,,75,56,7,50.0,1.0,41.0988,18.5673,9.7421,12.2761,0
3823578.1,2,,75,56,7,50.0,1.0,40.9988,18.5673,9.7792,12.2252,0
3825578.1,2,,75,56,7,50.0,1.0,40.8988,18.5673,9.8164,12.1742,0
3827578.1,2,,75,56,7,50.0,1.0,40.7988,18.5673,9.8535,12.1232,0
3829578.1,2,,75,56,7,50.0,1.0,40.6988,18.5673,9.8906,12.0722,0
3831578.1,2,,75,56,7,50.0,1.0,40.5988,18.5673,9.9278,12.0213,0
3833578.1,2,,75,56,7,50.0,1.0,40.4988,18.5673,9.9649,11.9703,0
3835578.1,2,,75,56,7,50.0,1.0,40.3988,18.5673,10.002,11.9193,0
3837578.1,2,,75,56,7,50.0,1.0,40.2988,18.5673,10.0392,11.8683,0
3839578.1,2,,75,56,7,50.0,1.0,40.1988,18.5673,10.0763,11.8174,0
3841578.1,2,,75,56,7,50.0,1.0,40.0988,18.5673,10.1134,11.7664,0
3842357.5,2,,75,56,7,50.0,1.0,40.0598,18.5673,10.1279,11.7465,0
3843578.1,2,,74,56,6,50.0,1.0,39.9988,16.0819,8.7058,11.7173,0
3845578.1,2,,74,56,6,50.0,1.0,39.8988,16.0819,8.7379,11.6694,0
3847578.1,2,,74,56,6,50.0,1.0,39.7988,16.0819,8.7701,11.6215,0
3849578.1,2,,74,56,6,50.0,1.0,39.6988,16.0819,8.8022,11.5736,0
3851077.4,2,,74,56,6,50.0,1.0,39.6238,16.0819,8.8264,11.5377,0
3851578.1,2,,73,56,5,50.0,1.0,39.5988,13.3041,7.3257,11.5258,0
3853578.1,2,,73,56,5,50.0,1.0,39.4988,13.3041,7.3523,11.4783,0
3855578.1,2,,73,56,5,50.0,1.0,39.3988,13.3041,7.3789,11.4308,0
3857578.1,2,,73,56,5,50.0,1.0,39.2988,13.3041,7.4055,11.3833,0
3859578.1,2,,73,56,5,50.0,1.0,39.1988,13.3041,7.4321,11.3357,0
3861463.0,2,,73,56,5,50.0,1.0,39.1045,13.3041,7.4572,11.291,0
3861578.1,2,,72,56,4,50.0,1.0,39.0988,10.8187,5.9675,11.2882,0
3863578.1,2,,72,56,4,50.0,1.0,38.9988,10.8187,5.9891,11.2411,0
3865578.1,2,,72,56,4,50.0,1.0,38.8988,10.8187,6.0108,11.1939,0
3867578.1,2,,72,56,4,50.0,1.0,38.7988,10.8187,6.0324,11.1467,0
3869578.1,2,,72,56,4,50.0,1.0,38.6988,10.8187,6.0541,11.0995,0
3871578.1,2,,72,56,4,50.0,1.0,38.5988,10.8187,6.0757,11.0523,0
3873578.1,2,,72,56,4,50.0,1.0,38.4988,10.8187,6.0973,11.0051,0
3875578.1,2,,72,56,4,50.0,1.0,38.3988,10.8187,6.119,10.958,0
3877578.1,2,,72,56,4,50.0,1.0,38.2988,10.8187,6.1406,10.9108,0
3879578.1,2,,72,56,4,50.0,1.0,38.1988,10.8187,6.1622,10.8636,0
3881578.1,2,,72,56,4,50.0,1.0,38.0988,10.8187,6.1839,10.8164,0
3883578.1,2,,72,56,4,50.0,1.0,37.9988,10.8187,6.2055,10.7692,0
3885119.7,2,,72,56,4,50.0,1.0,37.9217,10.8187,6.2222,10.7329,0
3885578.1,2,,71,56,3,50.0,1.0,37.8988,8.0409,4.6653,10.7228,0
3887578.1,2,,71,56,3,50.0,1.0,37.7988,8.0409,4.6814,10.6791,0
3888196.3,2,,71,56,3,50.0,1.0,37.7679,8.0409,4.6864,10.6656,0
3889578.1,2,,70,56,2,50.0,1.0,37.6988,5.5556,3.1335,10.6357,0
3891578.1,2,,70,56,2,50.0,1.0,37.5988,5.5556,3.1446,10.5923,0
3893578.1,2,,70,56,2,50.0,1.0,37.4988,5.5556,3.1557,10.549,0
3895578.1,2,,70,56,2,50.0,1.0,37.3988,5.5556,3.1668,10.5056,0
3897578.1,2,,70,56,2,50.0,1.0,37.2988,5.5556,3.1779,10.4622,0
3899578.1,2,,70,56,2,50.0,1.0,37.1988,5.5556,3.189,10.4189,0
3901578.1,2,,70,56,2,50.0,1.0,37.0988,5.5556,3.2001,10.3755,0
3903578.1,2,,70,56,2,50.0,1.0,36.9988,5.5556,3.2112,10.3322,0
3905578.1,2,,70,56,2,50.0,1.0,36.8988,5.5556,3.2223,10.2888,0
3906783.0,2,,70,56,2,50.0,1.0,36.8385,5.5556,3.229,10.2627,0
3907578.1,2,,69,56,2,50.0,1.0,36.7988,5.5556,3.2335,10.2456,0
3909578.1,2,,69,56,2,50.0,1.0,36.6988,5.5556,3.2446,10.2026,0
3911578.1,2,,69,56,2,50.0,1.0,36.5988,5.5556,3.2557,10.1597,0
3913578.1,2,,69,56,2,50.0,1.0,36.4988,5.5556,3.2668,10.1167,0
3915578.1,2,,69,56,2,50.0,1.0,36.3988,5.5556,3.2779,10.0738,0
3917578.1,2,,69,56,2,50.0,1.0,36.2988,5.5556,3.289,10.0308,0
3919578.1,2,,69,56,2,50.0,1.0,36.1988,5.5556,3.3001,9.9879,0
3921578.1,2,,69,56,2,50.0,1.0,36.0988,5.5556,3.3112,9.9449,0
3923578.1,2,,69,56,2,50.0,1.0,35.9988,5.5556,3.3223,9.902,0
3923822.4,2,,69,56,2,50.0,1.0,35.9865,5.5556,3.3237,9.8967,0
3925578.1,2,,68,56,2,50.0,1.0,35.8988,5.5556,3.3335,9.8594,0
3927578.1,2,,68,56,2,50.0,1.0,35.7988,5.5556,3.3446,9.8169,0
3929578.1,2,,68,56,2,50.0,1.0,35.6988,5.5556,3.3557,9.7744,0
3931578.1,2,,68,56,2,50.0,1.0,35.5988,5.5556,3.3668,9.7319,0
3933578.1,2,,68,56,2,50.0,1.0,35.4988,5.5556,3.3779,9.6894,0
3933652.8,2,,68,56,2,50.0,1.0,35.495,5.5556,3.3783,9.6878,0
3935578.1,2,,67,56,2,50.0,1.0,35.3988,5.5556,3.389,9.6473,0
3937578.1,2,,67,56,2,50.0,1.0,35.2988,5.5556,3.4001,9.6053,0
3939578.1,2,,67,56,2,50.0,1.0,35.1988,5.5556,3.4112,9.5633,0
3941578.1,2,,67,56,2,50.0,1.0,35.0988,5.5556,3.4223,9.5213,0
3943578.1,2,,67,56,2,50.0,1.0,34.9988,5.5556,3.4335,9.4792,0
3945578.1,2,,67,56,2,50.0,1.0,34.8988,5.5556,3.4446,9.4372,0
3947578.1,2,,67,56,2,50.0,1.0,34.7988,5.5556,3.4557,9.3952,0
3949578.1,2,,67,56,2,50.0,1.0,34.6988,5.5556,3.4668,9.3532,0
3951578.1,2,,67,56,2,50.0,1.0,34.5988,5.5556,3.4779,9.3112,0
3951602.3,2,,67,56,2,50.0,1.0,34.5975,5.5556,3.478,9.3107,0
3953578.1,2,,66,56,1,50.0,1.0,34.4988,2.7778,1.7468,9.2695,0
3955578.1,2,,66,56,1,50.0,1.0,34.3988,2.7778,1.7524,9.2278,0
3957309.4,2,,66,56,1,50.0,1.0,34.3122,2.7778,1.7572,9.1917,0
3957578.1,2,,64,56,0,50.0,1.0,34.2988,0,0.0,9.1862,0
3959578.1,2,,64,56,0,50.0,1.0,34.1988,0,0.0,9.1451,0
3961350.8,2,,64,56,0,50.0,1.0,34.1101,0,0.0,9.1088,0
3961578.1,2,,63,56,0,50.0,1.0,34.0988,0,0.0,9.1042,0
3963578.1,2,,63,56,0,50.0,1.0,33.9988,0,0.0,9.0635,0
3965578.1,2,,63,56,0,50.0,1.0,33.8988,0,0.0,9.0228,0
3967578.1,2,,63,56,0,50.0,1.0,33.7988,0,0.0,8.9821,0
3969578.1,2,,63,56,0,50.0,1.0,33.6988,0,0.0,8.9414,0
3971578.1,2,,63,56,0,50.0,1.0,33.5988,0,0.0,8.9007,0
3973578.1,2,,63,56,0,50.0,1.0,33.4988,0,0.0,8.86,0
3974248.7,2,,63,56,0,50.0,1.0,33.4652,0,0.0,8.8464,0
3975578.1,2,,62,56,0,50.0,1.0,33.3988,0,0.0,8.822,0
3977578.1,2,,62,56,0,50.0,1.0,33.2988,0,0.0,8.7854,0
3978390.2,2,,62,56,0,50.0,1.0,33.2582,0,0.0,8.7705,0
3979491.6,2,,61,56,0,50.0,1.0,33.2031,0,0.0,8.7505,0
3979578.1,2,,60,56,0,50.0,1.0,33.1988,0,0.0,8.7492,0
3981578.1,2,,60,56,0,50.0,1.0,33.0988,0,0.0,8.7175,0
3983578.1,2,,60,56,0,50.0,1.0,32.9988,0,0.0,8.6859,0
3985578.1,2,,60,56,0,50.0,1.0,32.8988,0,0.0,8.6543,0
3985635.6,2,,60,56,0,50.0,1.0,32.8959,0,0.0,8.6534,0
3987578.1,2,,59,56,0,50.0,1.0,32.7988,0,0.0,8.6279,0
3989578.1,2,,59,56,0,50.0,1.0,32.6988,0,0.0,8.6017,0
3991578.1,2,,59,56,0,50.0,1.0,32.5988,0,0.0,8.5754,0
3992279.5,2,,59,56,0,50.0,1.0,32.5637,0,0.0,8.5662,0
3993578.1,2,,58,55,0,50.0,1.0,32.4988,0,0.0,8.5491,0
3995578.1,2,,58,55,0,50.0,1.0,32.3988,0,0.0,8.5228,0
3997578.1,2,,58,55,0,50.0,1.0,32.2988,0,0.0,8.4965,0
3999578.1,2,,58,55,0,50.0,1.0,32.1988,0,0.0,8.4702,0
4001578.1,2,,58,55,0,50.0,1.0,32.0988,0,0.0,8.444,0
4003184.6,2,,58,55,0,50.0,1.0,32.0184,0,0.0,8.4228,0
4003578.1,2,,57,55,0,50.0,1.0,31.9988,0,0.0,8.4177,0
4005578.1,2,,57,55,0,50.0,1.0,31.8988,0,0.0,8.3918,0
4007578.1,2,,57,55,0,50.0,1.0,31.7988,0,0.0,8.366,0
4009578.1,2,,57,55,0,50.0,1.0,31.6988,0,0.0,8.3401,0
4010913.3,2,,57,55,0,50.0,1.0,31.632,0,0.0,8.3228,0
4011578.1,2,,56,54,0,50.0,1.0,31.5988,0,0.0,8.3142,0
4013578.1,2,,56,54,0,50.0,1.0,31.4988,0,0.0,8.2882,0
4014869.4,2,,56,54,0,50.0,1.0,31.4342,0,0.0,8.2715,0
4015578.1,2,,55,54,0,50.0,1.0,31.3988,0,0.0,8.2625,0
4017578.1,2,,55,54,0,50.0,1.0,31.2988,0,0.0,8.237,0
4019578.1,2,,55,54,0,50.0,1.0,31.1988,0,0.0,8.2116,0
4020903.1,2,,55,54,0,50.0,1.0,31.1325,0,0.0,8.1947,0
4021578.1,2,,54,54,0,50.0,1.0,31.0988,0,0.0,8.1863,0
4023578.1,2,,54,54,0,50.0,1.0,30.9988,0,0.0,8.1613,0
4025578.1,2,,54,54,0,50.0,1.0,30.8988,0,0.0,8.1363,0
4027578.1,2,,54,54,0,50.0,1.0,30.7988,0,0.0,8.1113,0
4029578.1,2,,54,54,0,50.0,1.0,30.6988,0,0.0,8.0863,0
4031578.1,2,,54,54,0,50.0,1.0,30.5988,0,0.0,8.0613,0
4033578.1,2,,54,54,0,50.0,1.0,30.4988,0,0.0,8.0363,0
4035578.1,2,,54,54,0,50.0,1.0,30.3988,0,0.0,8.0113,0
4037578.1,2,,54,54,0,50.0,1.0,30.2988,0,0.0,7.9863,0
4039578.1,2,,54,54,0,50.0,1.0,30.1988,0,0.0,7.9613,0
4041578.1,2,,54,54,0,50.0,1.0,30.0988,0,0.0,7.9363,0
4043578.1,2,,54,54,0,50.0,1.0,29.9988,0,0.0,7.9113,0
4045578.1,2,,54,54,0,50.0,1.0,29.8988,0,0.0,7.8863,0
4047578.1,2,,54,54,0,50.0,1.0,29.7988,0,0.0,7.8613,0
4049578.1,2,,54,54,0,50.0,1.0,29.6988,0,0.0,7.8363,0
4050277.7,2,,54,54,0,50.0,1.0,29.6638,0,0.0,7.8275,0
4051578.1,2,,53,53,0,50.0,1.0,29.5988,0,0.0,7.8113,0
4053578.1,2,,53,53,0,50.0,1.0,29.4988,0,0.0,7.7863,0
4054537.6,2,,53,53,0,50.0,1.0,29.4508,0,0.0,7.7743,0
4055578.1,2,,52,52,0,50.0,1.0,29.3988,0,0.0,7.7613,0
4057578.1,2,,52,52,0,50.0,1.0,29.2988,0,0.0,7.7363,0
4059578.1,2,,52,52,0,50.0,1.0,29.1988,0,0.0,7.7113,0
4061578.1,2,,52,52,0,50.0,1.0,29.0988,0,0.0,7.6863,0
4062406.4,2,,52,52,0,50.0,1.0,29.0573,0,0.0,7.6759,0
4063578.1,2,,51,51,0,50.0,1.0,28.9988,0,0.0,7.6613,0
4065578.1,2,,51,51,0,50.0,1.0,28.8988,0,0.0,7.6363,0
4067578.1,2,,51,51,0,50.0,1.0,28.7988,0,0.0,7.6113,0
4069578.1,2,,51,51,0,50.0,1.0,28.6988,0,0.0,7.5863,0
4070926.1,2,,51,51,0,50.0,1.0,28.6314,0,0.0,7.5694,0
4071578.1,2,,50,50,0,50.0,1.0,28.5988,0,0.0,7.5613,0
4073578.1,2,,50,50,0,50.0,1.0,28.4988,0,0.0,7.5363,0
4075578.1,2,,50,50,0,50.0,1.0,28.3988,0,0.0,7.5113,0
4077578.1,2,,50,50,0,50.0,1.0,28.2988,0,0.0,7.4863,0
4079578.1,2,,50,50,0,50.0,1.0,28.1988,0,0.0,7.4613,0
4081578.1,2,,50,50,0,50.0,1.0,28.0988,0,0.0,7.4363,0
4083578.1,2,,50,50,0,50.0,1.0,27.9988,0,0.0,7.4113,0
4085578.1,2,,50,50,0,50.0,1.0,27.8988,0,0.0,7.3863,0
4086584.2,2,,50,50,0,50.0,1.0,27.8485,0,0.0,7.3737,0
4087578.1,2,,49,49,0,50.0,1.0,27.7988,0,0.0,7.3613,0
4089578.1,2,,49,49,0,50.0,1.0,27.6988,0,0.0,7.3363,0
4091578.1,2,,49,49,0,50.0,1.0,27.5988,0,0.0,7.3113,0
4093578.1,2,,49,49,0,50.0,1.0,27.4988,0,0.0,7.2863,0
4095578.1,2,,49,49,0,50.0,1.0,27.3988,0,0.0,7.2613,0
4097578.1,2,,49,49,0,50.0,1.0,27.2988,0,0.0,7.2363,0
4099578.1,2,,49,49,0,50.0,1.0,27.1988,0,0.0,7.2113,0
4100845.5,2,,49,49,0,50.0,1.0,27.1354,0,0.0,7.1954,0
4101578.1,2,,48,48,0,50.0,1.0,27.0988,0,0.0,7.1863,0
4102383.4,2,,48,48,0,50.0,1.0,27.0585,0,0.0,7.1762,0
4103578.1,2,,46,46,0,50.0,1.0,26.9988,0,0.0,7.1613,0
4105578.1,2,,46,46,0,50.0,1.0,26.8988,0,0.0,7.1363,0
4107578.1,2,,46,46,0,50.0,1.0,26.7988,0,0.0,7.1113,0
4109578.1,2,,46,46,0,50.0,1.0,26.6988,0,0.0,7.0863,0
4111578.1,2,,46,46,0,50.0,1.0,26.5988,0,0.0,7.0613,0
4113578.1,2,,46,46,0,50.0,1.0,26.4988,0,0.0,7.0363,0
4115578.1,2,,46,46,0,50.0,1.0,26.3988,0,0.0,7.0113,0
4117578.1,2,,46,46,0,50.0,1.0,26.2988,0,0.0,6.9863,0
4119578.1,2,,46,46,0,50.0,1.0,26.1988,0,0.0,6.9613,0
4121578.1,2,,46,46,0,50.0,1.0,26.0988,0,0.0,6.9363,0
4123578.1,2,,46,46,0,50.0,1.0,25.9988,0,0.0,6.9113,0
4125578.1,2,,46,46,0,50.0,1.0,25.8988,0,0.0,6.8863,0
4127578.1,2,,46,46,0,50.0,1.0,25.7988,0,0.0,6.8613,0
4129578.1,2,,46,46,0,50.0,1.0,25.6988,0,0.0,6.8363,0
4131578.1,2,,46,46,0,50.0,1.0,25.5988,0,0.0,6.8113,0
4133578.1,2,,46,46,0,50.0,1.0,25.4988,0,0.0,6.7863,0
4135578.1,2,,46,46,0,50.0,1.0,25.3988,0,0.0,6.7613,0
4136235.0,2,,46,46,0,50.0,1.0,25.3659,0,0.0,6.753,0
4137578.1,2,,45,45,0,50.0,1.0,25.2988,0,0.0,6.7363,0
4139578.1,2,,45,45,0,50.0,1.0,25.1988,0,0.0,6.7113,0
4139839.5,2,,45,45,0,50.0,1.0,25.1857,0,0.0,6.708,0
4141578.1,2,,44,44,0,50.0,1.0,25.0988,0,0.0,6.6863,0
4141634.5,2,,44,44,0,50.0,1.0,25.0959,0,0.0,6.6856,0
4143578.1,2,,43,43,0,50.0,1.0,24.9988,0,0.0,6.6613,0
4145578.1,2,,43,43,0,50.0,1.0,24.8988,0,0.0,6.6363,0
4147578.1,2,,43,43,0,50.0,1.0,24.7988,0,0.0,6.6113,0
4149578.1,2,,43,43,0,50.0,1.0,24.6988,0,0.0,6.5863,0
4151578.1,2,,43,43,0,50.0,1.0,24.5988,0,0.0,6.5613,0
4152841.6,2,,43,43,0,50.0,1.0,24.5356,0,0.0,6.5455,0
4153578.1,2,,42,42,0,50.0,1.0,24.4988,0,0.0,6.5363,0
4155578.1,2,,42,42,0,50.0,1.0,24.3988,0,0.0,6.5113,0
4157578.1,2,,42,42,0,50.0,1.0,24.2988,0,0.0,6.4863,0
4159578.1,2,,42,42,0,50.0,1.0,24.1988,0,0.0,6.4613,0
4159656.9,2,,42,42,0,50.0,1.0,24.1948,0,0.0,6.4603,0
4161578.1,2,,41,41,0,50.0,1.0,24.0988,0,0.0,6.4363,0
4163578.1,2,,41,41,0,50.0,1.0,23.9988,0,0.0,6.4113,0
4165578.1,2,,41,41,0,50.0,1.0,23.8988,0,0.0,6.3863,0
4167578.1,2,,41,41,0,50.0,1.0,23.7988,0,0.0,6.3613,0
4169578.1,2,,41,41,0,50.0,1.0,23.6988,0,0.0,6.3363,0
4171578.1,2,,41,41,0,50.0,1.0,23.5988,0,0.0,6.3113,0
4173578.1,2,,41,41,0,50.0,1.0,23.4988,0,0.0,6.2863,0
4175578.1,2,,41,41,0,50.0,1.0,23.3988,0,0.0,6.2613,0
4177578.1,2,,41,41,0,50.0,1.0,23.2988,0,0.0,6.2363,0
4179578.1,2,,41,41,0,50.0,1.0,23.1988,0,0.0,6.2113,0
4181578.1,2,,41,41,0,50.0,1.0,23.0988,0,0.0,6.1863,0
4183578.1,2,,41,41,0,50.0,1.0,22.9988,0,0.0,6.1613,0
4185578.1,2,,41,41,0,50.0,1.0,22.8988,0,0.0,6.1363,0
4187578.1,2,,41,41,0,50.0,1.0,22.7988,0,0.0,6.1113,0
4189578.1,2,,41,41,0,50.0,1.0,22.6988,0,0.0,6.0863,0
4191578.1,2,,41,41,0,50.0,1.0,22.5988,0,0.0,6.0613,0
4193578.1,2,,41,41,0,50.0,1.0,22.4988,0,0.0,6.0363,0
4194133.8,2,,41,41,0,50.0,1.0,22.471,0,0.0,6.0293,0
4195578.1,2,,40,40,0,50.0,1.0,22.3988,0,0.0,6.0113,0
4197578.1,2,,40,40,0,50.0,1.0,22.2988,0,0.0,5.9863,0
4199578.1,2,,40,40,0,50.0,1.0,22.1988,0,0.0,5.9613,0
4199699.8,2,,40,40,0,50.0,1.0,22.1927,0,0.0,5.9597,0
4201578.1,2,,39,39,0,50.0,1.0,22.0988,0,0.0,5.9363,0
4203578.1,2,,39,39,0,50.0,1.0,21.9988,0,0.0,5.9113,0
4205578.1,2,,39,39,0,50.0,1.0,21.8988,0,0.0,5.8863,0
4207578.1,2,,39,39,0,50.0,1.0,21.7988,0,0.0,5.8613,0
4209578.1,2,,39,39,0,50.0,1.0,21.6988,0,0.0,5.8363,0
4211578.1,2,,39,39,0,50.0,1.0,21.5988,0,0.0,5.8113,0
4212085.7,2,,39,39,0,50.0,1.0,21.5734,0,0.0,5.8049,0
4213578.1,2,,38,38,0,50.0,1.0,21.4988,0,0.0,5.7863,0
4215578.1,2,,38,38,0,50.0,1.0,21.3988,0,0.0,5.7613,0
4217578.1,2,,38,38,0,50.0,1.0,21.2988,0,0.0,5.7363,0
4219360.6,2,,38,38,0,50.0,1.0,21.2096,0,0.0,5.714,0
4219578.1,2,,37,37,0,50.0,1.0,21.1988,0,0.0,5.7113,0
4221578.1,2,,37,37,0,50.0,1.0,21.0988,0,0.0,5.6863,0
4223578.1,2,,37,37,0,50.0,1.0,20.9988,0,0.0,5.6613,0
4225258.8,2,,37,37,0,50.0,1.0,20.9147,0,0.0,5.6402,0
4225578.1,2,,36,36,0,50.0,1.0,20.8988,0,0.0,5.6363,0
4227578.1,2,,36,36,0,50.0,1.0,20.7988,0,0.0,5.6113,0
4229578.1,2,,36,36,0,50.0,1.0,20.6988,0,0.0,5.5863,0
4231578.1,2,,36,36,0,50.0,1.0,20.5988,0,0.0,5.5613,0
4233578.1,2,,36,36,0,50.0,1.0,20.4988,0,0.0,5.5363,0
4235578.1,2,,36,36,0,50.0,1.0,20.3988,0,0.0,5.5113,0
4237578.1,2,,36,36,0,50.0,1.0,20.2988,0,0.0,5.4863,0
4239578.1,2,,36,36,0,50.0,1.0,20.1988,0,0.0,5.4613,0
4241578.1,2,,36,36,0,50.0,1.0,20.0988,0,0.0,5.4363,0
4243578.1,2,,36,36,0,50.0,1.0,19.9988,0,0.0,5.4113,0
4245578.1,2,,36,36,0,50.0,1.0,19.8988,0,0.0,5.3863,0
4247578.1,2,,36,36,0,50.0,1.0,19.7988,0,0.0,5.3613,0
4249578.1,2,,36,36,0,50.0,1.0,19.6988,0,0.0,5.3363,0
4251578.1,2,,36,36,0,50.0,1.0,19.5988,0,0.0,5.3113,0
4253116.2,2,,36,36,0,50.0,1.0,19.5219,0,0.0,5.292,0
4253578.1,2,,35,35,0,50.0,1.0,19.4988,0,0.0,5.2863,0
4255578.1,2,,35,35,0,50.0,1.0,19.3988,0,0.0,5.2613,0
4257578.1,2,,35,35,0,50.0,1.0,19.2988,0,0.0,5.2363,0
4259578.1,2,,35,35,0,50.0,1.0,19.1988,0,0.0,5.2113,0
4261578.1,2,,35,35,0,50.0,1.0,19.0988,0,0.0,5.1863,0
4263578.1,2,,35,35,0,50.0,1.0,18.9988,0,0.0,5.1613,0
4265578.1,2,,35,35,0,50.0,1.0,18.8988,0,0.0,5.1363,0
4267578.1,2,,35,35,0,50.0,1.0,18.7988,0,0.0,5.1113,0
4269578.1,2,,35,35,0,50.0,1.0,18.6988,0,0.0,5.0863,0
4271578.1,2,,35,35,0,50.0,1.0,18.5988,0,0.0,5.0613,0
4273578.1,2,,35,35,0,50.0,1.0,18.4988,0,0.0,5.0363,0
4274017.2,2,,35,35,0,50.0,1.0,18.4768,0,0.0,5.0308,0
4275578.1,2,,34,34,0,50.0,1.0,18.3988,0,0.0,5.0113,0
4276638.6,2,,34,34,0,50.0,1.0,18.3457,0,0.0,4.998,0
4277578.1,2,,33,33,0,50.0,1.0,18.2988,0,0.0,4.9863,0
4279578.1,2,,33,33,0,50.0,1.0,18.1988,0,0.0,4.9613,0
4280741.9,2,,33,33,0,50.0,1.0,18.1406,0,0.0,4.9467,0
4281578.1,2,,32,32,0,50.0,1.0,18.0988,0,0.0,4.9363,0
4282930.5,2,,32,32,0,50.0,1.0,18.0311,0,0.0,4.9194,0
4283578.1,2,,31,31,0,50.0,1.0,17.9988,0,0.0,4.9113,0
4284573.4,2,,31,31,0,50.0,1.0,17.949,0,0.0,4.8988,0
4285578.1,2,,30,30,0,50.0,1.0,17.8988,0,0.0,4.8863,0
4287578.1,2,,30,30,0,50.0,1.0,17.7988,0,0.0,4.8613,0
4289578.1,2,,30,30,0,50.0,1.0,17.6988,0,0.0,4.8363,0
4291578.1,2,,30,30,0,50.0,1.0,17.5988,0,0.0,4.8113,0
4293578.1,2,,30,30,0,50.0,1.0,17.4988,0,0.0,4.7863,0
4295578.1,2,,30,30,0,50.0,1.0,17.3988,0,0.0,4.7613,0
4297578.1,2,,30,30,0,50.0,1.0,17.2988,0,0.0,4.7363,0
4299578.1,2,,30,30,0,50.0,1.0,17.1988,0,0.0,4.7113,0
4301578.1,2,,30,30,0,50.0,1.0,17.0988,0,0.0,4.6863,0
4303578.1,2,,30,30,0,50.0,1.0,16.9988,0,0.0,4.6613,0
4305578.1,2,,30,30,0,50.0,1.0,16.8988,0,0.0,4.6363,0
4307578.1,2,,30,30,0,50.0,1.0,16.7988,0,0.0,4.6113,0
4309578.1,2,,30,30,0,50.0,1.0,16.6988,0,0.0,4.5863,0
4311578.1,2,,30,30,0,50.0,1.0,16.5988,0,0.0,4.5613,0
4313182.2,2,,30,30,0,50.0,1.0,16.5186,0,0.0,4.5412,0
4313578.1,2,,29,29,0,50.0,1.0,16.4988,0,0.0,4.5363,0
4315578.1,2,,29,29,0,50.0,1.0,16.3988,0,0.0,4.5113,0
4317578.1,2,,29,29,0,50.0,1.0,16.2988,0,0.0,4.4863,0
4319578.1,2,,29,29,0,50.0,1.0,16.1988,0,0.0,4.4613,0
4321578.1,2,,29,29,0,50.0,1.0,16.0988,0,0.0,4.4363,0
4323578.1,2,,29,29,0,50.0,1.0,15.9988,0,0.0,4.4113,0
4325578.1,2,,29,29,0,50.0,1.0,15.8988,0,0.0,4.3863,0
4327578.1,2,,29,29,0,50.0,1.0,15.7988,0,0.0,4.3613,0
4329578.1,2,,29,29,0,50.0,1.0,15.6988,0,0.0,4.3363,0
4331578.1,2,,29,29,0,50.0,1.0,15.5988,0,0.0,4.3113,0
4332742.4,2,,29,29,0,50.0,1.0,15.5405,0,0.0,4.2967,0
4333578.1,2,,28,28,0,50.0,1.0,15.4988,0,0.0,4.2863,0
4335578.1,2,,28,28,0,50.0,1.0,15.3988,0,0.0,4.2613,0
4337578.1,2,,28,28,0,50.0,1.0,15.2988,0,0.0,4.2363,0
4339578.1,2,,28,28,0,50.0,1.0,15.1988,0,0.0,4.2113,0
4341578.1,2,,28,28,0,50.0,1.0,15.0988,0,0.0,4.1863,0
4343578.1,2,,28,28,0,50.0,1.0,14.9988,0,0.0,4.1613,0
4345578.1,2,,28,28,0,50.0,1.0,14.8988,0,0.0,4.1363,0
4347578.1,2,,28,28,0,50.0,1.0,14.7988,0,0.0,4.1113,0
4349578.1,2,,28,28,0,50.0,1.0,14.6988,0,0.0,4.0863,0
4351578.1,2,,28,28,0,50.0,1.0,14.5988,0,0.0,4.0613,0
4353578.1,2,,28,28,0,50.0,1.0,14.4988,0,0.0,4.0363,0
4355578.1,2,,28,28,0,50.0,1.0,14.3988,0,0.0,4.0113,0
4356920.2,2,,28,28,0,50.0,1.0,14.3317,0,0.0,3.9945,0
4357578.1,2,,27,27,0,50.0,1.0,14.2988,0,0.0,3.9863,0
4359578.1,2,,27,27,0,50.0,1.0,14.1988,0,0.0,3.9613,0
4361578.1,2,,27,27,0,50.0,1.0,14.0988,0,0.0,3.9363,0
4363578.1,2,,27,27,0,50.0,1.0,13.9988,0,0.0,3.9113,0
4365578.1,2,,27,27,0,50.0,1.0,13.8988,0,0.0,3.8863,0
4367578.1,2,,27,27,0,50.0,1.0,13.7988,0,0.0,3.8613,0
4369578.1,2,,27,27,0,50.0,1.0,13.6988,0,0.0,3.8363,0
4371578.1,2,,27,27,0,50.0,1.0,13.5988,0,0.0,3.8113,0
4373475.3,2,,27,27,0,50.0,1.0,13.5039,0,0.0,3.7875,0
4373578.1,2,,26,26,0,50.0,1.0,13.4988,0,0.0,3.7863,0
4375578.1,2,,26,26,0,50.0,1.0,13.3988,0,0.0,3.7613,0
4377578.1,2,,26,26,0,50.0,1.0,13.2988,0,0.0,3.7363,0
4379578.1,2,,26,26,0,50.0,1.0,13.1988,0,0.0,3.7113,0
4381578.1,2,,26,26,0,50.0,1.0,13.0988,0,0.0,3.6863,0
4383578.1,2,,26,26,0,50.0,1.0,12.9988,0,0.0,3.6613,0
4385578.1,2,,26,26,0,50.0,1.0,12.8988,0,0.0,3.6363,0
4387578.1,2,,26,26,0,50.0,1.0,12.7988,0,0.0,3.6113,0
4389578.1,2,,26,26,0,50.0,1.0,12.6988,0,0.0,3.5863,0
4391578.1,2,,26,26,0,50.0,1.0,12.5988,0,0.0,3.5613,0
4393578.1,2,,26,26,0,50.0,1.0,12.4988,0,0.0,3.5363,0
4395578.1,2,,26,26,0,50.0,1.0,12.3988,0,0.0,3.5113,0
4397578.1,2,,26,26,0,50.0,1.0,12.2988,0,0.0,3.4863,0
4399578.1,2,,26,26,0,50.0,1.0,12.1988,0,0.0,3.4613,0
4401578.1,2,,26,26,0,50.0,1.0,12.0988,0,0.0,3.4363,0
4403578.1,2,,26,26,0,50.0,1.0,11.9988,0,0.0,3.4113,0
4405578.1,2,,26,26,0,50.0,1.0,11.8988,0,0.0,3.3863,0
4407578.1,2,,26,26,0,50.0,1.0,11.7988,0,0.0,3.3613,0
4409578.1,2,,26,26,0,50.0,1.0,11.6988,0,0.0,3.3363,0
4411578.1,2,,26,26,0,50.0,1.0,11.5988,0,0.0,3.3113,0
4413578.1,2,,26,26,0,50.0,1.0,11.4988,0,0.0,3.2863,0
4413674.8,2,,26,26,0,50.0,1.0,11.4939,0,0.0,3.285,0
4415578.1,2,,25,25,0,50.0,1.0,11.3988,0,0.0,3.2613,0
4417578.1,2,,25,25,0,50.0,1.0,11.2988,0,0.0,3.2363,0
4419578.1,2,,25,25,0,50.0,1.0,11.1988,0,0.0,3.2113,0
4421578.1,2,,25,25,0,50.0,1.0,11.0988,0,0.0,3.1863,0
4423578.1,2,,25,25,0,50.0,1.0,10.9988,0,0.0,3.1613,0
4423938.0,2,,25,25,0,50.0,1.0,10.9808,0,0.0,3.1568,0
4425578.1,2,,24,24,0,50.0,1.0,10.8988,0,0.0,3.1363,0
4427578.1,2,,24,24,0,50.0,1.0,10.7988,0,0.0,3.1113,0
4429578.1,2,,24,24,0,50.0,1.0,10.6988,0,0.0,3.0863,0
4431578.1,2,,24,24,0,50.0,1.0,10.5988,0,0.0,3.0613,0
4433578.1,2,,24,24,0,50.0,1.0,10.4988,0,0.0,3.0363,0
4435578.1,2,,24,24,0,50.0,1.0,10.3988,0,0.0,3.0113,0
4437578.1,2,,24,24,0,50.0,1.0,10.2988,0,0.0,2.9863,0
4439578.1,2,,24,24,0,50.0,1.0,10.1988,0,0.0,2.9613,0
4441578.1,2,,24,24,0,50.0,1.0,10.0988,0,0.0,2.9363,0
4443578.1,2,,24,24,0,50.0,1.0,9.9988,0,0.0,2.9113,0
4445578.1,2,,24,24,0,50.0,1.0,9.8988,0,0.0,2.8863,0
4447578.1,2,,24,24,0,50.0,1.0,9.7988,0,0.0,2.8613,0
4449578.1,2,,24,24,0,50.0,1.0,9.6988,0,0.0,2.8363,0
4451578.1,2,,24,24,0,50.0,1.0,9.5988,0,0.0,2.8113,0
4453578.1,2,,24,24,0,50.0,1.0,9.4988,0,0.0,2.7863,0
4455578.1,2,,24,24,0,50.0,1.0,9.3988,0,0.0,2.7613,0
4457578.1,2,,24,24,0,50.0,1.0,9.2988,0,0.0,2.7363,0
4459578.1,2,,24,24,0,50.0,1.0,9.1988,0,0.0,2.7113,0
4461578.1,2,,24,24,0,50.0,1.0,9.0988,0,0.0,2.6863,0
4463578.1,2,,24,24,0,50.0,1.0,8.9988,0,0.0,2.6613,0
4465578.1,2,,24,24,0,50.0,1.0,8.8988,0,0.0,2.6363,0
4467578.1,2,,24,24,0,50.0,1.0,8.7988,0,0.0,2.6113,0
4469578.1,2,,24,24,0,50.0,1.0,8.6988,0,0.0,2.5863,0
4471578.1,2,,24,24,0,50.0,1.0,8.5988,0,0.0,2.5613,0
4473578.1,2,,24,24,0,50.0,1.0,8.4988,0,0.0,2.5363,0
4475578.1,2,,24,24,0,50.0,1.0,8.3988,0,0.0,2.5113,0
4477578.1,2,,24,24,0,50.0,1.0,8.2988,0,0.0,2.4863,0
4479578.1,2,,24,24,0,50.0,1.0,8.1988,0,0.0,2.4613,0
4481578.1,2,,24,24,0,50.0,1.0,8.0988,0,0.0,2.4363,0
4483578.1,2,,24,24,0,50.0,1.0,7.9988,0,0.0,2.4113,0
4485578.1,2,,24,24,0,50.0,1.0,7.8988,0,0.0,2.3863,0
4487578.1,2,,24,24,0,50.0,1.0,7.7988,0,0.0,2.3613,0
4489578.1,2,,24,24,0,50.0,1.0,7.6988,0,0.0,2.3363,0
4490352.0,2,,24,24,0,50.0,1.0,7.6601,0,0.0,2.3266,0
4491578.1,2,,23,23,0,50.0,1.0,7.5988,0,0.0,2.3113,0
4493578.1,2,,23,23,0,50.0,1.0,7.4988,0,0.0,2.2863,0
4495578.1,2,,23,23,0,50.0,1.0,7.3988,0,0.0,2.2613,0
4496511.9,2,,23,23,0,50.0,1.0,7.3521,0,0.0,2.2496,0
4497578.1,2,,22,22,0,50.0,1.0,7.2988,0,0.0,2.2363,0
4499578.1,2,,22,22,0,50.0,1.0,7.1988,0,0.0,2.2113,0
4501578.1,2,,22,22,0,50.0,1.0,7.0988,0,0.0,2.1863,0
4503459.2,2,,22,22,0,50.0,1.0,7.0047,0,0.0,2.1627,0
4503578.1,2,,21,21,0,50.0,1.0,6.9988,0,0.0,2.1613,0
4505578.1,2,,21,21,0,50.0,1.0,6.8988,0,0.0,2.1363,0
4507578.1,2,,21,21,0,50.0,1.0,6.7988,0,0.0,2.1113,0
4509578.1,2,,21,21,0,50.0,1.0,6.6988,0,0.0,2.0863,0
4511578.1,2,,21,21,0,50.0,1.0,6.5988,0,0.0,2.0613,0
4513578.1,2,,21,21,0,50.0,1.0,6.4988,0,0.0,2.0363,0
4515578.1,2,,21,21,0,50.0,1.0,6.3988,0,0.0,2.0113,0
4517578.1,2,,21,21,0,50.0,1.0,6.2988,0,0.0,1.9863,0
4517811.1,2,,21,21,0,50.0,1.0,6.2871,0,0.0,1.9833,0
4518309.9,2,,20,20,0,50.0,1.0,6.2622,0,0.0,1.9771,0
4519578.1,2,,19,19,0,50.0,1.0,6.1988,0,0.0,1.9613,0
4521578.1,2,,19,19,0,50.0,1.0,6.0988,0,0.0,1.9363,0
4523578.1,2,,19,19,0,50.0,1.0,5.9988,0,0.0,1.9113,0
4525578.1,2,,19,19,0,50.0,1.0,5.8988,0,0.0,1.8863,0
4527578.1,2,,19,19,0,50.0,1.0,5.7988,0,0.0,1.8613,0
4528140.3,2,,19,19,0,50.0,1.0,5.7707,0,0.0,1.8542,0
4529578.1,2,,18,18,0,50.0,1.0,5.6988,0,0.0,1.8363,0
4531578.1,2,,18,18,0,50.0,1.0,5.5988,0,0.0,1.8113,0
4533578.1,2,,18,18,0,50.0,1.0,5.4988,0,0.0,1.7863,0
4535578.1,2,,18,18,0,50.0,1.0,5.3988,0,0.0,1.7613,0
4537214.7,2,,18,18,0,50.0,1.0,5.3169,0,0.0,1.7408,0
4537578.1,2,,17,17,0,50.0,1.0,5.2988,0,0.0,1.7363,0
4539578.1,2,,17,17,0,50.0,1.0,5.1988,0,0.0,1.7113,0
4541578.1,2,,17,17,0,50.0,1.0,5.0988,0,0.0,1.6863,0
4543578.1,2,,17,17,0,50.0,1.0,4.9988,0,0.0,1.6613,0
4545578.1,2,,17,17,0,50.0,1.0,4.8988,0,0.0,1.6363,0
4547578.1,2,,17,17,0,50.0,1.0,4.7988,0,0.0,1.6113,0
4549578.1,2,,17,17,0,50.0,1.0,4.6988,0,0.0,1.5863,0
4550321.9,2,,17,17,0,50.0,1.0,4.6616,0,0.0,1.577,0
4551578.1,2,,16,16,0,50.0,1.0,4.5988,0,0.0,1.5613,0
4553578.1,2,,16,16,0,50.0,1.0,4.4988,0,0.0,1.5363,0
4555578.1,2,,16,16,0,50.0,1.0,4.3988,0,0.0,1.5113,0
4557198.7,2,,16,16,0,50.0,1.0,4.3177,0,0.0,1.491,0
4557578.1,2,,15,15,0,50.0,1.0,4.2988,0,0.0,1.4861,0
4558391.6,2,,15,15,0,50.0,1.0,4.2581,0,0.0,1.4754,0
4559052.8,2,,14,14,0,50.0,1.0,4.225,0,0.0,1.4664,0
4559578.1,2,,13,13,0,50.0,1.0,4.1988,0,0.0,1.4585,0
4561578.1,2,,13,13,0,50.0,1.0,4.0988,0,0.0,1.4285,0
4561728.5,2,,13,13,0,50.0,1.0,4.0912,0,0.0,1.4263,0
4563578.1,2,,12,12,0,50.0,1.0,3.9988,0,0.0,1.3955,0
4565578.1,2,,12,12,0,50.0,1.0,3.8988,0,0.0,1.3621,0
4567578.1,2,,12,12,0,50.0,1.0,3.7988,0,0.0,1.3288,0
4569578.1,2,,12,12,0,50.0,1.0,3.6988,0,0.0,1.2955,0
4571578.1,2,,12,12,0,50.0,1.0,3.5988,0,0.0,1.2621,0
4573578.1,2,,12,12,0,50.0,1.0,3.4988,0,0.0,1.2288,0
4574390.5,2,,12,12,0,50.0,1.0,3.4581,0,0.0,1.2153,0
4575578.1,2,,11,11,0,50.0,1.0,3.3988,0,0.0,1.1943,0
4577104.6,2,,11,11,0,50.0,1.0,3.3224,0,0.0,1.1674,0
4577578.1,2,,10,10,0,50.0,1.0,3.2988,0,0.0,1.16,0
4579578.1,2,,10,10,0,50.0,1.0,3.1988,0,0.0,1.1287,0
4580448.4,2,,10,10,0,50.0,1.0,3.1552,0,0.0,1.1151,0
4581578.1,2,,9,9,0,50.0,1.0,3.0988,0,0.0,1.0949,0
4583578.1,2,,9,9,0,50.0,1.0,2.9988,0,0.0,1.0592,0
4583830.4,2,,9,9,0,50.0,1.0,2.9861,0,0.0,1.0547,0
4585578.1,2,,8,8,0,50.0,1.0,2.8988,0,0.0,1.0329,0
4587578.1,2,,8,8,0,50.0,1.0,2.7988,0,0.0,1.0079,0
4589578.1,2,,8,8,0,50.0,1.0,2.6988,0,0.0,0.9829,0
4591578.1,2,,8,8,0,50.0,1.0,2.5988,0,0.0,0.9579,0
4593578.1,2,,8,8,0,50.0,1.0,2.4988,0,0.0,0.9329,0
4595578.1,2,,8,8,0,50.0,1.0,2.3988,0,0.0,0.9079,0
4597578.1,2,,8,8,0,50.0,1.0,2.2988,0,0.0,0.8829,0
4599578.1,2,,8,8,0,50.0,1.0,2.1988,0,0.0,0.8579,0
4601522.9,2,,8,8,0,50.0,1.0,2.1015,0,0.0,0.8336,0
4601578.1,2,,7,7,0,50.0,1.0,2.0988,0,0.0,0.8328,0
4603578.1,2,,7,7,0,50.0,1.0,1.9988,0,0.0,0.8036,0
4605578.1,2,,7,7,0,50.0,1.0,1.8988,0,0.0,0.7744,0
4607578.1,2,,7,7,0,50.0,1.0,1.7988,0,0.0,0.7453,0
4609362.4,2,,7,7,0,50.0,1.0,1.7095,0,0.0,0.7192,0
4609578.1,2,,6,6,0,50.0,1.0,1.6988,0,0.0,0.7152,0
4611578.1,2,,6,6,0,50.0,1.0,1.5988,0,0.0,0.6777,0
4613578.1,2,,6,6,0,50.0,1.0,1.4988,0,0.0,0.6402,0
4615578.1,2,,6,6,0,50.0,1.0,1.3988,0,0.0,0.6027,0
4615876.9,2,,6,6,0,50.0,1.0,1.3838,0,0.0,0.5971,0
4617578.1,2,,5,5,0,50.0,1.0,1.2988,0,0.0,0.5546,0
4619578.1,2,,5,5,0,50.0,1.0,1.1988,0,0.0,0.5046,0
4619790.2,2,,5,5,0,50.0,1.0,1.1882,0,0.0,0.4993,0
4621578.1,2,,4,4,0,50.0,1.0,1.0988,0,0.0,0.4769,0
4623578.1,2,,4,4,0,50.0,1.0,0.9988,0,0.0,0.4519,0
4625578.1,2,,4,4,0,50.0,1.0,0.8988,0,0.0,0.4269,0
4627578.1,2,,4,4,0,50.0,1.0,0.7988,0,0.0,0.4019,0
4627699.0,2,,4,4,0,50.0,1.0,0.7927,0,0.0,0.4004,0
4629578.1,2,,3,3,0,50.0,1.0,0.6988,0,0.0,0.3691,0
4631578.1,2,,3,3,0,50.0,1.0,0.5988,0,0.0,0.3357,0
4633578.1,2,,3,3,0,50.0,1.0,0.4988,0,0.0,0.3024,0
4635578.1,2,,3,3,0,50.0,1.0,0.3988,0,0.0,0.2691,0
4637578.1,2,,3,3,0,50.0,1.0,0.2988,0,0.0,0.2357,0
4637762.8,2,,3,3,0,50.0,1.0,0.2895,0,0.0,0.2327,0
4639578.1,2,,2,2,0,50.0,1.0,0.1988,0,0.0,0.1873,0
4640037.0,2,,2,2,0,50.0,1.0,0.1758,0,0.0,0.1758,0
4641578.1,2,,1,1,0,50.0,1.0,0.0988,0,0.0,0.0988,0
4643553.3,2,,1,1,0,50.0,1.0,0.0,0,0.0,0.0,0
4643578.1,3,,124,56,8,50.0,1.0,73.4933,12.9032,0.0003,9.1422,0
4645578.1,3,,124,56,8,50.0,1.0,73.3933,12.9032,0.0261,9.135,0
4647578.1,3,,124,56,8,50.0,1.0,73.2933,12.9032,0.0519,9.1279,0
4649578.1,3,,124,56,8,50.0,1.0,73.1933,12.9032,0.0777,9.1208,0
4651578.1,3,,124,56,8,50.0,1.0,73.0933,12.9032,0.1035,9.1136,0
4653578.1,3,,124,56,8,50.0,1.0,72.9933,12.9032,0.1294,9.1065,0
4655578.1,3,,124,56,8,50.0,1.0,72.8933,12.9032,0.1552,9.0993,0
4657578.1,3,,124,56,8,50.0,1.0,72.7933,12.9032,0.181,9.0922,0
4659578.1,3,,124,56,8,50.0,1.0,72.6933,12.9032,0.2068,9.085,0
4661578.1,3,,124,56,8,50.0,1.0,72.5933,12.9032,0.2326,9.0779,0
4663578.1,3,,124,56,8,50.0,1.0,72.4933,12.9032,0.2584,9.0708,0
4665578.1,3,,124,56,8,50.0,1.0,72.3933,12.9032,0.2842,9.0636,0
4667578.1,3,,124,56,8,50.0,1.0,72.2933,12.9032,0.31,9.0565,0
4669578.1,3,,124,56,8,50.0,1.0,72.1933,12.9032,0.3358,9.0493,0
4671578.1,3,,124,56,8,50.0,1.0,72.0933,12.9032,0.3616,9.0422,0
4673578.1,3,,124,56,8,50.0,1.0,71.9933,12.9032,0.3874,9.035,0
4675578.1,3,,124,56,8,50.0,1.0,71.8933,12.9032,0.4132,9.0279,0
4677578.1,3,,124,56,8,50.0,1.0,71.7933,12.9032,0.439,9.0208,0
4679578.1,3,,124,56,8,50.0,1.0,71.6933,12.9032,0.4648,9.0136,0
4681578.1,3,,124,56,8,50.0,1.0,71.5933,12.9032,0.4906,9.0065,0
4683578.1,3,,124,56,8,50.0,1.0,71.4933,12.9032,0.5164,8.9993,0
4685578.1,3,,124,56,8,50.0,1.0,71.3933,12.9032,0.5423,8.9922,0
4687578.1,3,,124,56,8,50.0,1.0,71.2933,12.9032,0.5681,8.985,0
4689578.1,3,,124,56,8,50.0,1.0,71.1933,12.9032,0.5939,8.9779,0
4691578.1,3,,124,56,8,50.0,1.0,71.0933,12.9032,0.6197,8.9708,0
4693215.0,3,,124,56,8,50.0,1.0,71.0114,12.9032,0.6408,8.9649,0
4693578.1,3,,123,56,8,50.0,1.0,70.9933,13.0108,0.6455,8.9636,0
4695578.1,3,,123,56,8,50.0,1.0,70.8933,13.0108,0.6715,8.9565,0
4697578.1,3,,123,56,8,50.0,1.0,70.7933,13.0108,0.6976,8.9493,0
4698011.9,3,,123,56,8,50.0,1.0,70.7716,13.0108,0.7032,8.9478,0
4699422.7,3,,122,56,8,50.0,1.0,70.7011,13.1183,0.7217,8.9427,0
4699578.1,3,,121,56,8,50.0,1.0,70.6933,13.2258,0.7238,8.9422,0
4699704.9,3,,121,56,8,50.0,1.0,70.6869,13.2258,0.7254,8.9417,0
4701133.9,3,,120,56,8,50.0,1.0,70.6155,13.3333,0.7445,8.9366,0
4701578.1,3,,119,56,8,50.0,1.0,70.5933,13.4483,0.7505,8.935,0
4702927.1,3,,119,56,8,50.0,1.0,70.5258,13.4483,0.7686,8.9302,0
4703578.1,3,,118,56,8,50.0,1.0,70.4933,13.5632,0.7774,8.9279,0
4703800.9,3,,118,56,8,50.0,1.0,70.4821,13.5632,0.7805,8.9271,0
4705578.1,3,,116,56,8,50.0,1.0,70.3933,13.8013,0.805,8.9208,0
4707578.1,3,,116,56,8,50.0,1.0,70.2933,13.8013,0.8326,8.9136,0
4707614.7,3,,116,56,8,50.0,1.0,70.2915,13.8013,0.8331,8.9135,0
4707942.4,3,,115,56,8,50.0,1.0,70.2751,13.9163,0.8377,8.9123,0
4709578.1,3,,114,56,8,50.0,1.0,70.1933,14.0394,0.8606,8.9065,0
4711578.1,3,,114,56,8,50.0,1.0,70.0933,14.0394,0.8887,8.8993,0
4713578.1,3,,114,56,8,50.0,1.0,69.9933,14.0394,0.9168,8.8922,0
4715578.1,3,,114,56,8,50.0,1.0,69.8933,14.0394,0.9449,8.885,0
4717578.1,3,,114,56,8,50.0,1.0,69.7933,14.0394,0.9729,8.8779,0
4719578.1,3,,114,56,8,50.0,1.0,69.6933,14.0394,1.001,8.8708,0
4721578.1,3,,114,56,8,50.0,1.0,69.5933,14.0394,1.0291,8.8636,0
4723578.1,3,,114,56,8,50.0,1.0,69.4933,14.0394,1.0572,8.8565,0
4725578.1,3,,114,56,8,50.0,1.0,69.3933,14.0394,1.0853,8.8493,0
4727412.1,3,,114,56,8,50.0,1.0,69.3016,14.0394,1.111,8.8428,0
4727578.1,3,,113,56,8,50.0,1.0,69.2933,14.1626,1.1134,8.8422,0
4729578.1,3,,113,56,8,50.0,1.0,69.1933,14.1626,1.1417,8.835,0
4729906.1,3,,113,56,8,50.0,1.0,69.1769,14.1626,1.1463,8.8339,0
4731578.1,3,,112,56,8,50.0,1.0,69.0933,14.2857,1.1702,8.8279,0
4733578.1,3,,112,56,8,50.0,1.0,68.9933,14.2857,1.1988,8.8208,0
4734193.2,3,,112,56,8,50.0,1.0,68.9625,14.2857,1.2076,8.8186,0
4735578.1,3,,111,56,8,50.0,1.0,68.8933,14.418,1.2275,8.8136,0
4735658.7,3,,111,56,8,50.0,1.0,68.8893,14.418,1.2287,8.8133,0
4737578.1,3,,110,56,8,50.0,1.0,68.7933,14.5503,1.2566,8.8065,0
4739578.1,3,,110,56,8,50.0,1.0,68.6933,14.5503,1.2857,8.7993,0
4740664.9,3,,110,56,8,50.0,1.0,68.6389,14.5503,1.3015,8.7954,0
4741074.5,3,,109,56,8,50.0,1.0,68.6185,14.6825,1.3076,8.794,0
4741578.1,3,,108,56,8,50.0,1.0,68.5933,14.825,1.315,8.7922,0
4743578.1,3,,108,56,8,50.0,1.0,68.4933,14.825,1.3447,8.785,0
4745097.7,3,,108,56,8,50.0,1.0,68.4173,14.825,1.3672,8.7796,0
4745452.7,3,,107,56,8,50.0,1.0,68.3996,14.9788,1.3725,8.7783,0
4745578.1,3,,106,56,8,50.0,1.0,68.3933,15.1111,1.3744,8.7779,0
4745734.8,3,,106,56,8,50.0,1.0,68.3855,15.1111,1.3768,8.7773,0
4746317.4,3,,105,56,8,50.0,1.0,68.3563,15.2536,1.3857,8.7753,0
4746927.2,3,,104,56,8,50.0,1.0,68.3258,15.396,1.3951,8.7731,0
4747578.1,3,,103,56,8,50.0,1.0,68.2933,15.5385,1.4052,8.7708,0
4749578.1,3,,103,56,8,50.0,1.0,68.1933,15.5385,1.4362,8.7636,0
4751578.1,3,,103,56,8,50.0,1.0,68.0933,15.5385,1.4673,8.7565,0
4753578.1,3,,103,56,8,50.0,1.0,67.9933,15.5385,1.4984,8.7493,0
4755578.1,3,,103,56,8,50.0,1.0,67.8933,15.5385,1.5295,8.7422,0
4755783.7,3,,103,56,8,50.0,1.0,67.883,15.5385,1.5327,8.7414,0
4757578.1,3,,102,56,8,50.0,1.0,67.7933,15.6923,1.5608,8.735,0
4757813.5,3,,102,56,8,50.0,1.0,67.7815,15.6923,1.5645,8.7342,0
4759578.1,3,,101,56,8,50.0,1.0,67.6933,15.8462,1.5925,8.7279,0
4759652.1,3,,101,56,8,50.0,1.0,67.6896,15.8462,1.5937,8.7276,0
4760343.9,3,,100,56,8,50.0,1.0,67.655,16.0128,1.6047,8.7252,0
4760407.6,3,,99,56,8,50.0,1.0,67.6518,16.1795,1.6058,8.7249,0
4761578.1,3,,98,56,8,50.0,1.0,67.5933,16.3333,1.6249,8.7208,0
4763578.1,3,,98,56,8,50.0,1.0,67.4933,16.3333,1.6576,8.7136,0
4765578.1,3,,98,56,8,50.0,1.0,67.3933,16.3333,1.6902,8.7065,0
4767578.1,3,,98,56,8,50.0,1.0,67.2933,16.3333,1.7229,8.6993,0
4767689.4,3,,98,56,8,50.0,1.0,67.2877,16.3333,1.7247,8.6989,0
4769578.1,3,,97,56,8,50.0,1.0,67.1933,16.5,1.7559,8.6922,0
4771578.1,3,,97,56,8,50.0,1.0,67.0933,16.5,1.7889,8.685,0
4773578.1,3,,97,56,8,50.0,1.0,66.9933,16.5,1.8219,8.6779,0
4775578.1,3,,97,56,8,50.0,1.0,66.8933,16.5,1.8549,8.6708,0
4777578.1,3,,97,56,8,50.0,1.0,66.7933,16.5,1.8879,8.6636,0
4777610.8,3,,97,56,8,50.0,1.0,66.7917,16.5,1.8884,8.6635,0
4779578.1,3,,96,56,8,50.0,1.0,66.6933,16.6667,1.9212,8.6565,0
4781578.1,3,,96,56,8,50.0,1.0,66.5933,16.6667,1.9545,8.6493,0
4783578.1,3,,96,56,8,50.0,1.0,66.4933,16.6667,1.9879,8.6422,0
4785578.1,3,,96,56,8,50.0,1.0,66.3933,16.6667,2.0212,8.635,0
4787578.1,3,,96,56,8,50.0,1.0,66.2933,16.6667,2.0545,8.6279,0
4789578.1,3,,96,56,8,50.0,1.0,66.1933,16.6667,2.0879,8.6208,0
4791578.1,3,,96,56,8,50.0,1.0,66.0933,16.6667,2.1212,8.6136,0
4793578.1,3,,96,56,8,50.0,1.0,65.9933,16.6667,2.1545,8.6065,0
4795578.1,3,,96,56,8,50.0,1.0,65.8933,16.6667,2.1879,8.5993,0
4797578.1,3,,96,56,8,50.0,1.0,65.7933,16.6667,2.2212,8.5922,0
4799578.1,3,,96,56,8,50.0,1.0,65.6933,16.6667,2.2545,8.585,0
4801578.1,3,,96,56,8,50.0,1.0,65.5933,16.6667,2.2879,8.5779,0
4803578.1,3,,96,56,8,50.0,1.0,65.4933,16.6667,2.3212,8.5708,0
4805578.1,3,,96,56,8,50.0,1.0,65.3933,16.6667,2.3545,8.5636,0
4807578.1,3,,96,56,8,50.0,1.0,65.2933,16.6667,2.3879,8.5565,0
4809578.1,3,,96,56,8,50.0,1.0,65.1933,16.6667,2.4212,8.5493,0
4811578.1,3,,96,56,8,50.0,1.0,65.0933,16.6667,2.4545,8.5422,0
4813578.1,3,,96,56,8,50.0,1.0,64.9933,16.6667,2.4879,8.535,0
4815578.1,3,,96,56,8,50.0,1.0,64.8933,16.6667,2.5212,8.5279,0
4817578.1,3,,96,56,8,50.0,1.0,64.7933,16.6667,2.5545,8.5208,0
4819578.1,3,,96,56,8,50.0,1.0,64.6933,16.6667,2.5879,8.5136,0
4821578.1,3,,96,56,8,50.0,1.0,64.5933,16.6667,2.6212,8.5065,0
4823578.1,3,,96,56,8,50.0,1.0,64.4933,16.6667,2.6545,8.4993,0
4825578.1,3,,96,56,8,50.0,1.0,64.3933,16.6667,2.6879,8.4922,0
4827578.1,3,,96,56,8,50.0,1.0,64.2933,16.6667,2.7212,8.485,0
4829578.1,3,,96,56,8,50.0,1.0,64.1933,16.6667,2.7545,8.4779,0
4831578.1,3,,96,56,8,50.0,1.0,64.0933,16.6667,2.7879,8.4708,0
4833578.1,3,,96,56,8,50.0,1.0,63.9933,16.6667,2.8212,8.4636,0
4835578.1,3,,96,56,8,50.0,1.0,63.8933,16.6667,2.8545,8.4565,0
4837578.1,3,,96,56,8,50.0,1.0,63.7933,16.6667,2.8879,8.4493,0
4839578.1,3,,96,56,8,50.0,1.0,63.6933,16.6667,2.9212,8.4422,0
4841578.1,3,,96,56,8,50.0,1.0,63.5933,16.6667,2.9545,8.435,0
4843578.1,3,,96,56,8,50.0,1.0,63.4933,16.6667,2.9879,8.4279,0
4845578.1,3,,96,56,8,50.0,1.0,63.3933,16.6667,3.0212,8.4208,0
4847578.1,3,,96,56,8,50.0,1.0,63.2933,16.6667,3.0545,8.4136,0
4849578.1,3,,96,56,8,50.0,1.0,63.1933,16.6667,3.0879,8.4065,0
4851578.1,3,,96,56,8,50.0,1.0,63.0933,16.6667,3.1212,8.3993,0
4853578.1,3,,96,56,8,50.0,1.0,62.9933,16.6667,3.1545,8.3922,0
4855578.1,3,,96,56,8,50.0,1.0,62.8933,16.6667,3.1879,8.385,0
4857578.1,3,,96,56,8,50.0,1.0,62.7933,16.6667,3.2212,8.3779,0
4859578.1,3,,96,56,8,50.0,1.0,62.6933,16.6667,3.2545,8.3708,0
4861578.1,3,,96,56,8,50.0,1.0,62.5933,16.6667,3.2879,8.3636,0
4863578.1,3,,96,56,8,50.0,1.0,62.4933,16.6667,3.3212,8.3565,0
4865578.1,3,,96,56,8,50.0,1.0,62.3933,16.6667,3.3545,8.3493,0
4867578.1,3,,96,56,8,50.0,1.0,62.2933,16.6667,3.3879,8.3422,0
4869578.1,3,,96,56,8,50.0,1.0,62.1933,16.6667,3.4212,8.335,0
4871578.1,3,,96,56,8,50.0,1.0,62.0933,16.6667,3.4545,8.3279,0
4873578.1,3,,96,56,8,50.0,1.0,61.9933,16.6667,3.4879,8.3208,0
4875578.1,3,,96,56,8,50.0,1.0,61.8933,16.6667,3.5212,8.3136,0
4877578.1,3,,96,56,8,50.0,1.0,61.7933,16.6667,3.5545,8.3065,0
4879578.1,3,,96,56,8,50.0,1.0,61.6933,16.6667,3.5879,8.2993,0
4881578.1,3,,96,56,8,50.0,1.0,61.5933,16.6667,3.6212,8.2922,0
4883578.1,3,,96,56,8,50.0,1.0,61.4933,16.6667,3.6545,8.285,0
4885578.1,3,,96,56,8,50.0,1.0,61.3933,16.6667,3.6879,8.2779,0
4887578.1,3,,96,56,8,50.0,1.0,61.2933,16.6667,3.7212,8.2708,0
4889578.1,3,,96,56,8,50.0,1.0,61.1933,16.6667,3.7545,8.2636,0
4891578.1,3,,96,56,8,50.0,1.0,61.0933,16.6667,3.7879,8.2565,0
4893578.1,3,,96,56,8,50.0,1.0,60.9933,16.6667,3.8212,8.2493,0
4895578.1,3,,96,56,8,50.0,1.0,60.8933,16.6667,3.8545,8.2422,0
4897578.1,3,,96,56,8,50.0,1.0,60.7933,16.6667,3.8879,8.235,0
4899578.1,3,,96,56,8,50.0,1.0,60.6933,16.6667,3.9212,8.2279,0
4901578.1,3,,96,56,8,50.0,1.0,60.5933,16.6667,3.9545,8.2208,0
4903578.1,3,,96,56,8,50.0,1.0,60.4933,16.6667,3.9879,8.2136,0
4905578.1,3,,96,56,8,50.0,1.0,60.3933,16.6667,4.0212,8.2065,0
4907578.1,3,,96,56,8,50.0,1.0,60.2933,16.6667,4.0545,8.1993,0
4909578.1,3,,96,56,8,50.0,1.0,60.1933,16.6667,4.0879,8.1922,0
4911578.1,3,,96,56,8,50.0,1.0,60.0933,16.6667,4.1212,8.185,0
4913578.1,3,,96,56,8,50.0,1.0,59.9933,16.6667,4.1545,8.1779,0
4915578.1,3,,96,56,8,50.0,1.0,59.8933,16.6667,4.1879,8.1708,0
4917578.1,3,,96,56,8,50.0,1.0,59.7933,16.6667,4.2212,8.1636,0
4919578.1,3,,96,56,8,50.0,1.0,59.6933,16.6667,4.2545,8.1565,0
4921578.1,3,,96,56,8,50.0,1.0,59.5933,16.6667,4.2879,8.1493,0
4923578.1,3,,96,56,8,50.0,1.0,59.4933,16.6667,4.3212,8.1422,0
4925578.1,3,,96,56,8,50.0,1.0,59.3933,16.6667,4.3545,8.135,0
4927578.1,3,,96,56,8,50.0,1.0,59.2933,16.6667,4.3879,8.1279,0
4929578.1,3,,96,56,8,50.0,1.0,59.1933,16.6667,4.4212,8.1208,0
4931578.1,3,,96,56,8,50.0,1.0,59.0933,16.6667,4.4545,8.1136,0
4933578.1,3,,96,56,8,50.0,1.0,58.9933,16.6667,4.4879,8.1065,0
4935578.1,3,,96,56,8,50.0,1.0,58.8933,16.6667,4.5212,8.0993,0
4937578.1,3,,96,56,8,50.0,1.0,58.7933,16.6667,4.5545,8.0922,0
4939578.1,3,,96,56,8,50.0,1.0,58.6933,16.6667,4.5879,8.085,0
4941578.1,3,,96,56,8,50.0,1.0,58.5933,16.6667,4.6212,8.0779,0
4943578.1,3,,96,56,8,50.0,1.0,58.4933,16.6667,4.6545,8.0708,0
4945578.1,3,,96,56,8,50.0,1.0,58.3933,16.6667,4.6879,8.0636,0
4947578.1,3,,96,56,8,50.0,1.0,58.2933,16.6667,4.7212,8.0565,0
4949578.1,3,,96,56,8,50.0,1.0,58.1933,16.6667,4.7545,8.0493,0
4951578.1,3,,96,56,8,50.0,1.0,58.0933,16.6667,4.7879,8.0422,0
4953578.1,3,,96,56,8,50.0,1.0,57.9933,16.6667,4.8212,8.035,0
4955578.1,3,,96,56,8,50.0,1.0,57.8933,16.6667,4.8545,8.0279,0
4957578.1,3,,96,56,8,50.0,1.0,57.7933,16.6667,4.8879,8.0208,0
4959578.1,3,,96,56,8,50.0,1.0,57.6933,16.6667,4.9212,8.0136,0
4961578.1,3,,96,56,8,50.0,1.0,57.5933,16.6667,4.9545,8.0065,0
4962203.9,3,,96,56,8,50.0,1.0,57.562,16.6667,4.965,8.0042,0
4963578.1,3,,95,56,8,50.0,1.0,57.4933,16.8478,4.9881,7.9993,0
4965578.1,3,,95,56,8,50.0,1.0,57.3933,16.8478,5.0218,7.9922,0
4967578.1,3,,95,56,8,50.0,1.0,57.2933,16.8478,5.0555,7.985,0
4969578.1,3,,95,56,8,50.0,1.0,57.1933,16.8478,5.0892,7.9779,0
4971578.1,3,,95,56,8,50.0,1.0,57.0933,16.8478,5.1229,7.9708,0
4973578.1,3,,95,56,8,50.0,1.0,56.9933,16.8478,5.1566,7.9636,0
4975578.1,3,,95,56,8,50.0,1.0,56.8933,16.8478,5.1903,7.9565,0
4977578.1,3,,95,56,8,50.0,1.0,56.7933,16.8478,5.224,7.9493,0
4979578.1,3,,95,56,8,50.0,1.0,56.6933,16.8478,5.2577,7.9422,0
4981578.1,3,,95,56,8,50.0,1.0,56.5933,16.8478,5.2914,7.935,0
4983578.1,3,,95,56,8,50.0,1.0,56.4933,16.8478,5.3251,7.9279,0
4985578.1,3,,95,56,8,50.0,1.0,56.3933,16.8478,5.3588,7.9208,0
4987578.1,3,,95,56,8,50.0,1.0,56.2933,16.8478,5.3925,7.9136,0
4988545.7,3,,95,56,8,50.0,1.0,56.2449,16.8478,5.4088,7.9102,0
4989578.1,3,,94,56,8,50.0,1.0,56.1933,17.029,5.4263,7.9065,0
4991578.1,3,,94,56,8,50.0,1.0,56.0933,17.029,5.4604,7.8993,0
4993578.1,3,,94,56,8,50.0,1.0,55.9933,17.029,5.4945,7.8922,0
4995578.1,3,,94,56,8,50.0,1.0,55.8933,17.029,5.5285,7.885,0
4997578.1,3,,94,56,8,50.0,1.0,55.7933,17.029,5.5626,7.8779,0
4999578.1,3,,94,56,8,50.0,1.0,55.6933,17.029,5.5966,7.8708,0
5000824.6,3,,94,56,8,50.0,1.0,55.631,17.029,5.6179,7.8663,0
5001578.1,3,,93,56,8,50.0,1.0,55.5933,17.2101,5.6308,7.8636,0
5003578.1,3,,93,56,8,50.0,1.0,55.4933,17.2101,5.6652,7.8565,0
5005578.1,3,,93,56,8,50.0,1.0,55.3933,17.2101,5.6997,7.8493,0
5007578.1,3,,93,56,8,50.0,1.0,55.2933,17.2101,5.7341,7.8422,0
5009578.1,3,,93,56,8,50.0,1.0,55.1933,17.2101,5.7685,7.835,0
5011578.1,3,,93,56,8,50.0,1.0,55.0933,17.2101,5.8029,7.8279,0
5013578.1,3,,93,56,8,50.0,1.0,54.9933,17.2101,5.8373,7.8208,0
5015578.1,3,,93,56,8,50.0,1.0,54.8933,17.2101,5.8718,7.8136,0
5017578.1,3,,93,56,8,50.0,1.0,54.7933,17.2101,5.9062,7.8065,0
5019578.1,3,,93,56,8,50.0,1.0,54.6933,17.2101,5.9406,7.7993,0
5021550.4,3,,93,56,8,50.0,1.0,54.5947,17.2101,5.9746,7.7923,0
5021578.1,3,,92,56,7,50.0,1.0,54.5933,15.135,5.2295,7.7922,0
5022924.8,3,,92,56,7,50.0,1.0,54.526,15.135,5.2499,7.7874,0
5023578.1,3,,91,56,7,50.0,1.0,54.4933,15.3162,5.2599,7.785,0
5025578.1,3,,91,56,7,50.0,1.0,54.3933,15.3162,5.2905,7.7779,0
5027578.1,3,,91,56,7,50.0,1.0,54.2933,15.3162,5.3212,7.7708,0
5029578.1,3,,91,56,7,50.0,1.0,54.1933,15.3162,5.3518,7.7636,0
5031578.1,3,,91,56,7,50.0,1.0,54.0933,15.3162,5.3824,7.7565,0
5033578.1,3,,91,56,7,50.0,1.0,53.9933,15.3162,5.4131,7.7493,0
5035578.1,3,,91,56,7,50.0,1.0,53.8933,15.3162,5.4437,7.7422,0
5037578.1,3,,91,56,7,50.0,1.0,53.7933,15.3162,5.4743,7.735,0
5039578.1,3,,91,56,7,50.0,1.0,53.6933,15.3162,5.5049,7.7279,0
5041578.1,3,,91,56,7,50.0,1.0,53.5933,15.3162,5.5356,7.7208,0
5043578.1,3,,91,56,7,50.0,1.0,53.4933,15.3162,5.5662,7.7136,0
5045578.1,3,,91,56,7,50.0,1.0,53.3933,15.3162,5.5968,7.7065,0
5047578.1,3,,91,56,7,50.0,1.0,53.2933,15.3162,5.6275,7.6993,0
5049578.1,3,,91,56,7,50.0,1.0,53.1933,15.3162,5.6581,7.6922,0
5051578.1,3,,91,56,7,50.0,1.0,53.0933,15.3162,5.6887,7.685,0
5053578.1,3,,91,56,7,50.0,1.0,52.9933,15.3162,5.7194,7.6779,0
5055578.1,3,,91,56,7,50.0,1.0,52.8933,15.3162,5.75,7.6708,0
5057578.1,3,,91,56,7,50.0,1.0,52.7933,15.3162,5.7806,7.6636,0
5059578.1,3,,91,56,7,50.0,1.0,52.6933,15.3162,5.8113,7.6565,0
5061578.1,3,,91,56,7,50.0,1.0,52.5933,15.3162,5.8419,7.6493,0
5063578.1,3,,91,56,7,50.0,1.0,52.4933,15.3162,5.8725,7.6422,0
5065578.1,3,,91,56,7,50.0,1.0,52.3933,15.3162,5.9032,7.635,0
5067578.1,3,,91,56,7,50.0,1.0,52.2933,15.3162,5.9338,7.6279,0
5069578.1,3,,91,56,7,50.0,1.0,52.1933,15.3162,5.9644,7.6208,0
5071578.1,3,,91,56,7,50.0,1.0,52.0933,15.3162,5.9951,7.6136,0
5073578.1,3,,91,56,7,50.0,1.0,51.9933,15.3162,6.0257,7.6065,0
5075578.1,3,,91,56,7,50.0,1.0,51.8933,15.3162,6.0563,7.5993,0
5077578.1,3,,91,56,7,50.0,1.0,51.7933,15.3162,6.087,7.5922,0
5079578.1,3,,91,56,7,50.0,1.0,51.6933,15.3162,6.1176,7.585,0
5081578.1,3,,91,56,7,50.0,1.0,51.5933,15.3162,6.1482,7.5779,0
5083578.1,3,,91,56,7,50.0,1.0,51.4933,15.3162,6.1789,7.5708,0
5085578.1,3,,91,56,7,50.0,1.0,51.3933,15.3162,6.2095,7.5636,0
5087578.1,3,,91,56,7,50.0,1.0,51.2933,15.3162,6.2401,7.5565,0
5089578.1,3,,91,56,7,50.0,1.0,51.1933,15.3162,6.2708,7.5493,0
5091578.1,3,,91,56,7,50.0,1.0,51.0933,15.3162,6.3014,7.5422,0
5093578.1,3,,91,56,7,50.0,1.0,50.9933,15.3162,6.332,7.535,0
5095578.1,3,,91,56,7,50.0,1.0,50.8933,15.3162,6.3627,7.5279,0
5097578.1,3,,91,56,7,50.0,1.0,50.7933,15.3162,6.3933,7.5208,0
5099578.1,3,,91,56,7,50.0,1.0,50.6933,15.3162,6.4239,7.5136,0
5099747.6,3,,91,56,7,50.0,1.0,50.6848,15.3162,6.4265,7.513,0
5101578.1,3,,90,56,7,50.0,1.0,50.5933,15.5138,6.4549,7.5065,0
5103578.1,3,,90,56,7,50.0,1.0,50.4933,15.5138,6.4859,7.4993,0
5105578.1,3,,90,56,7,50.0,1.0,50.3933,15.5138,6.517,7.4922,0
5107578.1,3,,90,56,7,50.0,1.0,50.2933,15.5138,6.548,7.485,0
5109578.1,3,,90,56,7,50.0,1.0,50.1933,15.5138,6.579,7.4779,0
5109860.1,3,,90,56,7,50.0,1.0,50.1792,15.5138,6.5834,7.4769,0
5111578.1,3,,89,56,7,50.0,1.0,50.0933,15.6221,6.6102,7.4708,0
5113578.1,3,,89,56,7,50.0,1.0,49.9933,15.6221,6.6415,7.4636,0
5115578.1,3,,89,56,7,50.0,1.0,49.8933,15.6221,6.6727,7.4565,0
5117578.1,3,,89,56,7,50.0,1.0,49.7933,15.6221,6.704,7.4493,0
5119578.1,3,,89,56,7,50.0,1.0,49.6933,15.6221,6.7352,7.4422,0
5121374.4,3,,89,56,7,50.0,1.0,49.6035,15.6221,6.7633,7.4358,0
5121578.1,3,,88,56,7,50.0,1.0,49.5933,15.8385,6.7665,7.435,0
5123578.1,3,,88,56,7,50.0,1.0,49.4933,15.8385,6.7982,7.4279,0
5125578.1,3,,88,56,7,50.0,1.0,49.3933,15.8385,6.8299,7.4208,0
5127578.1,3,,88,56,7,50.0,1.0,49.2933,15.8385,6.8615,7.4136,0
5129578.1,3,,88,56,7,50.0,1.0,49.1933,15.8385,6.8932,7.4065,0
5131578.1,3,,88,56,7,50.0,1.0,49.0933,15.8385,6.9249,7.3993,0
5132224.3,3,,88,56,7,50.0,1.0,49.061,15.8385,6.9351,7.397,0
5133578.1,3,,87,56,7,50.0,1.0,48.9933,15.9576,6.9567,7.3922,0
5135578.1,3,,87,56,7,50.0,1.0,48.8933,15.9576,6.9886,7.385,0
5137578.1,3,,87,56,7,50.0,1.0,48.7933,15.9576,7.0206,7.3779,0
5137858.6,3,,87,56,7,50.0,1.0,48.7793,15.9576,7.025,7.3769,0
5139578.1,3,,86,56,7,50.0,1.0,48.6933,16.1552,7.0528,7.3708,0
5141578.1,3,,86,56,7,50.0,1.0,48.5933,16.1552,7.0851,7.3636,0
5143578.1,3,,86,56,7,50.0,1.0,48.4933,16.1552,7.1174,7.3565,0
5145578.1,3,,86,56,7,50.0,1.0,48.3933,16.1552,7.1497,7.3493,0
5146969.9,3,,86,56,7,50.0,1.0,48.3237,16.1552,7.1722,7.3444,0
5147578.1,3,,85,56,7,50.0,1.0,48.2933,16.2868,7.1821,7.3422,0
5149578.1,3,,85,56,7,50.0,1.0,48.1933,16.2868,7.2147,7.335,0
5150474.2,3,,85,56,7,50.0,1.0,48.1485,16.2868,7.2293,7.3318,0
5150583.5,3,,84,56,7,50.0,1.0,48.143,16.5032,7.2311,7.3314,0
5151578.1,3,,83,56,7,50.0,1.0,48.0933,16.7008,7.2477,7.3279,0
5153578.1,3,,83,56,7,50.0,1.0,47.9933,16.7008,7.2811,7.3208,0
5155578.1,3,,83,56,7,50.0,1.0,47.8933,16.7008,7.3145,7.3136,0
5157578.1,3,,83,56,7,50.0,1.0,47.7933,16.7008,7.3479,7.3065,0
5159578.1,3,,83,56,7,50.0,1.0,47.6933,16.7008,7.3813,7.2993,0
5161578.1,3,,83,56,7,50.0,1.0,47.5933,16.7008,7.4147,7.2922,0
5163199.1,3,,83,56,7,50.0,1.0,47.5122,16.7008,7.4418,7.2864,0
5163578.1,3,,82,56,7,50.0,1.0,47.4933,16.9173,7.4482,7.285,0
5165578.1,3,,82,56,7,50.0,1.0,47.3933,16.9173,7.482,7.2779,0
5167578.1,3,,82,56,7,50.0,1.0,47.2933,16.9173,7.5159,7.2708,0
5169578.1,3,,82,56,7,50.0,1.0,47.1933,16.9173,7.5497,7.2636,0
5171578.1,3,,82,56,7,50.0,1.0,47.0933,16.9173,7.5835,7.2565,0
5173578.1,3,,82,56,7,50.0,1.0,46.9933,16.9173,7.6174,7.2493,0
5175578.1,3,,82,56,7,50.0,1.0,46.8933,16.9173,7.6512,7.2422,0
5177578.1,3,,82,56,7,50.0,1.0,46.7933,16.9173,7.685,7.235,0
5179578.1,3,,82,56,7,50.0,1.0,46.6933,16.9173,7.7189,7.2279,0
5181578.1,3,,82,56,7,50.0,1.0,46.5933,16.9173,7.7527,7.2208,0
5183578.1,3,,82,56,7,50.0,1.0,46.4933,16.9173,7.7866,7.2136,0
5185578.1,3,,82,56,7,50.0,1.0,46.3933,16.9173,7.8204,7.2065,0
5187283.6,3,,82,56,7,50.0,1.0,46.308,16.9173,7.8492,7.2004,0
5187578.1,3,,81,56,7,50.0,1.0,46.2933,17.1554,7.8543,7.1993,0
5188321.3,3,,81,56,7,50.0,1.0,46.2561,17.1554,7.867,7.1967,0
5189578.1,3,,80,56,7,50.0,1.0,46.1933,17.3935,7.8889,7.1922,0
5191578.1,3,,80,56,7,50.0,1.0,46.0933,17.3935,7.9237,7.185,0
5193578.1,3,,80,56,7,50.0,1.0,45.9933,17.3935,7.9585,7.1779,0
5195578.1,3,,80,56,7,50.0,1.0,45.8933,17.3935,7.9933,7.1708,0
5197578.1,3,,80,56,7,50.0,1.0,45.7933,17.3935,8.0281,7.1636,0
5199578.1,3,,80,56,7,50.0,1.0,45.6933,17.3935,8.0628,7.1565,0
5201578.1,3,,80,56,7,50.0,1.0,45.5933,17.3935,8.0976,7.1493,0
5203578.1,3,,80,56,7,50.0,1.0,45.4933,17.3935,8.1324,7.1422,0
5205578.1,3,,80,56,7,50.0,1.0,45.3933,17.3935,8.1672,7.135,0
5207578.1,3,,80,56,7,50.0,1.0,45.2933,17.3935,8.202,7.1279,0
5209578.1,3,,80,56,7,50.0,1.0,45.1933,17.3935,8.2368,7.1208,0
5210221.2,3,,80,56,7,50.0,1.0,45.1611,17.3935,8.248,7.1185,0
5211578.1,3,,79,56,7,50.0,1.0,45.0933,17.6566,8.2719,7.1136,0
5213578.1,3,,79,56,7,50.0,1.0,44.9933,17.6566,8.3072,7.1065,0
5215578.1,3,,79,56,7,50.0,1.0,44.8933,17.6566,8.3425,7.0993,0
5216174.1,3,,79,56,7,50.0,1.0,44.8635,17.6566,8.3531,7.0972,0
5217578.1,3,,78,56,7,50.0,1.0,44.7933,17.9198,8.3782,7.0922,0
5219432.7,3,,78,56,7,50.0,1.0,44.7006,17.9198,8.4115,7.0856,0
5219578.1,3,,77,56,7,50.0,1.0,44.6933,18.1579,8.4141,7.085,0
5221578.1,3,,77,56,7,50.0,1.0,44.5933,18.1579,8.4504,7.0779,0
5223578.1,3,,77,56,7,50.0,1.0,44.4933,18.1579,8.4867,7.0708,0
5225578.1,3,,77,56,7,50.0,1.0,44.3933,18.1579,8.523,7.0636,0
5227578.1,3,,77,56,7,50.0,1.0,44.2933,18.1579,8.5594,7.0565,0
5229578.1,3,,77,56,7,50.0,1.0,44.1933,18.1579,8.5957,7.0493,0
5231019.8,3,,77,56,7,50.0,1.0,44.1212,18.1579,8.6219,7.0442,0
5231578.1,3,,76,56,7,50.0,1.0,44.0933,18.3041,8.6321,7.0422,0
5233578.1,3,,76,56,7,50.0,1.0,43.9933,18.3041,8.6687,7.035,0
5235578.1,3,,76,56,7,50.0,1.0,43.8933,18.3041,8.7053,7.0279,0
5237578.1,3,,76,56,7,50.0,1.0,43.7933,18.3041,8.7419,7.0208,0
5239093.5,3,,76,56,7,50.0,1.0,43.7175,18.3041,8.7696,7.0153,0
5239578.1,3,,75,56,7,50.0,1.0,43.6933,18.5673,8.7786,7.0136,0
5241578.1,3,,75,56,7,50.0,1.0,43.5933,18.5673,8.8158,7.0065,0
5243578.1,3,,75,56,7,50.0,1.0,43.4933,18.5673,8.8529,6.9993,0
5245578.1,3,,75,56,7,50.0,1.0,43.3933,18.5673,8.89,6.9922,0
5247578.1,3,,75,56,7,50.0,1.0,43.2933,18.5673,8.9272,6.985,0
5249578.1,3,,75,56,7,50.0,1.0,43.1933,18.5673,8.9643,6.9779,0
5251578.1,3,,75,56,7,50.0,1.0,43.0933,18.5673,9.0014,6.9708,0
5253578.1,3,,75,56,7,50.0,1.0,42.9933,18.5673,9.0386,6.9636,0
5255578.1,3,,75,56,7,50.0,1.0,42.8933,18.5673,9.0757,6.9565,0
5257578.1,3,,75,56,7,50.0,1.0,42.7933,18.5673,9.1128,6.9493,0
5259578.1,3,,75,56,7,50.0,1.0,42.6933,18.5673,9.15,6.9422,0
5261578.1,3,,75,56,7,50.0,1.0,42.5933,18.5673,9.1871,6.935,0
5263578.1,3,,75,56,7,50.0,1.0,42.4933,18.5673,9.2243,6.9279,0
5265578.1,3,,75,56,7,50.0,1.0,42.3933,18.5673,9.2614,6.9208,0
5267578.1,3,,75,56,7,50.0,1.0,42.2933,18.5673,9.2985,6.9136,0
5269578.1,3,,75,56,7,50.0,1.0,42.1933,18.5673,9.3357,6.9065,0
5271578.1,3,,75,56,7,50.0,1.0,42.0933,18.5673,9.3728,6.8993,0
5273578.1,3,,75,56,7,50.0,1.0,41.9933,18.5673,9.4099,6.8922,0
5275578.1,3,,75,56,7,50.0,1.0,41.8933,18.5673,9.4471,6.885,0
5277578.1,3,,75,56,7,50.0,1.0,41.7933,18.5673,9.4842,6.8779,0
5279578.1,3,,75,56,7,50.0,1.0,41.6933,18.5673,9.5213,6.8708,0
5281578.1,3,,75,56,7,50.0,1.0,41.5933,18.5673,9.5585,6.8636,0
5283578.1,3,,75,56,7,50.0,1.0,41.4933,18.5673,9.5956,6.8565,0
5285578.1,3,,75,56,7,50.0,1.0,41.3933,18.5673,9.6327,6.8493,0
5287578.1,3,,75,56,7,50.0,1.0,41.2933,18.5673,9.6699,6.8422,0
5289578.1,3,,75,56,7,50.0,1.0,41.1933,18.5673,9.707,6.835,0
5291578.1,3,,75,56,7,50.0,1.0,41.0933,18.5673,9.7441,6.8279,0
5293578.1,3,,75,56,7,50.0,1.0,40.9933,18.5673,9.7813,6.8208,0
5295578.1,3,,75,56,7,50.0,1.0,40.8933,18.5673,9.8184,6.8136,0
5297578.1,3,,75,56,7,50.0,1.0,40.7933,18.5673,9.8555,6.8065,0
5299578.1,3,,75,56,7,50.0,1.0,40.6933,18.5673,9.8927,6.7993,0
5301578.1,3,,75,56,7,50.0,1.0,40.5933,18.5673,9.9298,6.7922,0
5303578.1,3,,75,56,7,50.0,1.0,40.4933,18.5673,9.9669,6.785,0
5305578.1,3,,75,56,7,50.0,1.0,40.3933,18.5673,10.0041,6.7779,0
5307578.1,3,,75,56,7,50.0,1.0,40.2933,18.5673,10.0412,6.7708,0
5309578.1,3,,75,56,7,50.0,1.0,40.1933,18.5673,10.0783,6.7636,0
5311578.1,3,,75,56,7,50.0,1.0,40.0933,18.5673,10.1155,6.7565,0
5312248.0,3,,75,56,7,50.0,1.0,40.0598,18.5673,10.1279,6.7541,0
5313578.1,3,,74,56,6,50.0,1.0,39.9933,16.0819,8.7075,6.7493,0
5315578.1,3,,74,56,6,50.0,1.0,39.8933,16.0819,8.7397,6.7422,0
5317578.1,3,,74,56,6,50.0,1.0,39.7933,16.0819,8.7718,6.735,0
5319578.1,3,,74,56,6,50.0,1.0,39.6933,16.0819,8.804,6.7279,0
5320968.0,3,,74,56,6,50.0,1.0,39.6238,16.0819,8.8264,6.7229,0
5321578.1,3,,73,56,5,50.0,1.0,39.5933,13.3041,7.3271,6.7208,0
5323578.1,3,,73,56,5,50.0,1.0,39.4933,13.3041,7.3538,6.7136,0
5325578.1,3,,73,56,5,50.0,1.0,39.3933,13.3041,7.3804,6.7065,0
5327578.1,3,,73,56,5,50.0,1.0,39.2933,13.3041,7.407,6.6993,0
5329578.1,3,,73,56,5,50.0,1.0,39.1933,13.3041,7.4336,6.6922,0
5331353.6,3,,73,56,5,50.0,1.0,39.1045,13.3041,7.4572,6.6858,0
5331578.1,3,,72,56,4,50.0,1.0,39.0933,10.8187,5.9687,6.685,0
5333578.1,3,,72,56,4,50.0,1.0,38.9933,10.8187,5.9903,6.6779,0
5335578.1,3,,72,56,4,50.0,1.0,38.8933,10.8187,6.012,6.6708,0
5337578.1,3,,72,56,4,50.0,1.0,38.7933,10.8187,6.0336,6.6636,0
5339578.1,3,,72,56,4,50.0,1.0,38.6933,10.8187,6.0552,6.6565,0
5341578.1,3,,72,56,4,50.0,1.0,38.5933,10.8187,6.0769,6.6493,0
5343578.1,3,,72,56,4,50.0,1.0,38.4933,10.8187,6.0985,6.6422,0
5345578.1,3,,72,56,4,50.0,1.0,38.3933,10.8187,6.1201,6.635,0
5347578.1,3,,72,56,4,50.0,1.0,38.2933,10.8187,6.1418,6.6279,0
5349578.1,3,,72,56,4,50.0,1.0,38.1933,10.8187,6.1634,6.6208,0
5351578.1,3,,72,56,4,50.0,1.0,38.0933,10.8187,6.1851,6.6136,0
5353578.1,3,,72,56,4,50.0,1.0,37.9933,10.8187,6.2067,6.6065,0
5355010.3,3,,72,56,4,50.0,1.0,37.9217,10.8187,6.2222,6.6014,0
5355578.1,3,,71,56,3,50.0,1.0,37.8933,8.0409,4.6662,6.5993,0
5357578.1,3,,71,56,3,50.0,1.0,37.7933,8.0409,4.6823,6.5922,0
5358086.8,3,,71,56,3,50.0,1.0,37.7679,8.0409,4.6864,6.5904,0
5359578.1,3,,70,56,2,50.0,1.0,37.6933,5.5556,3.1341,6.585,0
5361578.1,3,,70,56,2,50.0,1.0,37.5933,5.5556,3.1452,6.5779,0
5363578.1,3,,70,56,2,50.0,1.0,37.4933,5.5556,3.1563,6.5708,0
5365578.1,3,,70,56,2,50.0,1.0,37.3933,5.5556,3.1674,6.5636,0
5367578.1,3,,70,56,2,50.0,1.0,37.2933,5.5556,3.1785,6.5565,0
5369578.1,3,,70,56,2,50.0,1.0,37.1933,5.5556,3.1896,6.5493,0
5371578.1,3,,70,56,2,50.0,1.0,37.0933,5.5556,3.2007,6.5422,0
5373578.1,3,,70,56,2,50.0,1.0,36.9933,5.5556,3.2118,6.535,0
5375578.1,3,,70,56,2,50.0,1.0,36.8933,5.5556,3.223,6.5279,0
5376673.6,3,,70,56,2,50.0,1.0,36.8385,5.5556,3.229,6.524,0
5377578.1,3,,69,56,2,50.0,1.0,36.7933,5.5556,3.2341,6.5208,0
5379578.1,3,,69,56,2,50.0,1.0,36.6933,5.5556,3.2452,6.5136,0
5381578.1,3,,69,56,2,50.0,1.0,36.5933,5.5556,3.2563,6.5065,0
5383578.1,3,,69,56,2,50.0,1.0,36.4933,5.5556,3.2674,6.4993,0
5385578.1,3,,69,56,2,50.0,1.0,36.3933,5.5556,3.2785,6.4922,0
5387578.1,3,,69,56,2,50.0,1.0,36.2933,5.5556,3.2896,6.485,0
5389578.1,3,,69,56,2,50.0,1.0,36.1933,5.5556,3.3007,6.4779,0
5391578.1,3,,69,56,2,50.0,1.0,36.0933,5.5556,3.3118,6.4708,0
5393578.1,3,,69,56,2,50.0,1.0,35.9933,5.5556,3.323,6.4636,0
5393712.9,3,,69,56,2,50.0,1.0,35.9865,5.5556,3.3237,6.4631,0
5395578.1,3,,68,56,2,50.0,1.0,35.8933,5.5556,3.3341,6.4565,0
5397578.1,3,,68,56,2,50.0,1.0,35.7933,5.5556,3.3452,6.4493,0
5399578.1,3,,68,56,2,50.0,1.0,35.6933,5.5556,3.3563,6.4422,0
5401578.1,3,,68,56,2,50.0,1.0,35.5933,5.5556,3.3674,6.435,0
5403543.3,3,,68,56,2,50.0,1.0,35.495,5.5556,3.3783,6.428,0
5403578.1,3,,67,56,2,50.0,1.0,35.4933,5.5556,3.3785,6.4279,0
5405578.1,3,,67,56,2,50.0,1.0,35.3933,5.5556,3.3896,6.4208,0
5407578.1,3,,67,56,2,50.0,1.0,35.2933,5.5556,3.4007,6.4136,0
5409578.1,3,,67,56,2,50.0,1.0,35.1933,5.5556,3.4118,6.4065,0
5411578.1,3,,67,56,2,50.0,1.0,35.0933,5.5556,3.423,6.3993,0
5413578.1,3,,67,56,2,50.0,1.0,34.9933,5.5556,3.4341,6.3922,0
5415578.1,3,,67,56,2,50.0,1.0,34.8933,5.5556,3.4452,6.385,0
5417578.1,3,,67,56,2,50.0,1.0,34.7933,5.5556,3.4563,6.3779,0
5419578.1,3,,67,56,2,50.0,1.0,34.6933,5.5556,3.4674,6.3708,0
5421492.9,3,,67,56,2,50.0,1.0,34.5975,5.5556,3.478,6.3639,0
5421578.1,3,,66,56,1,50.0,1.0,34.5933,2.7778,1.7416,6.3636,0
5423578.1,3,,66,56,1,50.0,1.0,34.4933,2.7778,1.7471,6.3565,0
5425578.1,3,,66,56,1,50.0,1.0,34.3933,2.7778,1.7527,6.3493,0
5427200.0,3,,66,56,1,50.0,1.0,34.3122,2.7778,1.7572,6.3435,0
5427578.1,3,,64,56,0,50.0,1.0,34.2933,0,0.0,6.3422,0
5429578.1,3,,64,56,0,50.0,1.0,34.1933,0,0.0,6.335,0
5431241.4,3,,64,56,0,50.0,1.0,34.1101,0,0.0,6.3291,0
5431578.1,3,,63,56,0,50.0,1.0,34.0933,0,0.0,6.3279,0
5433578.1,3,,63,56,0,50.0,1.0,33.9933,0,0.0,6.3208,0
5435578.1,3,,63,56,0,50.0,1.0,33.8933,0,0.0,6.3136,0
5437578.1,3,,63,56,0,50.0,1.0,33.7933,0,0.0,6.3065,0
5439578.1,3,,63,56,0,50.0,1.0,33.6933,0,0.0,6.2993,0
5441578.1,3,,63,56,0,50.0,1.0,33.5933,0,0.0,6.2922,0
5443578.1,3,,63,56,0,50.0,1.0,33.4933,0,0.0,6.285,0
5444139.2,3,,63,56,0,50.0,1.0,33.4652,0,0.0,6.283,0
5445578.1,3,,62,56,0,50.0,1.0,33.3933,0,0.0,6.2779,0
5447578.1,3,,62,56,0,50.0,1.0,33.2933,0,0.0,6.2708,0
5448280.7,3,,62,56,0,50.0,1.0,33.2582,0,0.0,6.2682,0
5449382.1,3,,61,56,0,50.0,1.0,33.2031,0,0.0,6.2643,0
5449578.1,3,,60,56,0,50.0,1.0,33.1933,0,0.0,6.2636,0
5451578.1,3,,60,56,0,50.0,1.0,33.0933,0,0.0,6.2565,0
5453578.1,3,,60,56,0,50.0,1.0,32.9933,0,0.0,6.2493,0
5455526.1,3,,60,56,0,50.0,1.0,32.8959,0,0.0,6.2424,0
5455578.1,3,,59,56,0,50.0,1.0,32.8933,0,0.0,6.2422,0
5457578.1,3,,59,56,0,50.0,1.0,32.7933,0,0.0,6.235,0
5459578.1,3,,59,56,0,50.0,1.0,32.6933,0,0.0,6.2279,0
5461578.1,3,,59,56,0,50.0,1.0,32.5933,0,0.0,6.2208,0
5462170.1,3,,59,56,0,50.0,1.0,32.5637,0,0.0,6.2186,0
5463578.1,3,,58,55,0,50.0,1.0,32.4933,0,0.0,6.2135,0
5465578.1,3,,58,55,0,50.0,1.0,32.3933,0,0.0,6.2062,0
5467578.1,3,,58,55,0,50.0,1.0,32.2933,0,0.0,6.199,0
5469578.1,3,,58,55,0,50.0,1.0,32.1933,0,0.0,6.1917,0
5471578.1,3,,58,55,0,50.0,1.0,32.0933,0,0.0,6.1844,0
5473075.2,3,,58,55,0,50.0,1.0,32.0184,0,0.0,6.179,0
5473578.1,3,,57,55,0,50.0,1.0,31.9933,0,0.0,6.1771,0
5475578.1,3,,57,55,0,50.0,1.0,31.8933,0,0.0,6.1699,0
5477578.1,3,,57,55,0,50.0,1.0,31.7933,0,0.0,6.1626,0
5479578.1,3,,57,55,0,50.0,1.0,31.6933,0,0.0,6.1553,0
5480803.8,3,,57,55,0,50.0,1.0,31.632,0,0.0,6.1508,0
5481578.1,3,,56,54,0,50.0,1.0,31.5933,0,0.0,6.148,0
5483578.1,3,,56,54,0,50.0,1.0,31.4933,0,0.0,6.1406,0
5484760.0,3,,56,54,0,50.0,1.0,31.4342,0,0.0,6.1362,0
5485578.1,3,,55,54,0,50.0,1.0,31.3933,0,0.0,6.1332,0
5487578.1,3,,55,54,0,50.0,1.0,31.2933,0,0.0,6.1258,0
5489578.1,3,,55,54,0,50.0,1.0,31.1933,0,0.0,6.1183,0
5490793.6,3,,55,54,0,50.0,1.0,31.1325,0,0.0,6.1138,0
5491578.1,3,,54,54,0,50.0,1.0,31.0933,0,0.0,6.1109,0
5493578.1,3,,54,54,0,50.0,1.0,30.9933,0,0.0,6.1035,0
5495578.1,3,,54,54,0,50.0,1.0,30.8933,0,0.0,6.0961,0
5497578.1,3,,54,54,0,50.0,1.0,30.7933,0,0.0,6.0887,0
5499578.1,3,,54,54,0,50.0,1.0,30.6933,0,0.0,6.0813,0
5501578.1,3,,54,54,0,50.0,1.0,30.5933,0,0.0,6.0738,0
5503578.1,3,,54,54,0,50.0,1.0,30.4933,0,0.0,6.0664,0
5505578.1,3,,54,54,0,50.0,1.0,30.3933,0,0.0,6.059,0
5507578.1,3,,54,54,0,50.0,1.0,30.2933,0,0.0,6.0516,0
5509578.1,3,,54,54,0,50.0,1.0,30.1933,0,0.0,6.0442,0
5511578.1,3,,54,54,0,50.0,1.0,30.0933,0,0.0,6.0367,0
5513578.1,3,,54,54,0,50.0,1.0,29.9933,0,0.0,6.0293,0
5515578.1,3,,54,54,0,50.0,1.0,29.8933,0,0.0,6.0219,0
5517578.1,3,,54,54,0,50.0,1.0,29.7933,0,0.0,6.0145,0
5519578.1,3,,54,54,0,50.0,1.0,29.6933,0,0.0,6.0071,0
5520168.3,3,,54,54,0,50.0,1.0,29.6638,0,0.0,6.0049,0
5521578.1,3,,53,53,0,50.0,1.0,29.5933,0,0.0,5.9996,0
5523578.1,3,,53,53,0,50.0,1.0,29.4933,0,0.0,5.992,0
5524428.1,3,,53,53,0,50.0,1.0,29.4508,0,0.0,5.9888,0
5525578.1,3,,52,52,0,50.0,1.0,29.3933,0,0.0,5.9844,0
5527578.1,3,,52,52,0,50.0,1.0,29.2933,0,0.0,5.9766,0
5529578.1,3,,52,52,0,50.0,1.0,29.1933,0,0.0,5.9689,0
5531578.1,3,,52,52,0,50.0,1.0,29.0933,0,0.0,5.9612,0
5532297.0,3,,52,52,0,50.0,1.0,29.0573,0,0.0,5.9584,0
5533578.1,3,,51,51,0,50.0,1.0,28.9933,0,0.0,5.9534,0
5535578.1,3,,51,51,0,50.0,1.0,28.8933,0,0.0,5.9456,0
5537578.1,3,,51,51,0,50.0,1.0,28.7933,0,0.0,5.9377,0
5539578.1,3,,51,51,0,50.0,1.0,28.6933,0,0.0,5.9299,0
5540816.6,3,,51,51,0,50.0,1.0,28.6314,0,0.0,5.925,0
5541578.1,3,,50,50,0,50.0,1.0,28.5933,0,0.0,5.9219,0
5543578.1,3,,50,50,0,50.0,1.0,28.4933,0,0.0,5.9139,0
5545578.1,3,,50,50,0,50.0,1.0,28.3933,0,0.0,5.9059,0
5547578.1,3,,50,50,0,50.0,1.0,28.2933,0,0.0,5.8979,0
5549578.1,3,,50,50,0,50.0,1.0,28.1933,0,0.0,5.8899,0
5551578.1,3,,50,50,0,50.0,1.0,28.0933,0,0.0,5.8819,0
5553578.1,3,,50,50,0,50.0,1.0,27.9933,0,0.0,5.8739,0
5555578.1,3,,50,50,0,50.0,1.0,27.8933,0,0.0,5.8659,0
5556474.8,3,,50,50,0,50.0,1.0,27.8485,0,0.0,5.8623,0
5557578.1,3,,49,49,0,50.0,1.0,27.7933,0,0.0,5.8578,0
5559578.1,3,,49,49,0,50.0,1.0,27.6933,0,0.0,5.8496,0
5561578.1,3,,49,49,0,50.0,1.0,27.5933,0,0.0,5.8414,0
5563578.1,3,,49,49,0,50.0,1.0,27.4933,0,0.0,5.8332,0
5565578.1,3,,49,49,0,50.0,1.0,27.3933,0,0.0,5.8251,0
5567578.1,3,,49,49,0,50.0,1.0,27.2933,0,0.0,5.8169,0
5569578.1,3,,49,49,0,50.0,1.0,27.1933,0,0.0,5.8087,0
5570736.1,3,,49,49,0,50.0,1.0,27.1354,0,0.0,5.804,0
5571578.1,3,,48,48,0,50.0,1.0,27.0933,0,0.0,5.8005,0
5572273.9,3,,48,48,0,50.0,1.0,27.0585,0,0.0,5.7976,0
5573578.1,3,,46,46,0,50.0,1.0,26.9933,0,0.0,5.7919,0
5575578.1,3,,46,46,0,50.0,1.0,26.8933,0,0.0,5.7831,0
5577578.1,3,,46,46,0,50.0,1.0,26.7933,0,0.0,5.7744,0
5579578.1,3,,46,46,0,50.0,1.0,26.6933,0,0.0,5.7656,0
5581578.1,3,,46,46,0,50.0,1.0,26.5933,0,0.0,5.7569,0
5583578.1,3,,46,46,0,50.0,1.0,26.4933,0,0.0,5.7481,0
5585578.1,3,,46,46,0,50.0,1.0,26.3933,0,0.0,5.7394,0
5587578.1,3,,46,46,0,50.0,1.0,26.2933,0,0.0,5.7306,0
5589578.1,3,,46,46,0,50.0,1.0,26.1933,0,0.0,5.7219,0
5591578.1,3,,46,46,0,50.0,1.0,26.0933,0,0.0,5.7131,0
5593578.1,3,,46,46,0,50.0,1.0,25.9933,0,0.0,5.7044,0
5595578.1,3,,46,46,0,50.0,1.0,25.8933,0,0.0,5.6956,0
5597578.1,3,,46,46,0,50.0,1.0,25.7933,0,0.0,5.6869,0
5599578.1,3,,46,46,0,50.0,1.0,25.6933,0,0.0,5.6781,0
5601578.1,3,,46,46,0,50.0,1.0,25.5933,0,0.0,5.6694,0
5603578.1,3,,46,46,0,50.0,1.0,25.4933,0,0.0,5.6606,0
5605578.1,3,,46,46,0,50.0,1.0,25.3933,0,0.0,5.6519,0
5606125.5,3,,46,46,0,50.0,1.0,25.3659,0,0.0,5.6495,0
5607578.1,3,,45,45,0,50.0,1.0,25.2933,0,0.0,5.643,0
5609578.1,3,,45,45,0,50.0,1.0,25.1933,0,0.0,5.634,0
5609730.0,3,,45,45,0,50.0,1.0,25.1857,0,0.0,5.6334,0
5611525.0,3,,44,44,0,50.0,1.0,25.0959,0,0.0,5.6251,0
5611578.1,3,,43,43,0,50.0,1.0,25.0933,0,0.0,5.6249,0
5613578.1,3,,43,43,0,50.0,1.0,24.9933,0,0.0,5.6155,0
5615578.1,3,,43,43,0,50.0,1.0,24.8933,0,0.0,5.6062,0
5617578.1,3,,43,43,0,50.0,1.0,24.7933,0,0.0,5.5968,0
5619578.1,3,,43,43,0,50.0,1.0,24.6933,0,0.0,5.5875,0
5621578.1,3,,43,43,0,50.0,1.0,24.5933,0,0.0,5.5781,0
5622732.1,3,,43,43,0,50.0,1.0,24.5356,0,0.0,5.5727,0
5623578.1,3,,42,42,0,50.0,1.0,24.4933,0,0.0,5.5687,0
5625578.1,3,,42,42,0,50.0,1.0,24.3933,0,0.0,5.5591,0
5627578.1,3,,42,42,0,50.0,1.0,24.2933,0,0.0,5.5496,0
5629547.4,3,,42,42,0,50.0,1.0,24.1948,0,0.0,5.5402,0
5629578.1,3,,41,41,0,50.0,1.0,24.1933,0,0.0,5.54,0
5631578.1,3,,41,41,0,50.0,1.0,24.0933,0,0.0,5.5303,0
5633578.1,3,,41,41,0,50.0,1.0,23.9933,0,0.0,5.5205,0
5635578.1,3,,41,41,0,50.0,1.0,23.8933,0,0.0,5.5107,0
5637578.1,3,,41,41,0,50.0,1.0,23.7933,0,0.0,5.5009,0
5639578.1,3,,41,41,0,50.0,1.0,23.6933,0,0.0,5.4912,0
5641578.1,3,,41,41,0,50.0,1.0,23.5933,0,0.0,5.4814,0
5643578.1,3,,41,41,0,50.0,1.0,23.4933,0,0.0,5.4716,0
5645578.1,3,,41,41,0,50.0,1.0,23.3933,0,0.0,5.4618,0
5647578.1,3,,41,41,0,50.0,1.0,23.2933,0,0.0,5.4521,0
5649578.1,3,,41,41,0,50.0,1.0,23.1933,0,0.0,5.4423,0
5651578.1,3,,41,41,0,50.0,1.0,23.0933,0,0.0,5.4325,0
5653578.1,3,,41,41,0,50.0,1.0,22.9933,0,0.0,5.4228,0
5655578.1,3,,41,41,0,50.0,1.0,22.8933,0,0.0,5.413,0
5657578.1,3,,41,41,0,50.0,1.0,22.7933,0,0.0,5.4032,0
5659578.1,3,,41,41,0,50.0,1.0,22.6933,0,0.0,5.3934,0
5661578.1,3,,41,41,0,50.0,1.0,22.5933,0,0.0,5.3837,0
5663578.1,3,,41,41,0,50.0,1.0,22.4933,0,0.0,5.3739,0
5664024.3,3,,41,41,0,50.0,1.0,22.471,0,0.0,5.3717,0
5665578.1,3,,40,40,0,50.0,1.0,22.3933,0,0.0,5.3639,0
5667578.1,3,,40,40,0,50.0,1.0,22.2933,0,0.0,5.3539,0
5669578.1,3,,40,40,0,50.0,1.0,22.1933,0,0.0,5.3438,0
5669590.4,3,,40,40,0,50.0,1.0,22.1927,0,0.0,5.3437,0
5671578.1,3,,39,39,0,50.0,1.0,22.0933,0,0.0,5.3335,0
5673578.1,3,,39,39,0,50.0,1.0,21.9933,0,0.0,5.3232,0
5675578.1,3,,39,39,0,50.0,1.0,21.8933,0,0.0,5.313,0
5677578.1,3,,39,39,0,50.0,1.0,21.7933,0,0.0,5.3027,0
5679578.1,3,,39,39,0,50.0,1.0,21.6933,0,0.0,5.2924,0
5681578.1,3,,39,39,0,50.0,1.0,21.5933,0,0.0,5.2821,0
5681976.2,3,,39,39,0,50.0,1.0,21.5734,0,0.0,5.2801,0
5683578.1,3,,38,38,0,50.0,1.0,21.4933,0,0.0,5.2716,0
5685578.1,3,,38,38,0,50.0,1.0,21.3933,0,0.0,5.2611,0
5687578.1,3,,38,38,0,50.0,1.0,21.2933,0,0.0,5.2505,0
5689251.2,3,,38,38,0,50.0,1.0,21.2096,0,0.0,5.2417,0
5689578.1,3,,37,37,0,50.0,1.0,21.1933,0,0.0,5.2399,0
5691578.1,3,,37,37,0,50.0,1.0,21.0933,0,0.0,5.2291,0
5693578.1,3,,37,37,0,50.0,1.0,20.9933,0,0.0,5.2183,0
5695149.4,3,,37,37,0,50.0,1.0,20.9147,0,0.0,5.2097,0
5695578.1,3,,36,36,0,50.0,1.0,20.8933,0,0.0,5.2074,0
5697578.1,3,,36,36,0,50.0,1.0,20.7933,0,0.0,5.1962,0
5699578.1,3,,36,36,0,50.0,1.0,20.6933,0,0.0,5.185,0
5701578.1,3,,36,36,0,50.0,1.0,20.5933,0,0.0,5.1738,0
5703578.1,3,,36,36,0,50.0,1.0,20.4933,0,0.0,5.1626,0
5705578.1,3,,36,36,0,50.0,1.0,20.3933,0,0.0,5.1514,0
5707578.1,3,,36,36,0,50.0,1.0,20.2933,0,0.0,5.1403,0
5709578.1,3,,36,36,0,50.0,1.0,20.1933,0,0.0,5.1291,0
5711578.1,3,,36,36,0,50.0,1.0,20.0933,0,0.0,5.1179,0
5713578.1,3,,36,36,0,50.0,1.0,19.9933,0,0.0,5.1067,0
5715578.1,3,,36,36,0,50.0,1.0,19.8933,0,0.0,5.0955,0
5717578.1,3,,36,36,0,50.0,1.0,19.7933,0,0.0,5.0844,0
5719578.1,3,,36,36,0,50.0,1.0,19.6933,0,0.0,5.0732,0
5721578.1,3,,36,36,0,50.0,1.0,19.5933,0,0.0,5.062,0
5723006.7,3,,36,36,0,50.0,1.0,19.5219,0,0.0,5.054,0
5723578.1,3,,35,35,0,50.0,1.0,19.4933,0,0.0,5.0507,0
5725578.1,3,,35,35,0,50.0,1.0,19.3933,0,0.0,5.0392,0
5727578.1,3,,35,35,0,50.0,1.0,19.2933,0,0.0,5.0277,0
5729578.1,3,,35,35,0,50.0,1.0,19.1933,0,0.0,5.0161,0
5731578.1,3,,35,35,0,50.0,1.0,19.0933,0,0.0,5.0046,0
5733578.1,3,,35,35,0,50.0,1.0,18.9933,0,0.0,4.9931,0
5735578.1,3,,35,35,0,50.0,1.0,18.8933,0,0.0,4.9816,0
5737578.1,3,,35,35,0,50.0,1.0,18.7933,0,0.0,4.97,0
5739578.1,3,,35,35,0,50.0,1.0,18.6933,0,0.0,4.9585,0
5741578.1,3,,35,35,0,50.0,1.0,18.5933,0,0.0,4.947,0
5743578.1,3,,35,35,0,50.0,1.0,18.4933,0,0.0,4.9354,0
5743907.8,3,,35,35,0,50.0,1.0,18.4768,0,0.0,4.9335,0
5745578.1,3,,34,34,0,50.0,1.0,18.3933,0,0.0,4.9236,0
5746529.2,3,,34,34,0,50.0,1.0,18.3457,0,0.0,4.918,0
5747578.1,3,,33,33,0,50.0,1.0,18.2933,0,0.0,4.9115,0
5749578.1,3,,33,33,0,50.0,1.0,18.1933,0,0.0,4.8992,0
5750632.4,3,,33,33,0,50.0,1.0,18.1406,0,0.0,4.8927,0
5751578.1,3,,32,32,0,50.0,1.0,18.0933,0,0.0,4.8867,0
5752821.1,3,,32,32,0,50.0,1.0,18.0311,0,0.0,4.8789,0
5753578.1,3,,31,31,0,50.0,1.0,17.9933,0,0.0,4.874,0
5754464.0,3,,31,31,0,50.0,1.0,17.949,0,0.0,4.8682,0
5755578.1,3,,30,30,0,50.0,1.0,17.8933,0,0.0,4.8607,0
5757578.1,3,,30,30,0,50.0,1.0,17.7933,0,0.0,4.8472,0
5759578.1,3,,30,30,0,50.0,1.0,17.6933,0,0.0,4.8337,0
5761578.1,3,,30,30,0,50.0,1.0,17.5933,0,0.0,4.8202,0
5763578.1,3,,30,30,0,50.0,1.0,17.4933,0,0.0,4.8067,0
5765578.1,3,,30,30,0,50.0,1.0,17.3933,0,0.0,4.7932,0
5767578.1,3,,30,30,0,50.0,1.0,17.2933,0,0.0,4.7797,0
5769578.1,3,,30,30,0,50.0,1.0,17.1933,0,0.0,4.7662,0
5771578.1,3,,30,30,0,50.0,1.0,17.0933,0,0.0,4.7527,0
5773578.1,3,,30,30,0,50.0,1.0,16.9933,0,0.0,4.7393,0
5775578.1,3,,30,30,0,50.0,1.0,16.8933,0,0.0,4.7258,0
5777578.1,3,,30,30,0,50.0,1.0,16.7933,0,0.0,4.7123,0
5779578.1,3,,30,30,0,50.0,1.0,16.6933,0,0.0,4.6988,0
5781578.1,3,,30,30,0,50.0,1.0,16.5933,0,0.0,4.6853,0
5783072.7,3,,30,30,0,50.0,1.0,16.5186,0,0.0,4.6752,0
5783578.1,3,,29,29,0,50.0,1.0,16.4933,0,0.0,4.6717,0
5785578.1,3,,29,29,0,50.0,1.0,16.3933,0,0.0,4.6579,0
5787578.1,3,,29,29,0,50.0,1.0,16.2933,0,0.0,4.644,0
5789578.1,3,,29,29,0,50.0,1.0,16.1933,0,0.0,4.6302,0
5791578.1,3,,29,29,0,50.0,1.0,16.0933,0,0.0,4.6163,0
5793578.1,3,,29,29,0,50.0,1.0,15.9933,0,0.0,4.6025,0
5795578.1,3,,29,29,0,50.0,1.0,15.8933,0,0.0,4.5887,0
5797578.1,3,,29,29,0,50.0,1.0,15.7933,0,0.0,4.5748,0
5799578.1,3,,29,29,0,50.0,1.0,15.6933,0,0.0,4.561,0
5801578.1,3,,29,29,0,50.0,1.0,15.5933,0,0.0,4.5472,0
5802633.0,3,,29,29,0,50.0,1.0,15.5405,0,0.0,4.5399,0
5803578.1,3,,28,28,0,50.0,1.0,15.4933,0,0.0,4.533,0
5805578.1,3,,28,28,0,50.0,1.0,15.3933,0,0.0,4.5186,0
5807578.1,3,,28,28,0,50.0,1.0,15.2933,0,0.0,4.5042,0
5809578.1,3,,28,28,0,50.0,1.0,15.1933,0,0.0,4.4897,0
5811578.1,3,,28,28,0,50.0,1.0,15.0933,0,0.0,4.4753,0
5813578.1,3,,28,28,0,50.0,1.0,14.9933,0,0.0,4.4609,0
5815578.1,3,,28,28,0,50.0,1.0,14.8933,0,0.0,4.4464,0
5817578.1,3,,28,28,0,50.0,1.0,14.7933,0,0.0,4.432,0
5819578.1,3,,28,28,0,50.0,1.0,14.6933,0,0.0,4.4176,0
5821578.1,3,,28,28,0,50.0,1.0,14.5933,0,0.0,4.4031,0
5823578.1,3,,28,28,0,50.0,1.0,14.4933,0,0.0,4.3887,0
5825578.1,3,,28,28,0,50.0,1.0,14.3933,0,0.0,4.3743,0
5826810.8,3,,28,28,0,50.0,1.0,14.3317,0,0.0,4.3654,0
5827578.1,3,,27,27,0,50.0,1.0,14.2933,0,0.0,4.3596,0
5829578.1,3,,27,27,0,50.0,1.0,14.1933,0,0.0,4.3446,0
5831578.1,3,,27,27,0,50.0,1.0,14.0933,0,0.0,4.3295,0
5833578.1,3,,27,27,0,50.0,1.0,13.9933,0,0.0,4.3145,0
5835578.1,3,,27,27,0,50.0,1.0,13.8933,0,0.0,4.2995,0
5837578.1,3,,27,27,0,50.0,1.0,13.7933,0,0.0,4.2844,0
5839578.1,3,,27,27,0,50.0,1.0,13.6933,0,0.0,4.2694,0
5841578.1,3,,27,27,0,50.0,1.0,13.5933,0,0.0,4.2544,0
5843365.9,3,,27,27,0,50.0,1.0,13.5039,0,0.0,4.2409,0
5843578.1,3,,26,26,0,50.0,1.0,13.4933,0,0.0,4.2393,0
5845578.1,3,,26,26,0,50.0,1.0,13.3933,0,0.0,4.2238,0
5847578.1,3,,26,26,0,50.0,1.0,13.2933,0,0.0,4.2084,0
5849578.1,3,,26,26,0,50.0,1.0,13.1933,0,0.0,4.1929,0
5851578.1,3,,26,26,0,50.0,1.0,13.0933,0,0.0,4.1774,0
5853578.1,3,,26,26,0,50.0,1.0,12.9933,0,0.0,4.1619,0
5855578.1,3,,26,26,0,50.0,1.0,12.8933,0,0.0,4.1464,0
5857578.1,3,,26,26,0,50.0,1.0,12.7933,0,0.0,4.131,0
5859578.1,3,,26,26,0,50.0,1.0,12.6933,0,0.0,4.1155,0
5861578.1,3,,26,26,0,50.0,1.0,12.5933,0,0.0,4.1,0
5863578.1,3,,26,26,0,50.0,1.0,12.4933,0,0.0,4.0845,0
5865578.1,3,,26,26,0,50.0,1.0,12.3933,0,0.0,4.0691,0
5867578.1,3,,26,26,0,50.0,1.0,12.2933,0,0.0,4.0536,0
5869578.1,3,,26,26,0,50.0,1.0,12.1933,0,0.0,4.0381,0
5871578.1,3,,26,26,0,50.0,1.0,12.0933,0,0.0,4.0226,0
5873578.1,3,,26,26,0,50.0,1.0,11.9933,0,0.0,4.0072,0
5875578.1,3,,26,26,0,50.0,1.0,11.8933,0,0.0,3.9917,0
5877578.1,3,,26,26,0,50.0,1.0,11.7933,0,0.0,3.9762,0
5879578.1,3,,26,26,0,50.0,1.0,11.6933,0,0.0,3.9607,0
5881578.1,3,,26,26,0,50.0,1.0,11.5933,0,0.0,3.9453,0
5883565.4,3,,26,26,0,50.0,1.0,11.4939,0,0.0,3.9299,0
5883578.1,3,,25,25,0,50.0,1.0,11.4933,0,0.0,3.9298,0
5885578.1,3,,25,25,0,50.0,1.0,11.3933,0,0.0,3.9137,0
5887578.1,3,,25,25,0,50.0,1.0,11.2933,0,0.0,3.8976,0
5889578.1,3,,25,25,0,50.0,1.0,11.1933,0,0.0,3.8816,0
5891578.1,3,,25,25,0,50.0,1.0,11.0933,0,0.0,3.8655,0
5893578.1,3,,25,25,0,50.0,1.0,10.9933,0,0.0,3.8494,0
5893828.6,3,,25,25,0,50.0,1.0,10.9808,0,0.0,3.8474,0
5895578.1,3,,24,24,0,50.0,1.0,10.8933,0,0.0,3.8328,0
5897578.1,3,,24,24,0,50.0,1.0,10.7933,0,0.0,3.8162,0
5899578.1,3,,24,24,0,50.0,1.0,10.6933,0,0.0,3.7995,0
5901578.1,3,,24,24,0,50.0,1.0,10.5933,0,0.0,3.7828,0
5903578.1,3,,24,24,0,50.0,1.0,10.4933,0,0.0,3.7662,0
5905578.1,3,,24,24,0,50.0,1.0,10.3933,0,0.0,3.7495,0
5907578.1,3,,24,24,0,50.0,1.0,10.2933,0,0.0,3.7328,0
5909578.1,3,,24,24,0,50.0,1.0,10.1933,0,0.0,3.7162,0
5911578.1,3,,24,24,0,50.0,1.0,10.0933,0,0.0,3.6995,0
5913578.1,3,,24,24,0,50.0,1.0,9.9933,0,0.0,3.6828,0
5915578.1,3,,24,24,0,50.0,1.0,9.8933,0,0.0,3.6662,0
5917578.1,3,,24,24,0,50.0,1.0,9.7933,0,0.0,3.6495,0
5919578.1,3,,24,24,0,50.0,1.0,9.6933,0,0.0,3.6328,0
5921578.1,3,,24,24,0,50.0,1.0,9.5933,0,0.0,3.6162,0
5923578.1,3,,24,24,0,50.0,1.0,9.4933,0,0.0,3.5995,0
5925578.1,3,,24,24,0,50.0,1.0,9.3933,0,0.0,3.5828,0
5927578.1,3,,24,24,0,50.0,1.0,9.2933,0,0.0,3.5662,0
5929578.1,3,,24,24,0,50.0,1.0,9.1933,0,0.0,3.5495,0
5931578.1,3,,24,24,0,50.0,1.0,9.0933,0,0.0,3.5328,0
5933578.1,3,,24,24,0,50.0,1.0,8.9933,0,0.0,3.5162,0
5935578.1,3,,24,24,0,50.0,1.0,8.8933,0,0.0,3.4995,0
5937578.1,3,,24,24,0,50.0,1.0,8.7933,0,0.0,3.4828,0
5939578.1,3,,24,24,0,50.0,1.0,8.6933,0,0.0,3.4662,0
5941578.1,3,,24,24,0,50.0,1.0,8.5933,0,0.0,3.4495,0
5943578.1,3,,24,24,0,50.0,1.0,8.4933,0,0.0,3.4328,0
5945578.1,3,,24,24,0,50.0,1.0,8.3933,0,0.0,3.4162,0
5947578.1,3,,24,24,0,50.0,1.0,8.2933,0,0.0,3.3995,0
5949578.1,3,,24,24,0,50.0,1.0,8.1933,0,0.0,3.3828,0
5951578.1,3,,24,24,0,50.0,1.0,8.0933,0,0.0,3.3662,0
5953578.1,3,,24,24,0,50.0,1.0,7.9933,0,0.0,3.3495,0
5955578.1,3,,24,24,0,50.0,1.0,7.8933,0,0.0,3.3328,0
5957578.1,3,,24,24,0,50.0,1.0,7.7933,0,0.0,3.3162,0
5959578.1,3,,24,24,0,50.0,1.0,7.6933,0,0.0,3.2995,0
5960242.5,3,,24,24,0,50.0,1.0,7.6601,0,0.0,3.294,0
5961578.1,3,,23,23,0,50.0,1.0,7.5933,0,0.0,3.2823,0
5963578.1,3,,23,23,0,50.0,1.0,7.4933,0,0.0,3.2648,0
5965578.1,3,,23,23,0,50.0,1.0,7.3933,0,0.0,3.2473,0
5966402.5,3,,23,23,0,50.0,1.0,7.3521,0,0.0,3.2401,0
5967578.1,3,,22,22,0,50.0,1.0,7.2933,0,0.0,3.2293,0
5969578.1,3,,22,22,0,50.0,1.0,7.1933,0,0.0,3.2109,0
5971578.1,3,,22,22,0,50.0,1.0,7.0933,0,0.0,3.1926,0
5973349.7,3,,22,22,0,50.0,1.0,7.0047,0,0.0,3.1764,0
5973578.1,3,,21,21,0,50.0,1.0,6.9933,0,0.0,3.1741,0
5975578.1,3,,21,21,0,50.0,1.0,6.8933,0,0.0,3.1546,0
5977578.1,3,,21,21,0,50.0,1.0,6.7933,0,0.0,3.135,0
5979578.1,3,,21,21,0,50.0,1.0,6.6933,0,0.0,3.1154,0
5981578.1,3,,21,21,0,50.0,1.0,6.5933,0,0.0,3.0958,0
5983578.1,3,,21,21,0,50.0,1.0,6.4933,0,0.0,3.0762,0
5985578.1,3,,21,21,0,50.0,1.0,6.3933,0,0.0,3.0566,0
5987578.1,3,,21,21,0,50.0,1.0,6.2933,0,0.0,3.0371,0
5987701.7,3,,21,21,0,50.0,1.0,6.2871,0,0.0,3.0358,0
5988200.4,3,,20,20,0,50.0,1.0,6.2622,0,0.0,3.0307,0
5989578.1,3,,19,19,0,50.0,1.0,6.1933,0,0.0,3.0157,0
5991578.1,3,,19,19,0,50.0,1.0,6.0933,0,0.0,2.9941,0
5993578.1,3,,19,19,0,50.0,1.0,5.9933,0,0.0,2.9724,0
5995578.1,3,,19,19,0,50.0,1.0,5.8933,0,0.0,2.9507,0
5997578.1,3,,19,19,0,50.0,1.0,5.7933,0,0.0,2.9291,0
5998030.8,3,,19,19,0,50.0,1.0,5.7707,0,0.0,2.9242,0
5999578.1,3,,18,18,0,50.0,1.0,5.6933,0,0.0,2.9064,0
6001578.1,3,,18,18,0,50.0,1.0,5.5933,0,0.0,2.8835,0
6003578.1,3,,18,18,0,50.0,1.0,5.4933,0,0.0,2.8606,0
6005578.1,3,,18,18,0,50.0,1.0,5.3933,0,0.0,2.8377,0
6007105.3,3,,18,18,0,50.0,1.0,5.3169,0,0.0,2.8202,0
6007578.1,3,,17,17,0,50.0,1.0,5.2933,0,0.0,2.8146,0
6009578.1,3,,17,17,0,50.0,1.0,5.1933,0,0.0,2.7908,0
6011578.1,3,,17,17,0,50.0,1.0,5.0933,0,0.0,2.7671,0
6013578.1,3,,17,17,0,50.0,1.0,4.9933,0,0.0,2.7433,0
6015578.1,3,,17,17,0,50.0,1.0,4.8933,0,0.0,2.7196,0
6017578.1,3,,17,17,0,50.0,1.0,4.7933,0,0.0,2.6958,0
6019578.1,3,,17,17,0,50.0,1.0,4.6933,0,0.0,2.6721,0
6020212.5,3,,17,17,0,50.0,1.0,4.6616,0,0.0,2.6645,0
6021578.1,3,,16,16,0,50.0,1.0,4.5933,0,0.0,2.6475,0
6023578.1,3,,16,16,0,50.0,1.0,4.4933,0,0.0,2.6225,0
6025578.1,3,,16,16,0,50.0,1.0,4.3933,0,0.0,2.5975,0
6027089.2,3,,16,16,0,50.0,1.0,4.3177,0,0.0,2.5786,0
6027578.1,3,,15,15,0,50.0,1.0,4.2933,0,0.0,2.5722,0
6028282.1,3,,15,15,0,50.0,1.0,4.2581,0,0.0,2.563,0
6028943.4,3,,14,14,0,50.0,1.0,4.225,0,0.0,2.554,0
6029578.1,3,,13,13,0,50.0,1.0,4.1933,0,0.0,2.5445,0
6031578.1,3,,13,13,0,50.0,1.0,4.0933,0,0.0,2.5145,0
6031619.1,3,,13,13,0,50.0,1.0,4.0912,0,0.0,2.5139,0
6033578.1,3,,12,12,0,50.0,1.0,3.9933,0,0.0,2.4812,0
6035578.1,3,,12,12,0,50.0,1.0,3.8933,0,0.0,2.4479,0
6037578.1,3,,12,12,0,50.0,1.0,3.7933,0,0.0,2.4145,0
6039578.1,3,,12,12,0,50.0,1.0,3.6933,0,0.0,2.3812,0
6041578.1,3,,12,12,0,50.0,1.0,3.5933,0,0.0,2.3479,0
6043578.1,3,,12,12,0,50.0,1.0,3.4933,0,0.0,2.3145,0
6044281.1,3,,12,12,0,50.0,1.0,3.4581,0,0.0,2.3028,0
6045578.1,3,,11,11,0,50.0,1.0,3.3933,0,0.0,2.2799,0
6046995.1,3,,11,11,0,50.0,1.0,3.3224,0,0.0,2.2549,0
6047578.1,3,,10,10,0,50.0,1.0,3.2933,0,0.0,2.244,0
6049578.1,3,,10,10,0,50.0,1.0,3.1933,0,0.0,2.2065,0
6050339.0,3,,10,10,0,50.0,1.0,3.1552,0,0.0,2.1922,0
6051578.1,3,,9,9,0,50.0,1.0,3.0933,0,0.0,2.1657,0
6053578.1,3,,9,9,0,50.0,1.0,2.9933,0,0.0,2.1228,0
6053721.0,3,,9,9,0,50.0,1.0,2.9861,0,0.0,2.1198,0
6055578.1,3,,8,8,0,50.0,1.0,2.8933,0,0.0,2.0733,0
6057578.1,3,,8,8,0,50.0,1.0,2.7933,0,0.0,2.0233,0
6059578.1,3,,8,8,0,50.0,1.0,2.6933,0,0.0,1.9733,0
6061578.1,3,,8,8,0,50.0,1.0,2.5933,0,0.0,1.9233,0
6063578.1,3,,8,8,0,50.0,1.0,2.4933,0,0.0,1.8733,0
6065578.1,3,,8,8,0,50.0,1.0,2.3933,0,0.0,1.8233,0
6067578.1,3,,8,8,0,50.0,1.0,2.2933,0,0.0,1.7733,0
6069578.1,3,,8,8,0,50.0,1.0,2.1933,0,0.0,1.7233,0
6071413.4,3,,8,8,0,50.0,1.0,2.1015,0,0.0,1.6774,0
6071578.1,3,,7,7,0,50.0,1.0,2.0933,0,0.0,1.6733,0
6073578.1,3,,7,7,0,50.0,1.0,1.9933,0,0.0,1.6233,0
6075578.1,3,,7,7,0,50.0,1.0,1.8933,0,0.0,1.5733,0
6077578.1,3,,7,7,0,50.0,1.0,1.7933,0,0.0,1.5233,0
6079253.0,3,,7,7,0,50.0,1.0,1.7095,0,0.0,1.4815,0
6079578.1,3,,6,6,0,50.0,1.0,1.6933,0,0.0,1.4733,0
6081578.1,3,,6,6,0,50.0,1.0,1.5933,0,0.0,1.4233,0
6083578.1,3,,6,6,0,50.0,1.0,1.4933,0,0.0,1.3733,0
6085578.1,3,,6,6,0,50.0,1.0,1.3933,0,0.0,1.3233,0
6085767.5,3,,6,6,0,50.0,1.0,1.3838,0,0.0,1.3186,0
6087578.1,3,,5,5,0,50.0,1.0,1.2933,0,0.0,1.2582,0
6089578.1,3,,5,5,0,50.0,1.0,1.1933,0,0.0,1.1916,0
6089680.8,3,,5,5,0,50.0,1.0,1.1882,0,0.0,1.1882,0
6091578.1,3,,4,4,0,50.0,1.0,1.0933,0,0.0,1.0933,0
6093578.1,3,,4,4,0,50.0,1.0,0.9933,0,0.0,0.9933,0
6095578.1,3,,4,4,0,50.0,1.0,0.8933,0,0.0,0.8933,0
6097578.1,3,,4,4,0,50.0,1.0,0.7933,0,0.0,0.7933,0
6097589.6,3,,4,4,0,50.0,1.0,0.7927,0,0.0,0.7927,0
6099578.1,3,,3,3,0,50.0,1.0,0.6933,0,0.0,0.6933,0
6101578.1,3,,3,3,0,50.0,1.0,0.5933,0,0.0,0.5933,0
6103578.1,3,,3,3,0,50.0,1.0,0.4933,0,0.0,0.4933,0
6105578.1,3,,3,3,0,50.0,1.0,0.3933,0,0.0,0.3933,0
6107578.1,3,,3,3,0,50.0,1.0,0.2933,0,0.0,0.2933,0
6107653.4,3,,3,3,0,50.0,1.0,0.2895,0,0.0,0.2895,0
6109578.1,3,,2,2,0,50.0,1.0,0.1933,0,0.0,0.1933,0
6109927.6,3,,2,2,0,50.0,1.0,0.1758,0,0.0,0.1758,0
6111578.1,3,,1,1,0,50.0,1.0,0.0933,0,0.0,0.0933,0
6113443.8,3,,1,1,0,50.0,1.0,0.0,0,0.0,0.0,0
6113578.1,4,,124,56,8,50.0,1.0,68.2982,12.9032,0.0017,40.3609,0
6115578.1,4,,124,56,8,50.0,1.0,68.1982,12.9032,0.0275,40.1004,0
6117578.1,4,,124,56,8,50.0,1.0,68.0982,12.9032,0.0533,39.8399,0
6119578.1,4,,124,56,8,50.0,1.0,67.9982,12.9032,0.0792,39.5794,0
6121578.1,4,,124,56,8,50.0,1.0,67.8982,12.9032,0.105,39.3189,0
6123578.1,4,,124,56,8,50.0,1.0,67.7982,12.9032,0.1308,39.0585,0
6125578.1,4,,124,56,8,50.0,1.0,67.6982,12.9032,0.1566,38.798,0
6127578.1,4,,124,56,8,50.0,1.0,67.5982,12.9032,0.1824,38.5375,0
6129578.1,4,,124,56,8,50.0,1.0,67.4982,12.9032,0.2082,38.277,0
6131578.1,4,,124,56,8,50.0,1.0,67.3982,12.9032,0.234,38.0165,0
6133578.1,4,,124,56,8,50.0,1.0,67.2982,12.9032,0.2598,37.756,0
6135578.1,4,,124,56,8,50.0,1.0,67.1982,12.9032,0.2856,37.4956,0
6137578.1,4,,124,56,8,50.0,1.0,67.0982,12.9032,0.3114,37.2351,0
6139578.1,4,,124,56,8,50.0,1.0,66.9982,12.9032,0.3372,36.9746,0
6141578.1,4,,124,56,8,50.0,1.0,66.8982,12.9032,0.363,36.7141,0
6143578.1,4,,124,56,8,50.0,1.0,66.7982,12.9032,0.3888,36.4536,0
6145578.1,4,,124,56,8,50.0,1.0,66.6982,12.9032,0.4146,36.1931,0
6147578.1,4,,124,56,8,50.0,1.0,66.5982,12.9032,0.4404,35.9327,0
6149578.1,4,,124,56,8,50.0,1.0,66.4982,12.9032,0.4662,35.6722,0
6150690.1,4,,124,56,8,50.0,1.0,66.4426,12.9032,0.4806,35.5273,0
6150972.3,4,,123,56,8,50.0,1.0,66.4285,13.0108,0.4843,35.4906,0
6151578.1,4,,122,56,8,50.0,1.0,66.3982,13.1183,0.4922,35.4118,0
6153578.1,4,,122,56,8,50.0,1.0,66.2982,13.1183,0.5185,35.1518,0
6155578.1,4,,122,56,8,50.0,1.0,66.1982,13.1183,0.5447,34.8917,0
6156333.5,4,,122,56,8,50.0,1.0,66.1604,13.1183,0.5546,34.7935,0
6157578.1,4,,121,56,8,50.0,1.0,66.0982,13.2258,0.5711,34.645,0
6159578.1,4,,121,56,8,50.0,1.0,65.9982,13.2258,0.5975,34.4065,0
6161578.1,4,,121,56,8,50.0,1.0,65.8982,13.2258,0.624,34.1679,0
6163578.1,4,,121,56,8,50.0,1.0,65.7982,13.2258,0.6504,33.9294,0
6165578.1,4,,121,56,8,50.0,1.0,65.6982,13.2258,0.6769,33.6909,0
6167578.1,4,,121,56,8,50.0,1.0,65.5982,13.2258,0.7033,33.4523,0
6169578.1,4,,121,56,8,50.0,1.0,65.4982,13.2258,0.7298,33.2138,0
6171578.1,4,,121,56,8,50.0,1.0,65.3982,13.2258,0.7562,32.9753,0
6173578.1,4,,121,56,8,50.0,1.0,65.2982,13.2258,0.7827,32.7367,0
6175578.1,4,,121,56,8,50.0,1.0,65.1982,13.2258,0.8091,32.4982,0
6177578.1,4,,121,56,8,50.0,1.0,65.0982,13.2258,0.8356,32.2597,0
6179578.1,4,,121,56,8,50.0,1.0,64.9982,13.2258,0.862,32.0211,0
6181578.1,4,,121,56,8,50.0,1.0,64.8982,13.2258,0.8885,31.7826,0
6182648.0,4,,121,56,8,50.0,1.0,64.8447,13.2258,0.9026,31.655,0
6183578.1,4,,120,56,8,50.0,1.0,64.7982,13.3407,0.915,31.5441,0
6185005.5,4,,120,56,8,50.0,1.0,64.7268,13.3407,0.9341,31.3741,0
6185578.1,4,,119,56,8,50.0,1.0,64.6982,13.4557,0.9418,31.3124,0
6187578.1,4,,119,56,8,50.0,1.0,64.5982,13.4557,0.9687,31.0971,0
6187936.4,4,,119,56,8,50.0,1.0,64.5803,13.4557,0.9735,31.0586,0
6189578.1,4,,118,56,8,50.0,1.0,64.4982,13.5632,0.9958,30.882,0
6191578.1,4,,118,56,8,50.0,1.0,64.3982,13.5632,1.0229,30.6669,0
6193015.5,4,,118,56,8,50.0,1.0,64.3263,13.5632,1.0424,30.5124,0
6193578.1,4,,117,56,8,50.0,1.0,64.2982,13.6782,1.0501,30.4519,0
6195578.1,4,,117,56,8,50.0,1.0,64.1982,13.6782,1.0775,30.2371,0
6197578.1,4,,117,56,8,50.0,1.0,64.0982,13.6782,1.1048,30.0222,0
6199578.1,4,,117,56,8,50.0,1.0,63.9982,13.6782,1.1322,29.8073,0
6201578.1,4,,117,56,8,50.0,1.0,63.8982,13.6782,1.1595,29.5925,0
6202254.2,4,,117,56,8,50.0,1.0,63.8644,13.6782,1.1688,29.5198,0
6202409.0,4,,116,56,8,50.0,1.0,63.8566,13.8013,1.1709,29.5032,0
6203578.1,4,,115,56,8,50.0,1.0,63.7982,13.9163,1.1872,29.3779,0
6205578.1,4,,115,56,8,50.0,1.0,63.6982,13.9163,1.215,29.1634,0
6207578.1,4,,115,56,8,50.0,1.0,63.5982,13.9163,1.2428,28.949,0
6209578.1,4,,115,56,8,50.0,1.0,63.4982,13.9163,1.2707,28.7346,0
6210628.3,4,,115,56,8,50.0,1.0,63.4457,13.9163,1.2853,28.622,0
6211383.8,4,,114,56,8,50.0,1.0,63.4079,14.0394,1.2959,28.5411,0
6211578.1,4,,113,56,8,50.0,1.0,63.3982,14.1626,1.2987,28.5203,0
6213578.1,4,,113,56,8,50.0,1.0,63.2982,14.1626,1.327,28.3063,0
6213723.0,4,,113,56,8,50.0,1.0,63.2909,14.1626,1.329,28.2907,0
6215578.1,4,,112,56,8,50.0,1.0,63.1982,14.2948,1.3555,28.0925,0
6216681.2,4,,112,56,8,50.0,1.0,63.143,14.2948,1.3713,27.9745,0
6217409.4,4,,111,56,8,50.0,1.0,63.1066,14.418,1.3818,27.9057,0
6217509.5,4,,110,56,8,50.0,1.0,63.1016,14.5604,1.3833,27.8963,0
6217578.1,4,,109,56,8,50.0,1.0,63.0982,14.6927,1.3843,27.8898,0
6218774.8,4,,109,56,8,50.0,1.0,63.0384,14.6927,1.4019,27.777,0
6219578.1,4,,108,56,8,50.0,1.0,62.9982,14.825,1.4138,27.7013,0
6221578.1,4,,108,56,8,50.0,1.0,62.8982,14.825,1.4434,27.5129,0
6222916.3,4,,108,56,8,50.0,1.0,62.8313,14.825,1.4633,27.3869,0
6223578.1,4,,107,56,8,50.0,1.0,62.7982,14.9674,1.4732,27.3392,0
6224427.2,4,,107,56,8,50.0,1.0,62.7557,14.9674,1.4859,27.2826,0
6225578.1,4,,106,56,8,50.0,1.0,62.6982,15.1099,1.5033,27.206,0
6226875.7,4,,106,56,8,50.0,1.0,62.6333,15.1099,1.5229,27.1196,0
6227578.1,4,,105,56,8,50.0,1.0,62.5982,15.2422,1.5336,27.0729,0
6227740.4,4,,105,56,8,50.0,1.0,62.5901,15.2422,1.5361,27.0621,0
6229306.0,4,,104,56,8,50.0,1.0,62.5118,15.396,1.5602,26.9583,0
6229578.1,4,,103,56,8,50.0,1.0,62.4982,15.5499,1.5644,26.9403,0
6231578.1,4,,103,56,8,50.0,1.0,62.3982,15.5499,1.5955,26.8078,0
6231809.1,4,,103,56,8,50.0,1.0,62.3866,15.5499,1.5991,26.7925,0
6233578.1,4,,102,56,8,50.0,1.0,62.2982,15.7165,1.6269,26.6756,0
6233757.0,4,,102,56,8,50.0,1.0,62.2892,15.7165,1.6297,26.6638,0
6234112.0,4,,101,56,8,50.0,1.0,62.2715,15.859,1.6353,26.6404,0
6235578.1,4,,100,56,8,50.0,1.0,62.1982,16.0256,1.6588,26.5439,0
6237578.1,4,,100,56,8,50.0,1.0,62.0982,16.0256,1.6909,26.4122,0
6238235.3,4,,100,56,8,50.0,1.0,62.0653,16.0256,1.7014,26.3689,0
6239578.1,4,,99,56,8,50.0,1.0,61.9982,16.1795,1.7231,26.3013,0
6241578.1,4,,99,56,8,50.0,1.0,61.8982,16.1795,1.7555,26.2006,0
6243578.1,4,,99,56,8,50.0,1.0,61.7982,16.1795,1.7878,26.1047,0
6243696.6,4,,99,56,8,50.0,1.0,61.7923,16.1795,1.7898,26.1007,0
6245578.1,4,,98,56,8,50.0,1.0,61.6982,16.3462,1.8205,26.0375,0
6245589.9,4,,98,56,8,50.0,1.0,61.6976,16.3462,1.8207,26.0371,0
6247578.1,4,,97,56,8,50.0,1.0,61.5982,16.5,1.8535,25.9706,0
6249578.1,4,,97,56,8,50.0,1.0,61.4982,16.5,1.8865,25.9037,0
6250823.7,4,,97,56,8,50.0,1.0,61.4359,16.5,1.9071,25.862,0
6251578.1,4,,96,56,8,50.0,1.0,61.3982,16.6667,1.9196,25.8369,0
6253578.1,4,,96,56,8,50.0,1.0,61.2982,16.6667,1.953,25.7702,0
6255578.1,4,,96,56,8,50.0,1.0,61.1982,16.6667,1.9863,25.7035,0
6257578.1,4,,96,56,8,50.0,1.0,61.0982,16.6667,2.0196,25.6369,0
6259578.1,4,,96,56,8,50.0,1.0,60.9982,16.6667,2.053,25.5702,0
6261578.1,4,,96,56,8,50.0,1.0,60.8982,16.6667,2.0863,25.5035,0
6263578.1,4,,96,56,8,50.0,1.0,60.7982,16.6667,2.1196,25.4369,0
6265578.1,4,,96,56,8,50.0,1.0,60.6982,16.6667,2.153,25.3702,0
6267578.1,4,,96,56,8,50.0,1.0,60.5982,16.6667,2.1863,25.3035,0
6269578.1,4,,96,56,8,50.0,1.0,60.4982,16.6667,2.2196,25.2369,0
6271578.1,4,,96,56,8,50.0,1.0,60.3982,16.6667,2.253,25.1702,0
6273578.1,4,,96,56,8,50.0,1.0,60.2982,16.6667,2.2863,25.1035,0
6275578.1,4,,96,56,8,50.0,1.0,60.1982,16.6667,2.3196,25.0369,0
6277578.1,4,,96,56,8,50.0,1.0,60.0982,16.6667,2.353,24.9702,0
6279578.1,4,,96,56,8,50.0,1.0,59.9982,16.6667,2.3863,24.9035,0
6281578.1,4,,96,56,8,50.0,1.0,59.8982,16.6667,2.4196,24.8369,0
6283578.1,4,,96,56,8,50.0,1.0,59.7982,16.6667,2.453,24.7702,0
6285578.1,4,,96,56,8,50.0,1.0,59.6982,16.6667,2.4863,24.7035,0
6287578.1,4,,96,56,8,50.0,1.0,59.5982,16.6667,2.5196,24.6369,0
6289578.1,4,,96,56,8,50.0,1.0,59.4982,16.6667,2.553,24.5702,0
6291578.1,4,,96,56,8,50.0,1.0,59.3982,16.6667,2.5863,24.5035,0
6293578.1,4,,96,56,8,50.0,1.0,59.2982,16.6667,2.6196,24.4369,0
6295578.1,4,,96,56,8,50.0,1.0,59.1982,16.6667,2.653,24.3702,0
6297578.1,4,,96,56,8,50.0,1.0,59.0982,16.6667,2.6863,24.3035,0
6299578.1,4,,96,56,8,50.0,1.0,58.9982,16.6667,2.7196,24.2369,0
6301578.1,4,,96,56,8,50.0,1.0,58.8982,16.6667,2.753,24.1702,0
6303578.1,4,,96,56,8,50.0,1.0,58.7982,16.6667,2.7863,24.1035,0
6305578.1,4,,96,56,8,50.0,1.0,58.6982,16.6667,2.8196,24.0369,0
6307578.1,4,,96,56,8,50.0,1.0,58.5982,16.6667,2.853,23.9702,0
6309578.1,4,,96,56,8,50.0,1.0,58.4982,16.6667,2.8863,23.9035,0
6311578.1,4,,96,56,8,50.0,1.0,58.3982,16.6667,2.9196,23.8369,0
6313578.1,4,,96,56,8,50.0,1.0,58.2982,16.6667,2.953,23.7702,0
6315578.1,4,,96,56,8,50.0,1.0,58.1982,16.6667,2.9863,23.7035,0
6317578.1,4,,96,56,8,50.0,1.0,58.0982,16.6667,3.0196,23.6369,0
6319578.1,4,,96,56,8,50.0,1.0,57.9982,16.6667,3.053,23.5702,0
6321578.1,4,,96,56,8,50.0,1.0,57.8982,16.6667,3.0863,23.5035,0
6323578.1,4,,96,56,8,50.0,1.0,57.7982,16.6667,3.1196,23.4369,0
6325578.1,4,,96,56,8,50.0,1.0,57.6982,16.6667,3.153,23.3702,0
6327578.1,4,,96,56,8,50.0,1.0,57.5982,16.6667,3.1863,23.3035,0
6329578.1,4,,96,56,8,50.0,1.0,57.4982,16.6667,3.2196,23.2369,0
6331578.1,4,,96,56,8,50.0,1.0,57.3982,16.6667,3.253,23.1702,0
6333578.1,4,,96,56,8,50.0,1.0,57.2982,16.6667,3.2863,23.1035,0
6335578.1,4,,96,56,8,50.0,1.0,57.1982,16.6667,3.3196,23.0369,0
6337578.1,4,,96,56,8,50.0,1.0,57.0982,16.6667,3.353,22.9702,0
6339578.1,4,,96,56,8,50.0,1.0,56.9982,16.6667,3.3863,22.9035,0
6341578.1,4,,96,56,8,50.0,1.0,56.8982,16.6667,3.4196,22.8369,0
6343578.1,4,,96,56,8,50.0,1.0,56.7982,16.6667,3.453,22.7702,0
6345578.1,4,,96,56,8,50.0,1.0,56.6982,16.6667,3.4863,22.7035,0
6347578.1,4,,96,56,8,50.0,1.0,56.5982,16.6667,3.5196,22.6369,0
6349578.1,4,,96,56,8,50.0,1.0,56.4982,16.6667,3.553,22.5702,0
6351578.1,4,,96,56,8,50.0,1.0,56.3982,16.6667,3.5863,22.5035,0
6353578.1,4,,96,56,8,50.0,1.0,56.2982,16.6667,3.6196,22.4369,0
6355578.1,4,,96,56,8,50.0,1.0,56.1982,16.6667,3.653,22.3702,0
6357578.1,4,,96,56,8,50.0,1.0,56.0982,16.6667,3.6863,22.3035,0
6359578.1,4,,96,56,8,50.0,1.0,55.9982,16.6667,3.7196,22.2369,0
6361578.1,4,,96,56,8,50.0,1.0,55.8982,16.6667,3.753,22.1702,0
6363578.1,4,,96,56,8,50.0,1.0,55.7982,16.6667,3.7863,22.1035,0
6365578.1,4,,96,56,8,50.0,1.0,55.6982,16.6667,3.8196,22.0369,0
6367578.1,4,,96,56,8,50.0,1.0,55.5982,16.6667,3.853,21.9702,0
6369578.1,4,,96,56,8,50.0,1.0,55.4982,16.6667,3.8863,21.9035,0
6371578.1,4,,96,56,8,50.0,1.0,55.3982,16.6667,3.9196,21.8369,0
6373578.1,4,,96,56,8,50.0,1.0,55.2982,16.6667,3.953,21.7702,0
6375578.1,4,,96,56,8,50.0,1.0,55.1982,16.6667,3.9863,21.7035,0
6377578.1,4,,96,56,8,50.0,1.0,55.0982,16.6667,4.0196,21.6369,0
6379578.1,4,,96,56,8,50.0,1.0,54.9982,16.6667,4.053,21.5702,0
6381578.1,4,,96,56,8,50.0,1.0,54.8982,16.6667,4.0863,21.5035,0
6383578.1,4,,96,56,8,50.0,1.0,54.7982,16.6667,4.1196,21.4369,0
6385578.1,4,,96,56,8,50.0,1.0,54.6982,16.6667,4.153,21.3702,0
6387578.1,4,,96,56,8,50.0,1.0,54.5982,16.6667,4.1863,21.3035,0
6389578.1,4,,96,56,8,50.0,1.0,54.4982,16.6667,4.2196,21.2369,0
6391578.1,4,,96,56,8,50.0,1.0,54.3982,16.6667,4.253,21.1702,0
6393578.1,4,,96,56,8,50.0,1.0,54.2982,16.6667,4.2863,21.1035,0
6395578.1,4,,96,56,8,50.0,1.0,54.1982,16.6667,4.3196,21.0369,0
6397578.1,4,,96,56,8,50.0,1.0,54.0982,16.6667,4.353,20.9702,0
6399578.1,4,,96,56,8,50.0,1.0,53.9982,16.6667,4.3863,20.9035,0
6401578.1,4,,96,56,8,50.0,1.0,53.8982,16.6667,4.4196,20.8369,0
6403578.1,4,,96,56,8,50.0,1.0,53.7982,16.6667,4.453,20.7702,0
6405578.1,4,,96,56,8,50.0,1.0,53.6982,16.6667,4.4863,20.7035,0
6407578.1,4,,96,56,8,50.0,1.0,53.5982,16.6667,4.5196,20.6369,0
6409578.1,4,,96,56,8,50.0,1.0,53.4982,16.6667,4.553,20.5702,0
6411578.1,4,,96,56,8,50.0,1.0,53.3982,16.6667,4.5863,20.5035,0
6412916.1,4,,96,56,8,50.0,1.0,53.3313,16.6667,4.6086,20.4589,0
6413578.1,4,,95,56,8,50.0,1.0,53.2982,16.8478,4.6198,20.437,0
6415578.1,4,,95,56,8,50.0,1.0,53.1982,16.8478,4.6535,20.3706,0
6417578.1,4,,95,56,8,50.0,1.0,53.0982,16.8478,4.6872,20.3042,0
6419578.1,4,,95,56,8,50.0,1.0,52.9982,16.8478,4.7208,20.2378,0
6421578.1,4,,95,56,8,50.0,1.0,52.8982,16.8478,4.7545,20.1714,0
6423578.1,4,,95,56,8,50.0,1.0,52.7982,16.8478,4.7882,20.105,0
6425578.1,4,,95,56,8,50.0,1.0,52.6982,16.8478,4.8219,20.0386,0
6427578.1,4,,95,56,8,50.0,1.0,52.5982,16.8478,4.8556,19.9722,0
6429578.1,4,,95,56,8,50.0,1.0,52.4982,16.8478,4.8893,19.9058,0
6431578.1,4,,95,56,8,50.0,1.0,52.3982,16.8478,4.923,19.8394,0
6433578.1,4,,95,56,8,50.0,1.0,52.2982,16.8478,4.9567,19.773,0
6435578.1,4,,95,56,8,50.0,1.0,52.1982,16.8478,4.9904,19.7066,0
6437578.1,4,,95,56,8,50.0,1.0,52.0982,16.8478,5.0241,19.6402,0
6439578.1,4,,95,56,8,50.0,1.0,51.9982,16.8478,5.0578,19.5738,0
6441578.1,4,,95,56,8,50.0,1.0,51.8982,16.8478,5.0915,19.5074,0
6443578.1,4,,95,56,8,50.0,1.0,51.7982,16.8478,5.1252,19.441,0
6444455.3,4,,95,56,8,50.0,1.0,51.7543,16.8478,5.14,19.4119,0
6445578.1,4,,94,56,8,50.0,1.0,51.6982,17.029,5.1591,19.3748,0
6447578.1,4,,94,56,8,50.0,1.0,51.5982,17.029,5.1932,19.3086,0
6449578.1,4,,94,56,8,50.0,1.0,51.4982,17.029,5.2272,19.2425,0
6450107.7,4,,94,56,8,50.0,1.0,51.4717,17.029,5.2362,19.225,0
6450599.3,4,,93,56,8,50.0,1.0,51.4471,17.2266,5.2447,19.2088,0
6451578.1,4,,92,56,8,50.0,1.0,51.3982,17.4242,5.2618,19.1767,0
6453578.1,4,,92,56,8,50.0,1.0,51.2982,17.4242,5.2966,19.1138,0
6455578.1,4,,92,56,8,50.0,1.0,51.1982,17.4242,5.3314,19.0514,0
6457578.1,4,,92,56,8,50.0,1.0,51.0982,17.4242,5.3663,18.9889,0
6457689.9,4,,92,56,8,50.0,1.0,51.0926,17.4242,5.3682,18.9854,0
6459337.4,4,,91,56,8,50.0,1.0,51.0102,17.6054,5.3973,18.9342,0
6459578.1,4,,90,56,8,50.0,1.0,50.9982,17.7866,5.4015,18.9268,0
6461578.1,4,,90,56,8,50.0,1.0,50.8982,17.7866,5.4371,18.8648,0
6463578.1,4,,90,56,8,50.0,1.0,50.7982,17.7866,5.4727,18.8029,0
6465578.1,4,,90,56,8,50.0,1.0,50.6982,17.7866,5.5083,18.741,0
6467578.1,4,,90,56,8,50.0,1.0,50.5982,17.7866,5.5438,18.6791,0
6469578.1,4,,90,56,8,50.0,1.0,50.4982,17.7866,5.5794,18.6172,0
6471578.1,4,,90,56,8,50.0,1.0,50.3982,17.7866,5.615,18.5552,0
6473578.1,4,,90,56,8,50.0,1.0,50.2982,17.7866,5.6505,18.4933,0
6475578.1,4,,90,56,8,50.0,1.0,50.1982,17.7866,5.6861,18.4314,0
6477578.1,4,,90,56,8,50.0,1.0,50.0982,17.7866,5.7217,18.3695,0
6479578.1,4,,90,56,8,50.0,1.0,49.9982,17.7866,5.7573,18.3076,0
6481578.1,4,,90,56,8,50.0,1.0,49.8982,17.7866,5.7928,18.2457,0
6483578.1,4,,90,56,8,50.0,1.0,49.7982,17.7866,5.8284,18.1837,0
6485578.1,4,,90,56,8,50.0,1.0,49.6982,17.7866,5.864,18.1218,0
6487578.1,4,,90,56,8,50.0,1.0,49.5982,17.7866,5.8996,18.0599,0
6489578.1,4,,90,56,8,50.0,1.0,49.4982,17.7866,5.9351,17.998,0
6491368.1,4,,90,56,8,50.0,1.0,49.4087,17.7866,5.967,17.9426,0
6491578.1,4,,89,56,8,50.0,1.0,49.3982,17.9842,5.9707,17.9361,0
6493578.1,4,,89,56,8,50.0,1.0,49.2982,17.9842,6.0067,17.8744,0
6495578.1,4,,89,56,8,50.0,1.0,49.1982,17.9842,6.0427,17.8128,0
6497578.1,4,,89,56,8,50.0,1.0,49.0982,17.9842,6.0786,17.7512,0
6499578.1,4,,89,56,8,50.0,1.0,48.9982,17.9842,6.1146,17.6895,0
6501578.1,4,,89,56,8,50.0,1.0,48.8982,17.9842,6.1506,17.6279,0
6503578.1,4,,89,56,8,50.0,1.0,48.7982,17.9842,6.1866,17.5663,0
6505578.1,4,,89,56,8,50.0,1.0,48.6982,17.9842,6.2225,17.5046,0
6507578.1,4,,89,56,8,50.0,1.0,48.5982,17.9842,6.2585,17.443,0
6509578.1,4,,89,56,8,50.0,1.0,48.4982,17.9842,6.2945,17.3813,0
6511578.1,4,,89,56,8,50.0,1.0,48.3982,17.9842,6.3304,17.3197,0
6513578.1,4,,89,56,8,50.0,1.0,48.2982,17.9842,6.3664,17.2581,0
6515578.1,4,,89,56,8,50.0,1.0,48.1982,17.9842,6.4024,17.1964,0
6517578.1,4,,89,56,8,50.0,1.0,48.0982,17.9842,6.4383,17.1348,0
6519578.1,4,,89,56,8,50.0,1.0,47.9982,17.9842,6.4743,17.0731,0
6520886.6,4,,89,56,8,50.0,1.0,47.9328,17.9842,6.4978,17.0328,0
6521578.1,4,,88,56,7,50.0,1.0,47.8982,15.8197,5.6937,17.0116,0
6523578.1,4,,88,56,7,50.0,1.0,47.7982,15.8197,5.7253,16.9503,0
6524327.3,4,,88,56,7,50.0,1.0,47.7607,15.8197,5.7372,16.9273,0
6525578.1,4,,87,56,7,50.0,1.0,47.6982,15.9387,5.7571,16.8891,0
6527578.1,4,,87,56,7,50.0,1.0,47.5982,15.9387,5.789,16.8281,0
6529578.1,4,,87,56,7,50.0,1.0,47.4982,15.9387,5.8209,16.7671,0
6531578.1,4,,87,56,7,50.0,1.0,47.3982,15.9387,5.8527,16.7061,0
6533578.1,4,,87,56,7,50.0,1.0,47.2982,15.9387,5.8846,16.6451,0
6535578.1,4,,87,56,7,50.0,1.0,47.1982,15.9387,5.9165,16.5841,0
6537578.1,4,,87,56,7,50.0,1.0,47.0982,15.9387,5.9484,16.523,0
6539578.1,4,,87,56,7,50.0,1.0,46.9982,15.9387,5.9802,16.462,0
6541578.1,4,,87,56,7,50.0,1.0,46.8982,15.9387,6.0121,16.401,0
6543578.1,4,,87,56,7,50.0,1.0,46.7982,15.9387,6.044,16.34,0
6545578.1,4,,87,56,7,50.0,1.0,46.6982,15.9387,6.0759,16.279,0
6547578.1,4,,87,56,7,50.0,1.0,46.5982,15.9387,6.1077,16.218,0
6549578.1,4,,87,56,7,50.0,1.0,46.4982,15.9387,6.1396,16.157,0
6550013.7,4,,87,56,7,50.0,1.0,46.4764,15.9387,6.1466,16.1437,0
6551578.1,4,,86,56,7,50.0,1.0,46.3982,16.1364,6.1718,16.0961,0
6553578.1,4,,86,56,7,50.0,1.0,46.2982,16.1364,6.2041,16.0354,0
6555420.4,4,,86,56,7,50.0,1.0,46.2061,16.1364,6.2338,15.9794,0
6555578.1,4,,85,56,7,50.0,1.0,46.1982,16.3528,6.2364,15.9747,0
6556248.7,4,,85,56,7,50.0,1.0,46.1647,16.3528,6.2474,15.9544,0
6557578.1,4,,84,56,7,50.0,1.0,46.0982,16.5693,6.2694,15.9144,0
6559578.1,4,,84,56,7,50.0,1.0,45.9982,16.5693,6.3025,15.8542,0
6559689.4,4,,84,56,7,50.0,1.0,45.9926,16.5693,6.3044,15.8508,0
6561578.1,4,,83,56,6,50.0,1.0,45.8982,14.3074,5.4344,15.7942,0
6563578.1,4,,83,56,6,50.0,1.0,45.7982,14.3074,5.463,15.7343,0
6563648.9,4,,83,56,6,50.0,1.0,45.7946,14.3074,5.464,15.7322,0
6565578.1,4,,82,56,6,50.0,1.0,45.6982,14.5238,5.492,15.6765,0
6567578.1,4,,82,56,6,50.0,1.0,45.5982,14.5238,5.5211,15.6188,0
6569578.1,4,,82,56,6,50.0,1.0,45.4982,14.5238,5.5501,15.5611,0
6571578.1,4,,82,56,6,50.0,1.0,45.3982,14.5238,5.5792,15.5034,0
6573578.1,4,,82,56,6,50.0,1.0,45.2982,14.5238,5.6082,15.4456,0
6573970.8,4,,82,56,6,50.0,1.0,45.2785,14.5238,5.6139,15.4343,0
6575578.1,4,,81,56,5,50.0,1.0,45.1982,12.2619,4.6956,15.3899,0
6577578.1,4,,81,56,5,50.0,1.0,45.0982,12.2619,4.7202,15.3346,0
6579578.1,4,,81,56,5,50.0,1.0,44.9982,12.2619,4.7447,15.2793,0
6581578.1,4,,81,56,5,50.0,1.0,44.8982,12.2619,4.7692,15.224,0
6583578.1,4,,81,56,5,50.0,1.0,44.7982,12.2619,4.7937,15.1687,0
6585578.1,4,,81,56,5,50.0,1.0,44.6982,12.2619,4.8183,15.1134,0
6587578.1,4,,81,56,5,50.0,1.0,44.5982,12.2619,4.8428,15.0581,0
6589578.1,4,,81,56,5,50.0,1.0,44.4982,12.2619,4.8673,15.0028,0
6591578.1,4,,81,56,5,50.0,1.0,44.3982,12.2619,4.8918,14.9475,0
6592457.4,4,,81,56,5,50.0,1.0,44.3542,12.2619,4.9026,14.9231,0
6593578.1,4,,80,56,4,50.0,1.0,44.2982,9.7619,3.9346,14.8923,0
6594778.5,4,,80,56,4,50.0,1.0,44.2382,9.7619,3.9463,14.8594,0
6595578.1,4,,79,56,3,50.0,1.0,44.1982,7.2619,2.9527,14.8375,0
6597578.1,4,,79,56,3,50.0,1.0,44.0982,7.2619,2.9672,14.7829,0
6599578.1,4,,79,56,3,50.0,1.0,43.9982,7.2619,2.9817,14.7282,0
6601578.1,4,,79,56,3,50.0,1.0,43.8982,7.2619,2.9963,14.6736,0
6603578.1,4,,79,56,3,50.0,1.0,43.7982,7.2619,3.0108,14.6189,0
6603589.4,4,,79,56,3,50.0,1.0,43.7976,7.2619,3.0109,14.6186,0
6605578.1,4,,78,56,2,50.0,1.0,43.6982,5.0,2.0214,14.5646,0
6607578.1,4,,78,56,2,50.0,1.0,43.5982,5.0,2.0314,14.5102,0
6609578.1,4,,78,56,2,50.0,1.0,43.4982,5.0,2.0414,14.4558,0
6611578.1,4,,78,56,2,50.0,1.0,43.3982,5.0,2.0514,14.4015,0
6613578.1,4,,78,56,2,50.0,1.0,43.2982,5.0,2.0614,14.3471,0
6615578.1,4,,78,56,2,50.0,1.0,43.1982,5.0,2.0714,14.2928,0
6617578.1,4,,78,56,2,50.0,1.0,43.0982,5.0,2.0814,14.2384,0
6619578.1,4,,78,56,2,50.0,1.0,42.9982,5.0,2.0914,14.1841,0
6621578.1,4,,78,56,2,50.0,1.0,42.8982,5.0,2.1014,14.1297,0
6623578.1,4,,78,56,2,50.0,1.0,42.7982,5.0,2.1114,14.0753,0
6625578.1,4,,78,56,2,50.0,1.0,42.6982,5.0,2.1214,14.021,0
6627578.1,4,,78,56,2,50.0,1.0,42.5982,5.0,2.1314,13.9666,0
6629578.1,4,,78,56,2,50.0,1.0,42.4982,5.0,2.1414,13.9123,0
6631578.1,4,,78,56,2,50.0,1.0,42.3982,5.0,2.1514,13.8579,0
6632925.9,4,,78,56,2,50.0,1.0,42.3308,5.0,2.1581,13.8213,0
6633578.1,4,,77,56,2,50.0,1.0,42.2982,5.0,2.1614,13.8037,0
6635578.1,4,,77,56,2,50.0,1.0,42.1982,5.0,2.1714,13.7496,0
6637578.1,4,,77,56,2,50.0,1.0,42.0982,5.0,2.1814,13.6956,0
6639578.1,4,,77,56,2,50.0,1.0,41.9982,5.0,2.1914,13.6416,0
6641578.1,4,,77,56,2,50.0,1.0,41.8982,5.0,2.2014,13.5876,0
6643578.1,4,,77,56,2,50.0,1.0,41.7982,5.0,2.2114,13.5336,0
6645578.1,4,,77,56,2,50.0,1.0,41.6982,5.0,2.2214,13.4795,0
6647578.1,4,,77,56,2,50.0,1.0,41.5982,5.0,2.2314,13.4255,0
6649578.1,4,,77,56,2,50.0,1.0,41.4982,5.0,2.2414,13.3715,0
6651578.1,4,,77,56,2,50.0,1.0,41.3982,5.0,2.2514,13.3175,0
6653578.1,4,,77,56,2,50.0,1.0,41.2982,5.0,2.2614,13.2635,0
6655578.1,4,,77,56,2,50.0,1.0,41.1982,5.0,2.2714,13.2095,0
6657578.1,4,,77,56,2,50.0,1.0,41.0982,5.0,2.2814,13.1554,0
6659578.1,4,,77,56,2,50.0,1.0,40.9982,5.0,2.2914,13.1014,0
6660150.6,4,,77,56,2,50.0,1.0,40.9696,5.0,2.2943,13.086,0
6661578.1,4,,76,56,2,50.0,1.0,40.8982,5.0,2.3014,13.0477,0
6663578.1,4,,76,56,2,50.0,1.0,40.7982,5.0,2.3114,12.994,0
6665578.1,4,,76,56,2,50.0,1.0,40.6982,5.0,2.3214,12.9403,0
6667578.1,4,,76,56,2,50.0,1.0,40.5982,5.0,2.3314,12.8866,0
6669578.1,4,,76,56,2,50.0,1.0,40.4982,5.0,2.3414,12.8329,0
6671578.1,4,,76,56,2,50.0,1.0,40.3982,5.0,2.3514,12.7792,0
6673578.1,4,,76,56,2,50.0,1.0,40.2982,5.0,2.3614,12.7255,0
6675578.1,4,,76,56,2,50.0,1.0,40.1982,5.0,2.3714,12.6719,0
6677578.1,4,,76,56,2,50.0,1.0,40.0982,5.0,2.3814,12.6182,0
6679578.1,4,,76,56,2,50.0,1.0,39.9982,5.0,2.3914,12.5645,0
6679677.8,4,,76,56,2,50.0,1.0,39.9932,5.0,2.3919,12.5618,0
6681578.1,4,,75,55,2,50.0,1.0,39.8982,5.0,2.4014,12.5107,0
6683578.1,4,,75,55,2,50.0,1.0,39.7982,5.0,2.4114,12.4569,0
6684452.1,4,,75,55,2,50.0,1.0,39.7545,5.0,2.4158,12.4334,0
6685578.1,4,,74,54,2,50.0,1.0,39.6982,5.0,2.4214,12.4031,0
6687578.1,4,,74,54,2,50.0,1.0,39.5982,5.0,2.4314,12.3492,0
6689578.1,4,,74,54,2,50.0,1.0,39.4982,5.0,2.4414,12.2953,0
6691578.1,4,,74,54,2,50.0,1.0,39.3982,5.0,2.4514,12.2414,0
6693578.1,4,,74,54,2,50.0,1.0,39.2982,5.0,2.4614,12.1875,0
6695578.1,4,,74,54,2,50.0,1.0,39.1982,5.0,2.4714,12.1336,0
6697578.1,4,,74,54,2,50.0,1.0,39.0982,5.0,2.4814,12.0797,0
6699578.1,4,,74,54,2,50.0,1.0,38.9982,5.0,2.4914,12.0258,0
6701578.1,4,,74,54,2,50.0,1.0,38.8982,5.0,2.5014,11.9719,0
6703578.1,4,,74,54,2,50.0,1.0,38.7982,5.0,2.5114,11.918,0
6705578.1,4,,74,54,2,50.0,1.0,38.6982,5.0,2.5214,11.8641,0
6706681.2,4,,74,54,2,50.0,1.0,38.643,5.0,2.5269,11.8344,0
6707578.1,4,,73,54,2,50.0,1.0,38.5982,5.1316,2.5315,11.8114,0
6709578.1,4,,73,54,2,50.0,1.0,38.4982,5.1316,2.5418,11.7603,0
6710085.4,4,,73,54,2,50.0,1.0,38.4728,5.1316,2.5444,11.7473,0
6711578.1,4,,72,54,2,50.0,1.0,38.3982,5.2632,2.5522,11.7094,0
6713578.1,4,,72,54,2,50.0,1.0,38.2982,5.2632,2.5628,11.6585,0
6715578.1,4,,72,54,2,50.0,1.0,38.1982,5.2632,2.5733,11.6077,0
6717578.1,4,,72,54,2,50.0,1.0,38.0982,5.2632,2.5838,11.5568,0
6719578.1,4,,72,54,2,50.0,1.0,37.9982,5.2632,2.5943,11.506,0
6721578.1,4,,72,54,2,50.0,1.0,37.8982,5.2632,2.6049,11.4551,0
6723578.1,4,,72,54,2,50.0,1.0,37.7982,5.2632,2.6154,11.4043,0
6723802.5,4,,72,54,2,50.0,1.0,37.787,5.2632,2.6166,11.3985,0
6725578.1,4,,71,54,1,50.0,1.0,37.6982,2.6316,1.3064,11.3561,0
6727578.1,4,,71,54,1,50.0,1.0,37.5982,2.6316,1.3117,11.3084,0
6729578.1,4,,71,54,1,50.0,1.0,37.4982,2.6316,1.317,11.2606,0
6731578.1,4,,71,54,1,50.0,1.0,37.3982,2.6316,1.3222,11.2128,0
6732940.7,4,,71,54,1,50.0,1.0,37.3301,2.6316,1.3258,11.1803,0
6733578.1,4,,70,53,1,50.0,1.0,37.2982,2.7778,1.3276,11.165,0
6735578.1,4,,70,53,1,50.0,1.0,37.1982,2.7778,1.3331,11.1171,0
6737578.1,4,,70,53,1,50.0,1.0,37.0982,2.7778,1.3387,11.0692,0
6739578.1,4,,70,53,1,50.0,1.0,36.9982,2.7778,1.3442,11.0213,0
6741578.1,4,,70,53,1,50.0,1.0,36.8982,2.7778,1.3498,10.9734,0
6743578.1,4,,70,53,1,50.0,1.0,36.7982,2.7778,1.3554,10.9255,0
6745578.1,4,,70,53,1,50.0,1.0,36.6982,2.7778,1.3609,10.8776,0
6747578.1,4,,70,53,1,50.0,1.0,36.5982,2.7778,1.3665,10.8297,0
6749578.1,4,,70,53,1,50.0,1.0,36.4982,2.7778,1.372,10.7818,0
6751046.6,4,,70,53,1,50.0,1.0,36.4248,2.7778,1.3761,10.7467,0
6751578.1,4,,69,52,1,50.0,1.0,36.3982,2.7778,1.3776,10.7339,0
6753578.1,4,,69,52,1,50.0,1.0,36.2982,2.7778,1.3831,10.6859,0
6754050.6,4,,69,52,1,50.0,1.0,36.2746,2.7778,1.3844,10.6745,0
6754559.0,4,,68,52,0,50.0,1.0,36.2491,0,0.0,10.6624,0
6755578.1,4,,67,51,0,50.0,1.0,36.1982,0,0.0,10.6381,0
6757578.1,4,,67,51,0,50.0,1.0,36.0982,0,0.0,10.5903,0
6759578.1,4,,67,51,0,50.0,1.0,35.9982,0,0.0,10.5425,0
6761578.1,4,,67,51,0,50.0,1.0,35.8982,0,0.0,10.4947,0
6763578.1,4,,67,51,0,50.0,1.0,35.7982,0,0.0,10.4469,0
6765578.1,4,,67,51,0,50.0,1.0,35.6982,0,0.0,10.3991,0
6767578.1,4,,67,51,0,50.0,1.0,35.5982,0,0.0,10.3514,0
6769578.1,4,,67,51,0,50.0,1.0,35.4982,0,0.0,10.3036,0
6771578.1,4,,67,51,0,50.0,1.0,35.3982,0,0.0,10.2558,0
6773578.1,4,,67,51,0,50.0,1.0,35.2982,0,0.0,10.208,0
6774951.0,4,,67,51,0,50.0,1.0,35.2295,0,0.0,10.1752,0
6775578.1,4,,66,51,0,50.0,1.0,35.1982,0,0.0,10.1603,0
6776825.6,4,,66,51,0,50.0,1.0,35.1358,0,0.0,10.1308,0
6777578.1,4,,65,51,0,50.0,1.0,35.0982,0,0.0,10.1131,0
6779578.1,4,,65,51,0,50.0,1.0,34.9982,0,0.0,10.0661,0
6781578.1,4,,65,51,0,50.0,1.0,34.8982,0,0.0,10.0192,0
6783578.1,4,,65,51,0,50.0,1.0,34.7982,0,0.0,9.9722,0
6785578.1,4,,65,51,0,50.0,1.0,34.6982,0,0.0,9.9252,0
6787578.1,4,,65,51,0,50.0,1.0,34.5982,0,0.0,9.8782,0
6789578.1,4,,65,51,0,50.0,1.0,34.4982,0,0.0,9.8313,0
6791578.1,4,,65,51,0,50.0,1.0,34.3982,0,0.0,9.7843,0
6793044.5,4,,65,51,0,50.0,1.0,34.3249,0,0.0,9.7499,0
6793106.8,4,,64,51,0,50.0,1.0,34.3217,0,0.0,9.7484,0
6793578.1,4,,63,51,0,50.0,1.0,34.2982,0,0.0,9.7383,0
6793933.5,4,,63,51,0,50.0,1.0,34.2804,0,0.0,9.7306,0
6795578.1,4,,62,50,0,50.0,1.0,34.1982,0,0.0,9.6951,0
6797578.1,4,,62,50,0,50.0,1.0,34.0982,0,0.0,9.6519,0
6798104.7,4,,62,50,0,50.0,1.0,34.0719,0,0.0,9.6405,0
6799578.1,4,,61,49,0,50.0,1.0,33.9982,0,0.0,9.6086,0
6801578.1,4,,61,49,0,50.0,1.0,33.8982,0,0.0,9.5653,0
6803578.1,4,,61,49,0,50.0,1.0,33.7982,0,0.0,9.522,0
6805578.1,4,,61,49,0,50.0,1.0,33.6982,0,0.0,9.4787,0
6807578.1,4,,61,49,0,50.0,1.0,33.5982,0,0.0,9.4353,0
6809578.1,4,,61,49,0,50.0,1.0,33.4982,0,0.0,9.392,0
6809935.2,4,,61,49,0,50.0,1.0,33.4803,0,0.0,9.3843,0
6811578.1,4,,60,48,0,50.0,1.0,33.3982,0,0.0,9.3486,0
6813578.1,4,,60,48,0,50.0,1.0,33.2982,0,0.0,9.3052,0
6815578.1,4,,60,48,0,50.0,1.0,33.1982,0,0.0,9.2618,0
6817578.1,4,,60,48,0,50.0,1.0,33.0982,0,0.0,9.2184,0
6819578.1,4,,60,48,0,50.0,1.0,32.9982,0,0.0,9.1749,0
6821485.1,4,,60,48,0,50.0,1.0,32.9028,0,0.0,9.1335,0
6821578.1,4,,58,46,0,50.0,1.0,32.8982,0,0.0,9.1314,0
6823578.1,4,,58,46,0,50.0,1.0,32.7982,0,0.0,9.0862,0
6824103.0,4,,58,46,0,50.0,1.0,32.7719,0,0.0,9.0743,0
6825405.2,4,,57,46,0,50.0,1.0,32.7068,0,0.0,9.0452,0
6825578.1,4,,56,45,0,50.0,1.0,32.6982,0,0.0,9.0412,0
6827578.1,4,,56,45,0,50.0,1.0,32.5982,0,0.0,8.9953,0
6828428.8,4,,56,45,0,50.0,1.0,32.5556,0,0.0,8.9758,0
6828690.6,4,,55,45,0,50.0,1.0,32.5426,0,0.0,8.9699,0
6829578.1,4,,54,45,0,50.0,1.0,32.4982,0,0.0,8.9499,0
6831578.1,4,,54,45,0,50.0,1.0,32.3982,0,0.0,8.905,0
6833578.1,4,,54,45,0,50.0,1.0,32.2982,0,0.0,8.86,0
6835578.1,4,,54,45,0,50.0,1.0,32.1982,0,0.0,8.8151,0
6837578.1,4,,54,45,0,50.0,1.0,32.0982,0,0.0,8.7701,0
6839578.1,4,,54,45,0,50.0,1.0,31.9982,0,0.0,8.7252,0
6840810.6,4,,54,45,0,50.0,1.0,31.9366,0,0.0,8.6975,0
6841578.1,4,,53,45,0,50.0,1.0,31.8982,0,0.0,8.6821,0
6843578.1,4,,53,45,0,50.0,1.0,31.7982,0,0.0,8.6418,0
6845578.1,4,,53,45,0,50.0,1.0,31.6982,0,0.0,8.6015,0
6846533.1,4,,53,45,0,50.0,1.0,31.6504,0,0.0,8.5823,0
6847578.1,4,,52,45,0,50.0,1.0,31.5982,0,0.0,8.5615,0
6849578.1,4,,52,45,0,50.0,1.0,31.4982,0,0.0,8.5218,0
6851578.1,4,,52,45,0,50.0,1.0,31.3982,0,0.0,8.482,0
6853578.1,4,,52,45,0,50.0,1.0,31.2982,0,0.0,8.4423,0
6855578.1,4,,52,45,0,50.0,1.0,31.1982,0,0.0,8.4025,0
6857578.1,4,,52,45,0,50.0,1.0,31.0982,0,0.0,8.3627,0
6858314.1,4,,52,45,0,50.0,1.0,31.0614,0,0.0,8.3481,0
6859578.1,4,,51,44,0,50.0,1.0,30.9982,0,0.0,8.3229,0
6861578.1,4,,51,44,0,50.0,1.0,30.8982,0,0.0,8.2831,0
6863578.1,4,,51,44,0,50.0,1.0,30.7982,0,0.0,8.2433,0
6865578.1,4,,51,44,0,50.0,1.0,30.6982,0,0.0,8.2035,0
6867578.1,4,,51,44,0,50.0,1.0,30.5982,0,0.0,8.1637,0
6867866.0,4,,51,44,0,50.0,1.0,30.5838,0,0.0,8.158,0
6869578.1,4,,50,44,0,50.0,1.0,30.4982,0,0.0,8.1243,0
6870290.9,4,,50,44,0,50.0,1.0,30.4625,0,0.0,8.1103,0
6871578.1,4,,49,44,0,50.0,1.0,30.3982,0,0.0,8.0853,0
6873578.1,4,,49,44,0,50.0,1.0,30.2982,0,0.0,8.0464,0
6875578.1,4,,49,44,0,50.0,1.0,30.1982,0,0.0,8.0076,0
6877578.1,4,,49,44,0,50.0,1.0,30.0982,0,0.0,7.9688,0
6879578.1,4,,49,44,0,50.0,1.0,29.9982,0,0.0,7.9299,0
6881578.1,4,,49,44,0,50.0,1.0,29.8982,0,0.0,7.8911,0
6883578.1,4,,49,44,0,50.0,1.0,29.7982,0,0.0,7.8523,0
6885578.1,4,,49,44,0,50.0,1.0,29.6982,0,0.0,7.8134,0
6885970.3,4,,49,44,0,50.0,1.0,29.6786,0,0.0,7.8058,0
6886603.9,4,,48,44,0,50.0,1.0,29.6469,0,0.0,7.7937,0
6887578.1,4,,47,44,0,50.0,1.0,29.5982,0,0.0,7.7777,0
6889578.1,4,,47,44,0,50.0,1.0,29.4982,0,0.0,7.7449,0
6891578.1,4,,47,44,0,50.0,1.0,29.3982,0,0.0,7.7122,0
6893578.1,4,,47,44,0,50.0,1.0,29.2982,0,0.0,7.6794,0
6895578.1,4,,47,44,0,50.0,1.0,29.1982,0,0.0,7.6466,0
6897578.1,4,,47,44,0,50.0,1.0,29.0982,0,0.0,7.6138,0
6899578.1,4,,47,44,0,50.0,1.0,28.9982,0,0.0,7.581,0
6901578.1,4,,47,44,0,50.0,1.0,28.8982,0,0.0,7.5483,0
6903578.1,4,,47,44,0,50.0,1.0,28.7982,0,0.0,7.5155,0
6905578.1,4,,47,44,0,50.0,1.0,28.6982,0,0.0,7.4827,0
6907578.1,4,,47,44,0,50.0,1.0,28.5982,0,0.0,7.4499,0
6909578.1,4,,47,44,0,50.0,1.0,28.4982,0,0.0,7.4172,0
6911578.1,4,,47,44,0,50.0,1.0,28.3982,0,0.0,7.3844,0
6913578.1,4,,47,44,0,50.0,1.0,28.2982,0,0.0,7.3516,0
6915578.1,4,,47,44,0,50.0,1.0,28.1982,0,0.0,7.3188,0
6917578.1,4,,47,44,0,50.0,1.0,28.0982,0,0.0,7.286,0
6919578.1,4,,47,44,0,50.0,1.0,27.9982,0,0.0,7.2533,0
6921578.1,4,,47,44,0,50.0,1.0,27.8982,0,0.0,7.2205,0
6922976.4,4,,47,44,0,50.0,1.0,27.8283,0,0.0,7.1976,0
6923578.1,4,,46,44,0,50.0,1.0,27.7982,0,0.0,7.1897,0
6925578.1,4,,46,44,0,50.0,1.0,27.6982,0,0.0,7.1636,0
6927142.4,4,,46,44,0,50.0,1.0,27.62,0,0.0,7.1432,0
6927578.1,4,,45,44,0,50.0,1.0,27.5982,0,0.0,7.1377,0
6929578.1,4,,45,44,0,50.0,1.0,27.4982,0,0.0,7.1121,0
6931190.2,4,,45,44,0,50.0,1.0,27.4176,0,0.0,7.0916,0
6931578.1,4,,44,44,0,50.0,1.0,27.3982,0,0.0,7.0867,0
6933578.1,4,,44,44,0,50.0,1.0,27.2982,0,0.0,7.0617,0
6935578.1,4,,44,44,0,50.0,1.0,27.1982,0,0.0,7.0367,0
6937578.1,4,,44,44,0,50.0,1.0,27.0982,0,0.0,7.0117,0
6939578.1,4,,44,44,0,50.0,1.0,26.9982,0,0.0,6.9867,0
6941578.1,4,,44,44,0,50.0,1.0,26.8982,0,0.0,6.9617,0
6943578.1,4,,44,44,0,50.0,1.0,26.7982,0,0.0,6.9367,0
6945578.1,4,,44,44,0,50.0,1.0,26.6982,0,0.0,6.9117,0
6947578.1,4,,44,44,0,50.0,1.0,26.5982,0,0.0,6.8867,0
6949578.1,4,,44,44,0,50.0,1.0,26.4982,0,0.0,6.8617,0
6951578.1,4,,44,44,0,50.0,1.0,26.3982,0,0.0,6.8367,0
6953578.1,4,,44,44,0,50.0,1.0,26.2982,0,0.0,6.8117,0
6955578.1,4,,44,44,0,50.0,1.0,26.1982,0,0.0,6.7867,0
6957578.1,4,,44,44,0,50.0,1.0,26.0982,0,0.0,6.7617,0
6959578.1,4,,44,44,0,50.0,1.0,25.9982,0,0.0,6.7367,0
6961578.1,4,,44,44,0,50.0,1.0,25.8982,0,0.0,6.7117,0
6963578.1,4,,44,44,0,50.0,1.0,25.7982,0,0.0,6.6867,0
6965578.1,4,,44,44,0,50.0,1.0,25.6982,0,0.0,6.6617,0
6967578.1,4,,44,44,0,50.0,1.0,25.5982,0,0.0,6.6367,0
6969578.1,4,,44,44,0,50.0,1.0,25.4982,0,0.0,6.6117,0
6971578.1,4,,44,44,0,50.0,1.0,25.3982,0,0.0,6.5867,0
6973578.1,4,,44,44,0,50.0,1.0,25.2982,0,0.0,6.5617,0
6975578.1,4,,44,44,0,50.0,1.0,25.1982,0,0.0,6.5367,0
6977578.1,4,,44,44,0,50.0,1.0,25.0982,0,0.0,6.5117,0
6977939.1,4,,44,44,0,50.0,1.0,25.0801,0,0.0,6.5072,0
6979578.1,4,,43,43,0,50.0,1.0,24.9982,0,0.0,6.4867,0
6981578.1,4,,43,43,0,50.0,1.0,24.8982,0,0.0,6.4617,0
6983578.1,4,,43,43,0,50.0,1.0,24.7982,0,0.0,6.4367,0
6985578.1,4,,43,43,0,50.0,1.0,24.6982,0,0.0,6.4117,0
6987578.1,4,,43,43,0,50.0,1.0,24.5982,0,0.0,6.3867,0
6989578.1,4,,43,43,0,50.0,1.0,24.4982,0,0.0,6.3617,0
6991578.1,4,,43,43,0,50.0,1.0,24.3982,0,0.0,6.3367,0
6993578.1,4,,43,43,0,50.0,1.0,24.2982,0,0.0,6.3117,0
6995578.1,4,,43,43,0,50.0,1.0,24.1982,0,0.0,6.2867,0
6997578.1,4,,43,43,0,50.0,1.0,24.0982,0,0.0,6.2617,0
6999578.1,4,,43,43,0,50.0,1.0,23.9982,0,0.0,6.2367,0
7001578.1,4,,43,43,0,50.0,1.0,23.8982,0,0.0,6.2117,0
7003578.1,4,,43,43,0,50.0,1.0,23.7982,0,0.0,6.1867,0
7005578.1,4,,43,43,0,50.0,1.0,23.6982,0,0.0,6.1617,0
7007578.1,4,,43,43,0,50.0,1.0,23.5982,0,0.0,6.1367,0
7009578.1,4,,43,43,0,50.0,1.0,23.4982,0,0.0,6.1117,0
7011578.1,4,,43,43,0,50.0,1.0,23.3982,0,0.0,6.0867,0
7013578.1,4,,43,43,0,50.0,1.0,23.2982,0,0.0,6.0617,0
7015578.1,4,,43,43,0,50.0,1.0,23.1982,0,0.0,6.0367,0
7017578.1,4,,43,43,0,50.0,1.0,23.0982,0,0.0,6.0117,0
7019578.1,4,,43,43,0,50.0,1.0,22.9982,0,0.0,5.9867,0
7021578.1,4,,43,43,0,50.0,1.0,22.8982,0,0.0,5.9617,0
7023578.1,4,,43,43,0,50.0,1.0,22.7982,0,0.0,5.9367,0
7025578.1,4,,43,43,0,50.0,1.0,22.6982,0,0.0,5.9117,0
7027578.1,4,,43,43,0,50.0,1.0,22.5982,0,0.0,5.8867,0
7029578.1,4,,43,43,0,50.0,1.0,22.4982,0,0.0,5.8617,0
7031578.1,4,,43,43,0,50.0,1.0,22.3982,0,0.0,5.8367,0
7033578.1,4,,43,43,0,50.0,1.0,22.2982,0,0.0,5.8117,0
7035578.1,4,,43,43,0,50.0,1.0,22.1982,0,0.0,5.7867,0
7037578.1,4,,43,43,0,50.0,1.0,22.0982,0,0.0,5.7617,0
7039578.1,4,,43,43,0,50.0,1.0,21.9982,0,0.0,5.7367,0
7041578.1,4,,43,43,0,50.0,1.0,21.8982,0,0.0,5.7117,0
7043578.1,4,,43,43,0,50.0,1.0,21.7982,0,0.0,5.6867,0
7045578.1,4,,43,43,0,50.0,1.0,21.6982,0,0.0,5.6617,0
7046107.7,4,,43,43,0,50.0,1.0,21.6717,0,0.0,5.6551,0
7047578.1,4,,42,42,0,50.0,1.0,21.5982,0,0.0,5.6367,0
7047857.6,4,,42,42,0,50.0,1.0,21.5842,0,0.0,5.6332,0
7049578.1,4,,41,41,0,50.0,1.0,21.4982,0,0.0,5.6117,0
7051578.1,4,,41,41,0,50.0,1.0,21.3982,0,0.0,5.5867,0
7053578.1,4,,41,41,0,50.0,1.0,21.2982,0,0.0,5.5617,0
7055491.4,4,,41,41,0,50.0,1.0,21.2025,0,0.0,5.5378,0
7055578.1,4,,39,39,0,50.0,1.0,21.1982,0,0.0,5.5367,0
7055938.1,4,,39,39,0,50.0,1.0,21.1802,0,0.0,5.5322,0
7057578.1,4,,38,38,0,50.0,1.0,21.0982,0,0.0,5.5117,0
7059578.1,4,,38,38,0,50.0,1.0,20.9982,0,0.0,5.4867,0
7061578.1,4,,38,38,0,50.0,1.0,20.8982,0,0.0,5.4617,0
7063578.1,4,,38,38,0,50.0,1.0,20.7982,0,0.0,5.4367,0
7065578.1,4,,38,38,0,50.0,1.0,20.6982,0,0.0,5.4117,0
7067578.1,4,,38,38,0,50.0,1.0,20.5982,0,0.0,5.3867,0
7069578.1,4,,38,38,0,50.0,1.0,20.4982,0,0.0,5.3617,0
7071578.1,4,,38,38,0,50.0,1.0,20.3982,0,0.0,5.3367,0
7073578.1,4,,38,38,0,50.0,1.0,20.2982,0,0.0,5.3117,0
7075578.1,4,,38,38,0,50.0,1.0,20.1982,0,0.0,5.2867,0
7077578.1,4,,38,38,0,50.0,1.0,20.0982,0,0.0,5.2617,0
7079578.1,4,,38,38,0,50.0,1.0,19.9982,0,0.0,5.2367,0
7081578.1,4,,38,38,0,50.0,1.0,19.8982,0,0.0,5.2117,0
7082480.2,4,,38,38,0,50.0,1.0,19.8531,0,0.0,5.2004,0
7083578.1,4,,37,37,0,50.0,1.0,19.7982,0,0.0,5.1867,0
7083902.4,4,,37,37,0,50.0,1.0,19.782,0,0.0,5.1827,0
7085578.1,4,,36,36,0,50.0,1.0,19.6982,0,0.0,5.1617,0
7087578.1,4,,36,36,0,50.0,1.0,19.5982,0,0.0,5.1367,0
7089578.1,4,,36,36,0,50.0,1.0,19.4982,0,0.0,5.1117,0
7091578.1,4,,36,36,0,50.0,1.0,19.3982,0,0.0,5.0867,0
7093578.1,4,,36,36,0,50.0,1.0,19.2982,0,0.0,5.0617,0
7095578.1,4,,36,36,0,50.0,1.0,19.1982,0,0.0,5.0367,0
7095903.9,4,,36,36,0,50.0,1.0,19.1819,0,0.0,5.0326,0
7097578.1,4,,35,35,0,50.0,1.0,19.0982,0,0.0,5.0117,0
7099578.1,4,,35,35,0,50.0,1.0,18.9982,0,0.0,4.9867,0
7101578.1,4,,35,35,0,50.0,1.0,18.8982,0,0.0,4.9617,0
7103578.1,4,,35,35,0,50.0,1.0,18.7982,0,0.0,4.9367,0
7105578.1,4,,35,35,0,50.0,1.0,18.6982,0,0.0,4.9117,0
7107495.4,4,,35,35,0,50.0,1.0,18.6023,0,0.0,4.8877,0
7107578.1,4,,34,34,0,50.0,1.0,18.5982,0,0.0,4.8867,0
7109578.1,4,,34,34,0,50.0,1.0,18.4982,0,0.0,4.8617,0
7111524.7,4,,34,34,0,50.0,1.0,18.4009,0,0.0,4.8374,0
7111578.1,4,,33,33,0,50.0,1.0,18.3982,0,0.0,4.8367,0
7113578.1,4,,33,33,0,50.0,1.0,18.2982,0,0.0,4.8117,0
7115578.1,4,,33,33,0,50.0,1.0,18.1982,0,0.0,4.7867,0
7116547.7,4,,33,33,0,50.0,1.0,18.1497,0,0.0,4.7746,0
7117578.1,4,,32,32,0,50.0,1.0,18.0982,0,0.0,4.7617,0
7119578.1,4,,32,32,0,50.0,1.0,17.9982,0,0.0,4.7367,0
7121578.1,4,,32,32,0,50.0,1.0,17.8982,0,0.0,4.7117,0
7123578.1,4,,32,32,0,50.0,1.0,17.7982,0,0.0,4.6867,0
7125578.1,4,,32,32,0,50.0,1.0,17.6982,0,0.0,4.6617,0
7127033.5,4,,32,32,0,50.0,1.0,17.6254,0,0.0,4.6435,0
7127578.1,4,,31,31,0,50.0,1.0,17.5982,0,0.0,4.6367,0
7128466.9,4,,31,31,0,50.0,1.0,17.5537,0,0.0,4.6256,0
7129578.1,4,,30,30,0,50.0,1.0,17.4982,0,0.0,4.6117,0
7131578.1,4,,30,30,0,50.0,1.0,17.3982,0,0.0,4.5867,0
7133578.1,4,,30,30,0,50.0,1.0,17.2982,0,0.0,4.5617,0
7135578.1,4,,30,30,0,50.0,1.0,17.1982,0,0.0,4.5367,0
7137530.5,4,,30,30,0,50.0,1.0,17.1006,0,0.0,4.5123,0
7137578.1,4,,29,29,0,50.0,1.0,17.0982,0,0.0,4.5117,0
7137739.1,4,,29,29,0,50.0,1.0,17.0901,0,0.0,4.5097,0
7139578.1,4,,28,28,0,50.0,1.0,16.9982,0,0.0,4.4867,0
7141578.1,4,,28,28,0,50.0,1.0,16.8982,0,0.0,4.4617,0
7143578.1,4,,28,28,0,50.0,1.0,16.7982,0,0.0,4.4367,0
7145578.1,4,,28,28,0,50.0,1.0,16.6982,0,0.0,4.4117,0
7147578.1,4,,28,28,0,50.0,1.0,16.5982,0,0.0,4.3867,0
7149578.1,4,,28,28,0,50.0,1.0,16.4982,0,0.0,4.3617,0
7151578.1,4,,28,28,0,50.0,1.0,16.3982,0,0.0,4.3367,0
7153578.1,4,,28,28,0,50.0,1.0,16.2982,0,0.0,4.3117,0
7155578.1,4,,28,28,0,50.0,1.0,16.1982,0,0.0,4.2867,0
7157578.1,4,,28,28,0,50.0,1.0,16.0982,0,0.0,4.2617,0
7159578.1,4,,28,28,0,50.0,1.0,15.9982,0,0.0,4.2367,0
7161578.1,4,,28,28,0,50.0,1.0,15.8982,0,0.0,4.2117,0
7163578.1,4,,28,28,0,50.0,1.0,15.7982,0,0.0,4.1867,0
7165578.1,4,,28,28,0,50.0,1.0,15.6982,0,0.0,4.1617,0
7167578.1,4,,28,28,0,50.0,1.0,15.5982,0,0.0,4.1367,0
7169578.1,4,,28,28,0,50.0,1.0,15.4982,0,0.0,4.1117,0
7171578.1,4,,28,28,0,50.0,1.0,15.3982,0,0.0,4.0867,0
7173578.1,4,,28,28,0,50.0,1.0,15.2982,0,0.0,4.0617,0
7175578.1,4,,28,28,0,50.0,1.0,15.1982,0,0.0,4.0367,0
7177578.1,4,,28,28,0,50.0,1.0,15.0982,0,0.0,4.0117,0
7179026.8,4,,28,28,0,50.0,1.0,15.0258,0,0.0,3.9936,0
7179578.1,4,,27,27,0,50.0,1.0,14.9982,0,0.0,3.9867,0
7179790.0,4,,27,27,0,50.0,1.0,14.9876,0,0.0,3.9841,0
7181578.1,4,,26,26,0,50.0,1.0,14.8982,0,0.0,3.9617,0
7183578.1,4,,26,26,0,50.0,1.0,14.7982,0,0.0,3.9367,0
7185578.1,4,,26,26,0,50.0,1.0,14.6982,0,0.0,3.9117,0
7187578.1,4,,26,26,0,50.0,1.0,14.5982,0,0.0,3.8867,0
7189578.1,4,,26,26,0,50.0,1.0,14.4982,0,0.0,3.8617,0
7191578.1,4,,26,26,0,50.0,1.0,14.3982,0,0.0,3.8367,0
7193578.1,4,,26,26,0,50.0,1.0,14.2982,0,0.0,3.8117,0
7195578.1,4,,26,26,0,50.0,1.0,14.1982,0,0.0,3.7867,0
7197578.1,4,,26,26,0,50.0,1.0,14.0982,0,0.0,3.7617,0
7199578.1,4,,26,26,0,50.0,1.0,13.9982,0,0.0,3.7367,0
7201578.1,4,,26,26,0,50.0,1.0,13.8982,0,0.0,3.7117,0
7203578.1,4,,26,26,0,50.0,1.0,13.7982,0,0.0,3.6867,0
7205578.1,4,,26,26,0,50.0,1.0,13.6982,0,0.0,3.6617,0
7207578.1,4,,26,26,0,50.0,1.0,13.5982,0,0.0,3.6367,0
7209578.1,4,,26,26,0,50.0,1.0,13.4982,0,0.0,3.6117,0
7211578.1,4,,26,26,0,50.0,1.0,13.3982,0,0.0,3.5867,0
7213578.1,4,,26,26,0,50.0,1.0,13.2982,0,0.0,3.5617,0
7215578.1,4,,26,26,0,50.0,1.0,13.1982,0,0.0,3.5367,0
7217578.1,4,,26,26,0,50.0,1.0,13.0982,0,0.0,3.5117,0
7219578.1,4,,26,26,0,50.0,1.0,12.9982,0,0.0,3.4867,0
7221578.1,4,,26,26,0,50.0,1.0,12.8982,0,0.0,3.4617,0
7223578.1,4,,26,26,0,50.0,1.0,12.7982,0,0.0,3.4367,0
7225578.1,4,,26,26,0,50.0,1.0,12.6982,0,0.0,3.4117,0
7227578.1,4,,26,26,0,50.0,1.0,12.5982,0,0.0,3.3867,0
7229392.3,4,,26,26,0,50.0,1.0,12.5075,0,0.0,3.364,0
7229578.1,4,,25,25,0,50.0,1.0,12.4982,0,0.0,3.3617,0
7231578.1,4,,25,25,0,50.0,1.0,12.3982,0,0.0,3.3367,0
7233324.5,4,,25,25,0,50.0,1.0,12.3109,0,0.0,3.3149,0
7233578.1,4,,24,24,0,50.0,1.0,12.2982,0,0.0,3.3117,0
7235578.1,4,,24,24,0,50.0,1.0,12.1982,0,0.0,3.2867,0
7237578.1,4,,24,24,0,50.0,1.0,12.0982,0,0.0,3.2617,0
7239578.1,4,,24,24,0,50.0,1.0,11.9982,0,0.0,3.2367,0
7241578.1,4,,24,24,0,50.0,1.0,11.8982,0,0.0,3.2117,0
7243578.1,4,,24,24,0,50.0,1.0,11.7982,0,0.0,3.1867,0
7245578.1,4,,24,24,0,50.0,1.0,11.6982,0,0.0,3.1617,0
7247578.1,4,,24,24,0,50.0,1.0,11.5982,0,0.0,3.1367,0
7249578.1,4,,24,24,0,50.0,1.0,11.4982,0,0.0,3.1117,0
7251578.1,4,,24,24,0,50.0,1.0,11.3982,0,0.0,3.0867,0
7253578.1,4,,24,24,0,50.0,1.0,11.2982,0,0.0,3.0617,0
7255578.1,4,,24,24,0,50.0,1.0,11.1982,0,0.0,3.0367,0
7257578.1,4,,24,24,0,50.0,1.0,11.0982,0,0.0,3.0117,0
7259578.1,4,,24,24,0,50.0,1.0,10.9982,0,0.0,2.9867,0
7261578.1,4,,24,24,0,50.0,1.0,10.8982,0,0.0,2.9617,0
7263578.1,4,,24,24,0,50.0,1.0,10.7982,0,0.0,2.9367,0
7265578.1,4,,24,24,0,50.0,1.0,10.6982,0,0.0,2.9117,0
7267578.1,4,,24,24,0,50.0,1.0,10.5982,0,0.0,2.8867,0
7269578.1,4,,24,24,0,50.0,1.0,10.4982,0,0.0,2.8617,0
7271578.1,4,,24,24,0,50.0,1.0,10.3982,0,0.0,2.8367,0
7272862.3,4,,24,24,0,50.0,1.0,10.334,0,0.0,2.8207,0
7273578.1,4,,23,23,0,50.0,1.0,10.2982,0,0.0,2.8117,0
7275578.1,4,,23,23,0,50.0,1.0,10.1982,0,0.0,2.7867,0
7277578.1,4,,23,23,0,50.0,1.0,10.0982,0,0.0,2.7617,0
7278094.0,4,,23,23,0,50.0,1.0,10.0724,0,0.0,2.7553,0
7279578.1,4,,22,22,0,50.0,1.0,9.9982,0,0.0,2.7367,0
7280726.6,4,,22,22,0,50.0,1.0,9.9408,0,0.0,2.7224,0
7281578.1,4,,21,21,0,50.0,1.0,9.8982,0,0.0,2.7117,0
7283578.1,4,,21,21,0,50.0,1.0,9.7982,0,0.0,2.6867,0
7285578.1,4,,21,21,0,50.0,1.0,9.6982,0,0.0,2.6617,0
7287578.1,4,,21,21,0,50.0,1.0,9.5982,0,0.0,2.6367,0
7289578.1,4,,21,21,0,50.0,1.0,9.4982,0,0.0,2.6117,0
7291578.1,4,,21,21,0,50.0,1.0,9.3982,0,0.0,2.5867,0
7293578.1,4,,21,21,0,50.0,1.0,9.2982,0,0.0,2.5617,0
7295578.1,4,,21,21,0,50.0,1.0,9.1982,0,0.0,2.5367,0
7297578.1,4,,21,21,0,50.0,1.0,9.0982,0,0.0,2.5117,0
7299578.1,4,,21,21,0,50.0,1.0,8.9982,0,0.0,2.4867,0
7301578.1,4,,21,21,0,50.0,1.0,8.8982,0,0.0,2.4617,0
7302889.8,4,,21,21,0,50.0,1.0,8.8326,0,0.0,2.4453,0
7303578.1,4,,20,20,0,50.0,1.0,8.7982,0,0.0,2.4367,0
7305578.1,4,,20,20,0,50.0,1.0,8.6982,0,0.0,2.4117,0
7307578.1,4,,20,20,0,50.0,1.0,8.5982,0,0.0,2.3867,0
7309578.1,4,,20,20,0,50.0,1.0,8.4982,0,0.0,2.3617,0
7311578.1,4,,20,20,0,50.0,1.0,8.3982,0,0.0,2.3367,0
7313578.1,4,,20,20,0,50.0,1.0,8.2982,0,0.0,2.3117,0
7315578.1,4,,20,20,0,50.0,1.0,8.1982,0,0.0,2.2867,0
7317578.1,4,,20,20,0,50.0,1.0,8.0982,0,0.0,2.2617,0
7319578.1,4,,20,20,0,50.0,1.0,7.9982,0,0.0,2.2367,0
7321578.1,4,,20,20,0,50.0,1.0,7.8982,0,0.0,2.2117,0
7323578.1,4,,20,20,0,50.0,1.0,7.7982,0,0.0,2.1867,0
7325578.1,4,,20,20,0,50.0,1.0,7.6982,0,0.0,2.1617,0
7327246.0,4,,20,20,0,50.0,1.0,7.6148,0,0.0,2.1409,0
7327578.1,4,,19,19,0,50.0,1.0,7.5982,0,0.0,2.1367,0
7328351.7,4,,19,19,0,50.0,1.0,7.5595,0,0.0,2.127,0
7329578.1,4,,18,18,0,50.0,1.0,7.4982,0,0.0,2.1117,0
7329662.4,4,,18,18,0,50.0,1.0,7.494,0,0.0,2.1107,0
7331083.4,4,,17,17,0,50.0,1.0,7.4229,0,0.0,2.0917,0
7331578.1,4,,16,16,0,50.0,1.0,7.3982,0,0.0,2.0846,0
7333578.1,4,,16,16,0,50.0,1.0,7.2982,0,0.0,2.0561,0
7335578.1,4,,16,16,0,50.0,1.0,7.1982,0,0.0,2.0275,0
7337578.1,4,,16,16,0,50.0,1.0,7.0982,0,0.0,1.9989,0
7337870.3,4,,16,16,0,50.0,1.0,7.0836,0,0.0,1.9948,0
7339578.1,4,,15,15,0,50.0,1.0,6.9982,0,0.0,1.9704,0
7341578.1,4,,15,15,0,50.0,1.0,6.8982,0,0.0,1.9418,0
7343578.1,4,,15,15,0,50.0,1.0,6.7982,0,0.0,1.9132,0
7345578.1,4,,15,15,0,50.0,1.0,6.6982,0,0.0,1.8846,0
7347578.1,4,,15,15,0,50.0,1.0,6.5982,0,0.0,1.8561,0
7348192.2,4,,15,15,0,50.0,1.0,6.5675,0,0.0,1.8473,0
7349578.1,4,,14,14,0,50.0,1.0,6.4982,0,0.0,1.8313,0
7351578.1,4,,14,14,0,50.0,1.0,6.3982,0,0.0,1.8082,0
7353578.1,4,,14,14,0,50.0,1.0,6.2982,0,0.0,1.7852,0
7355578.1,4,,14,14,0,50.0,1.0,6.1982,0,0.0,1.7621,0
7357578.1,4,,14,14,0,50.0,1.0,6.0982,0,0.0,1.739,0
7359578.1,4,,14,14,0,50.0,1.0,5.9982,0,0.0,1.7159,0
7361578.1,4,,14,14,0,50.0,1.0,5.8982,0,0.0,1.6928,0
7363101.7,4,,14,14,0,50.0,1.0,5.822,0,0.0,1.6753,0
7363578.1,4,,13,13,0,50.0,1.0,5.7982,0,0.0,1.6715,0
7364493.0,4,,13,13,0,50.0,1.0,5.7524,0,0.0,1.6643,0
7364600.5,4,,12,12,0,50.0,1.0,5.7471,0,0.0,1.6634,0
7365432.7,4,,11,11,0,50.0,1.0,5.7055,0,0.0,1.6561,0
7365578.1,4,,10,10,0,50.0,1.0,5.6982,0,0.0,1.6547,0
7367578.1,4,,10,10,0,50.0,1.0,5.5982,0,0.0,1.636,0
7369578.1,4,,10,10,0,50.0,1.0,5.4982,0,0.0,1.6172,0
7371578.1,4,,10,10,0,50.0,1.0,5.3982,0,0.0,1.5985,0
7373578.1,4,,10,10,0,50.0,1.0,5.2982,0,0.0,1.5797,0
7375237.7,4,,10,10,0,50.0,1.0,5.2152,0,0.0,1.5642,0
7375578.1,4,,9,9,0,50.0,1.0,5.1982,0,0.0,1.5605,0
7377578.1,4,,9,9,0,50.0,1.0,5.0982,0,0.0,1.5391,0
7379578.1,4,,9,9,0,50.0,1.0,4.9982,0,0.0,1.5177,0
7381567.8,4,,9,9,0,50.0,1.0,4.8987,0,0.0,1.4963,0
7381578.1,4,,8,8,0,50.0,1.0,4.8982,0,0.0,1.4962,0
7383578.1,4,,8,8,0,50.0,1.0,4.7982,0,0.0,1.4712,0
7385578.1,4,,8,8,0,50.0,1.0,4.6982,0,0.0,1.4462,0
7387578.1,4,,8,8,0,50.0,1.0,4.5982,0,0.0,1.4212,0
7389578.1,4,,8,8,0,50.0,1.0,4.4982,0,0.0,1.3962,0
7391578.1,4,,8,8,0,50.0,1.0,4.3982,0,0.0,1.3712,0
7393578.1,4,,8,8,0,50.0,1.0,4.2982,0,0.0,1.3462,0
7395578.1,4,,8,8,0,50.0,1.0,4.1982,0,0.0,1.3212,0
7397578.1,4,,8,8,0,50.0,1.0,4.0982,0,0.0,1.2962,0
7399578.1,4,,8,8,0,50.0,1.0,3.9982,0,0.0,1.2712,0
7401578.1,4,,8,8,0,50.0,1.0,3.8982,0,0.0,1.2462,0
7403578.1,4,,8,8,0,50.0,1.0,3.7982,0,0.0,1.2212,0
7405578.1,4,,8,8,0,50.0,1.0,3.6982,0,0.0,1.1962,0
7407578.1,4,,8,8,0,50.0,1.0,3.5982,0,0.0,1.1712,0
7409578.1,4,,8,8,0,50.0,1.0,3.4982,0,0.0,1.1462,0
7411578.1,4,,8,8,0,50.0,1.0,3.3982,0,0.0,1.1212,0
7413578.1,4,,8,8,0,50.0,1.0,3.2982,0,0.0,1.0962,0
7415578.1,4,,8,8,0,50.0,1.0,3.1982,0,0.0,1.0712,0
7417578.1,4,,8,8,0,50.0,1.0,3.0982,0,0.0,1.0462,0
7419578.1,4,,8,8,0,50.0,1.0,2.9982,0,0.0,1.0212,0
7421578.1,4,,8,8,0,50.0,1.0,2.8982,0,0.0,0.9962,0
7423578.1,4,,8,8,0,50.0,1.0,2.7982,0,0.0,0.9712,0
7425578.1,4,,8,8,0,50.0,1.0,2.6982,0,0.0,0.9462,0
7427578.1,4,,8,8,0,50.0,1.0,2.5982,0,0.0,0.9212,0
7429578.1,4,,8,8,0,50.0,1.0,2.4982,0,0.0,0.8962,0
7431578.1,4,,8,8,0,50.0,1.0,2.3982,0,0.0,0.8712,0
7433578.1,4,,8,8,0,50.0,1.0,2.2982,0,0.0,0.8462,0
7435578.1,4,,8,8,0,50.0,1.0,2.1982,0,0.0,0.8212,0
7437578.1,4,,8,8,0,50.0,1.0,2.0982,0,0.0,0.7962,0
7439578.1,4,,8,8,0,50.0,1.0,1.9982,0,0.0,0.7712,0
7441578.1,4,,8,8,0,50.0,1.0,1.8982,0,0.0,0.7462,0
7443578.1,4,,8,8,0,50.0,1.0,1.7982,0,0.0,0.7212,0
7445578.1,4,,8,8,0,50.0,1.0,1.6982,0,0.0,0.6962,0
7447578.1,4,,8,8,0,50.0,1.0,1.5982,0,0.0,0.6712,0
7449578.1,4,,8,8,0,50.0,1.0,1.4982,0,0.0,0.6462,0
7451578.1,4,,8,8,0,50.0,1.0,1.3982,0,0.0,0.6212,0
7453578.1,4,,8,8,0,50.0,1.0,1.2982,0,0.0,0.5962,0
7455578.1,4,,8,8,0,50.0,1.0,1.1982,0,0.0,0.5712,0
7457578.1,4,,8,8,0,50.0,1.0,1.0982,0,0.0,0.5462,0
7458300.6,4,,8,8,0,50.0,1.0,1.0621,0,0.0,0.5372,0
7458956.0,4,,7,7,0,50.0,1.0,1.0293,0,0.0,0.5276,0
7459578.1,4,,6,6,0,50.0,1.0,0.9982,0,0.0,0.5173,0
7461578.1,4,,6,6,0,50.0,1.0,0.8982,0,0.0,0.4839,0
7463578.1,4,,6,6,0,50.0,1.0,0.7982,0,0.0,0.4506,0
7463948.1,4,,6,6,0,50.0,1.0,0.7797,0,0.0,0.4444,0
7465578.1,4,,5,5,0,50.0,1.0,0.6982,0,0.0,0.4105,0
7467578.1,4,,5,5,0,50.0,1.0,0.5982,0,0.0,0.3688,0
7469578.1,4,,5,5,0,50.0,1.0,0.4982,0,0.0,0.3271,0
7471578.1,4,,5,5,0,50.0,1.0,0.3982,0,0.0,0.2855,0
7473250.2,4,,5,5,0,50.0,1.0,0.3146,0,0.0,0.2506,0
7473535.5,4,,4,4,0,50.0,1.0,0.3003,0,0.0,0.2435,0
7473578.1,4,,3,3,0,50.0,1.0,0.2982,0,0.0,0.2421,0
7475578.1,4,,3,3,0,50.0,1.0,0.1982,0,0.0,0.1754,0
7476944.4,4,,3,3,0,50.0,1.0,0.1299,0,0.0,0.1299,0
7477578.1,4,,2,2,0,50.0,1.0,0.0982,0,0.0,0.0982,0
7478241.6,4,,2,2,0,50.0,1.0,0.065,0,0.0,0.065,0
7479541.8,4,,1,1,0,50.0,1.0,0.0,0,0.0,0.0,0
7479578.1,5,,124,56,8,50.0,1.0,68.3031,12.9032,0.0005,8.9906,0
7481578.1,5,,124,56,8,50.0,1.0,68.2031,12.9032,0.0263,8.9834,0
7483578.1,5,,124,56,8,50.0,1.0,68.1031,12.9032,0.0521,8.9763,0
7485578.1,5,,124,56,8,50.0,1.0,68.0031,12.9032,0.0779,8.9692,0
7487578.1,5,,124,56,8,50.0,1.0,67.9031,12.9032,0.1037,8.962,0
7489578.1,5,,124,56,8,50.0,1.0,67.8031,12.9032,0.1295,8.9549,0
7491578.1,5,,124,56,8,50.0,1.0,67.7031,12.9032,0.1553,8.9477,0
7493578.1,5,,124,56,8,50.0,1.0,67.6031,12.9032,0.1811,8.9406,0
7495578.1,5,,124,56,8,50.0,1.0,67.5031,12.9032,0.2069,8.9334,0
7497578.1,5,,124,56,8,50.0,1.0,67.4031,12.9032,0.2327,8.9263,0
7499578.1,5,,124,56,8,50.0,1.0,67.3031,12.9032,0.2585,8.9192,0
7501578.1,5,,124,56,8,50.0,1.0,67.2031,12.9032,0.2843,8.912,0
7503578.1,5,,124,56,8,50.0,1.0,67.1031,12.9032,0.3101,8.9049,0
7505578.1,5,,124,56,8,50.0,1.0,67.0031,12.9032,0.336,8.8977,0
7507578.1,5,,124,56,8,50.0,1.0,66.9031,12.9032,0.3618,8.8906,0
7509578.1,5,,124,56,8,50.0,1.0,66.8031,12.9032,0.3876,8.8834,0
7511578.1,5,,124,56,8,50.0,1.0,66.7031,12.9032,0.4134,8.8763,0
7513578.1,5,,124,56,8,50.0,1.0,66.6031,12.9032,0.4392,8.8692,0
7515578.1,5,,124,56,8,50.0,1.0,66.5031,12.9032,0.465,8.862,0
7516788.1,5,,124,56,8,50.0,1.0,66.4426,12.9032,0.4806,8.8577,0
7517070.2,5,,123,56,8,50.0,1.0,66.4285,13.0108,0.4843,8.8567,0
7517578.1,5,,122,56,8,50.0,1.0,66.4031,13.1183,0.4909,8.8549,0
7519578.1,5,,122,56,8,50.0,1.0,66.3031,13.1183,0.5172,8.8477,0
7521578.1,5,,122,56,8,50.0,1.0,66.2031,13.1183,0.5434,8.8406,0
7522431.4,5,,122,56,8,50.0,1.0,66.1604,13.1183,0.5546,8.8375,0
7523578.1,5,,121,56,8,50.0,1.0,66.1031,13.2258,0.5698,8.8334,0
7525578.1,5,,121,56,8,50.0,1.0,66.0031,13.2258,0.5962,8.8263,0
7527578.1,5,,121,56,8,50.0,1.0,65.9031,13.2258,0.6227,8.8192,0
7529578.1,5,,121,56,8,50.0,1.0,65.8031,13.2258,0.6491,8.812,0
7531578.1,5,,121,56,8,50.0,1.0,65.7031,13.2258,0.6756,8.8049,0
7533578.1,5,,121,56,8,50.0,1.0,65.6031,13.2258,0.702,8.7977,0
7535578.1,5,,121,56,8,50.0,1.0,65.5031,13.2258,0.7285,8.7906,0
7537578.1,5,,121,56,8,50.0,1.0,65.4031,13.2258,0.7549,8.7834,0
7539578.1,5,,121,56,8,50.0,1.0,65.3031,13.2258,0.7814,8.7763,0
7541578.1,5,,121,56,8,50.0,1.0,65.2031,13.2258,0.8078,8.7692,0
7543578.1,5,,121,56,8,50.0,1.0,65.1031,13.2258,0.8343,8.762,0
7545578.1,5,,121,56,8,50.0,1.0,65.0031,13.2258,0.8607,8.7549,0
7547578.1,5,,121,56,8,50.0,1.0,64.9031,13.2258,0.8872,8.7477,0
7548746.0,5,,121,56,8,50.0,1.0,64.8447,13.2258,0.9026,8.7436,0
7549578.1,5,,120,56,8,50.0,1.0,64.8031,13.3407,0.9137,8.7406,0
7551103.4,5,,120,56,8,50.0,1.0,64.7268,13.3407,0.9341,8.7351,0
7551578.1,5,,119,56,8,50.0,1.0,64.7031,13.4557,0.9405,8.7334,0
7553578.1,5,,119,56,8,50.0,1.0,64.6031,13.4557,0.9674,8.7263,0
7554034.3,5,,119,56,8,50.0,1.0,64.5803,13.4557,0.9735,8.7247,0
7555578.1,5,,118,56,8,50.0,1.0,64.5031,13.5632,0.9945,8.7192,0
7557578.1,5,,118,56,8,50.0,1.0,64.4031,13.5632,1.0216,8.712,0
7559113.4,5,,118,56,8,50.0,1.0,64.3263,13.5632,1.0424,8.7065,0
7559578.1,5,,117,56,8,50.0,1.0,64.3031,13.6782,1.0488,8.7049,0
7561578.1,5,,117,56,8,50.0,1.0,64.2031,13.6782,1.0761,8.6977,0
7563578.1,5,,117,56,8,50.0,1.0,64.1031,13.6782,1.1035,8.6906,0
7565578.1,5,,117,56,8,50.0,1.0,64.0031,13.6782,1.1308,8.6834,0
7567578.1,5,,117,56,8,50.0,1.0,63.9031,13.6782,1.1582,8.6763,0
7568352.1,5,,117,56,8,50.0,1.0,63.8644,13.6782,1.1688,8.6735,0
7568506.9,5,,116,56,8,50.0,1.0,63.8566,13.8013,1.1709,8.673,0
7569578.1,5,,115,56,8,50.0,1.0,63.8031,13.9163,1.1858,8.6692,0
7571578.1,5,,115,56,8,50.0,1.0,63.7031,13.9163,1.2136,8.662,0
7573578.1,5,,115,56,8,50.0,1.0,63.6031,13.9163,1.2415,8.6549,0
7575578.1,5,,115,56,8,50.0,1.0,63.5031,13.9163,1.2693,8.6477,0
7576726.2,5,,115,56,8,50.0,1.0,63.4457,13.9163,1.2853,8.6436,0
7577481.7,5,,114,56,8,50.0,1.0,63.4079,14.0394,1.2959,8.6409,0
7577578.1,5,,113,56,8,50.0,1.0,63.4031,14.1626,1.2973,8.6406,0
7579578.1,5,,113,56,8,50.0,1.0,63.3031,14.1626,1.3256,8.6334,0
7579820.9,5,,113,56,8,50.0,1.0,63.2909,14.1626,1.329,8.6326,0
7581578.1,5,,112,56,8,50.0,1.0,63.2031,14.2948,1.3541,8.6263,0
7582779.2,5,,112,56,8,50.0,1.0,63.143,14.2948,1.3713,8.622,0
7583507.3,5,,111,56,8,50.0,1.0,63.1066,14.418,1.3818,8.6194,0
7583578.1,5,,110,56,8,50.0,1.0,63.1031,14.5604,1.3828,8.6192,0
7583607.5,5,,110,56,8,50.0,1.0,63.1016,14.5604,1.3833,8.6191,0
7584872.7,5,,109,56,8,50.0,1.0,63.0384,14.6927,1.4019,8.6145,0
7585578.1,5,,108,56,8,50.0,1.0,63.0031,14.825,1.4123,8.612,0
7587578.1,5,,108,56,8,50.0,1.0,62.9031,14.825,1.442,8.6049,0
7589014.2,5,,108,56,8,50.0,1.0,62.8313,14.825,1.4633,8.5997,0
7589578.1,5,,107,56,8,50.0,1.0,62.8031,14.9674,1.4717,8.5977,0
7590525.2,5,,107,56,8,50.0,1.0,62.7557,14.9674,1.4859,8.5944,0
7591578.1,5,,106,56,8,50.0,1.0,62.7031,15.1099,1.5018,8.5906,0
7592973.7,5,,106,56,8,50.0,1.0,62.6333,15.1099,1.5229,8.5856,0
7593578.1,5,,105,56,8,50.0,1.0,62.6031,15.2422,1.5321,8.5834,0
7593838.4,5,,105,56,8,50.0,1.0,62.5901,15.2422,1.5361,8.5825,0
7595403.9,5,,104,56,8,50.0,1.0,62.5118,15.396,1.5602,8.5769,0
7595578.1,5,,103,56,8,50.0,1.0,62.5031,15.5499,1.5629,8.5763,0
7597578.1,5,,103,56,8,50.0,1.0,62.4031,15.5499,1.594,8.5692,0
7597907.1,5,,103,56,8,50.0,1.0,62.3866,15.5499,1.5991,8.568,0
7599578.1,5,,102,56,8,50.0,1.0,62.3031,15.7165,1.6253,8.562,0
7599854.9,5,,102,56,8,50.0,1.0,62.2892,15.7165,1.6297,8.561,0
7600209.9,5,,101,56,8,50.0,1.0,62.2715,15.859,1.6353,8.5598,0
7601578.1,5,,100,56,8,50.0,1.0,62.2031,16.0256,1.6572,8.5549,0
7603578.1,5,,100,56,8,50.0,1.0,62.1031,16.0256,1.6893,8.5477,0
7604333.2,5,,100,56,8,50.0,1.0,62.0653,16.0256,1.7014,8.545,0
7605578.1,5,,99,56,8,50.0,1.0,62.0031,16.1795,1.7215,8.5406,0
7607578.1,5,,99,56,8,50.0,1.0,61.9031,16.1795,1.7539,8.5334,0
7609578.1,5,,99,56,8,50.0,1.0,61.8031,16.1795,1.7863,8.5263,0
7609794.6,5,,99,56,8,50.0,1.0,61.7923,16.1795,1.7898,8.5255,0
7611578.1,5,,98,56,8,50.0,1.0,61.7031,16.3462,1.8189,8.5192,0
7611687.8,5,,98,56,8,50.0,1.0,61.6976,16.3462,1.8207,8.5188,0
7613578.1,5,,97,56,8,50.0,1.0,61.6031,16.5,1.8519,8.512,0
7615578.1,5,,97,56,8,50.0,1.0,61.5031,16.5,1.8849,8.5049,0
7616921.6,5,,97,56,8,50.0,1.0,61.4359,16.5,1.9071,8.5001,0
7617578.1,5,,96,56,8,50.0,1.0,61.4031,16.6667,1.918,8.4977,0
7619578.1,5,,96,56,8,50.0,1.0,61.3031,16.6667,1.9513,8.4906,0
7621578.1,5,,96,56,8,50.0,1.0,61.2031,16.6667,1.9847,8.4834,0
7623578.1,5,,96,56,8,50.0,1.0,61.1031,16.6667,2.018,8.4763,0
7625578.1,5,,96,56,8,50.0,1.0,61.0031,16.6667,2.0513,8.4692,0
7627578.1,5,,96,56,8,50.0,1.0,60.9031,16.6667,2.0847,8.462,0
7629578.1,5,,96,56,8,50.0,1.0,60.8031,16.6667,2.118,8.4549,0
7631578.1,5,,96,56,8,50.0,1.0,60.7031,16.6667,2.1513,8.4477,0
7633578.1,5,,96,56,8,50.0,1.0,60.6031,16.6667,2.1847,8.4406,0
7635578.1,5,,96,56,8,50.0,1.0,60.5031,16.6667,2.218,8.4334,0
7637578.1,5,,96,56,8,50.0,1.0,60.4031,16.6667,2.2513,8.4263,0
7639578.1,5,,96,56,8,50.0,1.0,60.3031,16.6667,2.2847,8.4192,0
7641578.1,5,,96,56,8,50.0,1.0,60.2031,16.6667,2.318,8.412,0
7643578.1,5,,96,56,8,50.0,1.0,60.1031,16.6667,2.3513,8.4049,0
7645578.1,5,,96,56,8,50.0,1.0,60.0031,16.6667,2.3847,8.3977,0
7647578.1,5,,96,56,8,50.0,1.0,59.9031,16.6667,2.418,8.3906,0
7649578.1,5,,96,56,8,50.0,1.0,59.8031,16.6667,2.4513,8.3834,0
7651578.1,5,,96,56,8,50.0,1.0,59.7031,16.6667,2.4847,8.3763,0
7653578.1,5,,96,56,8,50.0,1.0,59.6031,16.6667,2.518,8.3692,0
7655578.1,5,,96,56,8,50.0,1.0,59.5031,16.6667,2.5513,8.362,0
7657578.1,5,,96,56,8,50.0,1.0,59.4031,16.6667,2.5847,8.3549,0
7659578.1,5,,96,56,8,50.0,1.0,59.3031,16.6667,2.618,8.3477,0
7661578.1,5,,96,56,8,50.0,1.0,59.2031,16.6667,2.6513,8.3406,0
7663578.1,5,,96,56,8,50.0,1.0,59.1031,16.6667,2.6847,8.3334,0
7665578.1,5,,96,56,8,50.0,1.0,59.0031,16.6667,2.718,8.3263,0
7667578.1,5,,96,56,8,50.0,1.0,58.9031,16.6667,2.7513,8.3192,0
7669578.1,5,,96,56,8,50.0,1.0,58.8031,16.6667,2.7847,8.312,0
7671578.1,5,,96,56,8,50.0,1.0,58.7031,16.6667,2.818,8.3049,0
7673578.1,5,,96,56,8,50.0,1.0,58.6031,16.6667,2.8513,8.2977,0
7675578.1,5,,96,56,8,50.0,1.0,58.5031,16.6667,2.8847,8.2906,0
7677578.1,5,,96,56,8,50.0,1.0,58.4031,16.6667,2.918,8.2834,0
7679578.1,5,,96,56,8,50.0,1.0,58.3031,16.6667,2.9513,8.2763,0
7681578.1,5,,96,56,8,50.0,1.0,58.2031,16.6667,2.9847,8.2692,0
7683578.1,5,,96,56,8,50.0,1.0,58.1031,16.6667,3.018,8.262,0
7685578.1,5,,96,56,8,50.0,1.0,58.0031,16.6667,3.0513,8.2549,0
7687578.1,5,,96,56,8,50.0,1.0,57.9031,16.6667,3.0847,8.2477,0
7689578.1,5,,96,56,8,50.0,1.0,57.8031,16.6667,3.118,8.2406,0
7691578.1,5,,96,56,8,50.0,1.0,57.7031,16.6667,3.1513,8.2334,0
7693578.1,5,,96,56,8,50.0,1.0,57.6031,16.6667,3.1847,8.2263,0
7695578.1,5,,96,56,8,50.0,1.0,57.5031,16.6667,3.218,8.2192,0
7697578.1,5,,96,56,8,50.0,1.0,57.4031,16.6667,3.2513,8.212,0
7699578.1,5,,96,56,8,50.0,1.0,57.3031,16.6667,3.2847,8.2049,0
7701578.1,5,,96,56,8,50.0,1.0,57.2031,16.6667,3.318,8.1977,0
7703578.1,5,,96,56,8,50.0,1.0,57.1031,16.6667,3.3513,8.1906,0
7705578.1,5,,96,56,8,50.0,1.0,57.0031,16.6667,3.3847,8.1834,0
7707578.1,5,,96,56,8,50.0,1.0,56.9031,16.6667,3.418,8.1763,0
7709578.1,5,,96,56,8,50.0,1.0,56.8031,16.6667,3.4513,8.1692,0
7711578.1,5,,96,56,8,50.0,1.0,56.7031,16.6667,3.4847,8.162,0
7713578.1,5,,96,56,8,50.0,1.0,56.6031,16.6667,3.518,8.1549,0
7715578.1,5,,96,56,8,50.0,1.0,56.5031,16.6667,3.5513,8.1477,0
7717578.1,5,,96,56,8,50.0,1.0,56.4031,16.6667,3.5847,8.1406,0
7719578.1,5,,96,56,8,50.0,1.0,56.3031,16.6667,3.618,8.1334,0
7721578.1,5,,96,56,8,50.0,1.0,56.2031,16.6667,3.6513,8.1263,0
7723578.1,5,,96,56,8,50.0,1.0,56.1031,16.6667,3.6847,8.1192,0
7725578.1,5,,96,56,8,50.0,1.0,56.0031,16.6667,3.718,8.112,0
7727578.1,5,,96,56,8,50.0,1.0,55.9031,16.6667,3.7513,8.1049,0
7729578.1,5,,96,56,8,50.0,1.0,55.8031,16.6667,3.7847,8.0977,0
7731578.1,5,,96,56,8,50.0,1.0,55.7031,16.6667,3.818,8.0906,0
7733578.1,5,,96,56,8,50.0,1.0,55.6031,16.6667,3.8513,8.0834,0
7735578.1,5,,96,56,8,50.0,1.0,55.5031,16.6667,3.8847,8.0763,0
7737578.1,5,,96,56,8,50.0,1.0,55.4031,16.6667,3.918,8.0692,0
7739578.1,5,,96,56,8,50.0,1.0,55.3031,16.6667,3.9513,8.062,0
7741578.1,5,,96,56,8,50.0,1.0,55.2031,16.6667,3.9847,8.0549,0
7743578.1,5,,96,56,8,50.0,1.0,55.1031,16.6667,4.018,8.0477,0
7745578.1,5,,96,56,8,50.0,1.0,55.0031,16.6667,4.0513,8.0406,0
7747578.1,5,,96,56,8,50.0,1.0,54.9031,16.6667,4.0847,8.0334,0
7749578.1,5,,96,56,8,50.0,1.0,54.8031,16.6667,4.118,8.0263,0
7751578.1,5,,96,56,8,50.0,1.0,54.7031,16.6667,4.1513,8.0192,0
7753578.1,5,,96,56,8,50.0,1.0,54.6031,16.6667,4.1847,8.012,0
7755578.1,5,,96,56,8,50.0,1.0,54.5031,16.6667,4.218,8.0049,0
7757578.1,5,,96,56,8,50.0,1.0,54.4031,16.6667,4.2513,7.9977,0
7759578.1,5,,96,56,8,50.0,1.0,54.3031,16.6667,4.2847,7.9906,0
7761578.1,5,,96,56,8,50.0,1.0,54.2031,16.6667,4.318,7.9834,0
7763578.1,5,,96,56,8,50.0,1.0,54.1031,16.6667,4.3513,7.9763,0
7765578.1,5,,96,56,8,50.0,1.0,54.0031,16.6667,4.3847,7.9692,0
7767578.1,5,,96,56,8,50.0,1.0,53.9031,16.6667,4.418,7.962,0
7769578.1,5,,96,56,8,50.0,1.0,53.8031,16.6667,4.4513,7.9549,0
7771578.1,5,,96,56,8,50.0,1.0,53.7031,16.6667,4.4847,7.9477,0
7773578.1,5,,96,56,8,50.0,1.0,53.6031,16.6667,4.518,7.9406,0
7775578.1,5,,96,56,8,50.0,1.0,53.5031,16.6667,4.5513,7.9334,0
7777578.1,5,,96,56,8,50.0,1.0,53.4031,16.6667,4.5847,7.9263,0
7779014.0,5,,96,56,8,50.0,1.0,53.3313,16.6667,4.6086,7.9212,0
7779578.1,5,,95,56,8,50.0,1.0,53.3031,16.8478,4.6181,7.9192,0
7781578.1,5,,95,56,8,50.0,1.0,53.2031,16.8478,4.6518,7.912,0
7783578.1,5,,95,56,8,50.0,1.0,53.1031,16.8478,4.6855,7.9049,0
7785578.1,5,,95,56,8,50.0,1.0,53.0031,16.8478,4.7192,7.8977,0
7787578.1,5,,95,56,8,50.0,1.0,52.9031,16.8478,4.7529,7.8906,0
7789578.1,5,,95,56,8,50.0,1.0,52.8031,16.8478,4.7866,7.8834,0
7791578.1,5,,95,56,8,50.0,1.0,52.7031,16.8478,4.8203,7.8763,0
7793578.1,5,,95,56,8,50.0,1.0,52.6031,16.8478,4.854,7.8692,0
7795578.1,5,,95,56,8,50.0,1.0,52.5031,16.8478,4.8877,7.862,0
7797578.1,5,,95,56,8,50.0,1.0,52.4031,16.8478,4.9214,7.8549,0
7799578.1,5,,95,56,8,50.0,1.0,52.3031,16.8478,4.9551,7.8477,0
7801578.1,5,,95,56,8,50.0,1.0,52.2031,16.8478,4.9888,7.8406,0
7803578.1,5,,95,56,8,50.0,1.0,52.1031,16.8478,5.0225,7.8334,0
7805578.1,5,,95,56,8,50.0,1.0,52.0031,16.8478,5.0562,7.8263,0
7807578.1,5,,95,56,8,50.0,1.0,51.9031,16.8478,5.0899,7.8192,0
7809578.1,5,,95,56,8,50.0,1.0,51.8031,16.8478,5.1235,7.812,0
7810553.2,5,,95,56,8,50.0,1.0,51.7543,16.8478,5.14,7.8085,0
7811578.1,5,,94,56,8,50.0,1.0,51.7031,17.029,5.1574,7.8049,0
7813578.1,5,,94,56,8,50.0,1.0,51.6031,17.029,5.1915,7.7977,0
7815578.1,5,,94,56,8,50.0,1.0,51.5031,17.029,5.2255,7.7906,0
7816205.7,5,,94,56,8,50.0,1.0,51.4717,17.029,5.2362,7.7883,0
7816697.2,5,,93,56,8,50.0,1.0,51.4471,17.2266,5.2447,7.7866,0
7817578.1,5,,92,56,8,50.0,1.0,51.4031,17.4242,5.26,7.7834,0
7819578.1,5,,92,56,8,50.0,1.0,51.3031,17.4242,5.2949,7.7763,0
7821578.1,5,,92,56,8,50.0,1.0,51.2031,17.4242,5.3297,7.7692,0
7823578.1,5,,92,56,8,50.0,1.0,51.1031,17.4242,5.3646,7.762,0
7823787.8,5,,92,56,8,50.0,1.0,51.0926,17.4242,5.3682,7.7613,0
7825435.3,5,,91,56,8,50.0,1.0,51.0102,17.6054,5.3973,7.7554,0
7825578.1,5,,90,56,8,50.0,1.0,51.0031,17.7866,5.3998,7.7549,0
7827578.1,5,,90,56,8,50.0,1.0,50.9031,17.7866,5.4354,7.7477,0
7829578.1,5,,90,56,8,50.0,1.0,50.8031,17.7866,5.4709,7.7406,0
7831578.1,5,,90,56,8,50.0,1.0,50.7031,17.7866,5.5065,7.7334,0
7833578.1,5,,90,56,8,50.0,1.0,50.6031,17.7866,5.5421,7.7263,0
7835578.1,5,,90,56,8,50.0,1.0,50.5031,17.7866,5.5777,7.7192,0
7837578.1,5,,90,56,8,50.0,1.0,50.4031,17.7866,5.6132,7.712,0
7839578.1,5,,90,56,8,50.0,1.0,50.3031,17.7866,5.6488,7.7049,0
7841578.1,5,,90,56,8,50.0,1.0,50.2031,17.7866,5.6844,7.6977,0
7843578.1,5,,90,56,8,50.0,1.0,50.1031,17.7866,5.7199,7.6906,0
7845578.1,5,,90,56,8,50.0,1.0,50.0031,17.7866,5.7555,7.6834,0
7847578.1,5,,90,56,8,50.0,1.0,49.9031,17.7866,5.7911,7.6763,0
7849578.1,5,,90,56,8,50.0,1.0,49.8031,17.7866,5.8267,7.6692,0
7851578.1,5,,90,56,8,50.0,1.0,49.7031,17.7866,5.8622,7.662,0
7853578.1,5,,90,56,8,50.0,1.0,49.6031,17.7866,5.8978,7.6549,0
7855578.1,5,,90,56,8,50.0,1.0,49.5031,17.7866,5.9334,7.6477,0
7857466.0,5,,90,56,8,50.0,1.0,49.4087,17.7866,5.967,7.641,0
7857578.1,5,,89,56,8,50.0,1.0,49.4031,17.9842,5.969,7.6406,0
7859578.1,5,,89,56,8,50.0,1.0,49.3031,17.9842,6.005,7.6334,0
7861578.1,5,,89,56,8,50.0,1.0,49.2031,17.9842,6.0409,7.6263,0
7863578.1,5,,89,56,8,50.0,1.0,49.1031,17.9842,6.0769,7.6192,0
7865578.1,5,,89,56,8,50.0,1.0,49.0031,17.9842,6.1129,7.612,0
7867578.1,5,,89,56,8,50.0,1.0,48.9031,17.9842,6.1488,7.6049,0
7869578.1,5,,89,56,8,50.0,1.0,48.8031,17.9842,6.1848,7.5977,0
7871578.1,5,,89,56,8,50.0,1.0,48.7031,17.9842,6.2208,7.5906,0
7873578.1,5,,89,56,8,50.0,1.0,48.6031,17.9842,6.2567,7.5834,0
7875578.1,5,,89,56,8,50.0,1.0,48.5031,17.9842,6.2927,7.5763,0
7877578.1,5,,89,56,8,50.0,1.0,48.4031,17.9842,6.3287,7.5692,0
7879578.1,5,,89,56,8,50.0,1.0,48.3031,17.9842,6.3646,7.562,0
7881578.1,5,,89,56,8,50.0,1.0,48.2031,17.9842,6.4006,7.5549,0
7883578.1,5,,89,56,8,50.0,1.0,48.1031,17.9842,6.4366,7.5477,0
7885578.1,5,,89,56,8,50.0,1.0,48.0031,17.9842,6.4725,7.5406,0
7886984.5,5,,89,56,8,50.0,1.0,47.9328,17.9842,6.4978,7.5356,0
7887578.1,5,,88,56,7,50.0,1.0,47.9031,15.8197,5.6921,7.5334,0
7889578.1,5,,88,56,7,50.0,1.0,47.8031,15.8197,5.7238,7.5263,0
7890425.2,5,,88,56,7,50.0,1.0,47.7607,15.8197,5.7372,7.5233,0
7891578.1,5,,87,56,7,50.0,1.0,47.7031,15.9387,5.7555,7.5192,0
7893578.1,5,,87,56,7,50.0,1.0,47.6031,15.9387,5.7874,7.512,0
7895578.1,5,,87,56,7,50.0,1.0,47.5031,15.9387,5.8193,7.5049,0
7897578.1,5,,87,56,7,50.0,1.0,47.4031,15.9387,5.8512,7.4977,0
7899578.1,5,,87,56,7,50.0,1.0,47.3031,15.9387,5.883,7.4906,0
7901578.1,5,,87,56,7,50.0,1.0,47.2031,15.9387,5.9149,7.4834,0
7903578.1,5,,87,56,7,50.0,1.0,47.1031,15.9387,5.9468,7.4763,0
7905578.1,5,,87,56,7,50.0,1.0,47.0031,15.9387,5.9787,7.4692,0
7907578.1,5,,87,56,7,50.0,1.0,46.9031,15.9387,6.0106,7.462,0
7909578.1,5,,87,56,7,50.0,1.0,46.8031,15.9387,6.0424,7.4549,0
7911578.1,5,,87,56,7,50.0,1.0,46.7031,15.9387,6.0743,7.4477,0
7913578.1,5,,87,56,7,50.0,1.0,46.6031,15.9387,6.1062,7.4406,0
7915578.1,5,,87,56,7,50.0,1.0,46.5031,15.9387,6.1381,7.4334,0
7916111.6,5,,87,56,7,50.0,1.0,46.4764,15.9387,6.1466,7.4315,0
7917578.1,5,,86,56,7,50.0,1.0,46.4031,16.1364,6.1702,7.4263,0
7919578.1,5,,86,56,7,50.0,1.0,46.3031,16.1364,6.2025,7.4192,0
7921518.4,5,,86,56,7,50.0,1.0,46.2061,16.1364,6.2338,7.4122,0
7921578.1,5,,85,56,7,50.0,1.0,46.2031,16.3528,6.2348,7.412,0
7922346.7,5,,85,56,7,50.0,1.0,46.1647,16.3528,6.2474,7.4093,0
7923578.1,5,,84,56,7,50.0,1.0,46.1031,16.5693,6.2678,7.4049,0
7925578.1,5,,84,56,7,50.0,1.0,46.0031,16.5693,6.3009,7.3977,0
7925787.3,5,,84,56,7,50.0,1.0,45.9926,16.5693,6.3044,7.397,0
7927578.1,5,,83,56,6,50.0,1.0,45.9031,14.3074,5.433,7.3906,0
7929578.1,5,,83,56,6,50.0,1.0,45.8031,14.3074,5.4616,7.3834,0
7929746.8,5,,83,56,6,50.0,1.0,45.7946,14.3074,5.464,7.3828,0
7931578.1,5,,82,56,6,50.0,1.0,45.7031,14.5238,5.4906,7.3763,0
7933578.1,5,,82,56,6,50.0,1.0,45.6031,14.5238,5.5196,7.3692,0
7935578.1,5,,82,56,6,50.0,1.0,45.5031,14.5238,5.5487,7.362,0
7937578.1,5,,82,56,6,50.0,1.0,45.4031,14.5238,5.5777,7.3549,0
7939578.1,5,,82,56,6,50.0,1.0,45.3031,14.5238,5.6068,7.3477,0
7940068.7,5,,82,56,6,50.0,1.0,45.2785,14.5238,5.6139,7.346,0
7941578.1,5,,81,56,5,50.0,1.0,45.2031,12.2619,4.6944,7.3406,0
7943578.1,5,,81,56,5,50.0,1.0,45.1031,12.2619,4.719,7.3334,0
7945578.1,5,,81,56,5,50.0,1.0,45.0031,12.2619,4.7435,7.3263,0
7947578.1,5,,81,56,5,50.0,1.0,44.9031,12.2619,4.768,7.3192,0
7949578.1,5,,81,56,5,50.0,1.0,44.8031,12.2619,4.7925,7.312,0
7951578.1,5,,81,56,5,50.0,1.0,44.7031,12.2619,4.8171,7.3049,0
7953578.1,5,,81,56,5,50.0,1.0,44.6031,12.2619,4.8416,7.2977,0
7955578.1,5,,81,56,5,50.0,1.0,44.5031,12.2619,4.8661,7.2906,0
7957578.1,5,,81,56,5,50.0,1.0,44.4031,12.2619,4.8906,7.2834,0
7958555.3,5,,81,56,5,50.0,1.0,44.3542,12.2619,4.9026,7.28,0
7959578.1,5,,80,56,4,50.0,1.0,44.3031,9.7619,3.9336,7.2763,0
7960876.4,5,,80,56,4,50.0,1.0,44.2382,9.7619,3.9463,7.2717,0
7961578.1,5,,79,56,3,50.0,1.0,44.2031,7.2619,2.952,7.2692,0
7963578.1,5,,79,56,3,50.0,1.0,44.1031,7.2619,2.9665,7.262,0
7965578.1,5,,79,56,3,50.0,1.0,44.0031,7.2619,2.981,7.2549,0
7967578.1,5,,79,56,3,50.0,1.0,43.9031,7.2619,2.9956,7.2477,0
7969578.1,5,,79,56,3,50.0,1.0,43.8031,7.2619,3.0101,7.2406,0
7969687.3,5,,79,56,3,50.0,1.0,43.7976,7.2619,3.0109,7.2402,0
7971578.1,5,,78,56,2,50.0,1.0,43.7031,5.0,2.0209,7.2334,0
7973578.1,5,,78,56,2,50.0,1.0,43.6031,5.0,2.0309,7.2263,0
7975578.1,5,,78,56,2,50.0,1.0,43.5031,5.0,2.0409,7.2192,0
7977578.1,5,,78,56,2,50.0,1.0,43.4031,5.0,2.0509,7.212,0
7979578.1,5,,78,56,2,50.0,1.0,43.3031,5.0,2.0609,7.2049,0
7981578.1,5,,78,56,2,50.0,1.0,43.2031,5.0,2.0709,7.1977,0
7983578.1,5,,78,56,2,50.0,1.0,43.1031,5.0,2.0809,7.1906,0
7985578.1,5,,78,56,2,50.0,1.0,43.0031,5.0,2.0909,7.1834,0
7987578.1,5,,78,56,2,50.0,1.0,42.9031,5.0,2.1009,7.1763,0
7989578.1,5,,78,56,2,50.0,1.0,42.8031,5.0,2.1109,7.1692,0
7991578.1,5,,78,56,2,50.0,1.0,42.7031,5.0,2.1209,7.162,0
7993578.1,5,,78,56,2,50.0,1.0,42.6031,5.0,2.1309,7.1549,0
7995578.1,5,,78,56,2,50.0,1.0,42.5031,5.0,2.1409,7.1477,0
7997578.1,5,,78,56,2,50.0,1.0,42.4031,5.0,2.1509,7.1406,0
7999023.8,5,,78,56,2,50.0,1.0,42.3308,5.0,2.1581,7.1354,0
7999578.1,5,,77,56,2,50.0,1.0,42.3031,5.0,2.1609,7.1334,0
8001578.1,5,,77,56,2,50.0,1.0,42.2031,5.0,2.1709,7.1263,0
8003578.1,5,,77,56,2,50.0,1.0,42.1031,5.0,2.1809,7.1192,0
8005578.1,5,,77,56,2,50.0,1.0,42.0031,5.0,2.1909,7.112,0
8007578.1,5,,77,56,2,50.0,1.0,41.9031,5.0,2.2009,7.1049,0
8009578.1,5,,77,56,2,50.0,1.0,41.8031,5.0,2.2109,7.0977,0
8011578.1,5,,77,56,2,50.0,1.0,41.7031,5.0,2.2209,7.0906,0
8013578.1,5,,77,56,2,50.0,1.0,41.6031,5.0,2.2309,7.0834,0
8015578.1,5,,77,56,2,50.0,1.0,41.5031,5.0,2.2409,7.0763,0
8017578.1,5,,77,56,2,50.0,1.0,41.4031,5.0,2.2509,7.0692,0
8019578.1,5,,77,56,2,50.0,1.0,41.3031,5.0,2.2609,7.062,0
8021578.1,5,,77,56,2,50.0,1.0,41.2031,5.0,2.2709,7.0549,0
8023578.1,5,,77,56,2,50.0,1.0,41.1031,5.0,2.2809,7.0477,0
8025578.1,5,,77,56,2,50.0,1.0,41.0031,5.0,2.2909,7.0406,0
8026248.5,5,,77,56,2,50.0,1.0,40.9696,5.0,2.2943,7.0382,0
8027578.1,5,,76,56,2,50.0,1.0,40.9031,5.0,2.3009,7.0334,0
8029578.1,5,,76,56,2,50.0,1.0,40.8031,5.0,2.3109,7.0263,0
8031578.1,5,,76,56,2,50.0,1.0,40.7031,5.0,2.3209,7.0192,0
8033578.1,5,,76,56,2,50.0,1.0,40.6031,5.0,2.3309,7.012,0
8035578.1,5,,76,56,2,50.0,1.0,40.5031,5.0,2.3409,7.0049,0
8037578.1,5,,76,56,2,50.0,1.0,40.4031,5.0,2.3509,6.9977,0
8039578.1,5,,76,56,2,50.0,1.0,40.3031,5.0,2.3609,6.9906,0
8041578.1,5,,76,56,2,50.0,1.0,40.2031,5.0,2.3709,6.9834,0
8043578.1,5,,76,56,2,50.0,1.0,40.1031,5.0,2.3809,6.9763,0
8045578.1,5,,76,56,2,50.0,1.0,40.0031,5.0,2.3909,6.9692,0
8045775.7,5,,76,56,2,50.0,1.0,39.9932,5.0,2.3919,6.9685,0
8047578.1,5,,75,55,2,50.0,1.0,39.9031,5.0,2.4009,6.9619,0
8049578.1,5,,75,55,2,50.0,1.0,39.8031,5.0,2.4109,6.9546,0
8050550.1,5,,75,55,2,50.0,1.0,39.7545,5.0,2.4158,6.9511,0
8051578.1,5,,74,54,2,50.0,1.0,39.7031,5.0,2.4209,6.9472,0
8053578.1,5,,74,54,2,50.0,1.0,39.6031,5.0,2.4309,6.9398,0
8055578.1,5,,74,54,2,50.0,1.0,39.5031,5.0,2.4409,6.9324,0
8057578.1,5,,74,54,2,50.0,1.0,39.4031,5.0,2.4509,6.925,0
8059578.1,5,,74,54,2,50.0,1.0,39.3031,5.0,2.4609,6.9175,0
8061578.1,5,,74,54,2,50.0,1.0,39.2031,5.0,2.4709,6.9101,0
8063578.1,5,,74,54,2,50.0,1.0,39.1031,5.0,2.4809,6.9027,0
8065578.1,5,,74,54,2,50.0,1.0,39.0031,5.0,2.4909,6.8952,0
8067578.1,5,,74,54,2,50.0,1.0,38.9031,5.0,2.5009,6.8878,0
8069578.1,5,,74,54,2,50.0,1.0,38.8031,5.0,2.5109,6.8804,0
8071578.1,5,,74,54,2,50.0,1.0,38.7031,5.0,2.5209,6.8729,0
8072779.1,5,,74,54,2,50.0,1.0,38.643,5.0,2.5269,6.8685,0
8073578.1,5,,73,54,2,50.0,1.0,38.6031,5.1316,2.531,6.8655,0
8075578.1,5,,73,54,2,50.0,1.0,38.5031,5.1316,2.5413,6.8581,0
8076183.3,5,,73,54,2,50.0,1.0,38.4728,5.1316,2.5444,6.8558,0
8077578.1,5,,72,54,2,50.0,1.0,38.4031,5.2632,2.5517,6.8507,0
8079578.1,5,,72,54,2,50.0,1.0,38.3031,5.2632,2.5622,6.8432,0
8081578.1,5,,72,54,2,50.0,1.0,38.2031,5.2632,2.5728,6.8358,0
8083578.1,5,,72,54,2,50.0,1.0,38.1031,5.2632,2.5833,6.8284,0
8085578.1,5,,72,54,2,50.0,1.0,38.0031,5.2632,2.5938,6.821,0
8087578.1,5,,72,54,2,50.0,1.0,37.9031,5.2632,2.6044,6.8136,0
8089578.1,5,,72,54,2,50.0,1.0,37.8031,5.2632,2.6149,6.8061,0
8089900.4,5,,72,54,2,50.0,1.0,37.787,5.2632,2.6166,6.8049,0
8091578.1,5,,71,54,1,50.0,1.0,37.7031,2.6316,1.3062,6.7987,0
8093578.1,5,,71,54,1,50.0,1.0,37.6031,2.6316,1.3114,6.7913,0
8095578.1,5,,71,54,1,50.0,1.0,37.5031,2.6316,1.3167,6.7839,0
8097578.1,5,,71,54,1,50.0,1.0,37.4031,2.6316,1.322,6.7765,0
8099038.7,5,,71,54,1,50.0,1.0,37.3301,2.6316,1.3258,6.771,0
8099578.1,5,,70,53,1,50.0,1.0,37.3031,2.7778,1.3273,6.769,0
8101578.1,5,,70,53,1,50.0,1.0,37.2031,2.7778,1.3329,6.7615,0
8103578.1,5,,70,53,1,50.0,1.0,37.1031,2.7778,1.3384,6.7539,0
8105578.1,5,,70,53,1,50.0,1.0,37.0031,2.7778,1.344,6.7463,0
8107578.1,5,,70,53,1,50.0,1.0,36.9031,2.7778,1.3495,6.7388,0
8109578.1,5,,70,53,1,50.0,1.0,36.8031,2.7778,1.3551,6.7312,0
8111578.1,5,,70,53,1,50.0,1.0,36.7031,2.7778,1.3606,6.7237,0
8113578.1,5,,70,53,1,50.0,1.0,36.6031,2.7778,1.3662,6.7161,0
8115578.1,5,,70,53,1,50.0,1.0,36.5031,2.7778,1.3718,6.7086,0
8117144.5,5,,70,53,1,50.0,1.0,36.4248,2.7778,1.3761,6.7027,0
8117578.1,5,,69,52,1,50.0,1.0,36.4031,2.7778,1.3773,6.701,0
8119578.1,5,,69,52,1,50.0,1.0,36.3031,2.7778,1.3829,6.6933,0
8120148.5,5,,69,52,1,50.0,1.0,36.2746,2.7778,1.3844,6.6911,0
8120656.9,5,,68,52,0,50.0,1.0,36.2491,0,0.0,6.6891,0
8121578.1,5,,67,51,0,50.0,1.0,36.2031,0,0.0,6.6855,0
8123578.1,5,,67,51,0,50.0,1.0,36.1031,0,0.0,6.6776,0
8125578.1,5,,67,51,0,50.0,1.0,36.0031,0,0.0,6.6698,0
8127578.1,5,,67,51,0,50.0,1.0,35.9031,0,0.0,6.6619,0
8129578.1,5,,67,51,0,50.0,1.0,35.8031,0,0.0,6.654,0
8131578.1,5,,67,51,0,50.0,1.0,35.7031,0,0.0,6.6462,0
8133578.1,5,,67,51,0,50.0,1.0,35.6031,0,0.0,6.6383,0
8135578.1,5,,67,51,0,50.0,1.0,35.5031,0,0.0,6.6304,0
8137578.1,5,,67,51,0,50.0,1.0,35.4031,0,0.0,6.6226,0
8139578.1,5,,67,51,0,50.0,1.0,35.3031,0,0.0,6.6147,0
8141049.0,5,,67,51,0,50.0,1.0,35.2295,0,0.0,6.6089,0
8141578.1,5,,66,51,0,50.0,1.0,35.2031,0,0.0,6.6068,0
8142923.5,5,,66,51,0,50.0,1.0,35.1358,0,0.0,6.6015,0
8143578.1,5,,65,51,0,50.0,1.0,35.1031,0,0.0,6.599,0
8145578.1,5,,65,51,0,50.0,1.0,35.0031,0,0.0,6.5911,0
8147578.1,5,,65,51,0,50.0,1.0,34.9031,0,0.0,6.5832,0
8149578.1,5,,65,51,0,50.0,1.0,34.8031,0,0.0,6.5753,0
8151578.1,5,,65,51,0,50.0,1.0,34.7031,0,0.0,6.5674,0
8153578.1,5,,65,51,0,50.0,1.0,34.6031,0,0.0,6.5595,0
8155578.1,5,,65,51,0,50.0,1.0,34.5031,0,0.0,6.5517,0
8157578.1,5,,65,51,0,50.0,1.0,34.4031,0,0.0,6.5438,0
8159142.4,5,,65,51,0,50.0,1.0,34.3249,0,0.0,6.5376,0
8159204.7,5,,64,51,0,50.0,1.0,34.3217,0,0.0,6.5374,0
8159578.1,5,,63,51,0,50.0,1.0,34.3031,0,0.0,6.5359,0
8160031.4,5,,63,51,0,50.0,1.0,34.2804,0,0.0,6.5341,0
8161578.1,5,,62,50,0,50.0,1.0,34.2031,0,0.0,6.5279,0
8163578.1,5,,62,50,0,50.0,1.0,34.1031,0,0.0,6.5198,0
8164202.6,5,,62,50,0,50.0,1.0,34.0719,0,0.0,6.5173,0
8165578.1,5,,61,49,0,50.0,1.0,34.0031,0,0.0,6.5117,0
8167578.1,5,,61,49,0,50.0,1.0,33.9031,0,0.0,6.5035,0
8169578.1,5,,61,49,0,50.0,1.0,33.8031,0,0.0,6.4952,0
8171578.1,5,,61,49,0,50.0,1.0,33.7031,0,0.0,6.487,0
8173578.1,5,,61,49,0,50.0,1.0,33.6031,0,0.0,6.4788,0
8175578.1,5,,61,49,0,50.0,1.0,33.5031,0,0.0,6.4706,0
8176033.1,5,,61,49,0,50.0,1.0,33.4803,0,0.0,6.4687,0
8177578.1,5,,60,48,0,50.0,1.0,33.4031,0,0.0,6.4622,0
8179578.1,5,,60,48,0,50.0,1.0,33.3031,0,0.0,6.4538,0
8181578.1,5,,60,48,0,50.0,1.0,33.2031,0,0.0,6.4454,0
8183578.1,5,,60,48,0,50.0,1.0,33.1031,0,0.0,6.437,0
8185578.1,5,,60,48,0,50.0,1.0,33.0031,0,0.0,6.4287,0
8187578.1,5,,60,48,0,50.0,1.0,32.9031,0,0.0,6.4203,0
8187583.0,5,,60,48,0,50.0,1.0,32.9028,0,0.0,6.4202,0
8189578.1,5,,58,46,0,50.0,1.0,32.8031,0,0.0,6.4115,0
8190201.0,5,,58,46,0,50.0,1.0,32.7719,0,0.0,6.4088,0
8191503.1,5,,57,46,0,50.0,1.0,32.7068,0,0.0,6.4032,0
8191578.1,5,,56,45,0,50.0,1.0,32.7031,0,0.0,6.4028,0
8193578.1,5,,56,45,0,50.0,1.0,32.6031,0,0.0,6.3939,0
8194526.7,5,,56,45,0,50.0,1.0,32.5556,0,0.0,6.3897,0
8194788.5,5,,55,45,0,50.0,1.0,32.5426,0,0.0,6.3886,0
8195578.1,5,,54,45,0,50.0,1.0,32.5031,0,0.0,6.3851,0
8197578.1,5,,54,45,0,50.0,1.0,32.4031,0,0.0,6.3762,0
8199578.1,5,,54,45,0,50.0,1.0,32.3031,0,0.0,6.3673,0
8201578.1,5,,54,45,0,50.0,1.0,32.2031,0,0.0,6.3584,0
8203578.1,5,,54,45,0,50.0,1.0,32.1031,0,0.0,6.3495,0
8205578.1,5,,54,45,0,50.0,1.0,32.0031,0,0.0,6.3406,0
8206908.5,5,,54,45,0,50.0,1.0,31.9366,0,0.0,6.3347,0
8207578.1,5,,53,45,0,50.0,1.0,31.9031,0,0.0,6.3318,0
8209578.1,5,,53,45,0,50.0,1.0,31.8031,0,0.0,6.3229,0
8211578.1,5,,53,45,0,50.0,1.0,31.7031,0,0.0,6.314,0
8212631.0,5,,53,45,0,50.0,1.0,31.6504,0,0.0,6.3093,0
8213578.1,5,,52,45,0,50.0,1.0,31.6031,0,0.0,6.3051,0
8215578.1,5,,52,45,0,50.0,1.0,31.5031,0,0.0,6.2962,0
8217578.1,5,,52,45,0,50.0,1.0,31.4031,0,0.0,6.2873,0
8219578.1,5,,52,45,0,50.0,1.0,31.3031,0,0.0,6.2784,0
8221578.1,5,,52,45,0,50.0,1.0,31.2031,0,0.0,6.2696,0
8223578.1,5,,52,45,0,50.0,1.0,31.1031,0,0.0,6.2607,0
8224412.1,5,,52,45,0,50.0,1.0,31.0614,0,0.0,6.257,0
8225578.1,5,,51,44,0,50.0,1.0,31.0031,0,0.0,6.2517,0
8227578.1,5,,51,44,0,50.0,1.0,30.9031,0,0.0,6.2426,0
8229578.1,5,,51,44,0,50.0,1.0,30.8031,0,0.0,6.2335,0
8231578.1,5,,51,44,0,50.0,1.0,30.7031,0,0.0,6.2244,0
8233578.1,5,,51,44,0,50.0,1.0,30.6031,0,0.0,6.2153,0
8233963.9,5,,51,44,0,50.0,1.0,30.5838,0,0.0,6.2135,0
8235578.1,5,,50,44,0,50.0,1.0,30.5031,0,0.0,6.2062,0
8236388.8,5,,50,44,0,50.0,1.0,30.4625,0,0.0,6.2025,0
8237578.1,5,,49,44,0,50.0,1.0,30.4031,0,0.0,6.1971,0
8239578.1,5,,49,44,0,50.0,1.0,30.3031,0,0.0,6.188,0
8241578.1,5,,49,44,0,50.0,1.0,30.2031,0,0.0,6.1789,0
8243578.1,5,,49,44,0,50.0,1.0,30.1031,0,0.0,6.1698,0
8245578.1,5,,49,44,0,50.0,1.0,30.0031,0,0.0,6.1607,0
8247578.1,5,,49,44,0,50.0,1.0,29.9031,0,0.0,6.1517,0
8249578.1,5,,49,44,0,50.0,1.0,29.8031,0,0.0,6.1426,0
8251578.1,5,,49,44,0,50.0,1.0,29.7031,0,0.0,6.1335,0
8252068.3,5,,49,44,0,50.0,1.0,29.6786,0,0.0,6.1312,0
8252701.8,5,,48,44,0,50.0,1.0,29.6469,0,0.0,6.1284,0
8253578.1,5,,47,44,0,50.0,1.0,29.6031,0,0.0,6.1244,0
8255578.1,5,,47,44,0,50.0,1.0,29.5031,0,0.0,6.1153,0
8257578.1,5,,47,44,0,50.0,1.0,29.4031,0,0.0,6.1062,0
8259578.1,5,,47,44,0,50.0,1.0,29.3031,0,0.0,6.0971,0
8261578.1,5,,47,44,0,50.0,1.0,29.2031,0,0.0,6.088,0
8263578.1,5,,47,44,0,50.0,1.0,29.1031,0,0.0,6.0789,0
8265578.1,5,,47,44,0,50.0,1.0,29.0031,0,0.0,6.0698,0
8267578.1,5,,47,44,0,50.0,1.0,28.9031,0,0.0,6.0607,0
8269578.1,5,,47,44,0,50.0,1.0,28.8031,0,0.0,6.0517,0
8271578.1,5,,47,44,0,50.0,1.0,28.7031,0,0.0,6.0426,0
8273578.1,5,,47,44,0,50.0,1.0,28.6031,0,0.0,6.0335,0
8275578.1,5,,47,44,0,50.0,1.0,28.5031,0,0.0,6.0244,0
8277578.1,5,,47,44,0,50.0,1.0,28.4031,0,0.0,6.0153,0
8279578.1,5,,47,44,0,50.0,1.0,28.3031,0,0.0,6.0062,0
8281578.1,5,,47,44,0,50.0,1.0,28.2031,0,0.0,5.9971,0
8283578.1,5,,47,44,0,50.0,1.0,28.1031,0,0.0,5.988,0
8285578.1,5,,47,44,0,50.0,1.0,28.0031,0,0.0,5.9789,0
8287578.1,5,,47,44,0,50.0,1.0,27.9031,0,0.0,5.9698,0
8289074.3,5,,47,44,0,50.0,1.0,27.8283,0,0.0,5.963,0
8289578.1,5,,46,44,0,50.0,1.0,27.8031,0,0.0,5.9607,0
8291578.1,5,,46,44,0,50.0,1.0,27.7031,0,0.0,5.9517,0
8293240.3,5,,46,44,0,50.0,1.0,27.62,0,0.0,5.9441,0
8293578.1,5,,45,44,0,50.0,1.0,27.6031,0,0.0,5.9426,0
8295578.1,5,,45,44,0,50.0,1.0,27.5031,0,0.0,5.9335,0
8297288.1,5,,45,44,0,50.0,1.0,27.4176,0,0.0,5.9257,0
8297578.1,5,,44,44,0,50.0,1.0,27.4031,0,0.0,5.9244,0
8299578.1,5,,44,44,0,50.0,1.0,27.3031,0,0.0,5.9153,0
8301578.1,5,,44,44,0,50.0,1.0,27.2031,0,0.0,5.9062,0
8303578.1,5,,44,44,0,50.0,1.0,27.1031,0,0.0,5.8971,0
8305578.1,5,,44,44,0,50.0,1.0,27.0031,0,0.0,5.888,0
8307578.1,5,,44,44,0,50.0,1.0,26.9031,0,0.0,5.8789,0
8309578.1,5,,44,44,0,50.0,1.0,26.8031,0,0.0,5.8698,0
8311578.1,5,,44,44,0,50.0,1.0,26.7031,0,0.0,5.8607,0
8313578.1,5,,44,44,0,50.0,1.0,26.6031,0,0.0,5.8517,0
8315578.1,5,,44,44,0,50.0,1.0,26.5031,0,0.0,5.8426,0
8317578.1,5,,44,44,0,50.0,1.0,26.4031,0,0.0,5.8335,0
8319578.1,5,,44,44,0,50.0,1.0,26.3031,0,0.0,5.8244,0
8321578.1,5,,44,44,0,50.0,1.0,26.2031,0,0.0,5.8153,0
8323578.1,5,,44,44,0,50.0,1.0,26.1031,0,0.0,5.8062,0
8325578.1,5,,44,44,0,50.0,1.0,26.0031,0,0.0,5.7971,0
8327578.1,5,,44,44,0,50.0,1.0,25.9031,0,0.0,5.788,0
8329578.1,5,,44,44,0,50.0,1.0,25.8031,0,0.0,5.7789,0
8331578.1,5,,44,44,0,50.0,1.0,25.7031,0,0.0,5.7698,0
8333578.1,5,,44,44,0,50.0,1.0,25.6031,0,0.0,5.7607,0
8335578.1,5,,44,44,0,50.0,1.0,25.5031,0,0.0,5.7517,0
8337578.1,5,,44,44,0,50.0,1.0,25.4031,0,0.0,5.7426,0
8339578.1,5,,44,44,0,50.0,1.0,25.3031,0,0.0,5.7335,0
8341578.1,5,,44,44,0,50.0,1.0,25.2031,0,0.0,5.7244,0
8343578.1,5,,44,44,0,50.0,1.0,25.1031,0,0.0,5.7153,0
8344037.0,5,,44,44,0,50.0,1.0,25.0801,0,0.0,5.7132,0
8345578.1,5,,43,43,0,50.0,1.0,25.0031,0,0.0,5.706,0
8347578.1,5,,43,43,0,50.0,1.0,24.9031,0,0.0,5.6967,0
8349578.1,5,,43,43,0,50.0,1.0,24.8031,0,0.0,5.6874,0
8351578.1,5,,43,43,0,50.0,1.0,24.7031,0,0.0,5.6781,0
8353578.1,5,,43,43,0,50.0,1.0,24.6031,0,0.0,5.6688,0
8355578.1,5,,43,43,0,50.0,1.0,24.5031,0,0.0,5.6594,0
8357578.1,5,,43,43,0,50.0,1.0,24.4031,0,0.0,5.6501,0
8359578.1,5,,43,43,0,50.0,1.0,24.3031,0,0.0,5.6408,0
8361578.1,5,,43,43,0,50.0,1.0,24.2031,0,0.0,5.6315,0
8363578.1,5,,43,43,0,50.0,1.0,24.1031,0,0.0,5.6222,0
8365578.1,5,,43,43,0,50.0,1.0,24.0031,0,0.0,5.6128,0
8367578.1,5,,43,43,0,50.0,1.0,23.9031,0,0.0,5.6035,0
8369578.1,5,,43,43,0,50.0,1.0,23.8031,0,0.0,5.5942,0
8371578.1,5,,43,43,0,50.0,1.0,23.7031,0,0.0,5.5849,0
8373578.1,5,,43,43,0,50.0,1.0,23.6031,0,0.0,5.5756,0
8375578.1,5,,43,43,0,50.0,1.0,23.5031,0,0.0,5.5663,0
8377578.1,5,,43,43,0,50.0,1.0,23.4031,0,0.0,5.5569,0
8379578.1,5,,43,43,0,50.0,1.0,23.3031,0,0.0,5.5476,0
8381578.1,5,,43,43,0,50.0,1.0,23.2031,0,0.0,5.5383,0
8383578.1,5,,43,43,0,50.0,1.0,23.1031,0,0.0,5.529,0
8385578.1,5,,43,43,0,50.0,1.0,23.0031,0,0.0,5.5197,0
8387578.1,5,,43,43,0,50.0,1.0,22.9031,0,0.0,5.5103,0
8389578.1,5,,43,43,0,50.0,1.0,22.8031,0,0.0,5.501,0
8391578.1,5,,43,43,0,50.0,1.0,22.7031,0,0.0,5.4917,0
8393578.1,5,,43,43,0,50.0,1.0,22.6031,0,0.0,5.4824,0
8395578.1,5,,43,43,0,50.0,1.0,22.5031,0,0.0,5.4731,0
8397578.1,5,,43,43,0,50.0,1.0,22.4031,0,0.0,5.4638,0
8399578.1,5,,43,43,0,50.0,1.0,22.3031,0,0.0,5.4544,0
8401578.1,5,,43,43,0,50.0,1.0,22.2031,0,0.0,5.4451,0
8403578.1,5,,43,43,0,50.0,1.0,22.1031,0,0.0,5.4358,0
8405578.1,5,,43,43,0,50.0,1.0,22.0031,0,0.0,5.4265,0
8407578.1,5,,43,43,0,50.0,1.0,21.9031,0,0.0,5.4172,0
8409578.1,5,,43,43,0,50.0,1.0,21.8031,0,0.0,5.4078,0
8411578.1,5,,43,43,0,50.0,1.0,21.7031,0,0.0,5.3985,0
8412205.7,5,,43,43,0,50.0,1.0,21.6717,0,0.0,5.3956,0
8413578.1,5,,42,42,0,50.0,1.0,21.6031,0,0.0,5.3891,0
8413955.5,5,,42,42,0,50.0,1.0,21.5842,0,0.0,5.3872,0
8415578.1,5,,41,41,0,50.0,1.0,21.5031,0,0.0,5.3793,0
8417578.1,5,,41,41,0,50.0,1.0,21.4031,0,0.0,5.3695,0
8419578.1,5,,41,41,0,50.0,1.0,21.3031,0,0.0,5.3598,0
8421578.1,5,,41,41,0,50.0,1.0,21.2031,0,0.0,5.35,0
8421589.3,5,,41,41,0,50.0,1.0,21.2025,0,0.0,5.3499,0
8422036.1,5,,39,39,0,50.0,1.0,21.1802,0,0.0,5.3477,0
8423578.1,5,,38,38,0,50.0,1.0,21.1031,0,0.0,5.3395,0
8425578.1,5,,38,38,0,50.0,1.0,21.0031,0,0.0,5.329,0
8427578.1,5,,38,38,0,50.0,1.0,20.9031,0,0.0,5.3184,0
8429578.1,5,,38,38,0,50.0,1.0,20.8031,0,0.0,5.3078,0
8431578.1,5,,38,38,0,50.0,1.0,20.7031,0,0.0,5.2973,0
8433578.1,5,,38,38,0,50.0,1.0,20.6031,0,0.0,5.2867,0
8435578.1,5,,38,38,0,50.0,1.0,20.5031,0,0.0,5.2762,0
8437578.1,5,,38,38,0,50.0,1.0,20.4031,0,0.0,5.2656,0
8439578.1,5,,38,38,0,50.0,1.0,20.3031,0,0.0,5.2551,0
8441578.1,5,,38,38,0,50.0,1.0,20.2031,0,0.0,5.2445,0
8443578.1,5,,38,38,0,50.0,1.0,20.1031,0,0.0,5.234,0
8445578.1,5,,38,38,0,50.0,1.0,20.0031,0,0.0,5.2234,0
8447578.1,5,,38,38,0,50.0,1.0,19.9031,0,0.0,5.2128,0
8448578.1,5,,38,38,0,50.0,1.0,19.8531,0,0.0,5.2076,0
8449578.1,5,,37,37,0,50.0,1.0,19.8031,0,0.0,5.2021,0
8450000.3,5,,37,37,0,50.0,1.0,19.782,0,0.0,5.1998,0
8451578.1,5,,36,36,0,50.0,1.0,19.7031,0,0.0,5.191,0
8453578.1,5,,36,36,0,50.0,1.0,19.6031,0,0.0,5.1798,0
8455578.1,5,,36,36,0,50.0,1.0,19.5031,0,0.0,5.1686,0
8457578.1,5,,36,36,0,50.0,1.0,19.4031,0,0.0,5.1575,0
8459578.1,5,,36,36,0,50.0,1.0,19.3031,0,0.0,5.1463,0
8461578.1,5,,36,36,0,50.0,1.0,19.2031,0,0.0,5.1351,0
8462001.8,5,,36,36,0,50.0,1.0,19.1819,0,0.0,5.1327,0
8463578.1,5,,35,35,0,50.0,1.0,19.1031,0,0.0,5.1237,0
8465578.1,5,,35,35,0,50.0,1.0,19.0031,0,0.0,5.1122,0
8467578.1,5,,35,35,0,50.0,1.0,18.9031,0,0.0,5.1008,0
8469578.1,5,,35,35,0,50.0,1.0,18.8031,0,0.0,5.0893,0
8471578.1,5,,35,35,0,50.0,1.0,18.7031,0,0.0,5.0779,0
8473578.1,5,,35,35,0,50.0,1.0,18.6031,0,0.0,5.0664,0
8473593.3,5,,35,35,0,50.0,1.0,18.6023,0,0.0,5.0663,0
8475578.1,5,,34,34,0,50.0,1.0,18.5031,0,0.0,5.0546,0
8477578.1,5,,34,34,0,50.0,1.0,18.4031,0,0.0,5.0428,0
8477622.6,5,,34,34,0,50.0,1.0,18.4009,0,0.0,5.0425,0
8479578.1,5,,33,33,0,50.0,1.0,18.3031,0,0.0,5.0306,0
8481578.1,5,,33,33,0,50.0,1.0,18.2031,0,0.0,5.0185,0
8482645.7,5,,33,33,0,50.0,1.0,18.1497,0,0.0,5.012,0
8483578.1,5,,32,32,0,50.0,1.0,18.1031,0,0.0,5.0062,0
8485578.1,5,,32,32,0,50.0,1.0,18.0031,0,0.0,4.9937,0
8487578.1,5,,32,32,0,50.0,1.0,17.9031,0,0.0,4.9812,0
8489578.1,5,,32,32,0,50.0,1.0,17.8031,0,0.0,4.9687,0
8491578.1,5,,32,32,0,50.0,1.0,17.7031,0,0.0,4.9562,0
8493131.4,5,,32,32,0,50.0,1.0,17.6254,0,0.0,4.9465,0
8493578.1,5,,31,31,0,50.0,1.0,17.6031,0,0.0,4.9436,0
8494564.8,5,,31,31,0,50.0,1.0,17.5537,0,0.0,4.9372,0
8495578.1,5,,30,30,0,50.0,1.0,17.5031,0,0.0,4.9304,0
8497578.1,5,,30,30,0,50.0,1.0,17.4031,0,0.0,4.917,0
8499578.1,5,,30,30,0,50.0,1.0,17.3031,0,0.0,4.9036,0
8501578.1,5,,30,30,0,50.0,1.0,17.2031,0,0.0,4.8902,0
8503578.1,5,,30,30,0,50.0,1.0,17.1031,0,0.0,4.8768,0
8503628.4,5,,30,30,0,50.0,1.0,17.1006,0,0.0,4.8765,0
8503837.0,5,,29,29,0,50.0,1.0,17.0901,0,0.0,4.8751,0
8505578.1,5,,28,28,0,50.0,1.0,17.0031,0,0.0,4.8626,0
8507578.1,5,,28,28,0,50.0,1.0,16.9031,0,0.0,4.8483,0
8509578.1,5,,28,28,0,50.0,1.0,16.8031,0,0.0,4.834,0
8511578.1,5,,28,28,0,50.0,1.0,16.7031,0,0.0,4.8198,0
8513578.1,5,,28,28,0,50.0,1.0,16.6031,0,0.0,4.8055,0
8515578.1,5,,28,28,0,50.0,1.0,16.5031,0,0.0,4.7912,0
8517578.1,5,,28,28,0,50.0,1.0,16.4031,0,0.0,4.7769,0
8519578.1,5,,28,28,0,50.0,1.0,16.3031,0,0.0,4.7626,0
8521578.1,5,,28,28,0,50.0,1.0,16.2031,0,0.0,4.7483,0
8523578.1,5,,28,28,0,50.0,1.0,16.1031,0,0.0,4.734,0
8525578.1,5,,28,28,0,50.0,1.0,16.0031,0,0.0,4.7198,0
8527578.1,5,,28,28,0,50.0,1.0,15.9031,0,0.0,4.7055,0
8529578.1,5,,28,28,0,50.0,1.0,15.8031,0,0.0,4.6912,0
8531578.1,5,,28,28,0,50.0,1.0,15.7031,0,0.0,4.6769,0
8533578.1,5,,28,28,0,50.0,1.0,15.6031,0,0.0,4.6626,0
8535578.1,5,,28,28,0,50.0,1.0,15.5031,0,0.0,4.6483,0
8537578.1,5,,28,28,0,50.0,1.0,15.4031,0,0.0,4.634,0
8539578.1,5,,28,28,0,50.0,1.0,15.3031,0,0.0,4.6198,0
8541578.1,5,,28,28,0,50.0,1.0,15.2031,0,0.0,4.6055,0
8543578.1,5,,28,28,0,50.0,1.0,15.1031,0,0.0,4.5912,0
8545124.7,5,,28,28,0,50.0,1.0,15.0258,0,0.0,4.5801,0
8545578.1,5,,27,27,0,50.0,1.0,15.0031,0,0.0,4.5768,0
8545887.9,5,,27,27,0,50.0,1.0,14.9876,0,0.0,4.5745,0
8547578.1,5,,26,26,0,50.0,1.0,14.9031,0,0.0,4.5614,0
8549578.1,5,,26,26,0,50.0,1.0,14.8031,0,0.0,4.5459,0
8551578.1,5,,26,26,0,50.0,1.0,14.7031,0,0.0,4.5304,0
8553578.1,5,,26,26,0,50.0,1.0,14.6031,0,0.0,4.515,0
8555578.1,5,,26,26,0,50.0,1.0,14.5031,0,0.0,4.4995,0
8557578.1,5,,26,26,0,50.0,1.0,14.4031,0,0.0,4.484,0
8559578.1,5,,26,26,0,50.0,1.0,14.3031,0,0.0,4.4685,0
8561578.1,5,,26,26,0,50.0,1.0,14.2031,0,0.0,4.4531,0
8563578.1,5,,26,26,0,50.0,1.0,14.1031,0,0.0,4.4376,0
8565578.1,5,,26,26,0,50.0,1.0,14.0031,0,0.0,4.4221,0
8567578.1,5,,26,26,0,50.0,1.0,13.9031,0,0.0,4.4066,0
8569578.1,5,,26,26,0,50.0,1.0,13.8031,0,0.0,4.3911,0
8571578.1,5,,26,26,0,50.0,1.0,13.7031,0,0.0,4.3757,0
8573578.1,5,,26,26,0,50.0,1.0,13.6031,0,0.0,4.3602,0
8575578.1,5,,26,26,0,50.0,1.0,13.5031,0,0.0,4.3447,0
8577578.1,5,,26,26,0,50.0,1.0,13.4031,0,0.0,4.3292,0
8579578.1,5,,26,26,0,50.0,1.0,13.3031,0,0.0,4.3138,0
8581578.1,5,,26,26,0,50.0,1.0,13.2031,0,0.0,4.2983,0
8583578.1,5,,26,26,0,50.0,1.0,13.1031,0,0.0,4.2828,0
8585578.1,5,,26,26,0,50.0,1.0,13.0031,0,0.0,4.2673,0
8587578.1,5,,26,26,0,50.0,1.0,12.9031,0,0.0,4.2519,0
8589578.1,5,,26,26,0,50.0,1.0,12.8031,0,0.0,4.2364,0
8591578.1,5,,26,26,0,50.0,1.0,12.7031,0,0.0,4.2209,0
8593578.1,5,,26,26,0,50.0,1.0,12.6031,0,0.0,4.2054,0
8595490.3,5,,26,26,0,50.0,1.0,12.5075,0,0.0,4.1906,0
8595578.1,5,,25,25,0,50.0,1.0,12.5031,0,0.0,4.1899,0
8597578.1,5,,25,25,0,50.0,1.0,12.4031,0,0.0,4.1739,0
8599422.4,5,,25,25,0,50.0,1.0,12.3109,0,0.0,4.159,0
8599578.1,5,,24,24,0,50.0,1.0,12.3031,0,0.0,4.1577,0
8601578.1,5,,24,24,0,50.0,1.0,12.2031,0,0.0,4.1408,0
8603578.1,5,,24,24,0,50.0,1.0,12.1031,0,0.0,4.1239,0
8605578.1,5,,24,24,0,50.0,1.0,12.0031,0,0.0,4.107,0
8607578.1,5,,24,24,0,50.0,1.0,11.9031,0,0.0,4.0901,0
8609578.1,5,,24,24,0,50.0,1.0,11.8031,0,0.0,4.0732,0
8611578.1,5,,24,24,0,50.0,1.0,11.7031,0,0.0,4.0563,0
8613578.1,5,,24,24,0,50.0,1.0,11.6031,0,0.0,4.0394,0
8615578.1,5,,24,24,0,50.0,1.0,11.5031,0,0.0,4.0225,0
8617578.1,5,,24,24,0,50.0,1.0,11.4031,0,0.0,4.0056,0
8619578.1,5,,24,24,0,50.0,1.0,11.3031,0,0.0,3.9887,0
8621578.1,5,,24,24,0,50.0,1.0,11.2031,0,0.0,3.9718,0
8623578.1,5,,24,24,0,50.0,1.0,11.1031,0,0.0,3.9549,0
8625578.1,5,,24,24,0,50.0,1.0,11.0031,0,0.0,3.938,0
8627578.1,5,,24,24,0,50.0,1.0,10.9031,0,0.0,3.9211,0
8629578.1,5,,24,24,0,50.0,1.0,10.8031,0,0.0,3.9042,0
8631578.1,5,,24,24,0,50.0,1.0,10.7031,0,0.0,3.8872,0
8633578.1,5,,24,24,0,50.0,1.0,10.6031,0,0.0,3.8703,0
8635578.1,5,,24,24,0,50.0,1.0,10.5031,0,0.0,3.8534,0
8637578.1,5,,24,24,0,50.0,1.0,10.4031,0,0.0,3.8365,0
8638960.2,5,,24,24,0,50.0,1.0,10.334,0,0.0,3.8249,0
8639578.1,5,,23,23,0,50.0,1.0,10.3031,0,0.0,3.8194,0
8641578.1,5,,23,23,0,50.0,1.0,10.2031,0,0.0,3.8019,0
8643578.1,5,,23,23,0,50.0,1.0,10.1031,0,0.0,3.7844,0
8644191.9,5,,23,23,0,50.0,1.0,10.0724,0,0.0,3.7791,0
8645578.1,5,,22,22,0,50.0,1.0,10.0031,0,0.0,3.7664,0
8646824.5,5,,22,22,0,50.0,1.0,9.9408,0,0.0,3.7549,0
8647578.1,5,,21,21,0,50.0,1.0,9.9031,0,0.0,3.7477,0
8649578.1,5,,21,21,0,50.0,1.0,9.8031,0,0.0,3.7286,0
8651578.1,5,,21,21,0,50.0,1.0,9.7031,0,0.0,3.7094,0
8653578.1,5,,21,21,0,50.0,1.0,9.6031,0,0.0,3.6902,0
8655578.1,5,,21,21,0,50.0,1.0,9.5031,0,0.0,3.6711,0
8657578.1,5,,21,21,0,50.0,1.0,9.4031,0,0.0,3.6519,0
8659578.1,5,,21,21,0,50.0,1.0,9.3031,0,0.0,3.6327,0
8661578.1,5,,21,21,0,50.0,1.0,9.2031,0,0.0,3.6136,0
8663578.1,5,,21,21,0,50.0,1.0,9.1031,0,0.0,3.5944,0
8665578.1,5,,21,21,0,50.0,1.0,9.0031,0,0.0,3.5752,0
8667578.1,5,,21,21,0,50.0,1.0,8.9031,0,0.0,3.5561,0
8668987.7,5,,21,21,0,50.0,1.0,8.8326,0,0.0,3.5425,0
8669578.1,5,,20,20,0,50.0,1.0,8.8031,0,0.0,3.5366,0
8671578.1,5,,20,20,0,50.0,1.0,8.7031,0,0.0,3.5166,0
8673578.1,5,,20,20,0,50.0,1.0,8.6031,0,0.0,3.4966,0
8675578.1,5,,20,20,0,50.0,1.0,8.5031,0,0.0,3.4766,0
8677578.1,5,,20,20,0,50.0,1.0,8.4031,0,0.0,3.4566,0
8679578.1,5,,20,20,0,50.0,1.0,8.3031,0,0.0,3.4366,0
8681578.1,5,,20,20,0,50.0,1.0,8.2031,0,0.0,3.4166,0
8683578.1,5,,20,20,0,50.0,1.0,8.1031,0,0.0,3.3966,0
8685578.1,5,,20,20,0,50.0,1.0,8.0031,0,0.0,3.3766,0
8687578.1,5,,20,20,0,50.0,1.0,7.9031,0,0.0,3.3566,0
8689578.1,5,,20,20,0,50.0,1.0,7.8031,0,0.0,3.3366,0
8691578.1,5,,20,20,0,50.0,1.0,7.7031,0,0.0,3.3166,0
8693343.9,5,,20,20,0,50.0,1.0,7.6148,0,0.0,3.299,0
8693578.1,5,,19,19,0,50.0,1.0,7.6031,0,0.0,3.2965,0
8694449.6,5,,19,19,0,50.0,1.0,7.5595,0,0.0,3.2872,0
8695578.1,5,,18,18,0,50.0,1.0,7.5031,0,0.0,3.2745,0
8695760.3,5,,18,18,0,50.0,1.0,7.494,0,0.0,3.2725,0
8697181.3,5,,17,17,0,50.0,1.0,7.4229,0,0.0,3.2554,0
8697578.1,5,,16,16,0,50.0,1.0,7.4031,0,0.0,3.2503,0
8699578.1,5,,16,16,0,50.0,1.0,7.3031,0,0.0,3.2246,0
8701578.1,5,,16,16,0,50.0,1.0,7.2031,0,0.0,3.1989,0
8703578.1,5,,16,16,0,50.0,1.0,7.1031,0,0.0,3.1732,0
8703968.2,5,,16,16,0,50.0,1.0,7.0836,0,0.0,3.1682,0
8705578.1,5,,15,15,0,50.0,1.0,7.0031,0,0.0,3.1463,0
8707578.1,5,,15,15,0,50.0,1.0,6.9031,0,0.0,3.1192,0
8709578.1,5,,15,15,0,50.0,1.0,6.8031,0,0.0,3.092,0
8711578.1,5,,15,15,0,50.0,1.0,6.7031,0,0.0,3.0649,0
8713578.1,5,,15,15,0,50.0,1.0,6.6031,0,0.0,3.0378,0
8714290.1,5,,15,15,0,50.0,1.0,6.5675,0,0.0,3.0281,0
8715578.1,5,,14,14,0,50.0,1.0,6.5031,0,0.0,3.0093,0
8717578.1,5,,14,14,0,50.0,1.0,6.4031,0,0.0,2.98,0
8719578.1,5,,14,14,0,50.0,1.0,6.3031,0,0.0,2.9508,0
8721578.1,5,,14,14,0,50.0,1.0,6.2031,0,0.0,2.9216,0
8723578.1,5,,14,14,0,50.0,1.0,6.1031,0,0.0,2.8923,0
8725578.1,5,,14,14,0,50.0,1.0,6.0031,0,0.0,2.8631,0
8727578.1,5,,14,14,0,50.0,1.0,5.9031,0,0.0,2.8339,0
8729199.6,5,,14,14,0,50.0,1.0,5.822,0,0.0,2.8102,0
8729578.1,5,,13,13,0,50.0,1.0,5.8031,0,0.0,2.8045,0
8730590.9,5,,13,13,0,50.0,1.0,5.7524,0,0.0,2.7893,0
8730698.4,5,,12,12,0,50.0,1.0,5.7471,0,0.0,2.7876,0
8731530.6,5,,11,11,0,50.0,1.0,5.7055,0,0.0,2.7729,0
8731578.1,5,,10,10,0,50.0,1.0,5.7031,0,0.0,2.772,0
8733578.1,5,,10,10,0,50.0,1.0,5.6031,0,0.0,2.7345,0
8735578.1,5,,10,10,0,50.0,1.0,5.5031,0,0.0,2.697,0
8737578.1,5,,10,10,0,50.0,1.0,5.4031,0,0.0,2.6595,0
8739578.1,5,,10,10,0,50.0,1.0,5.3031,0,0.0,2.622,0
8741335.6,5,,10,10,0,50.0,1.0,5.2152,0,0.0,2.5891,0
8741578.1,5,,9,9,0,50.0,1.0,5.2031,0,0.0,2.5839,0
8743578.1,5,,9,9,0,50.0,1.0,5.1031,0,0.0,2.541,0
8745578.1,5,,9,9,0,50.0,1.0,5.0031,0,0.0,2.4982,0
8747578.1,5,,9,9,0,50.0,1.0,4.9031,0,0.0,2.4553,0
8747665.7,5,,9,9,0,50.0,1.0,4.8987,0,0.0,2.4534,0
8749578.1,5,,8,8,0,50.0,1.0,4.8031,0,0.0,2.4056,0
8751578.1,5,,8,8,0,50.0,1.0,4.7031,0,0.0,2.3556,0
8753578.1,5,,8,8,0,50.0,1.0,4.6031,0,0.0,2.3056,0
8755578.1,5,,8,8,0,50.0,1.0,4.5031,0,0.0,2.2556,0
8757578.1,5,,8,8,0,50.0,1.0,4.4031,0,0.0,2.2056,0
8759578.1,5,,8,8,0,50.0,1.0,4.3031,0,0.0,2.1556,0
8761578.1,5,,8,8,0,50.0,1.0,4.2031,0,0.0,2.1056,0
8763578.1,5,,8,8,0,50.0,1.0,4.1031,0,0.0,2.0556,0
8765578.1,5,,8,8,0,50.0,1.0,4.0031,0,0.0,2.0056,0
8767578.1,5,,8,8,0,50.0,1.0,3.9031,0,0.0,1.9556,0
8769578.1,5,,8,8,0,50.0,1.0,3.8031,0,0.0,1.9056,0
8771578.1,5,,8,8,0,50.0,1.0,3.7031,0,0.0,1.8556,0
8773578.1,5,,8,8,0,50.0,1.0,3.6031,0,0.0,1.8056,0
8775578.1,5,,8,8,0,50.0,1.0,3.5031,0,0.0,1.7556,0
8777578.1,5,,8,8,0,50.0,1.0,3.4031,0,0.0,1.7056,0
8779578.1,5,,8,8,0,50.0,1.0,3.3031,0,0.0,1.6556,0
8781578.1,5,,8,8,0,50.0,1.0,3.2031,0,0.0,1.6056,0
8783578.1,5,,8,8,0,50.0,1.0,3.1031,0,0.0,1.5556,0
8785578.1,5,,8,8,0,50.0,1.0,3.0031,0,0.0,1.5056,0
8787578.1,5,,8,8,0,50.0,1.0,2.9031,0,0.0,1.4556,0
8789578.1,5,,8,8,0,50.0,1.0,2.8031,0,0.0,1.4056,0
8791578.1,5,,8,8,0,50.0,1.0,2.7031,0,0.0,1.3556,0
8793578.1,5,,8,8,0,50.0,1.0,2.6031,0,0.0,1.3056,0
8795578.1,5,,8,8,0,50.0,1.0,2.5031,0,0.0,1.2556,0
8797578.1,5,,8,8,0,50.0,1.0,2.4031,0,0.0,1.2056,0
8799578.1,5,,8,8,0,50.0,1.0,2.3031,0,0.0,1.1556,0
8801578.1,5,,8,8,0,50.0,1.0,2.2031,0,0.0,1.1056,0
8803578.1,5,,8,8,0,50.0,1.0,2.1031,0,0.0,1.0556,0
8805578.1,5,,8,8,0,50.0,1.0,2.0031,0,0.0,1.0056,0
8807578.1,5,,8,8,0,50.0,1.0,1.9031,0,0.0,0.9556,0
8809578.1,5,,8,8,0,50.0,1.0,1.8031,0,0.0,0.9056,0
8811578.1,5,,8,8,0,50.0,1.0,1.7031,0,0.0,0.8556,0
8813578.1,5,,8,8,0,50.0,1.0,1.6031,0,0.0,0.8056,0
8815578.1,5,,8,8,0,50.0,1.0,1.5031,0,0.0,0.7556,0
8817578.1,5,,8,8,0,50.0,1.0,1.4031,0,0.0,0.7056,0
8819578.1,5,,8,8,0,50.0,1.0,1.3031,0,0.0,0.6556,0
8821578.1,5,,8,8,0,50.0,1.0,1.2031,0,0.0,0.6056,0
8823578.1,5,,8,8,0,50.0,1.0,1.1031,0,0.0,0.5556,0
8824398.6,5,,8,8,0,50.0,1.0,1.0621,0,0.0,0.5351,0
8825053.9,5,,7,7,0,50.0,1.0,1.0293,0,0.0,0.5187,0
8825578.1,5,,6,6,0,50.0,1.0,1.0031,0,0.0,0.5056,0
8827578.1,5,,6,6,0,50.0,1.0,0.9031,0,0.0,0.4556,0
8829578.1,5,,6,6,0,50.0,1.0,0.8031,0,0.0,0.4056,0
8830046.0,5,,6,6,0,50.0,1.0,0.7797,0,0.0,0.3939,0
8831578.1,5,,5,5,0,50.0,1.0,0.7031,0,0.0,0.3556,0
8833578.1,5,,5,5,0,50.0,1.0,0.6031,0,0.0,0.3056,0
8835578.1,5,,5,5,0,50.0,1.0,0.5031,0,0.0,0.2556,0
8837578.1,5,,5,5,0,50.0,1.0,0.4031,0,0.0,0.2056,0
8839348.1,5,,5,5,0,50.0,1.0,0.3146,0,0.0,0.1614,0
8839578.1,5,,4,4,0,50.0,1.0,0.3031,0,0.0,0.1556,0
8839633.4,5,,4,4,0,50.0,1.0,0.3003,0,0.0,0.1543,0
8841578.1,5,,3,3,0,50.0,1.0,0.2031,0,0.0,0.1218,0
8843042.3,5,,3,3,0,50.0,1.0,0.1299,0,0.0,0.0974,0
8843578.1,5,,2,2,0,50.0,1.0,0.1031,0,0.0,0.084,0
8844339.6,5,,2,2,0,50.0,1.0,0.065,0,0.0,0.065,0
8845578.1,5,,1,1,0,50.0,1.0,0.0031,0,0.0,0.0031,0
8845639.7,5,,1,1,0,50.0,1.0,0.0,0,0.0,0.0,0
8847578.1,6,,124,56,8,50.0,1.0,74.7452,12.9032,0.025,38.5694,0
8849578.1,6,,124,56,8,50.0,1.0,74.6452,12.9032,0.0508,38.3089,0
8851578.1,6,,124,56,8,50.0,1.0,74.5452,12.9032,0.0766,38.0485,0
8853578.1,6,,124,56,8,50.0,1.0,74.4452,12.9032,0.1024,37.788,0
8855578.1,6,,124,56,8,50.0,1.0,74.3452,12.9032,0.1282,37.5275,0
8857578.1,6,,124,56,8,50.0,1.0,74.2452,12.9032,0.154,37.267,0
8859578.1,6,,124,56,8,50.0,1.0,74.1452,12.9032,0.1799,37.0065,0
8861578.1,6,,124,56,8,50.0,1.0,74.0452,12.9032,0.2057,36.746,0
8863578.1,6,,124,56,8,50.0,1.0,73.9452,12.9032,0.2315,36.4856,0
8865578.1,6,,124,56,8,50.0,1.0,73.8452,12.9032,0.2573,36.2251,0
8867578.1,6,,124,56,8,50.0,1.0,73.7452,12.9032,0.2831,35.9646,0
8869578.1,6,,124,56,8,50.0,1.0,73.6452,12.9032,0.3089,35.7041,0
8871578.1,6,,124,56,8,50.0,1.0,73.5452,12.9032,0.3347,35.4436,0
8873578.1,6,,124,56,8,50.0,1.0,73.4452,12.9032,0.3605,35.1831,0
8875578.1,6,,124,56,8,50.0,1.0,73.3452,12.9032,0.3863,34.9227,0
8877578.1,6,,124,56,8,50.0,1.0,73.2452,12.9032,0.4121,34.6622,0
8879578.1,6,,124,56,8,50.0,1.0,73.1452,12.9032,0.4379,34.4017,0
8880910.8,6,,124,56,8,50.0,1.0,73.0786,12.9032,0.4551,34.2281,0
8881578.1,6,,123,56,8,50.0,1.0,73.0452,13.0108,0.4638,34.1484,0
8883578.1,6,,123,56,8,50.0,1.0,72.9452,13.0108,0.4898,33.9094,0
8884296.8,6,,123,56,8,50.0,1.0,72.9093,13.0108,0.4992,33.8236,0
8885578.1,6,,122,56,8,50.0,1.0,72.8452,13.1183,0.516,33.6706,0
8887578.1,6,,122,56,8,50.0,1.0,72.7452,13.1183,0.5422,33.4319,0
8887737.5,6,,122,56,8,50.0,1.0,72.7372,13.1183,0.5443,33.4128,0
8889093.7,6,,121,56,8,50.0,1.0,72.6694,13.2332,0.5622,33.2666,0
8889375.9,6,,120,56,8,50.0,1.0,72.6553,13.3407,0.566,33.2362,0
8889578.1,6,,119,56,8,50.0,1.0,72.6452,13.4483,0.5687,33.2144,0
8890031.2,6,,119,56,8,50.0,1.0,72.6225,13.4483,0.5748,33.1656,0
8891578.1,6,,118,56,8,50.0,1.0,72.5452,13.5632,0.5958,32.9993,0
8893189.7,6,,118,56,8,50.0,1.0,72.4646,13.5632,0.6177,32.826,0
8893578.1,6,,117,56,8,50.0,1.0,72.4452,13.6782,0.623,32.7842,0
8895578.1,6,,117,56,8,50.0,1.0,72.3452,13.6782,0.6503,32.5694,0
8896885.2,6,,117,56,8,50.0,1.0,72.2798,13.6782,0.6682,32.4289,0
8897578.1,6,,116,56,8,50.0,1.0,72.2452,13.8013,0.6778,32.3546,0
8897840.9,6,,116,56,8,50.0,1.0,72.232,13.8013,0.6814,32.3264,0
8898104.9,6,,115,56,8,50.0,1.0,72.2189,13.9163,0.6851,32.2981,0
8899578.1,6,,114,56,8,50.0,1.0,72.1452,14.0394,0.7058,32.1403,0
8900061.9,6,,114,56,8,50.0,1.0,72.121,14.0394,0.7126,32.0885,0
8901578.1,6,,113,56,8,50.0,1.0,72.0452,14.1626,0.734,31.9262,0
8903578.1,6,,113,56,8,50.0,1.0,71.9452,14.1626,0.7624,31.7122,0
8905040.8,6,,113,56,8,50.0,1.0,71.8721,14.1626,0.7831,31.5557,0
8905578.1,6,,112,56,8,50.0,1.0,71.8452,14.2948,0.7907,31.4983,0
8907198.0,6,,112,56,8,50.0,1.0,71.7642,14.2948,0.8139,31.3251,0
8907270.8,6,,111,56,8,50.0,1.0,71.7606,14.4271,0.815,31.3173,0
8907578.1,6,,110,56,8,50.0,1.0,71.7452,14.5503,0.8194,31.2883,0
8909578.1,6,,110,56,8,50.0,1.0,71.6452,14.5503,0.8485,31.0995,0
8910848.0,6,,110,56,8,50.0,1.0,71.5817,14.5503,0.867,30.9796,0
8911578.1,6,,109,56,8,50.0,1.0,71.5452,14.6825,0.8777,30.9108,0
8913132.7,6,,109,56,8,50.0,1.0,71.4675,14.6825,0.9005,30.7642,0
8913578.1,6,,108,56,8,50.0,1.0,71.4452,14.8148,0.9071,30.7281,0
8914607.2,6,,108,56,8,50.0,1.0,71.3937,14.8148,0.9224,30.6447,0
8915578.1,6,,107,56,8,50.0,1.0,71.3452,14.9573,0.9369,30.5799,0
8917578.1,6,,107,56,8,50.0,1.0,71.2452,14.9573,0.9668,30.4465,0
8919578.1,6,,107,56,8,50.0,1.0,71.1452,14.9573,0.9967,30.3131,0
8921578.1,6,,107,56,8,50.0,1.0,71.0452,14.9573,1.0267,30.1797,0
8922680.9,6,,107,56,8,50.0,1.0,70.9901,14.9573,1.0432,30.1061,0
8923578.1,6,,106,56,8,50.0,1.0,70.9452,15.0997,1.0567,30.0464,0
8925578.1,6,,106,56,8,50.0,1.0,70.8452,15.0997,1.0869,29.9132,0
8925593.6,6,,106,56,8,50.0,1.0,70.8444,15.0997,1.0871,29.9122,0
8927578.1,6,,105,56,8,50.0,1.0,70.7452,15.2422,1.1174,29.7803,0
8929125.3,6,,105,56,8,50.0,1.0,70.6678,15.2422,1.141,29.6775,0
8929578.1,6,,104,56,8,50.0,1.0,70.6452,15.3846,1.1479,29.6474,0
8930253.9,6,,104,56,8,50.0,1.0,70.6114,15.3846,1.1583,29.6026,0
8931578.1,6,,103,56,8,50.0,1.0,70.5452,15.5385,1.1789,29.5149,0
8933578.1,6,,103,56,8,50.0,1.0,70.4452,15.5385,1.21,29.3825,0
8935578.1,6,,103,56,8,50.0,1.0,70.3452,15.5385,1.2411,29.25,0
8937578.1,6,,103,56,8,50.0,1.0,70.2452,15.5385,1.2721,29.1176,0
8939578.1,6,,103,56,8,50.0,1.0,70.1452,15.5385,1.3032,28.9851,0
8941578.1,6,,103,56,8,50.0,1.0,70.0452,15.5385,1.3343,28.8527,0
8943578.1,6,,103,56,8,50.0,1.0,69.9452,15.5385,1.3654,28.7202,0
8945578.1,6,,103,56,8,50.0,1.0,69.8452,15.5385,1.3964,28.5878,0
8947578.1,6,,103,56,8,50.0,1.0,69.7452,15.5385,1.4275,28.4554,0
8949578.1,6,,103,56,8,50.0,1.0,69.6452,15.5385,1.4586,28.3229,0
8951578.1,6,,103,56,8,50.0,1.0,69.5452,15.5385,1.4897,28.1905,0
8953578.1,6,,103,56,8,50.0,1.0,69.4452,15.5385,1.5207,28.058,0
8955578.1,6,,103,56,8,50.0,1.0,69.3452,15.5385,1.5518,27.9256,0
8957578.1,6,,103,56,8,50.0,1.0,69.2452,15.5385,1.5829,27.7931,0
8959578.1,6,,103,56,8,50.0,1.0,69.1452,15.5385,1.614,27.6607,0
8961578.1,6,,103,56,8,50.0,1.0,69.0452,15.5385,1.6451,27.5282,0
8963578.1,6,,103,56,8,50.0,1.0,68.9452,15.5385,1.6761,27.3958,0
8965578.1,6,,103,56,8,50.0,1.0,68.8452,15.5385,1.7072,27.2634,0
8967578.1,6,,103,56,8,50.0,1.0,68.7452,15.5385,1.7383,27.1309,0
8969578.1,6,,103,56,8,50.0,1.0,68.6452,15.5385,1.7694,26.9985,0
8971578.1,6,,103,56,8,50.0,1.0,68.5452,15.5385,1.8004,26.866,0
8973578.1,6,,103,56,8,50.0,1.0,68.4452,15.5385,1.8315,26.7336,0
8974326.9,6,,103,56,8,50.0,1.0,68.4078,15.5385,1.8432,26.684,0
8975578.1,6,,102,56,8,50.0,1.0,68.3452,15.6923,1.8628,26.6013,0
8977578.1,6,,102,56,8,50.0,1.0,68.2452,15.6923,1.8942,26.4691,0
8979578.1,6,,102,56,8,50.0,1.0,68.1452,15.6923,1.9256,26.3369,0
8981578.1,6,,102,56,8,50.0,1.0,68.0452,15.6923,1.9569,26.2047,0
8983578.1,6,,102,56,8,50.0,1.0,67.9452,15.6923,1.9883,26.0725,0
8985578.1,6,,102,56,8,50.0,1.0,67.8452,15.6923,2.0197,25.9403,0
8986915.3,6,,102,56,8,50.0,1.0,67.7783,15.6923,2.0407,25.8519,0
8987578.1,6,,101,56,8,50.0,1.0,67.7452,15.859,2.0512,25.8082,0
8989578.1,6,,101,56,8,50.0,1.0,67.6452,15.859,2.0829,25.6762,0
8991578.1,6,,101,56,8,50.0,1.0,67.5452,15.859,2.1146,25.5443,0
8993277.7,6,,101,56,8,50.0,1.0,67.4602,15.859,2.1416,25.4321,0
8993578.1,6,,100,56,8,50.0,1.0,67.4452,16.0128,2.1464,25.4124,0
8995578.1,6,,100,56,8,50.0,1.0,67.3452,16.0128,2.1784,25.2806,0
8997578.1,6,,100,56,8,50.0,1.0,67.2452,16.0128,2.2105,25.1489,0
8998220.2,6,,100,56,8,50.0,1.0,67.2131,16.0128,2.2207,25.1066,0
8999578.1,6,,99,56,8,50.0,1.0,67.1452,16.1795,2.2427,25.0174,0
9000277.3,6,,99,56,8,50.0,1.0,67.1102,16.1795,2.254,24.9714,0
9001469.7,6,,98,56,8,50.0,1.0,67.0506,16.3333,2.2735,24.9115,0
9001578.1,6,,97,56,8,50.0,1.0,67.0452,16.5,2.2753,24.9061,0
9001715.5,6,,97,56,8,50.0,1.0,67.0383,16.5,2.2776,24.8992,0
9003578.1,6,,96,56,8,50.0,1.0,66.9452,16.6812,2.3086,24.8061,0
9004828.4,6,,96,56,8,50.0,1.0,66.8827,16.6812,2.3295,24.7436,0
9005578.1,6,,95,56,8,50.0,1.0,66.8452,16.8478,2.3421,24.7187,0
9007578.1,6,,95,56,8,50.0,1.0,66.7452,16.8478,2.3758,24.6523,0
9009578.1,6,,95,56,8,50.0,1.0,66.6452,16.8478,2.4095,24.5859,0
9011578.1,6,,95,56,8,50.0,1.0,66.5452,16.8478,2.4432,24.5195,0
9013578.1,6,,95,56,8,50.0,1.0,66.4452,16.8478,2.4769,24.4531,0
9015532.7,6,,95,56,8,50.0,1.0,66.3475,16.8478,2.5098,24.3882,0
9015578.1,6,,94,56,8,50.0,1.0,66.3452,17.029,2.5106,24.3867,0
9017578.1,6,,94,56,8,50.0,1.0,66.2452,17.029,2.5447,24.3221,0
9019578.1,6,,94,56,8,50.0,1.0,66.1452,17.029,2.5787,24.2574,0
9021578.1,6,,94,56,8,50.0,1.0,66.0452,17.029,2.6128,24.1928,0
9023578.1,6,,94,56,8,50.0,1.0,65.9452,17.029,2.6468,24.1281,0
9025578.1,6,,94,56,8,50.0,1.0,65.8452,17.029,2.6809,24.0634,0
9027578.1,6,,94,56,8,50.0,1.0,65.7452,17.029,2.7149,23.9988,0
9029578.1,6,,94,56,8,50.0,1.0,65.6452,17.029,2.749,23.9341,0
9031578.1,6,,94,56,8,50.0,1.0,65.5452,17.029,2.7831,23.8694,0
9033578.1,6,,94,56,8,50.0,1.0,65.4452,17.029,2.8171,23.8048,0
9035578.1,6,,94,56,8,50.0,1.0,65.3452,17.029,2.8512,23.7401,0
9037578.1,6,,94,56,8,50.0,1.0,65.2452,17.029,2.8852,23.6755,0
9039578.1,6,,94,56,8,50.0,1.0,65.1452,17.029,2.9193,23.6108,0
9041578.1,6,,94,56,8,50.0,1.0,65.0452,17.029,2.9534,23.5461,0
9043578.1,6,,94,56,8,50.0,1.0,64.9452,17.029,2.9874,23.4815,0
9045578.1,6,,94,56,8,50.0,1.0,64.8452,17.029,3.0215,23.4168,0
9047578.1,6,,94,56,8,50.0,1.0,64.7452,17.029,3.0555,23.3521,0
9049578.1,6,,94,56,8,50.0,1.0,64.6452,17.029,3.0896,23.2875,0
9051578.1,6,,94,56,8,50.0,1.0,64.5452,17.029,3.1236,23.2228,0
9053578.1,6,,94,56,8,50.0,1.0,64.4452,17.029,3.1577,23.1582,0
9055578.1,6,,94,56,8,50.0,1.0,64.3452,17.029,3.1918,23.0935,0
9057578.1,6,,94,56,8,50.0,1.0,64.2452,17.029,3.2258,23.0288,0
9059441.8,6,,94,56,8,50.0,1.0,64.152,17.029,3.2576,22.9686,0
9059578.1,6,,93,56,8,50.0,1.0,64.1452,17.2101,3.2599,22.9642,0
9061578.1,6,,93,56,8,50.0,1.0,64.0452,17.2101,3.2943,22.8998,0
9063578.1,6,,93,56,8,50.0,1.0,63.9452,17.2101,3.3287,22.8354,0
9065578.1,6,,93,56,8,50.0,1.0,63.8452,17.2101,3.3632,22.771,0
9067578.1,6,,93,56,8,50.0,1.0,63.7452,17.2101,3.3976,22.7066,0
9069578.1,6,,93,56,8,50.0,1.0,63.6452,17.2101,3.432,22.6422,0
9071578.1,6,,93,56,8,50.0,1.0,63.5452,17.2101,3.4664,22.5778,0
9073578.1,6,,93,56,8,50.0,1.0,63.4452,17.2101,3.5008,22.5134,0
9075578.1,6,,93,56,8,50.0,1.0,63.3452,17.2101,3.5353,22.449,0
9077578.1,6,,93,56,8,50.0,1.0,63.2452,17.2101,3.5697,22.3846,0
9078283.4,6,,93,56,8,50.0,1.0,63.2099,17.2101,3.5818,22.3619,0
9079578.1,6,,92,56,7,50.0,1.0,63.1452,15.135,3.1509,22.3204,0
9081578.1,6,,92,56,7,50.0,1.0,63.0452,15.135,3.1811,22.2563,0
9083578.1,6,,92,56,7,50.0,1.0,62.9452,15.135,3.2114,22.1922,0
9085578.1,6,,92,56,7,50.0,1.0,62.8452,15.135,3.2417,22.1281,0
9087578.1,6,,92,56,7,50.0,1.0,62.7452,15.135,3.2719,22.064,0
9089578.1,6,,92,56,7,50.0,1.0,62.6452,15.135,3.3022,21.9999,0
9090380.2,6,,92,56,7,50.0,1.0,62.6051,15.135,3.3143,21.9742,0
9091578.1,6,,91,56,7,50.0,1.0,62.5452,15.3162,3.3327,21.936,0
9093578.1,6,,91,56,7,50.0,1.0,62.4452,15.3162,3.3633,21.8721,0
9095578.1,6,,91,56,7,50.0,1.0,62.3452,15.3162,3.394,21.8083,0
9097578.1,6,,91,56,7,50.0,1.0,62.2452,15.3162,3.4246,21.7444,0
9099578.1,6,,91,56,7,50.0,1.0,62.1452,15.3162,3.4552,21.6806,0
9101578.1,6,,91,56,7,50.0,1.0,62.0452,15.3162,3.4859,21.6167,0
9103578.1,6,,91,56,7,50.0,1.0,61.9452,15.3162,3.5165,21.5529,0
9105578.1,6,,91,56,7,50.0,1.0,61.8452,15.3162,3.5471,21.489,0
9107578.1,6,,91,56,7,50.0,1.0,61.7452,15.3162,3.5778,21.4252,0
9109578.1,6,,91,56,7,50.0,1.0,61.6452,15.3162,3.6084,21.3613,0
9111578.1,6,,91,56,7,50.0,1.0,61.5452,15.3162,3.639,21.2975,0
9113578.1,6,,91,56,7,50.0,1.0,61.4452,15.3162,3.6696,21.2336,0
9115578.1,6,,91,56,7,50.0,1.0,61.3452,15.3162,3.7003,21.1698,0
9117578.1,6,,91,56,7,50.0,1.0,61.2452,15.3162,3.7309,21.1059,0
9119578.1,6,,91,56,7,50.0,1.0,61.1452,15.3162,3.7615,21.0421,0
9121578.1,6,,91,56,7,50.0,1.0,61.0452,15.3162,3.7922,20.9782,0
9123578.1,6,,91,56,7,50.0,1.0,60.9452,15.3162,3.8228,20.9144,0
9125578.1,6,,91,56,7,50.0,1.0,60.8452,15.3162,3.8534,20.8505,0
9127116.8,6,,91,56,7,50.0,1.0,60.7683,15.3162,3.877,20.8014,0
9127578.1,6,,90,56,7,50.0,1.0,60.7452,15.5138,3.8842,20.7867,0
9129578.1,6,,90,56,7,50.0,1.0,60.6452,15.5138,3.9152,20.7231,0
9131578.1,6,,90,56,7,50.0,1.0,60.5452,15.5138,3.9462,20.6596,0
9132350.6,6,,90,56,7,50.0,1.0,60.5066,15.5138,3.9582,20.635,0
9133578.1,6,,89,56,7,50.0,1.0,60.4452,15.6221,3.9774,20.5962,0
9135578.1,6,,89,56,7,50.0,1.0,60.3452,15.6221,4.0086,20.5329,0
9137578.1,6,,89,56,7,50.0,1.0,60.2452,15.6221,4.0399,20.4696,0
9139578.1,6,,89,56,7,50.0,1.0,60.1452,15.6221,4.0711,20.4063,0
9141578.1,6,,89,56,7,50.0,1.0,60.0452,15.6221,4.1024,20.3431,0
9142672.5,6,,89,56,7,50.0,1.0,59.9905,15.6221,4.1195,20.3084,0
9143578.1,6,,88,56,6,50.0,1.0,59.9452,13.2411,3.5334,20.2799,0
9145578.1,6,,88,56,6,50.0,1.0,59.8452,13.2411,3.5599,20.217,0
9147578.1,6,,88,56,6,50.0,1.0,59.7452,13.2411,3.5864,20.154,0
9147587.7,6,,88,56,6,50.0,1.0,59.7447,13.2411,3.5865,20.1537,0
9149578.1,6,,87,56,6,50.0,1.0,59.6452,13.2411,3.6129,20.0914,0
9151578.1,6,,87,56,6,50.0,1.0,59.5452,13.2411,3.6394,20.0287,0
9153578.1,6,,87,56,6,50.0,1.0,59.4452,13.2411,3.6658,19.9661,0
9155578.1,6,,87,56,6,50.0,1.0,59.3452,13.2411,3.6923,19.9035,0
9157578.1,6,,87,56,6,50.0,1.0,59.2452,13.2411,3.7188,19.8409,0
9159578.1,6,,87,56,6,50.0,1.0,59.1452,13.2411,3.7453,19.7782,0
9161578.1,6,,87,56,6,50.0,1.0,59.0452,13.2411,3.7718,19.7156,0
9162497.1,6,,87,56,6,50.0,1.0,58.9992,13.2411,3.7839,19.6868,0
9163578.1,6,,86,56,6,50.0,1.0,58.9452,13.4387,3.7985,19.654,0
9164299.4,6,,86,56,6,50.0,1.0,58.9091,13.4387,3.8082,19.6321,0
9165578.1,6,,85,56,6,50.0,1.0,58.8452,13.6552,3.8256,19.5947,0
9165746.6,6,,85,56,6,50.0,1.0,58.8368,13.6552,3.8279,19.5898,0
9167578.1,6,,84,56,6,50.0,1.0,58.7452,13.8528,3.8533,19.5365,0
9169578.1,6,,84,56,6,50.0,1.0,58.6452,13.8528,3.881,19.4782,0
9171578.1,6,,84,56,6,50.0,1.0,58.5452,13.8528,3.9087,19.42,0
9173578.1,6,,84,56,6,50.0,1.0,58.4452,13.8528,3.9364,19.3617,0
9175578.1,6,,84,56,6,50.0,1.0,58.3452,13.8528,3.9641,19.3035,0
9177578.1,6,,84,56,6,50.0,1.0,58.2452,13.8528,3.9918,19.2453,0
9179578.1,6,,84,56,6,50.0,1.0,58.1452,13.8528,4.0195,19.187,0
9181578.1,6,,84,56,6,50.0,1.0,58.0452,13.8528,4.0472,19.1288,0
9183578.1,6,,84,56,6,50.0,1.0,57.9452,13.8528,4.0749,19.0705,0
9185578.1,6,,84,56,6,50.0,1.0,57.8452,13.8528,4.1026,19.0123,0
9186590.7,6,,84,56,6,50.0,1.0,57.7946,13.8528,4.1167,18.9828,0
9187578.1,6,,83,56,6,50.0,1.0,57.7452,14.0693,4.1306,18.9542,0
9189578.1,6,,83,56,6,50.0,1.0,57.6452,14.0693,4.1587,18.8962,0
9191578.1,6,,83,56,6,50.0,1.0,57.5452,14.0693,4.1868,18.8382,0
9193578.1,6,,83,56,6,50.0,1.0,57.4452,14.0693,4.215,18.7803,0
9195578.1,6,,83,56,6,50.0,1.0,57.3452,14.0693,4.2431,18.7223,0
9196985.5,6,,83,56,6,50.0,1.0,57.2748,14.0693,4.2629,18.6815,0
9197578.1,6,,82,56,6,50.0,1.0,57.2452,14.3074,4.2714,18.6651,0
9199578.1,6,,82,56,6,50.0,1.0,57.1452,14.3074,4.3,18.6095,0
9200508.0,6,,82,56,6,50.0,1.0,57.0987,14.3074,4.3133,18.5837,0
9201578.1,6,,81,56,6,50.0,1.0,57.0452,14.3074,4.3286,18.5542,0
9203457.1,6,,81,56,6,50.0,1.0,56.9512,14.3074,4.3555,18.5023,0
9203578.1,6,,80,56,6,50.0,1.0,56.9452,14.3074,4.3572,18.499,0
9203593.7,6,,80,56,6,50.0,1.0,56.9444,14.3074,4.3575,18.4986,0
9203793.9,6,,79,56,6,50.0,1.0,56.9344,14.5238,4.3604,18.4931,0
9205578.1,6,,78,56,6,50.0,1.0,56.8452,14.7619,4.3867,18.4448,0
9207578.1,6,,78,56,6,50.0,1.0,56.7452,14.7619,4.4162,18.3906,0
9209578.1,6,,78,56,6,50.0,1.0,56.6452,14.7619,4.4458,18.3363,0
9211578.1,6,,78,56,6,50.0,1.0,56.5452,14.7619,4.4753,18.2821,0
9213578.1,6,,78,56,6,50.0,1.0,56.4452,14.7619,4.5048,18.2279,0
9215262.7,6,,78,56,6,50.0,1.0,56.361,14.7619,4.5297,18.1822,0
9215578.1,6,,77,56,6,50.0,1.0,56.3452,15.0251,4.5344,18.1737,0
9217578.1,6,,77,56,6,50.0,1.0,56.2452,15.0251,4.5645,18.1198,0
9219578.1,6,,77,56,6,50.0,1.0,56.1452,15.0251,4.5945,18.0659,0
9221561.5,6,,77,56,6,50.0,1.0,56.046,15.0251,4.6243,18.0124,0
9221578.1,6,,76,56,6,50.0,1.0,56.0452,15.0251,4.6246,18.012,0
9222872.2,6,,76,56,6,50.0,1.0,55.9805,15.0251,4.644,17.9774,0
9223578.1,6,,75,56,6,50.0,1.0,55.9452,15.0251,4.6546,17.9586,0
9225578.1,6,,75,56,6,50.0,1.0,55.8452,15.0251,4.6847,17.9056,0
9227578.1,6,,75,56,6,50.0,1.0,55.7452,15.0251,4.7147,17.8525,0
9229398.5,6,,75,56,6,50.0,1.0,55.6542,15.0251,4.7421,17.8042,0
9229578.1,6,,74,56,6,50.0,1.0,55.6452,15.2632,4.7448,17.7995,0
9230827.5,6,,74,56,6,50.0,1.0,55.5827,15.2632,4.7639,17.7665,0
9231578.1,6,,73,56,6,50.0,1.0,55.5452,15.5556,4.7756,17.7468,0
9233578.1,6,,73,56,6,50.0,1.0,55.4452,15.5556,4.8067,17.6943,0
9235251.2,6,,73,56,6,50.0,1.0,55.3615,15.5556,4.8327,17.6504,0
9235578.1,6,,72,56,6,50.0,1.0,55.3452,15.8824,4.8379,17.6419,0
9237578.1,6,,72,56,6,50.0,1.0,55.2452,15.8824,4.8696,17.5897,0
9239578.1,6,,72,56,6,50.0,1.0,55.1452,15.8824,4.9014,17.5375,0
9240867.3,6,,72,56,6,50.0,1.0,55.0807,15.8824,4.9219,17.5039,0
9241222.3,6,,71,56,6,50.0,1.0,55.063,16.1455,4.9276,17.4947,0
9241578.1,6,,70,56,6,50.0,1.0,55.0452,16.4087,4.9335,17.4859,0
9243578.1,6,,70,56,6,50.0,1.0,54.9452,16.4087,4.9663,17.4368,0
9245578.1,6,,70,56,6,50.0,1.0,54.8452,16.4087,4.9991,17.3877,0
9245891.7,6,,70,56,6,50.0,1.0,54.8295,16.4087,5.0042,17.38,0
9247578.1,6,,69,56,6,50.0,1.0,54.7452,16.7011,5.0324,17.3412,0
9249578.1,6,,69,56,6,50.0,1.0,54.6452,16.7011,5.0658,17.2952,0
9251578.1,6,,69,56,6,50.0,1.0,54.5452,16.7011,5.0992,17.2492,0
9253578.1,6,,69,56,6,50.0,1.0,54.4452,16.7011,5.1326,17.2032,0
9255578.1,6,,69,56,6,50.0,1.0,54.3452,16.7011,5.166,17.1572,0
9257578.1,6,,69,56,6,50.0,1.0,54.2452,16.7011,5.1994,17.1112,0
9259578.1,6,,69,56,6,50.0,1.0,54.1452,16.7011,5.2328,17.0652,0
9261578.1,6,,69,56,6,50.0,1.0,54.0452,16.7011,5.2662,17.0192,0
9263578.1,6,,69,56,6,50.0,1.0,53.9452,16.7011,5.2996,16.9732,0
9263586.4,6,,69,56,6,50.0,1.0,53.9448,16.7011,5.2998,16.973,0
9265578.1,6,,68,56,6,50.0,1.0,53.8452,17.0279,5.3337,16.9307,0
9267578.1,6,,68,56,6,50.0,1.0,53.7452,17.0279,5.3677,16.8883,0
9269578.1,6,,68,56,6,50.0,1.0,53.6452,17.0279,5.4018,16.8458,0
9271578.1,6,,68,56,6,50.0,1.0,53.5452,17.0279,5.4358,16.8033,0
9273578.1,6,,68,56,6,50.0,1.0,53.4452,17.0279,5.4699,16.7609,0
9275578.1,6,,68,56,6,50.0,1.0,53.3452,17.0279,5.5039,16.7184,0
9277578.1,6,,68,56,6,50.0,1.0,53.2452,17.0279,5.538,16.6759,0
9279578.1,6,,68,56,6,50.0,1.0,53.1452,17.0279,5.5721,16.6334,0
9279779.3,6,,68,56,6,50.0,1.0,53.1351,17.0279,5.5755,16.6292,0
9281578.1,6,,67,56,6,50.0,1.0,53.0452,17.3203,5.6066,16.5912,0
9282728.4,6,,67,56,6,50.0,1.0,52.9877,17.3203,5.6266,16.567,0
9283578.1,6,,66,56,6,50.0,1.0,52.9452,17.6471,5.6416,16.5492,0
9285578.1,6,,66,56,6,50.0,1.0,52.8452,17.6471,5.6769,16.5074,0
9286778.9,6,,66,56,6,50.0,1.0,52.7852,17.6471,5.698,16.4822,0
9287578.1,6,,65,56,5,50.0,1.0,52.7452,14.8897,4.7433,16.4657,0
9289578.1,6,,65,56,5,50.0,1.0,52.6452,14.8897,4.7731,16.4242,0
9291578.1,6,,65,56,5,50.0,1.0,52.5452,14.8897,4.8028,16.3827,0
9292476.9,6,,65,56,5,50.0,1.0,52.5003,14.8897,4.8162,16.3641,0
9293578.1,6,,64,56,4,50.0,1.0,52.4452,12.1324,3.8834,16.3414,0
9295578.1,6,,64,56,4,50.0,1.0,52.3452,12.1324,3.9077,16.3003,0
9297578.1,6,,64,56,4,50.0,1.0,52.2452,12.1324,3.9319,16.2592,0
9299578.1,6,,64,56,4,50.0,1.0,52.1452,12.1324,3.9562,16.218,0
9301578.1,6,,64,56,4,50.0,1.0,52.0452,12.1324,3.9805,16.1769,0
9303578.1,6,,64,56,4,50.0,1.0,51.9452,12.1324,4.0047,16.1358,0
9305578.1,6,,64,56,4,50.0,1.0,51.8452,12.1324,4.029,16.0946,0
9307578.1,6,,64,56,4,50.0,1.0,51.7452,12.1324,4.0533,16.0535,0
9309578.1,6,,64,56,4,50.0,1.0,51.6452,12.1324,4.0775,16.0124,0
9311578.1,6,,64,56,4,50.0,1.0,51.5452,12.1324,4.1018,15.9712,0
9313578.1,6,,64,56,4,50.0,1.0,51.4452,12.1324,4.1261,15.9301,0
9315578.1,6,,64,56,4,50.0,1.0,51.3452,12.1324,4.1503,15.889,0
9317578.1,6,,64,56,4,50.0,1.0,51.2452,12.1324,4.1746,15.8479,0
9319578.1,6,,64,56,4,50.0,1.0,51.1452,12.1324,4.1989,15.8067,0
9321578.1,6,,64,56,4,50.0,1.0,51.0452,12.1324,4.2231,15.7656,0
9323578.1,6,,64,56,4,50.0,1.0,50.9452,12.1324,4.2474,15.7245,0
9325578.1,6,,64,56,4,50.0,1.0,50.8452,12.1324,4.2716,15.6833,0
9327578.1,6,,64,56,4,50.0,1.0,50.7452,12.1324,4.2959,15.6422,0
9329578.1,6,,64,56,4,50.0,1.0,50.6452,12.1324,4.3202,15.6011,0
9331578.1,6,,64,56,4,50.0,1.0,50.5452,12.1324,4.3444,15.5599,0
9333578.1,6,,64,56,4,50.0,1.0,50.4452,12.1324,4.3687,15.5188,0
9335578.1,6,,64,56,4,50.0,1.0,50.3452,12.1324,4.393,15.4777,0
9337578.1,6,,64,56,4,50.0,1.0,50.2452,12.1324,4.4172,15.4365,0
9339578.1,6,,64,56,4,50.0,1.0,50.1452,12.1324,4.4415,15.3954,0
9341578.1,6,,64,56,4,50.0,1.0,50.0452,12.1324,4.4658,15.3543,0
9343578.1,6,,64,56,4,50.0,1.0,49.9452,12.1324,4.49,15.3132,0
9345578.1,6,,64,56,4,50.0,1.0,49.8452,12.1324,4.5143,15.272,0
9347578.1,6,,64,56,4,50.0,1.0,49.7452,12.1324,4.5386,15.2309,0
9349578.1,6,,64,56,4,50.0,1.0,49.6452,12.1324,4.5628,15.1898,0
9351578.1,6,,64,56,4,50.0,1.0,49.5452,12.1324,4.5871,15.1515,0
9353578.1,6,,64,56,4,50.0,1.0,49.4452,12.1324,4.6114,15.1141,0
9355578.1,6,,64,56,4,50.0,1.0,49.3452,12.1324,4.6356,15.0766,0
9357578.1,6,,64,56,4,50.0,1.0,49.2452,12.1324,4.6599,15.0392,0
9359578.1,6,,64,56,4,50.0,1.0,49.1452,12.1324,4.6841,15.0017,0
9361578.1,6,,64,56,4,50.0,1.0,49.0452,12.1324,4.7084,14.9643,0
9363578.1,6,,64,56,4,50.0,1.0,48.9452,12.1324,4.7327,14.9268,0
9365578.1,6,,64,56,4,50.0,1.0,48.8452,12.1324,4.7569,14.8894,0
9367578.1,6,,64,56,4,50.0,1.0,48.7452,12.1324,4.7812,14.8519,0
9369578.1,6,,64,56,4,50.0,1.0,48.6452,12.1324,4.8055,14.8145,0
9371578.1,6,,64,56,4,50.0,1.0,48.5452,12.1324,4.8297,14.777,0
9373578.1,6,,64,56,4,50.0,1.0,48.4452,12.1324,4.854,14.7396,0
9375578.1,6,,64,56,4,50.0,1.0,48.3452,12.1324,4.8783,14.7021,0
9377578.1,6,,64,56,4,50.0,1.0,48.2452,12.1324,4.9025,14.6647,0
9379578.1,6,,64,56,4,50.0,1.0,48.1452,12.1324,4.9268,14.6272,0
9381578.1,6,,64,56,4,50.0,1.0,48.0452,12.1324,4.9511,14.5898,0
9383417.8,6,,64,56,4,50.0,1.0,47.9532,12.1324,4.9734,14.5553,0
9383578.1,6,,63,55,4,50.0,1.0,47.9452,12.3407,4.9754,14.5522,0
9385578.1,6,,63,55,4,50.0,1.0,47.8452,12.3407,5.0,14.5141,0
9387578.1,6,,63,55,4,50.0,1.0,47.7452,12.3407,5.0247,14.476,0
9389578.1,6,,63,55,4,50.0,1.0,47.6452,12.3407,5.0494,14.4379,0
9391578.1,6,,63,55,4,50.0,1.0,47.5452,12.3407,5.0741,14.3998,0
9393578.1,6,,63,55,4,50.0,1.0,47.4452,12.3407,5.0988,14.3617,0
9395578.1,6,,63,55,4,50.0,1.0,47.3452,12.3407,5.1234,14.3236,0
9397578.1,6,,63,55,4,50.0,1.0,47.2452,12.3407,5.1481,14.2855,0
9399578.1,6,,63,55,4,50.0,1.0,47.1452,12.3407,5.1728,14.2474,0
9401578.1,6,,63,55,4,50.0,1.0,47.0452,12.3407,5.1975,14.2093,0
9403578.1,6,,63,55,4,50.0,1.0,46.9452,12.3407,5.2222,14.1712,0
9405578.1,6,,63,55,4,50.0,1.0,46.8452,12.3407,5.2469,14.1331,0
9407578.1,6,,63,55,4,50.0,1.0,46.7452,12.3407,5.2715,14.095,0
9409578.1,6,,63,55,4,50.0,1.0,46.6452,12.3407,5.2962,14.0569,0
9411578.1,6,,63,55,4,50.0,1.0,46.5452,12.3407,5.3209,14.0188,0
9413578.1,6,,63,55,4,50.0,1.0,46.4452,12.3407,5.3456,13.9807,0
9415578.1,6,,63,55,4,50.0,1.0,46.3452,12.3407,5.3703,13.9426,0
9417578.1,6,,63,55,4,50.0,1.0,46.2452,12.3407,5.3949,13.9045,0
9419578.1,6,,63,55,4,50.0,1.0,46.1452,12.3407,5.4196,13.8663,0
9421578.1,6,,63,55,4,50.0,1.0,46.0452,12.3407,5.4443,13.8282,0
9423578.1,6,,63,55,4,50.0,1.0,45.9452,12.3407,5.469,13.7901,0
9425578.1,6,,63,55,4,50.0,1.0,45.8452,12.3407,5.4937,13.752,0
9427578.1,6,,63,55,4,50.0,1.0,45.7452,12.3407,5.5183,13.7139,0
9429578.1,6,,63,55,4,50.0,1.0,45.6452,12.3407,5.543,13.6758,0
9431578.1,6,,63,55,4,50.0,1.0,45.5452,12.3407,5.5677,13.6377,0
9433578.1,6,,63,55,4,50.0,1.0,45.4452,12.3407,5.5924,13.5996,0
9435578.1,6,,63,55,4,50.0,1.0,45.3452,12.3407,5.6171,13.5615,0
9437578.1,6,,63,55,4,50.0,1.0,45.2452,12.3407,5.6418,13.5234,0
9439578.1,6,,63,55,4,50.0,1.0,45.1452,12.3407,5.6664,13.4853,0
9441578.1,6,,63,55,4,50.0,1.0,45.0452,12.3407,5.6911,13.4472,0
9443578.1,6,,63,55,4,50.0,1.0,44.9452,12.3407,5.7158,13.4091,0
9445578.1,6,,63,55,4,50.0,1.0,44.8452,12.3407,5.7405,13.371,0
9447578.1,6,,63,55,4,50.0,1.0,44.7452,12.3407,5.7652,13.3329,0
9449578.1,6,,63,55,4,50.0,1.0,44.6452,12.3407,5.7898,13.2948,0
9451578.1,6,,63,55,4,50.0,1.0,44.5452,12.3407,5.8145,13.2567,0
9453578.1,6,,63,55,4,50.0,1.0,44.4452,12.3407,5.8392,13.2186,0
9455578.1,6,,63,55,4,50.0,1.0,44.3452,12.3407,5.8639,13.1804,0
9457578.1,6,,63,55,4,50.0,1.0,44.2452,12.3407,5.8886,13.1423,0
9458234.4,6,,63,55,4,50.0,1.0,44.2124,12.3407,5.8967,13.1298,0
9459578.1,6,,62,54,4,50.0,1.0,44.1452,12.549,5.9135,13.1042,0
9461578.1,6,,62,54,4,50.0,1.0,44.0452,12.549,5.9386,13.066,0
9463578.1,6,,62,54,4,50.0,1.0,43.9452,12.549,5.9637,13.0279,0
9465578.1,6,,62,54,4,50.0,1.0,43.8452,12.549,5.9888,12.9897,0
9467578.1,6,,62,54,4,50.0,1.0,43.7452,12.549,6.0139,12.9515,0
9469578.1,6,,62,54,4,50.0,1.0,43.6452,12.549,6.039,12.9134,0
9471578.1,6,,62,54,4,50.0,1.0,43.5452,12.549,6.0641,12.8752,0
9473578.1,6,,62,54,4,50.0,1.0,43.4452,12.549,6.0892,12.837,0
9475578.1,6,,62,54,4,50.0,1.0,43.3452,12.549,6.1143,12.7989,0
9477578.1,6,,62,54,4,50.0,1.0,43.2452,12.549,6.1394,12.7607,0
9479578.1,6,,62,54,4,50.0,1.0,43.1452,12.549,6.1645,12.7225,0
9481578.1,6,,62,54,4,50.0,1.0,43.0452,12.549,6.1896,12.6844,0
9483578.1,6,,62,54,4,50.0,1.0,42.9452,12.549,6.2147,12.6462,0
9485578.1,6,,62,54,4,50.0,1.0,42.8452,12.549,6.2398,12.6081,0
9487578.1,6,,62,54,4,50.0,1.0,42.7452,12.549,6.2649,12.5699,0
9489578.1,6,,62,54,4,50.0,1.0,42.6452,12.549,6.29,12.5317,0
9491578.1,6,,62,54,4,50.0,1.0,42.5452,12.549,6.3151,12.4936,0
9492544.5,6,,62,54,4,50.0,1.0,42.4969,12.549,6.3272,12.4751,0
9493578.1,6,,61,53,4,50.0,1.0,42.4452,12.7871,6.3404,12.4554,0
9495578.1,6,,61,53,4,50.0,1.0,42.3452,12.7871,6.366,12.4171,0
9497578.1,6,,61,53,4,50.0,1.0,42.2452,12.7871,6.3916,12.3789,0
9499578.1,6,,61,53,4,50.0,1.0,42.1452,12.7871,6.4172,12.3407,0
9501578.1,6,,61,53,4,50.0,1.0,42.0452,12.7871,6.4427,12.3024,0
9503578.1,6,,61,53,4,50.0,1.0,41.9452,12.7871,6.4683,12.2642,0
9505578.1,6,,61,53,4,50.0,1.0,41.8452,12.7871,6.4939,12.226,0
9507578.1,6,,61,53,4,50.0,1.0,41.7452,12.7871,6.5195,12.1877,0
9509578.1,6,,61,53,4,50.0,1.0,41.6452,12.7871,6.545,12.1495,0
9511578.1,6,,61,53,4,50.0,1.0,41.5452,12.7871,6.5706,12.1113,0
9513578.1,6,,61,53,4,50.0,1.0,41.4452,12.7871,6.5962,12.073,0
9515578.1,6,,61,53,4,50.0,1.0,41.3452,12.7871,6.6218,12.0348,0
9517578.1,6,,61,53,4,50.0,1.0,41.2452,12.7871,6.6473,11.9966,0
9519578.1,6,,61,53,4,50.0,1.0,41.1452,12.7871,6.6729,11.9583,0
9520758.9,6,,61,53,4,50.0,1.0,41.0862,12.7871,6.688,11.9358,0
9521578.1,6,,60,52,4,50.0,1.0,41.0452,13.0252,6.6987,11.9198,0
9523578.1,6,,60,52,4,50.0,1.0,40.9452,13.0252,6.7247,11.8808,0
9525578.1,6,,60,52,4,50.0,1.0,40.8452,13.0252,6.7508,11.8418,0
9527578.1,6,,60,52,4,50.0,1.0,40.7452,13.0252,6.7768,11.8029,0
9529578.1,6,,60,52,4,50.0,1.0,40.6452,13.0252,6.8029,11.7639,0
9531249.0,6,,60,52,4,50.0,1.0,40.5616,13.0252,6.8246,11.7313,0
9531578.1,6,,58,50,4,50.0,1.0,40.5452,13.8095,6.8292,11.7249,0
9533578.1,6,,58,50,4,50.0,1.0,40.4452,13.8095,6.8568,11.6857,0
9535578.1,6,,58,50,4,50.0,1.0,40.3452,13.8095,6.8844,11.6466,0
9537578.1,6,,58,50,4,50.0,1.0,40.2452,13.8095,6.912,11.6074,0
9539578.1,6,,58,50,4,50.0,1.0,40.1452,13.8095,6.9397,11.5683,0
9541578.1,6,,58,50,4,50.0,1.0,40.0452,13.8095,6.9673,11.5291,0
9543578.1,6,,58,50,4,50.0,1.0,39.9452,13.8095,6.9949,11.49,0
9545578.1,6,,58,50,4,50.0,1.0,39.8452,13.8095,7.0225,11.4508,0
9547578.1,6,,58,50,4,50.0,1.0,39.7452,13.8095,7.0501,11.4117,0
9549578.1,6,,58,50,4,50.0,1.0,39.6452,13.8095,7.0778,11.3725,0
9551578.1,6,,58,50,4,50.0,1.0,39.5452,13.8095,7.1054,11.3334,0
9553578.1,6,,58,50,4,50.0,1.0,39.4452,13.8095,7.133,11.2942,0
9555578.1,6,,58,50,4,50.0,1.0,39.3452,13.8095,7.1606,11.2551,0
9557578.1,6,,58,50,4,50.0,1.0,39.2452,13.8095,7.1882,11.216,0
9559578.1,6,,58,50,4,50.0,1.0,39.1452,13.8095,7.2159,11.1768,0
9561578.1,6,,58,50,4,50.0,1.0,39.0452,13.8095,7.2435,11.1377,0
9563578.1,6,,58,50,4,50.0,1.0,38.9452,13.8095,7.2711,11.0985,0
9565578.1,6,,58,50,4,50.0,1.0,38.8452,13.8095,7.2987,11.0594,0
9567578.1,6,,58,50,4,50.0,1.0,38.7452,13.8095,7.3263,11.0202,0
9569578.1,6,,58,50,4,50.0,1.0,38.6452,13.8095,7.354,10.9811,0
9571578.1,6,,58,50,4,50.0,1.0,38.5452,13.8095,7.3816,10.9419,0
9573578.1,6,,58,50,4,50.0,1.0,38.4452,13.8095,7.4092,10.9028,0
9575578.1,6,,58,50,4,50.0,1.0,38.3452,13.8095,7.4368,10.8636,0
9577578.1,6,,58,50,4,50.0,1.0,38.2452,13.8095,7.4644,10.8245,0
9579578.1,6,,58,50,4,50.0,1.0,38.1452,13.8095,7.492,10.7853,0
9581578.1,6,,58,50,4,50.0,1.0,38.0452,13.8095,7.5197,10.7462,0
9583578.1,6,,58,50,4,50.0,1.0,37.9452,13.8095,7.5473,10.707,0
9585578.1,6,,58,50,4,50.0,1.0,37.8452,13.8095,7.5749,10.6679,0
9587578.1,6,,58,50,4,50.0,1.0,37.7452,13.8095,7.6025,10.6287,0
9589578.1,6,,58,50,4,50.0,1.0,37.6452,13.8095,7.6301,10.5896,0
9591578.1,6,,58,50,4,50.0,1.0,37.5452,13.8095,7.6578,10.5504,0
9593578.1,6,,58,50,4,50.0,1.0,37.4452,13.8095,7.6854,10.5113,0
9595578.1,6,,58,50,4,50.0,1.0,37.3452,13.8095,7.713,10.4721,0
9597578.1,6,,58,50,4,50.0,1.0,37.2452,13.8095,7.7406,10.433,0
9599578.1,6,,58,50,4,50.0,1.0,37.1452,13.8095,7.7682,10.3939,0
9601578.1,6,,58,50,4,50.0,1.0,37.0452,13.8095,7.7959,10.3547,0
9603578.1,6,,58,50,4,50.0,1.0,36.9452,13.8095,7.8235,10.3156,0
9605578.1,6,,58,50,4,50.0,1.0,36.8452,13.8095,7.8511,10.2764,0
9607578.1,6,,58,50,4,50.0,1.0,36.7452,13.8095,7.8787,10.2373,0
9609578.1,6,,58,50,4,50.0,1.0,36.6452,13.8095,7.9063,10.1981,0
9611578.1,6,,58,50,4,50.0,1.0,36.5452,13.8095,7.934,10.159,0
9613578.1,6,,58,50,4,50.0,1.0,36.4452,13.8095,7.9616,10.1198,0
9613630.6,6,,58,50,4,50.0,1.0,36.4426,13.8095,7.9623,10.1188,0
9615578.1,6,,57,50,4,50.0,1.0,36.3452,13.8095,7.9892,10.0811,0
9617578.1,6,,57,50,4,50.0,1.0,36.2452,13.8095,8.0168,10.0425,0
9619578.1,6,,57,50,4,50.0,1.0,36.1452,13.8095,8.0444,10.0038,0
9621578.1,6,,57,50,4,50.0,1.0,36.0452,13.8095,8.072,9.9651,0
9623578.1,6,,57,50,4,50.0,1.0,35.9452,13.8095,8.0997,9.9264,0
9625578.1,6,,57,50,4,50.0,1.0,35.8452,13.8095,8.1273,9.8878,0
9627578.1,6,,57,50,4,50.0,1.0,35.7452,13.8095,8.1549,9.8491,0
9629578.1,6,,57,50,4,50.0,1.0,35.6452,13.8095,8.1825,9.8104,0
9631578.1,6,,57,50,4,50.0,1.0,35.5452,13.8095,8.2101,9.7717,0
9633578.1,6,,57,50,4,50.0,1.0,35.4452,13.8095,8.2378,9.733,0
9635578.1,6,,57,50,4,50.0,1.0,35.3452,13.8095,8.2654,9.6944,0
9635645.3,6,,57,50,4,50.0,1.0,35.3418,13.8095,8.2663,9.6931,0
9637578.1,6,,56,49,4,50.0,1.0,35.2452,14.0842,8.2935,9.6556,0
9639578.1,6,,56,49,4,50.0,1.0,35.1452,14.0842,8.3217,9.6169,0
9641578.1,6,,56,49,4,50.0,1.0,35.0452,14.0842,8.3499,9.5781,0
9643578.1,6,,56,49,4,50.0,1.0,34.9452,14.0842,8.378,9.5394,0
9645578.1,6,,56,49,4,50.0,1.0,34.8452,14.0842,8.4062,9.5006,0
9647578.1,6,,56,49,4,50.0,1.0,34.7452,14.0842,8.4344,9.4638,0
9649578.1,6,,56,49,4,50.0,1.0,34.6452,14.0842,8.4625,9.4353,0
9651578.1,6,,56,49,4,50.0,1.0,34.5452,14.0842,8.4907,9.4068,0
9653578.1,6,,56,49,4,50.0,1.0,34.4452,14.0842,8.5189,9.3782,0
9655578.1,6,,56,49,4,50.0,1.0,34.3452,14.0842,8.547,9.3497,0
9657578.1,6,,56,49,4,50.0,1.0,34.2452,14.0842,8.5752,9.3211,0
9659578.1,6,,56,49,4,50.0,1.0,34.1452,14.0842,8.6034,9.2926,0
9661578.1,6,,56,49,4,50.0,1.0,34.0452,14.0842,8.6316,9.264,0
9663578.1,6,,56,49,4,50.0,1.0,33.9452,14.0842,8.6597,9.2355,0
9665578.1,6,,56,49,4,50.0,1.0,33.8452,14.0842,8.6879,9.2069,0
9666988.3,6,,56,49,4,50.0,1.0,33.7747,14.0842,8.7077,9.1868,0
9667578.1,6,,55,49,4,50.0,1.0,33.7452,14.359,8.7162,9.1786,0
9669578.1,6,,55,49,4,50.0,1.0,33.6452,14.359,8.7449,9.1505,0
9671578.1,6,,55,49,4,50.0,1.0,33.5452,14.359,8.7737,9.1225,0
9673578.1,6,,55,49,4,50.0,1.0,33.4452,14.359,8.8024,9.0945,0
9675578.1,6,,55,49,4,50.0,1.0,33.3452,14.359,8.8311,9.0665,0
9677578.1,6,,55,49,4,50.0,1.0,33.2452,14.359,8.8598,9.0385,0
9679578.1,6,,55,49,4,50.0,1.0,33.1452,14.359,8.8885,9.0105,0
9681578.1,6,,55,49,4,50.0,1.0,33.0452,14.359,8.9172,8.9824,0
9683578.1,6,,55,49,4,50.0,1.0,32.9452,14.359,8.946,8.9544,0
9685578.1,6,,55,49,4,50.0,1.0,32.8452,14.359,8.9747,8.9264,0
9687578.1,6,,55,49,4,50.0,1.0,32.7452,14.359,9.0034,8.8984,0
9689578.1,6,,55,49,4,50.0,1.0,32.6452,14.359,9.0321,8.8704,0
9691578.1,6,,55,49,4,50.0,1.0,32.5452,14.359,9.0608,8.8424,0
9693578.1,6,,55,49,4,50.0,1.0,32.4452,14.359,9.0896,8.8143,0
9695114.2,6,,55,49,4,50.0,1.0,32.3684,14.359,9.1116,8.7928,0
9695578.1,6,,54,49,4,50.0,1.0,32.3452,14.6795,9.1184,8.7864,0
9697578.1,6,,54,49,4,50.0,1.0,32.2452,14.6795,9.1478,8.759,0
9699578.1,6,,54,49,4,50.0,1.0,32.1452,14.6795,9.1771,8.7315,0
9701578.1,6,,54,49,4,50.0,1.0,32.0452,14.6795,9.2065,8.704,0
9703578.1,6,,54,49,4,50.0,1.0,31.9452,14.6795,9.2359,8.6765,0
9705578.1,6,,54,49,4,50.0,1.0,31.8452,14.6795,9.2652,8.6491,0
9706391.8,6,,54,49,4,50.0,1.0,31.8045,14.6795,9.2772,8.6379,0
9707578.1,6,,53,49,3,50.0,1.0,31.7452,10.8333,6.8898,8.6219,0
9709578.1,6,,53,49,3,50.0,1.0,31.6452,10.8333,6.9114,8.595,0
9711578.1,6,,53,49,3,50.0,1.0,31.5452,10.8333,6.9331,8.5681,0
9713578.1,6,,53,49,3,50.0,1.0,31.4452,10.8333,6.9548,8.5412,0
9715578.1,6,,53,49,3,50.0,1.0,31.3452,10.8333,6.9764,8.5143,0
9717578.1,6,,53,49,3,50.0,1.0,31.2452,10.8333,6.9981,8.4874,0
9719578.1,6,,53,49,3,50.0,1.0,31.1452,10.8333,7.0198,8.4605,0
9721578.1,6,,53,49,3,50.0,1.0,31.0452,10.8333,7.0414,8.4336,0
9723578.1,6,,53,49,3,50.0,1.0,30.9452,10.8333,7.0631,8.4067,0
9724506.8,6,,53,49,3,50.0,1.0,30.8988,10.8333,7.0731,8.3942,0
9725578.1,6,,52,48,3,50.0,1.0,30.8452,10.8333,7.0848,8.3798,0
9727578.1,6,,52,48,3,50.0,1.0,30.7452,10.8333,7.1064,8.3529,0
9729578.1,6,,52,48,3,50.0,1.0,30.6452,10.8333,7.1281,8.326,0
9730327.0,6,,52,48,3,50.0,1.0,30.6077,10.8333,7.1362,8.3159,0
9731578.1,6,,51,47,3,50.0,1.0,30.5452,11.3095,7.1503,8.299,0
9733578.1,6,,51,47,3,50.0,1.0,30.4452,11.3095,7.173,8.272,0
9735418.8,6,,51,47,3,50.0,1.0,30.3532,11.3095,7.1938,8.2471,0
9735578.1,6,,50,47,2,50.0,1.0,30.3452,7.1429,4.7087,8.245,0
9737578.1,6,,50,47,2,50.0,1.0,30.2452,7.1429,4.7229,8.2186,0
9739578.1,6,,50,47,2,50.0,1.0,30.1452,7.1429,4.7372,8.1922,0
9741578.1,6,,50,47,2,50.0,1.0,30.0452,7.1429,4.7515,8.1658,0
9743237.7,6,,50,47,2,50.0,1.0,29.9622,7.1429,4.7634,8.1439,0
9743578.1,6,,49,46,2,50.0,1.0,29.9452,7.6923,4.766,8.1393,0
9743807.1,6,,49,46,2,50.0,1.0,29.9337,7.6923,4.7677,8.1363,0
9745578.1,6,,48,46,2,50.0,1.0,29.8452,8.3333,4.7825,8.1132,0
9747578.1,6,,48,46,2,50.0,1.0,29.7452,8.3333,4.7992,8.0871,0
9749578.1,6,,48,46,2,50.0,1.0,29.6452,8.3333,4.8158,8.061,0
9751578.1,6,,48,46,2,50.0,1.0,29.5452,8.3333,4.8325,8.0349,0
9753578.1,6,,48,46,2,50.0,1.0,29.4452,8.3333,4.8492,8.0089,0
9755578.1,6,,48,46,2,50.0,1.0,29.3452,8.3333,4.8658,7.9828,0
9757578.1,6,,48,46,2,50.0,1.0,29.2452,8.3333,4.8825,7.9567,0
9759578.1,6,,48,46,2,50.0,1.0,29.1452,8.3333,4.8992,7.9306,0
9761578.1,6,,48,46,2,50.0,1.0,29.0452,8.3333,4.9158,7.9045,0
9763578.1,6,,48,46,2,50.0,1.0,28.9452,8.3333,4.9325,7.8784,0
9765578.1,6,,48,46,2,50.0,1.0,28.8452,8.3333,4.9492,7.8523,0
9767578.1,6,,48,46,2,50.0,1.0,28.7452,8.3333,4.9658,7.8263,0
9769578.1,6,,48,46,2,50.0,1.0,28.6452,8.3333,4.9825,7.8002,0
9771578.1,6,,48,46,2,50.0,1.0,28.5452,8.3333,4.9992,7.7741,0
9773578.1,6,,48,46,2,50.0,1.0,28.4452,8.3333,5.0158,7.748,0
9775578.1,6,,48,46,2,50.0,1.0,28.3452,8.3333,5.0325,7.7219,0
9777578.1,6,,48,46,2,50.0,1.0,28.2452,8.3333,5.0492,7.6958,0
9779578.1,6,,48,46,2,50.0,1.0,28.1452,8.3333,5.0658,7.6697,0
9781578.1,6,,48,46,2,50.0,1.0,28.0452,8.3333,5.0825,7.6436,0
9783578.1,6,,48,46,2,50.0,1.0,27.9452,8.3333,5.0992,7.6176,0
9785578.1,6,,48,46,2,50.0,1.0,27.8452,8.3333,5.1158,7.5915,0
9787060.9,6,,48,46,2,50.0,1.0,27.7711,8.3333,5.1282,7.5721,0
9787273.5,6,,47,46,1,50.0,1.0,27.7604,4.5455,2.5651,7.5694,0
9787578.1,6,,46,45,1,50.0,1.0,27.7452,4.5455,2.5664,7.5655,0
9789578.1,6,,46,45,1,50.0,1.0,27.6452,4.5455,2.5755,7.5399,0
9791578.1,6,,46,45,1,50.0,1.0,27.5452,4.5455,2.5846,7.5143,0
9793578.1,6,,46,45,1,50.0,1.0,27.4452,4.5455,2.5937,7.4888,0
9794515.3,6,,46,45,1,50.0,1.0,27.3983,4.5455,2.598,7.4768,0
9795578.1,6,,45,44,1,50.0,1.0,27.3452,4.5455,2.6028,7.4632,0
9795599.6,6,,45,44,1,50.0,1.0,27.3441,4.5455,2.6029,7.4629,0
9797578.1,6,,44,43,1,50.0,1.0,27.2452,4.5455,2.6119,7.4376,0
9799578.1,6,,44,43,1,50.0,1.0,27.1452,4.5455,2.621,7.412,0
9801578.1,6,,44,43,1,50.0,1.0,27.0452,4.5455,2.6301,7.3864,0
9803578.1,6,,44,43,1,50.0,1.0,26.9452,4.5455,2.6392,7.3609,0
9805578.1,6,,44,43,1,50.0,1.0,26.8452,4.5455,2.6483,7.3353,0
9807324.6,6,,44,43,1,50.0,1.0,26.7579,4.5455,2.6562,7.3129,0
9807578.1,6,,43,42,1,50.0,1.0,26.7452,4.5455,2.6574,7.3097,0
9809578.1,6,,43,42,1,50.0,1.0,26.6452,4.5455,2.6664,7.2841,0
9811578.1,6,,43,42,1,50.0,1.0,26.5452,4.5455,2.6755,7.2585,0
9813578.1,6,,43,42,1,50.0,1.0,26.4452,4.5455,2.6846,7.233,0
9815578.1,6,,43,42,1,50.0,1.0,26.3452,4.5455,2.6937,7.2074,0
9817578.1,6,,43,42,1,50.0,1.0,26.2452,4.5455,2.7028,7.1818,0
9819578.1,6,,43,42,1,50.0,1.0,26.1452,4.5455,2.7119,7.1562,0
9821578.1,6,,43,42,1,50.0,1.0,26.0452,4.5455,2.721,7.1306,0
9823578.1,6,,43,42,1,50.0,1.0,25.9452,4.5455,2.7301,7.105,0
9825578.1,6,,43,42,1,50.0,1.0,25.8452,4.5455,2.7392,7.0795,0
9827578.1,6,,43,42,1,50.0,1.0,25.7452,4.5455,2.7483,7.0539,0
9829578.1,6,,43,42,1,50.0,1.0,25.6452,4.5455,2.7574,7.0283,0
9831578.1,6,,43,42,1,50.0,1.0,25.5452,4.5455,2.7664,7.0027,0
9833578.1,6,,43,42,1,50.0,1.0,25.4452,4.5455,2.7755,6.9771,0
9835578.1,6,,43,42,1,50.0,1.0,25.3452,4.5455,2.7846,6.9516,0
9837578.1,6,,43,42,1,50.0,1.0,25.2452,4.5455,2.7937,6.926,0
9839578.1,6,,43,42,1,50.0,1.0,25.1452,4.5455,2.8028,6.9004,0
9841578.1,6,,43,42,1,50.0,1.0,25.0452,4.5455,2.8119,6.8748,0
9842930.3,6,,43,42,1,50.0,1.0,24.9776,4.5455,2.818,6.8575,0
9843578.1,6,,42,42,0,50.0,1.0,24.9452,0,0.0,6.8494,0
9845578.1,6,,42,42,0,50.0,1.0,24.8452,0,0.0,6.8244,0
9845617.0,6,,42,42,0,50.0,1.0,24.8432,0,0.0,6.8239,0
9846153.3,6,,41,41,0,50.0,1.0,24.8164,0,0.0,6.8172,0
9847578.1,6,,40,40,0,50.0,1.0,24.7452,0,0.0,6.7994,0
9849578.1,6,,40,40,0,50.0,1.0,24.6452,0,0.0,6.7744,0
9851578.1,6,,40,40,0,50.0,1.0,24.5452,0,0.0,6.7494,0
9853578.1,6,,40,40,0,50.0,1.0,24.4452,0,0.0,6.7244,0
9855578.1,6,,40,40,0,50.0,1.0,24.3452,0,0.0,6.6994,0
9857578.1,6,,40,40,0,50.0,1.0,24.2452,0,0.0,6.6744,0
9859578.1,6,,40,40,0,50.0,1.0,24.1452,0,0.0,6.6494,0
9861578.1,6,,40,40,0,50.0,1.0,24.0452,0,0.0,6.6244,0
9863578.1,6,,40,40,0,50.0,1.0,23.9452,0,0.0,6.5994,0
9865578.1,6,,40,40,0,50.0,1.0,23.8452,0,0.0,6.5744,0
9867578.1,6,,40,40,0,50.0,1.0,23.7452,0,0.0,6.5494,0
9869578.1,6,,40,40,0,50.0,1.0,23.6452,0,0.0,6.5244,0
9871578.1,6,,40,40,0,50.0,1.0,23.5452,0,0.0,6.4994,0
9873578.1,6,,40,40,0,50.0,1.0,23.4452,0,0.0,6.4744,0
9875578.1,6,,40,40,0,50.0,1.0,23.3452,0,0.0,6.4494,0
9877578.1,6,,40,40,0,50.0,1.0,23.2452,0,0.0,6.4244,0
9879578.1,6,,40,40,0,50.0,1.0,23.1452,0,0.0,6.3994,0
9881578.1,6,,40,40,0,50.0,1.0,23.0452,0,0.0,6.3744,0
9883578.1,6,,40,40,0,50.0,1.0,22.9452,0,0.0,6.3494,0
9885578.1,6,,40,40,0,50.0,1.0,22.8452,0,0.0,6.3244,0
9887578.1,6,,40,40,0,50.0,1.0,22.7452,0,0.0,6.2994,0
9889578.1,6,,40,40,0,50.0,1.0,22.6452,0,0.0,6.2744,0
9890507.6,6,,40,40,0,50.0,1.0,22.5987,0,0.0,6.2628,0
9891578.1,6,,39,39,0,50.0,1.0,22.5452,0,0.0,6.2494,0
9893578.1,6,,39,39,0,50.0,1.0,22.4452,0,0.0,6.2244,0
9895578.1,6,,39,39,0,50.0,1.0,22.3452,0,0.0,6.1994,0
9897578.1,6,,39,39,0,50.0,1.0,22.2452,0,0.0,6.1744,0
9899578.1,6,,39,39,0,50.0,1.0,22.1452,0,0.0,6.1494,0
9899684.2,6,,39,39,0,50.0,1.0,22.1399,0,0.0,6.1481,0
9901578.1,6,,38,38,0,50.0,1.0,22.0452,0,0.0,6.1244,0
9902304.0,6,,38,38,0,50.0,1.0,22.0089,0,0.0,6.1153,0
9903578.1,6,,37,37,0,50.0,1.0,21.9452,0,0.0,6.0994,0
9905578.1,6,,37,37,0,50.0,1.0,21.8452,0,0.0,6.0744,0
9907578.1,6,,37,37,0,50.0,1.0,21.7452,0,0.0,6.0494,0
9909578.1,6,,37,37,0,50.0,1.0,21.6452,0,0.0,6.0244,0
9911578.1,6,,37,37,0,50.0,1.0,21.5452,0,0.0,5.9994,0
9913578.1,6,,37,37,0,50.0,1.0,21.4452,0,0.0,5.9744,0
9915578.1,6,,37,37,0,50.0,1.0,21.3452,0,0.0,5.9494,0
9917578.1,6,,37,37,0,50.0,1.0,21.2452,0,0.0,5.9244,0
9919578.1,6,,37,37,0,50.0,1.0,21.1452,0,0.0,5.8994,0
9921578.1,6,,37,37,0,50.0,1.0,21.0452,0,0.0,5.8744,0
9923578.1,6,,37,37,0,50.0,1.0,20.9452,0,0.0,5.8494,0
9925578.1,6,,37,37,0,50.0,1.0,20.8452,0,0.0,5.8244,0
9927578.1,6,,37,37,0,50.0,1.0,20.7452,0,0.0,5.7994,0
9929578.1,6,,37,37,0,50.0,1.0,20.6452,0,0.0,5.7744,0
9931578.1,6,,37,37,0,50.0,1.0,20.5452,0,0.0,5.7494,0
9933578.1,6,,37,37,0,50.0,1.0,20.4452,0,0.0,5.7244,0
9934626.9,6,,37,37,0,50.0,1.0,20.3928,0,0.0,5.7113,0
9935578.1,6,,36,36,0,50.0,1.0,20.3452,0,0.0,5.6994,0
9937578.1,6,,36,36,0,50.0,1.0,20.2452,0,0.0,5.6744,0
9939578.1,6,,36,36,0,50.0,1.0,20.1452,0,0.0,5.6494,0
9941578.1,6,,36,36,0,50.0,1.0,20.0452,0,0.0,5.6244,0
9943578.1,6,,36,36,0,50.0,1.0,19.9452,0,0.0,5.5994,0
9945578.1,6,,36,36,0,50.0,1.0,19.8452,0,0.0,5.5744,0
9947578.1,6,,36,36,0,50.0,1.0,19.7452,0,0.0,5.5494,0
9949578.1,6,,36,36,0,50.0,1.0,19.6452,0,0.0,5.5244,0
9951578.1,6,,36,36,0,50.0,1.0,19.5452,0,0.0,5.4994,0
9953578.1,6,,36,36,0,50.0,1.0,19.4452,0,0.0,5.4744,0
9955389.8,6,,36,36,0,50.0,1.0,19.3546,0,0.0,5.4518,0
9955578.1,6,,35,35,0,50.0,1.0,19.3452,0,0.0,5.4494,0
9957578.1,6,,35,35,0,50.0,1.0,19.2452,0,0.0,5.4244,0
9959578.1,6,,35,35,0,50.0,1.0,19.1452,0,0.0,5.3994,0
9961288.0,6,,35,35,0,50.0,1.0,19.0597,0,0.0,5.378,0
9961578.1,6,,34,34,0,50.0,1.0,19.0452,0,0.0,5.3744,0
9963578.1,6,,34,34,0,50.0,1.0,18.9452,0,0.0,5.3494,0
9965578.1,6,,34,34,0,50.0,1.0,18.8452,0,0.0,5.3244,0
9965749.1,6,,34,34,0,50.0,1.0,18.8366,0,0.0,5.3223,0
9967578.1,6,,33,33,0,50.0,1.0,18.7452,0,0.0,5.2994,0
9969152.3,6,,33,33,0,50.0,1.0,18.6665,0,0.0,5.2797,0
9969578.1,6,,32,32,0,50.0,1.0,18.6452,0,0.0,5.2744,0
9970992.0,6,,32,32,0,50.0,1.0,18.5745,0,0.0,5.2567,0
9971578.1,6,,31,31,0,50.0,1.0,18.5452,0,0.0,5.2494,0
9973578.1,6,,31,31,0,50.0,1.0,18.4452,0,0.0,5.2244,0
9975578.1,6,,31,31,0,50.0,1.0,18.3452,0,0.0,5.1994,0
9975579.5,6,,31,31,0,50.0,1.0,18.3451,0,0.0,5.1994,0
9977578.1,6,,30,30,0,50.0,1.0,18.2452,0,0.0,5.1744,0
9979578.1,6,,30,30,0,50.0,1.0,18.1452,0,0.0,5.1494,0
9981578.1,6,,30,30,0,50.0,1.0,18.0452,0,0.0,5.1244,0
9983578.1,6,,30,30,0,50.0,1.0,17.9452,0,0.0,5.0994,0
9984761.9,6,,30,30,0,50.0,1.0,17.886,0,0.0,5.0846,0
9985578.1,6,,29,29,0,50.0,1.0,17.8452,0,0.0,5.0744,0
9987578.1,6,,29,29,0,50.0,1.0,17.7452,0,0.0,5.0494,0
9989578.1,6,,29,29,0,50.0,1.0,17.6452,0,0.0,5.0244,0
9991578.1,6,,29,29,0,50.0,1.0,17.5452,0,0.0,4.9994,0
9993578.1,6,,29,29,0,50.0,1.0,17.4452,0,0.0,4.9744,0
9995578.1,6,,29,29,0,50.0,1.0,17.3452,0,0.0,4.9494,0
9996675.9,6,,29,29,0,50.0,1.0,17.2903,0,0.0,4.9357,0
9997578.1,6,,28,28,0,50.0,1.0,17.2452,0,0.0,4.9244,0
9998969.6,6,,28,28,0,50.0,1.0,17.1756,0,0.0,4.907,0
9999172.4,6,,27,27,0,50.0,1.0,17.1655,0,0.0,4.9045,0
9999578.1,6,,26,26,0,50.0,1.0,17.1452,0,0.0,4.8994,0
10001578.1,6,,26,26,0,50.0,1.0,17.0452,0,0.0,4.8744,0
10003578.1,6,,26,26,0,50.0,1.0,16.9452,0,0.0,4.8494,0
10005578.1,6,,26,26,0,50.0,1.0,16.8452,0,0.0,4.8244,0
10007578.1,6,,26,26,0,50.0,1.0,16.7452,0,0.0,4.7994,0
10009578.1,6,,26,26,0,50.0,1.0,16.6452,0,0.0,4.7744,0
10010440.0,6,,26,26,0,50.0,1.0,16.6021,0,0.0,4.7636,0
10011578.1,6,,25,25,0,50.0,1.0,16.5452,0,0.0,4.7494,0
10013578.1,6,,25,25,0,50.0,1.0,16.4452,0,0.0,4.7244,0
10014698.3,6,,25,25,0,50.0,1.0,16.3892,0,0.0,4.7104,0
10015578.1,6,,24,24,0,50.0,1.0,16.3452,0,0.0,4.6994,0
10017578.1,6,,24,24,0,50.0,1.0,16.2452,0,0.0,4.6744,0
10019578.1,6,,24,24,0,50.0,1.0,16.1452,0,0.0,4.6494,0
10021578.1,6,,24,24,0,50.0,1.0,16.0452,0,0.0,4.6244,0
10023578.1,6,,24,24,0,50.0,1.0,15.9452,0,0.0,4.5994,0
10024528.7,6,,24,24,0,50.0,1.0,15.8977,0,0.0,4.5875,0
10025578.1,6,,23,23,0,50.0,1.0,15.8452,0,0.0,4.5744,0
10027578.1,6,,23,23,0,50.0,1.0,15.7452,0,0.0,4.5494,0
10029578.1,6,,23,23,0,50.0,1.0,15.6452,0,0.0,4.5244,0
10029771.6,6,,23,23,0,50.0,1.0,15.6355,0,0.0,4.522,0
10031578.1,6,,22,22,0,50.0,1.0,15.5452,0,0.0,4.4979,0
10031804.9,6,,22,22,0,50.0,1.0,15.5339,0,0.0,4.4949,0
10031811.8,6,,21,21,0,50.0,1.0,15.5335,0,0.0,4.4948,0
10033578.1,6,,19,19,0,50.0,1.0,15.4452,0,0.0,4.4712,0
10035578.1,6,,19,19,0,50.0,1.0,15.3452,0,0.0,4.4446,0
10037453.0,6,,19,19,0,50.0,1.0,15.2514,0,0.0,4.4196,0
10037578.1,6,,18,18,0,50.0,1.0,15.2452,0,0.0,4.4179,0
10039578.1,6,,18,18,0,50.0,1.0,15.1452,0,0.0,4.3912,0
10041578.1,6,,18,18,0,50.0,1.0,15.0452,0,0.0,4.3646,0
10043578.1,6,,18,18,0,50.0,1.0,14.9452,0,0.0,4.3379,0
10045578.1,6,,18,18,0,50.0,1.0,14.8452,0,0.0,4.3112,0
10047578.1,6,,18,18,0,50.0,1.0,14.7452,0,0.0,4.2846,0
10049578.1,6,,18,18,0,50.0,1.0,14.6452,0,0.0,4.2579,0
10051578.1,6,,18,18,0,50.0,1.0,14.5452,0,0.0,4.2312,0
10053578.1,6,,18,18,0,50.0,1.0,14.4452,0,0.0,4.2046,0
10055578.1,6,,18,18,0,50.0,1.0,14.3452,0,0.0,4.1779,0
10057578.1,6,,18,18,0,50.0,1.0,14.2452,0,0.0,4.1512,0
10059459.8,6,,18,18,0,50.0,1.0,14.1511,0,0.0,4.1262,0
10059578.1,6,,17,17,0,50.0,1.0,14.1452,0,0.0,4.1246,0
10061578.1,6,,17,17,0,50.0,1.0,14.0452,0,0.0,4.0979,0
10063578.1,6,,17,17,0,50.0,1.0,13.9452,0,0.0,4.0712,0
10065578.1,6,,17,17,0,50.0,1.0,13.8452,0,0.0,4.0446,0
10067578.1,6,,17,17,0,50.0,1.0,13.7452,0,0.0,4.0179,0
10069578.1,6,,17,17,0,50.0,1.0,13.6452,0,0.0,3.9912,0
10071578.1,6,,17,17,0,50.0,1.0,13.5452,0,0.0,3.9646,0
10073578.1,6,,17,17,0,50.0,1.0,13.4452,0,0.0,3.9379,0
10075578.1,6,,17,17,0,50.0,1.0,13.3452,0,0.0,3.9112,0
10077578.1,6,,17,17,0,50.0,1.0,13.2452,0,0.0,3.8846,0
10079578.1,6,,17,17,0,50.0,1.0,13.1452,0,0.0,3.8579,0
10080963.8,6,,17,17,0,50.0,1.0,13.0759,0,0.0,3.8394,0
10081578.1,6,,16,16,0,50.0,1.0,13.0452,0,0.0,3.8312,0
10083578.1,6,,16,16,0,50.0,1.0,12.9452,0,0.0,3.8046,0
10085578.1,6,,16,16,0,50.0,1.0,12.8452,0,0.0,3.7779,0
10087578.1,6,,16,16,0,50.0,1.0,12.7452,0,0.0,3.7512,0
10089578.1,6,,16,16,0,50.0,1.0,12.6452,0,0.0,3.7246,0
10091578.1,6,,16,16,0,50.0,1.0,12.5452,0,0.0,3.6979,0
10093578.1,6,,16,16,0,50.0,1.0,12.4452,0,0.0,3.6712,0
10095578.1,6,,16,16,0,50.0,1.0,12.3452,0,0.0,3.6446,0
10097578.1,6,,16,16,0,50.0,1.0,12.2452,0,0.0,3.6179,0
10099578.1,6,,16,16,0,50.0,1.0,12.1452,0,0.0,3.5912,0
10101578.1,6,,16,16,0,50.0,1.0,12.0452,0,0.0,3.5646,0
10103578.1,6,,16,16,0,50.0,1.0,11.9452,0,0.0,3.5379,0
10105578.1,6,,16,16,0,50.0,1.0,11.8452,0,0.0,3.5112,0
10107578.1,6,,16,16,0,50.0,1.0,11.7452,0,0.0,3.4846,0
10109578.1,6,,16,16,0,50.0,1.0,11.6452,0,0.0,3.4579,0
10111578.1,6,,16,16,0,50.0,1.0,11.5452,0,0.0,3.4312,0
10113578.1,6,,16,16,0,50.0,1.0,11.4452,0,0.0,3.4046,0
10115578.1,6,,16,16,0,50.0,1.0,11.3452,0,0.0,3.3779,0
10117578.1,6,,16,16,0,50.0,1.0,11.2452,0,0.0,3.3512,0
10119578.1,6,,16,16,0,50.0,1.0,11.1452,0,0.0,3.3246,0
10121578.1,6,,16,16,0,50.0,1.0,11.0452,0,0.0,3.2979,0
10123578.1,6,,16,16,0,50.0,1.0,10.9452,0,0.0,3.2712,0
10125578.1,6,,16,16,0,50.0,1.0,10.8452,0,0.0,3.2446,0
10127578.1,6,,16,16,0,50.0,1.0,10.7452,0,0.0,3.2179,0
10129578.1,6,,16,16,0,50.0,1.0,10.6452,0,0.0,3.1912,0
10131578.1,6,,16,16,0,50.0,1.0,10.5452,0,0.0,3.1646,0
10133578.1,6,,16,16,0,50.0,1.0,10.4452,0,0.0,3.1379,0
10135578.1,6,,16,16,0,50.0,1.0,10.3452,0,0.0,3.1112,0
10137578.1,6,,16,16,0,50.0,1.0,10.2452,0,0.0,3.0846,0
10139578.1,6,,16,16,0,50.0,1.0,10.1452,0,0.0,3.0579,0
10141578.1,6,,16,16,0,50.0,1.0,10.0452,0,0.0,3.0312,0
10141592.4,6,,16,16,0,50.0,1.0,10.0445,0,0.0,3.0311,0
10141880.4,6,,15,15,0,50.0,1.0,10.0301,0,0.0,3.0269,0
10143490.1,6,,14,14,0,50.0,1.0,9.9496,0,0.0,3.0039,0
10143578.1,6,,13,13,0,50.0,1.0,9.9452,0,0.0,3.0026,0
10145578.1,6,,13,13,0,50.0,1.0,9.8452,0,0.0,2.9726,0
10147578.1,6,,13,13,0,50.0,1.0,9.7452,0,0.0,2.9426,0
10149578.1,6,,13,13,0,50.0,1.0,9.6452,0,0.0,2.9126,0
10151578.1,6,,13,13,0,50.0,1.0,9.5452,0,0.0,2.8826,0
10153578.1,6,,13,13,0,50.0,1.0,9.4452,0,0.0,2.8526,0
10155578.1,6,,13,13,0,50.0,1.0,9.3452,0,0.0,2.8226,0
10157578.1,6,,13,13,0,50.0,1.0,9.2452,0,0.0,2.7926,0
10159578.1,6,,13,13,0,50.0,1.0,9.1452,0,0.0,2.7626,0
10161578.1,6,,13,13,0,50.0,1.0,9.0452,0,0.0,2.7326,0
10163578.1,6,,13,13,0,50.0,1.0,8.9452,0,0.0,2.7026,0
10165578.1,6,,13,13,0,50.0,1.0,8.8452,0,0.0,2.6726,0
10167578.1,6,,13,13,0,50.0,1.0,8.7452,0,0.0,2.6426,0
10169578.1,6,,13,13,0,50.0,1.0,8.6452,0,0.0,2.6126,0
10171578.1,6,,13,13,0,50.0,1.0,8.5452,0,0.0,2.5826,0
10173578.1,6,,13,13,0,50.0,1.0,8.4452,0,0.0,2.5526,0
10175578.1,6,,13,13,0,50.0,1.0,8.3452,0,0.0,2.5226,0
10177350.4,6,,13,13,0,50.0,1.0,8.2566,0,0.0,2.496,0
10177356.6,6,,12,12,0,50.0,1.0,8.2563,0,0.0,2.496,0
10177578.1,6,,11,11,0,50.0,1.0,8.2452,0,0.0,2.4925,0
10179578.1,6,,11,11,0,50.0,1.0,8.1452,0,0.0,2.4618,0
10181578.1,6,,11,11,0,50.0,1.0,8.0452,0,0.0,2.431,0
10183578.1,6,,11,11,0,50.0,1.0,7.9452,0,0.0,2.4002,0
10185578.1,6,,11,11,0,50.0,1.0,7.8452,0,0.0,2.3695,0
10187578.1,6,,11,11,0,50.0,1.0,7.7452,0,0.0,2.3387,0
10189578.1,6,,11,11,0,50.0,1.0,7.6452,0,0.0,2.3079,0
10191578.1,6,,11,11,0,50.0,1.0,7.5452,0,0.0,2.2772,0
10193578.1,6,,11,11,0,50.0,1.0,7.4452,0,0.0,2.2464,0
10195578.1,6,,11,11,0,50.0,1.0,7.3452,0,0.0,2.2156,0
10197578.1,6,,11,11,0,50.0,1.0,7.2452,0,0.0,2.1849,0
10199578.1,6,,11,11,0,50.0,1.0,7.1452,0,0.0,2.1541,0
10201578.1,6,,11,11,0,50.0,1.0,7.0452,0,0.0,2.1233,0
10203578.1,6,,11,11,0,50.0,1.0,6.9452,0,0.0,2.0925,0
10205578.1,6,,11,11,0,50.0,1.0,6.8452,0,0.0,2.0618,0
10207578.1,6,,11,11,0,50.0,1.0,6.7452,0,0.0,2.031,0
10209578.1,6,,11,11,0,50.0,1.0,6.6452,0,0.0,2.0002,0
10211578.1,6,,11,11,0,50.0,1.0,6.5452,0,0.0,1.9695,0
10213578.1,6,,11,11,0,50.0,1.0,6.4452,0,0.0,1.9387,0
10215578.1,6,,11,11,0,50.0,1.0,6.3452,0,0.0,1.9079,0
10215964.9,6,,11,11,0,50.0,1.0,6.3259,0,0.0,1.902,0
10217578.1,6,,10,10,0,50.0,1.0,6.2452,0,0.0,1.8743,0
10219578.1,6,,10,10,0,50.0,1.0,6.1452,0,0.0,1.84,0
10221578.1,6,,10,10,0,50.0,1.0,6.0452,0,0.0,1.8058,0
10223578.1,6,,10,10,0,50.0,1.0,5.9452,0,0.0,1.7715,0
10225578.1,6,,10,10,0,50.0,1.0,5.8452,0,0.0,1.7372,0
10227578.1,6,,10,10,0,50.0,1.0,5.7452,0,0.0,1.7029,0
10229578.1,6,,10,10,0,50.0,1.0,5.6452,0,0.0,1.6686,0
10231578.1,6,,10,10,0,50.0,1.0,5.5452,0,0.0,1.6343,0
10232209.2,6,,10,10,0,50.0,1.0,5.5136,0,0.0,1.6235,0
10233578.1,6,,9,9,0,50.0,1.0,5.4452,0,0.0,1.5986,0
10235578.1,6,,9,9,0,50.0,1.0,5.3452,0,0.0,1.5623,0
10237578.1,6,,9,9,0,50.0,1.0,5.2452,0,0.0,1.5259,0
10239578.1,6,,9,9,0,50.0,1.0,5.1452,0,0.0,1.4895,0
10241578.1,6,,9,9,0,50.0,1.0,5.0452,0,0.0,1.4532,0
10243578.1,6,,9,9,0,50.0,1.0,4.9452,0,0.0,1.4168,0
10244230.9,6,,9,9,0,50.0,1.0,4.9126,0,0.0,1.4049,0
10245578.1,6,,8,8,0,50.0,1.0,4.8452,0,0.0,1.3818,0
10247578.1,6,,8,8,0,50.0,1.0,4.7452,0,0.0,1.3474,0
10249578.1,6,,8,8,0,50.0,1.0,4.6452,0,0.0,1.313,0
10251578.1,6,,8,8,0,50.0,1.0,4.5452,0,0.0,1.2786,0
10253578.1,6,,8,8,0,50.0,1.0,4.4452,0,0.0,1.2443,0
10255578.1,6,,8,8,0,50.0,1.0,4.3452,0,0.0,1.2099,0
10257578.1,6,,8,8,0,50.0,1.0,4.2452,0,0.0,1.1755,0
10259578.1,6,,8,8,0,50.0,1.0,4.1452,0,0.0,1.1411,0
10261578.1,6,,8,8,0,50.0,1.0,4.0452,0,0.0,1.1068,0
10263578.1,6,,8,8,0,50.0,1.0,3.9452,0,0.0,1.0724,0
10265578.1,6,,8,8,0,50.0,1.0,3.8452,0,0.0,1.038,0
10267157.0,6,,8,8,0,50.0,1.0,3.7662,0,0.0,1.0109,0
10267578.1,6,,7,7,0,50.0,1.0,3.7452,0,0.0,1.002,0
10269578.1,6,,7,7,0,50.0,1.0,3.6452,0,0.0,0.9597,0
10271578.1,6,,7,7,0,50.0,1.0,3.5452,0,0.0,0.923,0
10273578.1,6,,7,7,0,50.0,1.0,3.4452,0,0.0,0.8884,0
10274621.0,6,,7,7,0,50.0,1.0,3.393,0,0.0,0.8703,0
10275578.1,6,,6,6,0,50.0,1.0,3.3452,0,0.0,0.8524,0
10277578.1,6,,6,6,0,50.0,1.0,3.2452,0,0.0,0.8198,0
10279476.7,6,,6,6,0,50.0,1.0,3.1503,0,0.0,0.8079,0
10279578.1,6,,5,5,0,50.0,1.0,3.1452,0,0.0,0.8071,0
10281578.1,6,,5,5,0,50.0,1.0,3.0452,0,0.0,0.7904,0
10283578.1,6,,5,5,0,50.0,1.0,2.9452,0,0.0,0.7737,0
10285578.1,6,,5,5,0,50.0,1.0,2.8452,0,0.0,0.7571,0
10287578.1,6,,5,5,0,50.0,1.0,2.7452,0,0.0,0.7404,0
10289578.1,6,,5,5,0,50.0,1.0,2.6452,0,0.0,0.7237,0
10291317.8,6,,5,5,0,50.0,1.0,2.5582,0,0.0,0.7092,0
10291578.1,6,,4,4,0,50.0,1.0,2.5452,0,0.0,0.706,0
10293578.1,6,,4,4,0,50.0,1.0,2.4452,0,0.0,0.681,0
10295578.1,6,,4,4,0,50.0,1.0,2.3452,0,0.0,0.656,0
10297578.1,6,,4,4,0,50.0,1.0,2.2452,0,0.0,0.631,0
10299578.1,6,,4,4,0,50.0,1.0,2.1452,0,0.0,0.606,0
10301578.1,6,,4,4,0,50.0,1.0,2.0452,0,0.0,0.581,0
10303578.1,6,,4,4,0,50.0,1.0,1.9452,0,0.0,0.556,0
10305578.1,6,,4,4,0,50.0,1.0,1.8452,0,0.0,0.531,0
10307578.1,6,,4,4,0,50.0,1.0,1.7452,0,0.0,0.506,0
10309578.1,6,,4,4,0,50.0,1.0,1.6452,0,0.0,0.481,0
10311578.1,6,,4,4,0,50.0,1.0,1.5452,0,0.0,0.456,0
10313578.1,6,,4,4,0,50.0,1.0,1.4452,0,0.0,0.431,0
10315578.1,6,,4,4,0,50.0,1.0,1.3452,0,0.0,0.406,0
10317578.1,6,,4,4,0,50.0,1.0,1.2452,0,0.0,0.381,0
10319578.1,6,,4,4,0,50.0,1.0,1.1452,0,0.0,0.356,0
10321578.1,6,,4,4,0,50.0,1.0,1.0452,0,0.0,0.331,0
10323578.1,6,,4,4,0,50.0,1.0,0.9452,0,0.0,0.306,0
10325578.1,6,,4,4,0,50.0,1.0,0.8452,0,0.0,0.281,0
10327578.1,6,,4,4,0,50.0,1.0,0.7452,0,0.0,0.256,0
10328591.4,6,,4,4,0,50.0,1.0,0.6945,0,0.0,0.2433,0
10329578.1,6,,3,3,0,50.0,1.0,0.6452,0,0.0,0.2269,0
10331578.1,6,,3,3,0,50.0,1.0,0.5452,0,0.0,0.1935,0
10333578.1,6,,3,3,0,50.0,1.0,0.4452,0,0.0,0.1602,0
10335578.1,6,,3,3,0,50.0,1.0,0.3452,0,0.0,0.1269,0
10337578.1,6,,3,3,0,50.0,1.0,0.2452,0,0.0,0.0935,0
10339578.1,6,,3,3,0,50.0,1.0,0.1452,0,0.0,0.0602,0
10341471.5,6,,3,3,0,50.0,1.0,0.0505,0,0.0,0.0286,0
10341578.1,6,,2,2,0,50.0,1.0,0.0452,0,0.0,0.026,0
10342346.4,6,,2,2,0,50.0,1.0,0.0068,0,0.0,0.0068,0
10342481.9,6,,1,1,0,50.0,1.0,0.0,0,0.0,0.0,0
10343578.1,7,,124,56,8,50.0,1.0,74.7873,12.9032,0.0141,11.5837,0
10345578.1,7,,124,56,8,50.0,1.0,74.6873,12.9032,0.04,11.5765,0
10347578.1,7,,124,56,8,50.0,1.0,74.5873,12.9032,0.0658,11.5694,0
10349578.1,7,,124,56,8,50.0,1.0,74.4873,12.9032,0.0916,11.5622,0
10351578.1,7,,124,56,8,50.0,1.0,74.3873,12.9032,0.1174,11.5551,0
10353578.1,7,,124,56,8,50.0,1.0,74.2873,12.9032,0.1432,11.548,0
10355578.1,7,,124,56,8,50.0,1.0,74.1873,12.9032,0.169,11.5408,0
10357578.1,7,,124,56,8,50.0,1.0,74.0873,12.9032,0.1948,11.5337,0
10359578.1,7,,124,56,8,50.0,1.0,73.9873,12.9032,0.2206,11.5265,0
10361578.1,7,,124,56,8,50.0,1.0,73.8873,12.9032,0.2464,11.5194,0
10363578.1,7,,124,56,8,50.0,1.0,73.7873,12.9032,0.2722,11.5122,0
10365578.1,7,,124,56,8,50.0,1.0,73.6873,12.9032,0.298,11.5051,0
10367578.1,7,,124,56,8,50.0,1.0,73.5873,12.9032,0.3238,11.498,0
10369578.1,7,,124,56,8,50.0,1.0,73.4873,12.9032,0.3496,11.4908,0
10371578.1,7,,124,56,8,50.0,1.0,73.3873,12.9032,0.3754,11.4837,0
10373578.1,7,,124,56,8,50.0,1.0,73.2873,12.9032,0.4012,11.4765,0
10375578.1,7,,124,56,8,50.0,1.0,73.1873,12.9032,0.427,11.4694,0
10377578.1,7,,124,56,8,50.0,1.0,73.0873,12.9032,0.4529,11.4622,0
10377753.0,7,,124,56,8,50.0,1.0,73.0786,12.9032,0.4551,11.4616,0
10379578.1,7,,123,56,8,50.0,1.0,72.9873,13.0108,0.4789,11.4551,0
10381139.1,7,,123,56,8,50.0,1.0,72.9093,13.0108,0.4992,11.4495,0
10381578.1,7,,122,56,8,50.0,1.0,72.8873,13.1183,0.5049,11.448,0
10383578.1,7,,122,56,8,50.0,1.0,72.7873,13.1183,0.5312,11.4408,0
10384579.7,7,,122,56,8,50.0,1.0,72.7372,13.1183,0.5443,11.4372,0
10385578.1,7,,121,56,8,50.0,1.0,72.6873,13.2332,0.5575,11.4337,0
10385935.9,7,,121,56,8,50.0,1.0,72.6694,13.2332,0.5622,11.4324,0
10386218.1,7,,120,56,8,50.0,1.0,72.6553,13.3407,0.566,11.4314,0
10386873.5,7,,119,56,8,50.0,1.0,72.6225,13.4483,0.5748,11.429,0
10387578.1,7,,118,56,8,50.0,1.0,72.5873,13.5632,0.5844,11.4265,0
10389578.1,7,,118,56,8,50.0,1.0,72.4873,13.5632,0.6115,11.4194,0
10390031.9,7,,118,56,8,50.0,1.0,72.4646,13.5632,0.6177,11.4178,0
10391578.1,7,,117,56,8,50.0,1.0,72.3873,13.6782,0.6388,11.4122,0
10393578.1,7,,117,56,8,50.0,1.0,72.2873,13.6782,0.6662,11.4051,0
10393727.4,7,,117,56,8,50.0,1.0,72.2798,13.6782,0.6682,11.4046,0
10394683.2,7,,116,56,8,50.0,1.0,72.232,13.8013,0.6814,11.4012,0
10394947.1,7,,115,56,8,50.0,1.0,72.2189,13.9163,0.6851,11.4002,0
10395578.1,7,,114,56,8,50.0,1.0,72.1873,14.0394,0.6939,11.398,0
10396904.1,7,,114,56,8,50.0,1.0,72.121,14.0394,0.7126,11.3932,0
10397578.1,7,,113,56,8,50.0,1.0,72.0873,14.1626,0.7221,11.3908,0
10399578.1,7,,113,56,8,50.0,1.0,71.9873,14.1626,0.7504,11.3837,0
10401578.1,7,,113,56,8,50.0,1.0,71.8873,14.1626,0.7787,11.3765,0
10401883.0,7,,113,56,8,50.0,1.0,71.8721,14.1626,0.7831,11.3754,0
10403578.1,7,,112,56,8,50.0,1.0,71.7873,14.2948,0.8073,11.3694,0
10404040.2,7,,112,56,8,50.0,1.0,71.7642,14.2948,0.8139,11.3677,0
10404113.1,7,,111,56,8,50.0,1.0,71.7606,14.4271,0.815,11.3675,0
10405578.1,7,,110,56,8,50.0,1.0,71.6873,14.5503,0.8363,11.3622,0
10407578.1,7,,110,56,8,50.0,1.0,71.5873,14.5503,0.8654,11.3551,0
10407690.2,7,,110,56,8,50.0,1.0,71.5817,14.5503,0.867,11.3547,0
10409578.1,7,,109,56,8,50.0,1.0,71.4873,14.6825,0.8947,11.348,0
10409974.9,7,,109,56,8,50.0,1.0,71.4675,14.6825,0.9005,11.3465,0
10411449.5,7,,108,56,8,50.0,1.0,71.3937,14.8148,0.9224,11.3413,0
10411578.1,7,,107,56,8,50.0,1.0,71.3873,14.9573,0.9243,11.3408,0
10413578.1,7,,107,56,8,50.0,1.0,71.2873,14.9573,0.9542,11.3337,0
10415578.1,7,,107,56,8,50.0,1.0,71.1873,14.9573,0.9841,11.3265,0
10417578.1,7,,107,56,8,50.0,1.0,71.0873,14.9573,1.0141,11.3194,0
10419523.1,7,,107,56,8,50.0,1.0,70.9901,14.9573,1.0432,11.3124,0
10419578.1,7,,106,56,8,50.0,1.0,70.9873,15.0997,1.044,11.3122,0
10421578.1,7,,106,56,8,50.0,1.0,70.8873,15.0997,1.0742,11.3051,0
10422435.8,7,,106,56,8,50.0,1.0,70.8444,15.0997,1.0871,11.302,0
10423578.1,7,,105,56,8,50.0,1.0,70.7873,15.2422,1.1045,11.298,0
10425578.1,7,,105,56,8,50.0,1.0,70.6873,15.2422,1.135,11.2908,0
10425967.5,7,,105,56,8,50.0,1.0,70.6678,15.2422,1.141,11.2894,0
10427096.2,7,,104,56,8,50.0,1.0,70.6114,15.3846,1.1583,11.2854,0
10427578.1,7,,103,56,8,50.0,1.0,70.5873,15.5385,1.1658,11.2837,0
10429578.1,7,,103,56,8,50.0,1.0,70.4873,15.5385,1.1969,11.2765,0
10431578.1,7,,103,56,8,50.0,1.0,70.3873,15.5385,1.228,11.2694,0
10433578.1,7,,103,56,8,50.0,1.0,70.2873,15.5385,1.259,11.2622,0
10435578.1,7,,103,56,8,50.0,1.0,70.1873,15.5385,1.2901,11.2551,0
10437578.1,7,,103,56,8,50.0,1.0,70.0873,15.5385,1.3212,11.248,0
10439578.1,7,,103,56,8,50.0,1.0,69.9873,15.5385,1.3523,11.2408,0
10441578.1,7,,103,56,8,50.0,1.0,69.8873,15.5385,1.3834,11.2337,0
10443578.1,7,,103,56,8,50.0,1.0,69.7873,15.5385,1.4144,11.2265,0
10445578.1,7,,103,56,8,50.0,1.0,69.6873,15.5385,1.4455,11.2194,0
10447578.1,7,,103,56,8,50.0,1.0,69.5873,15.5385,1.4766,11.2122,0
10449578.1,7,,103,56,8,50.0,1.0,69.4873,15.5385,1.5077,11.2051,0
10451578.1,7,,103,56,8,50.0,1.0,69.3873,15.5385,1.5387,11.198,0
10453578.1,7,,103,56,8,50.0,1.0,69.2873,15.5385,1.5698,11.1908,0
10455578.1,7,,103,56,8,50.0,1.0,69.1873,15.5385,1.6009,11.1837,0
10457578.1,7,,103,56,8,50.0,1.0,69.0873,15.5385,1.632,11.1765,0
10459578.1,7,,103,56,8,50.0,1.0,68.9873,15.5385,1.663,11.1694,0
10461578.1,7,,103,56,8,50.0,1.0,68.8873,15.5385,1.6941,11.1622,0
10463578.1,7,,103,56,8,50.0,1.0,68.7873,15.5385,1.7252,11.1551,0
10465578.1,7,,103,56,8,50.0,1.0,68.6873,15.5385,1.7563,11.148,0
10467578.1,7,,103,56,8,50.0,1.0,68.5873,15.5385,1.7874,11.1408,0
10469578.1,7,,103,56,8,50.0,1.0,68.4873,15.5385,1.8184,11.1337,0
10471169.1,7,,103,56,8,50.0,1.0,68.4078,15.5385,1.8432,11.128,0
10471578.1,7,,102,56,8,50.0,1.0,68.3873,15.6923,1.8496,11.1265,0
10473578.1,7,,102,56,8,50.0,1.0,68.2873,15.6923,1.881,11.1194,0
10475578.1,7,,102,56,8,50.0,1.0,68.1873,15.6923,1.9123,11.1122,0
10477578.1,7,,102,56,8,50.0,1.0,68.0873,15.6923,1.9437,11.1051,0
10479578.1,7,,102,56,8,50.0,1.0,67.9873,15.6923,1.9751,11.098,0
10481578.1,7,,102,56,8,50.0,1.0,67.8873,15.6923,2.0065,11.0908,0
10483578.1,7,,102,56,8,50.0,1.0,67.7873,15.6923,2.0379,11.0837,0
10483757.5,7,,102,56,8,50.0,1.0,67.7783,15.6923,2.0407,11.083,0
10485578.1,7,,101,56,8,50.0,1.0,67.6873,15.859,2.0696,11.0765,0
10487578.1,7,,101,56,8,50.0,1.0,67.5873,15.859,2.1013,11.0694,0
10489578.1,7,,101,56,8,50.0,1.0,67.4873,15.859,2.133,11.0622,0
10490120.0,7,,101,56,8,50.0,1.0,67.4602,15.859,2.1416,11.0603,0
10491578.1,7,,100,56,8,50.0,1.0,67.3873,16.0128,2.1649,11.0551,0
10493578.1,7,,100,56,8,50.0,1.0,67.2873,16.0128,2.197,11.048,0
10495062.5,7,,100,56,8,50.0,1.0,67.2131,16.0128,2.2207,11.0427,0
10495578.1,7,,99,56,8,50.0,1.0,67.1873,16.1795,2.2291,11.0408,0
10497119.6,7,,99,56,8,50.0,1.0,67.1102,16.1795,2.254,11.0353,0
10497578.1,7,,98,56,8,50.0,1.0,67.0873,16.3333,2.2615,11.0337,0
10498312.0,7,,98,56,8,50.0,1.0,67.0506,16.3333,2.2735,11.031,0
10498557.7,7,,97,56,8,50.0,1.0,67.0383,16.5,2.2776,11.0302,0
10499578.1,7,,96,56,8,50.0,1.0,66.9873,16.6812,2.2946,11.0265,0
10501578.1,7,,96,56,8,50.0,1.0,66.8873,16.6812,2.3279,11.0194,0
10501670.7,7,,96,56,8,50.0,1.0,66.8827,16.6812,2.3295,11.0191,0
10503578.1,7,,95,56,8,50.0,1.0,66.7873,16.8478,2.3616,11.0122,0
10505578.1,7,,95,56,8,50.0,1.0,66.6873,16.8478,2.3953,11.0051,0
10507578.1,7,,95,56,8,50.0,1.0,66.5873,16.8478,2.429,10.998,0
10509578.1,7,,95,56,8,50.0,1.0,66.4873,16.8478,2.4627,10.9908,0
10511578.1,7,,95,56,8,50.0,1.0,66.3873,16.8478,2.4964,10.9837,0
10512374.9,7,,95,56,8,50.0,1.0,66.3475,16.8478,2.5098,10.9808,0
10513578.1,7,,94,56,8,50.0,1.0,66.2873,17.029,2.5303,10.9765,0
10515578.1,7,,94,56,8,50.0,1.0,66.1873,17.029,2.5644,10.9694,0
10517578.1,7,,94,56,8,50.0,1.0,66.0873,17.029,2.5984,10.9622,0
10519578.1,7,,94,56,8,50.0,1.0,65.9873,17.029,2.6325,10.9551,0
10521578.1,7,,94,56,8,50.0,1.0,65.8873,17.029,2.6665,10.948,0
10523578.1,7,,94,56,8,50.0,1.0,65.7873,17.029,2.7006,10.9408,0
10525578.1,7,,94,56,8,50.0,1.0,65.6873,17.029,2.7347,10.9337,0
10527578.1,7,,94,56,8,50.0,1.0,65.5873,17.029,2.7687,10.9265,0
10529578.1,7,,94,56,8,50.0,1.0,65.4873,17.029,2.8028,10.9194,0
10531578.1,7,,94,56,8,50.0,1.0,65.3873,17.029,2.8368,10.9122,0
10533578.1,7,,94,56,8,50.0,1.0,65.2873,17.029,2.8709,10.9051,0
10535578.1,7,,94,56,8,50.0,1.0,65.1873,17.029,2.905,10.898,0
10537578.1,7,,94,56,8,50.0,1.0,65.0873,17.029,2.939,10.8908,0
10539578.1,7,,94,56,8,50.0,1.0,64.9873,17.029,2.9731,10.8837,0
10541578.1,7,,94,56,8,50.0,1.0,64.8873,17.029,3.0071,10.8765,0
10543578.1,7,,94,56,8,50.0,1.0,64.7873,17.029,3.0412,10.8694,0
10545578.1,7,,94,56,8,50.0,1.0,64.6873,17.029,3.0752,10.8622,0
10547578.1,7,,94,56,8,50.0,1.0,64.5873,17.029,3.1093,10.8551,0
10549578.1,7,,94,56,8,50.0,1.0,64.4873,17.029,3.1434,10.848,0
10551578.1,7,,94,56,8,50.0,1.0,64.3873,17.029,3.1774,10.8408,0
10553578.1,7,,94,56,8,50.0,1.0,64.2873,17.029,3.2115,10.8337,0
10555578.1,7,,94,56,8,50.0,1.0,64.1873,17.029,3.2455,10.8265,0
10556284.0,7,,94,56,8,50.0,1.0,64.152,17.029,3.2576,10.824,0
10557578.1,7,,93,56,8,50.0,1.0,64.0873,17.2101,3.2798,10.8194,0
10559578.1,7,,93,56,8,50.0,1.0,63.9873,17.2101,3.3142,10.8122,0
10561578.1,7,,93,56,8,50.0,1.0,63.8873,17.2101,3.3487,10.8051,0
10563578.1,7,,93,56,8,50.0,1.0,63.7873,17.2101,3.3831,10.798,0
10565578.1,7,,93,56,8,50.0,1.0,63.6873,17.2101,3.4175,10.7908,0
10567578.1,7,,93,56,8,50.0,1.0,63.5873,17.2101,3.4519,10.7837,0
10569578.1,7,,93,56,8,50.0,1.0,63.4873,17.2101,3.4863,10.7765,0
10571578.1,7,,93,56,8,50.0,1.0,63.3873,17.2101,3.5208,10.7694,0
10573578.1,7,,93,56,8,50.0,1.0,63.2873,17.2101,3.5552,10.7622,0
10575125.6,7,,93,56,8,50.0,1.0,63.2099,17.2101,3.5818,10.7567,0
10575578.1,7,,92,56,7,50.0,1.0,63.1873,15.135,3.1381,10.7551,0
10577578.1,7,,92,56,7,50.0,1.0,63.0873,15.135,3.1684,10.748,0
10579578.1,7,,92,56,7,50.0,1.0,62.9873,15.135,3.1986,10.7408,0
10581578.1,7,,92,56,7,50.0,1.0,62.8873,15.135,3.2289,10.7337,0
10583578.1,7,,92,56,7,50.0,1.0,62.7873,15.135,3.2592,10.7265,0
10585578.1,7,,92,56,7,50.0,1.0,62.6873,15.135,3.2895,10.7194,0
10587222.5,7,,92,56,7,50.0,1.0,62.6051,15.135,3.3143,10.7135,0
10587578.1,7,,91,56,7,50.0,1.0,62.5873,15.3162,3.3198,10.7122,0
10589578.1,7,,91,56,7,50.0,1.0,62.4873,15.3162,3.3504,10.7051,0
10591578.1,7,,91,56,7,50.0,1.0,62.3873,15.3162,3.3811,10.698,0
10593578.1,7,,91,56,7,50.0,1.0,62.2873,15.3162,3.4117,10.6908,0
10595578.1,7,,91,56,7,50.0,1.0,62.1873,15.3162,3.4423,10.6837,0
10597578.1,7,,91,56,7,50.0,1.0,62.0873,15.3162,3.473,10.6765,0
10599578.1,7,,91,56,7,50.0,1.0,61.9873,15.3162,3.5036,10.6694,0
10601578.1,7,,91,56,7,50.0,1.0,61.8873,15.3162,3.5342,10.6622,0
10603578.1,7,,91,56,7,50.0,1.0,61.7873,15.3162,3.5649,10.6551,0
10605578.1,7,,91,56,7,50.0,1.0,61.6873,15.3162,3.5955,10.648,0
10607578.1,7,,91,56,7,50.0,1.0,61.5873,15.3162,3.6261,10.6408,0
10609578.1,7,,91,56,7,50.0,1.0,61.4873,15.3162,3.6567,10.6337,0
10611578.1,7,,91,56,7,50.0,1.0,61.3873,15.3162,3.6874,10.6265,0
10613578.1,7,,91,56,7,50.0,1.0,61.2873,15.3162,3.718,10.6194,0
10615578.1,7,,91,56,7,50.0,1.0,61.1873,15.3162,3.7486,10.6122,0
10617578.1,7,,91,56,7,50.0,1.0,61.0873,15.3162,3.7793,10.6051,0
10619578.1,7,,91,56,7,50.0,1.0,60.9873,15.3162,3.8099,10.598,0
10621578.1,7,,91,56,7,50.0,1.0,60.8873,15.3162,3.8405,10.5908,0
10623578.1,7,,91,56,7,50.0,1.0,60.7873,15.3162,3.8712,10.5837,0
10623959.0,7,,91,56,7,50.0,1.0,60.7683,15.3162,3.877,10.5823,0
10625578.1,7,,90,56,7,50.0,1.0,60.6873,15.5138,3.9021,10.5765,0
10627578.1,7,,90,56,7,50.0,1.0,60.5873,15.5138,3.9332,10.5694,0
10629192.8,7,,90,56,7,50.0,1.0,60.5066,15.5138,3.9582,10.5636,0
10629578.1,7,,89,56,7,50.0,1.0,60.4873,15.6221,3.9642,10.5622,0
10631578.1,7,,89,56,7,50.0,1.0,60.3873,15.6221,3.9955,10.5551,0
10633578.1,7,,89,56,7,50.0,1.0,60.2873,15.6221,4.0267,10.548,0
10635578.1,7,,89,56,7,50.0,1.0,60.1873,15.6221,4.058,10.5408,0
10637578.1,7,,89,56,7,50.0,1.0,60.0873,15.6221,4.0892,10.5337,0
10639514.7,7,,89,56,7,50.0,1.0,59.9905,15.6221,4.1195,10.5268,0
10639578.1,7,,88,56,6,50.0,1.0,59.9873,13.2411,3.5223,10.5265,0
10641578.1,7,,88,56,6,50.0,1.0,59.8873,13.2411,3.5488,10.5194,0
10643578.1,7,,88,56,6,50.0,1.0,59.7873,13.2411,3.5752,10.5122,0
10644429.9,7,,88,56,6,50.0,1.0,59.7447,13.2411,3.5865,10.5092,0
10645578.1,7,,87,56,6,50.0,1.0,59.6873,13.2411,3.6017,10.5051,0
10647578.1,7,,87,56,6,50.0,1.0,59.5873,13.2411,3.6282,10.498,0
10649578.1,7,,87,56,6,50.0,1.0,59.4873,13.2411,3.6547,10.4908,0
10651578.1,7,,87,56,6,50.0,1.0,59.3873,13.2411,3.6812,10.4837,0
10653578.1,7,,87,56,6,50.0,1.0,59.2873,13.2411,3.7077,10.4765,0
10655578.1,7,,87,56,6,50.0,1.0,59.1873,13.2411,3.7341,10.4694,0
10657578.1,7,,87,56,6,50.0,1.0,59.0873,13.2411,3.7606,10.4622,0
10659339.4,7,,87,56,6,50.0,1.0,58.9992,13.2411,3.7839,10.456,0
10659578.1,7,,86,56,6,50.0,1.0,58.9873,13.4387,3.7871,10.4551,0
10661141.6,7,,86,56,6,50.0,1.0,58.9091,13.4387,3.8082,10.4495,0
10661578.1,7,,85,56,6,50.0,1.0,58.8873,13.6552,3.8141,10.448,0
10662588.9,7,,85,56,6,50.0,1.0,58.8368,13.6552,3.8279,10.4443,0
10663578.1,7,,84,56,6,50.0,1.0,58.7873,13.8528,3.8416,10.4408,0
10665578.1,7,,84,56,6,50.0,1.0,58.6873,13.8528,3.8693,10.4337,0
10667578.1,7,,84,56,6,50.0,1.0,58.5873,13.8528,3.897,10.4265,0
10669578.1,7,,84,56,6,50.0,1.0,58.4873,13.8528,3.9247,10.4194,0
10671578.1,7,,84,56,6,50.0,1.0,58.3873,13.8528,3.9524,10.4122,0
10673578.1,7,,84,56,6,50.0,1.0,58.2873,13.8528,3.9802,10.4051,0
10675578.1,7,,84,56,6,50.0,1.0,58.1873,13.8528,4.0079,10.398,0
10677578.1,7,,84,56,6,50.0,1.0,58.0873,13.8528,4.0356,10.3908,0
10679578.1,7,,84,56,6,50.0,1.0,57.9873,13.8528,4.0633,10.3837,0
10681578.1,7,,84,56,6,50.0,1.0,57.8873,13.8528,4.091,10.3765,0
10683433.0,7,,84,56,6,50.0,1.0,57.7946,13.8528,4.1167,10.3699,0
10683578.1,7,,83,56,6,50.0,1.0,57.7873,14.0693,4.1187,10.3694,0
10685578.1,7,,83,56,6,50.0,1.0,57.6873,14.0693,4.1469,10.3622,0
10687578.1,7,,83,56,6,50.0,1.0,57.5873,14.0693,4.175,10.3551,0
10689578.1,7,,83,56,6,50.0,1.0,57.4873,14.0693,4.2031,10.348,0
10691578.1,7,,83,56,6,50.0,1.0,57.3873,14.0693,4.2313,10.3408,0
10693578.1,7,,83,56,6,50.0,1.0,57.2873,14.0693,4.2594,10.3337,0
10693827.7,7,,83,56,6,50.0,1.0,57.2748,14.0693,4.2629,10.3328,0
10695578.1,7,,82,56,6,50.0,1.0,57.1873,14.3074,4.288,10.3265,0
10697350.3,7,,82,56,6,50.0,1.0,57.0987,14.3074,4.3133,10.3202,0
10697578.1,7,,81,56,6,50.0,1.0,57.0873,14.3074,4.3166,10.3194,0
10699578.1,7,,81,56,6,50.0,1.0,56.9873,14.3074,4.3452,10.3122,0
10700299.4,7,,81,56,6,50.0,1.0,56.9512,14.3074,4.3555,10.3097,0
10700435.9,7,,80,56,6,50.0,1.0,56.9444,14.3074,4.3575,10.3092,0
10700636.2,7,,79,56,6,50.0,1.0,56.9344,14.5238,4.3604,10.3085,0
10701578.1,7,,78,56,6,50.0,1.0,56.8873,14.7619,4.3743,10.3051,0
10703578.1,7,,78,56,6,50.0,1.0,56.7873,14.7619,4.4038,10.298,0
10705578.1,7,,78,56,6,50.0,1.0,56.6873,14.7619,4.4333,10.2908,0
10707578.1,7,,78,56,6,50.0,1.0,56.5873,14.7619,4.4628,10.2837,0
10709578.1,7,,78,56,6,50.0,1.0,56.4873,14.7619,4.4924,10.2765,0
10711578.1,7,,78,56,6,50.0,1.0,56.3873,14.7619,4.5219,10.2694,0
10712105.0,7,,78,56,6,50.0,1.0,56.361,14.7619,4.5297,10.2675,0
10713578.1,7,,77,56,6,50.0,1.0,56.2873,15.0251,4.5518,10.2622,0
10715578.1,7,,77,56,6,50.0,1.0,56.1873,15.0251,4.5819,10.2551,0
10717578.1,7,,77,56,6,50.0,1.0,56.0873,15.0251,4.6119,10.248,0
10718403.7,7,,77,56,6,50.0,1.0,56.046,15.0251,4.6243,10.245,0
10719578.1,7,,76,56,6,50.0,1.0,55.9873,15.0251,4.642,10.2408,0
10719714.4,7,,76,56,6,50.0,1.0,55.9805,15.0251,4.644,10.2403,0
10721578.1,7,,75,56,6,50.0,1.0,55.8873,15.0251,4.672,10.2337,0
10723578.1,7,,75,56,6,50.0,1.0,55.7873,15.0251,4.7021,10.2265,0
10725578.1,7,,75,56,6,50.0,1.0,55.6873,15.0251,4.7321,10.2194,0
10726240.7,7,,75,56,6,50.0,1.0,55.6542,15.0251,4.7421,10.217,0
10727578.1,7,,74,56,6,50.0,1.0,55.5873,15.2632,4.7625,10.2122,0
10727669.8,7,,74,56,6,50.0,1.0,55.5827,15.2632,4.7639,10.2119,0
10729578.1,7,,73,56,6,50.0,1.0,55.4873,15.5556,4.7936,10.2051,0
10731578.1,7,,73,56,6,50.0,1.0,55.3873,15.5556,4.8247,10.198,0
10732093.4,7,,73,56,6,50.0,1.0,55.3615,15.5556,4.8327,10.1961,0
10733578.1,7,,72,56,6,50.0,1.0,55.2873,15.8824,4.8563,10.1908,0
10735578.1,7,,72,56,6,50.0,1.0,55.1873,15.8824,4.888,10.1837,0
10737578.1,7,,72,56,6,50.0,1.0,55.0873,15.8824,4.9198,10.1765,0
10737709.5,7,,72,56,6,50.0,1.0,55.0807,15.8824,4.9219,10.1761,0
10738064.5,7,,71,56,6,50.0,1.0,55.063,16.1455,4.9276,10.1748,0
10739578.1,7,,70,56,6,50.0,1.0,54.9873,16.4087,4.9525,10.1694,0
10741578.1,7,,70,56,6,50.0,1.0,54.8873,16.4087,4.9853,10.1622,0
10742733.9,7,,70,56,6,50.0,1.0,54.8295,16.4087,5.0042,10.1581,0
10743578.1,7,,69,56,6,50.0,1.0,54.7873,16.7011,5.0183,10.1551,0
10745578.1,7,,69,56,6,50.0,1.0,54.6873,16.7011,5.0517,10.148,0
10747578.1,7,,69,56,6,50.0,1.0,54.5873,16.7011,5.0851,10.1408,0
10749578.1,7,,69,56,6,50.0,1.0,54.4873,16.7011,5.1185,10.1337,0
10751578.1,7,,69,56,6,50.0,1.0,54.3873,16.7011,5.1519,10.1265,0
10753578.1,7,,69,56,6,50.0,1.0,54.2873,16.7011,5.1853,10.1194,0
10755578.1,7,,69,56,6,50.0,1.0,54.1873,16.7011,5.2187,10.1122,0
10757578.1,7,,69,56,6,50.0,1.0,54.0873,16.7011,5.2521,10.1051,0
10759578.1,7,,69,56,6,50.0,1.0,53.9873,16.7011,5.2856,10.098,0
10760428.7,7,,69,56,6,50.0,1.0,53.9448,16.7011,5.2998,10.0949,0
10761578.1,7,,68,56,6,50.0,1.0,53.8873,17.0279,5.3193,10.0908,0
10763578.1,7,,68,56,6,50.0,1.0,53.7873,17.0279,5.3534,10.0837,0
10765578.1,7,,68,56,6,50.0,1.0,53.6873,17.0279,5.3874,10.0765,0
10767578.1,7,,68,56,6,50.0,1.0,53.5873,17.0279,5.4215,10.0694,0
10769578.1,7,,68,56,6,50.0,1.0,53.4873,17.0279,5.4556,10.0622,0
10771578.1,7,,68,56,6,50.0,1.0,53.3873,17.0279,5.4896,10.0551,0
10773578.1,7,,68,56,6,50.0,1.0,53.2873,17.0279,5.5237,10.048,0
10775578.1,7,,68,56,6,50.0,1.0,53.1873,17.0279,5.5577,10.0408,0
10776621.5,7,,68,56,6,50.0,1.0,53.1351,17.0279,5.5755,10.0371,0
10777578.1,7,,67,56,6,50.0,1.0,53.0873,17.3203,5.5921,10.0337,0
10779570.6,7,,67,56,6,50.0,1.0,52.9877,17.3203,5.6266,10.0266,0
10779578.1,7,,66,56,6,50.0,1.0,52.9873,17.6471,5.6267,10.0265,0
10781578.1,7,,66,56,6,50.0,1.0,52.8873,17.6471,5.662,10.0194,0
10783578.1,7,,66,56,6,50.0,1.0,52.7873,17.6471,5.6973,10.0122,0
10783621.1,7,,66,56,6,50.0,1.0,52.7852,17.6471,5.698,10.0121,0
10785578.1,7,,65,56,5,50.0,1.0,52.6873,14.8897,4.7605,10.0051,0
10787578.1,7,,65,56,5,50.0,1.0,52.5873,14.8897,4.7903,9.998,0
10789319.1,7,,65,56,5,50.0,1.0,52.5003,14.8897,4.8162,9.9917,0
10789578.1,7,,64,56,4,50.0,1.0,52.4873,12.1324,3.8732,9.9908,0
10791578.1,7,,64,56,4,50.0,1.0,52.3873,12.1324,3.8975,9.9837,0
10793578.1,7,,64,56,4,50.0,1.0,52.2873,12.1324,3.9217,9.9765,0
10795578.1,7,,64,56,4,50.0,1.0,52.1873,12.1324,3.946,9.9694,0
10797578.1,7,,64,56,4,50.0,1.0,52.0873,12.1324,3.9703,9.9622,0
10799578.1,7,,64,56,4,50.0,1.0,51.9873,12.1324,3.9945,9.9551,0
10801578.1,7,,64,56,4,50.0,1.0,51.8873,12.1324,4.0188,9.948,0
10803578.1,7,,64,56,4,50.0,1.0,51.7873,12.1324,4.043,9.9408,0
10805578.1,7,,64,56,4,50.0,1.0,51.6873,12.1324,4.0673,9.9337,0
10807578.1,7,,64,56,4,50.0,1.0,51.5873,12.1324,4.0916,9.9265,0
10809578.1,7,,64,56,4,50.0,1.0,51.4873,12.1324,4.1158,9.9194,0
10811578.1,7,,64,56,4,50.0,1.0,51.3873,12.1324,4.1401,9.9122,0
10813578.1,7,,64,56,4,50.0,1.0,51.2873,12.1324,4.1644,9.9051,0
10815578.1,7,,64,56,4,50.0,1.0,51.1873,12.1324,4.1886,9.898,0
10817578.1,7,,64,56,4,50.0,1.0,51.0873,12.1324,4.2129,9.8908,0
10819578.1,7,,64,56,4,50.0,1.0,50.9873,12.1324,4.2372,9.8837,0
10821578.1,7,,64,56,4,50.0,1.0,50.8873,12.1324,4.2614,9.8765,0
10823578.1,7,,64,56,4,50.0,1.0,50.7873,12.1324,4.2857,9.8694,0
10825578.1,7,,64,56,4,50.0,1.0,50.6873,12.1324,4.31,9.8622,0
10827578.1,7,,64,56,4,50.0,1.0,50.5873,12.1324,4.3342,9.8551,0
10829578.1,7,,64,56,4,50.0,1.0,50.4873,12.1324,4.3585,9.848,0
10831578.1,7,,64,56,4,50.0,1.0,50.3873,12.1324,4.3828,9.8408,0
10833578.1,7,,64,56,4,50.0,1.0,50.2873,12.1324,4.407,9.8337,0
10835578.1,7,,64,56,4,50.0,1.0,50.1873,12.1324,4.4313,9.8265,0
10837578.1,7,,64,56,4,50.0,1.0,50.0873,12.1324,4.4555,9.8194,0
10839578.1,7,,64,56,4,50.0,1.0,49.9873,12.1324,4.4798,9.8122,0
10841578.1,7,,64,56,4,50.0,1.0,49.8873,12.1324,4.5041,9.8051,0
10843578.1,7,,64,56,4,50.0,1.0,49.7873,12.1324,4.5283,9.798,0
10845578.1,7,,64,56,4,50.0,1.0,49.6873,12.1324,4.5526,9.7908,0
10847578.1,7,,64,56,4,50.0,1.0,49.5873,12.1324,4.5769,9.7837,0
10849578.1,7,,64,56,4,50.0,1.0,49.4873,12.1324,4.6011,9.7765,0
10851578.1,7,,64,56,4,50.0,1.0,49.3873,12.1324,4.6254,9.7694,0
10853578.1,7,,64,56,4,50.0,1.0,49.2873,12.1324,4.6497,9.7622,0
10855578.1,7,,64,56,4,50.0,1.0,49.1873,12.1324,4.6739,9.7551,0
10857578.1,7,,64,56,4,50.0,1.0,49.0873,12.1324,4.6982,9.748,0
10859578.1,7,,64,56,4,50.0,1.0,48.9873,12.1324,4.7225,9.7408,0
10861578.1,7,,64,56,4,50.0,1.0,48.8873,12.1324,4.7467,9.7337,0
10863578.1,7,,64,56,4,50.0,1.0,48.7873,12.1324,4.771,9.7265,0
10865578.1,7,,64,56,4,50.0,1.0,48.6873,12.1324,4.7953,9.7194,0
10867578.1,7,,64,56,4,50.0,1.0,48.5873,12.1324,4.8195,9.7122,0
10869578.1,7,,64,56,4,50.0,1.0,48.4873,12.1324,4.8438,9.7051,0
10871578.1,7,,64,56,4,50.0,1.0,48.3873,12.1324,4.868,9.698,0
10873578.1,7,,64,56,4,50.0,1.0,48.2873,12.1324,4.8923,9.6908,0
10875578.1,7,,64,56,4,50.0,1.0,48.1873,12.1324,4.9166,9.6837,0
10877578.1,7,,64,56,4,50.0,1.0,48.0873,12.1324,4.9408,9.6765,0
10879578.1,7,,64,56,4,50.0,1.0,47.9873,12.1324,4.9651,9.6694,0
10880260.0,7,,64,56,4,50.0,1.0,47.9532,12.1324,4.9734,9.6669,0
10881578.1,7,,63,55,4,50.0,1.0,47.8873,12.3407,4.9896,9.6622,0
10883578.1,7,,63,55,4,50.0,1.0,47.7873,12.3407,5.0143,9.6549,0
10885578.1,7,,63,55,4,50.0,1.0,47.6873,12.3407,5.039,9.6476,0
10887578.1,7,,63,55,4,50.0,1.0,47.5873,12.3407,5.0637,9.6403,0
10889578.1,7,,63,55,4,50.0,1.0,47.4873,12.3407,5.0884,9.633,0
10891578.1,7,,63,55,4,50.0,1.0,47.3873,12.3407,5.1131,9.6258,0
10893578.1,7,,63,55,4,50.0,1.0,47.2873,12.3407,5.1377,9.6185,0
10895578.1,7,,63,55,4,50.0,1.0,47.1873,12.3407,5.1624,9.6112,0
10897578.1,7,,63,55,4,50.0,1.0,47.0873,12.3407,5.1871,9.6039,0
10899578.1,7,,63,55,4,50.0,1.0,46.9873,12.3407,5.2118,9.5966,0
10901578.1,7,,63,55,4,50.0,1.0,46.8873,12.3407,5.2365,9.5894,0
10903578.1,7,,63,55,4,50.0,1.0,46.7873,12.3407,5.2611,9.5821,0
10905578.1,7,,63,55,4,50.0,1.0,46.6873,12.3407,5.2858,9.5748,0
10907578.1,7,,63,55,4,50.0,1.0,46.5873,12.3407,5.3105,9.5675,0
10909578.1,7,,63,55,4,50.0,1.0,46.4873,12.3407,5.3352,9.5602,0
10911578.1,7,,63,55,4,50.0,1.0,46.3873,12.3407,5.3599,9.553,0
10913578.1,7,,63,55,4,50.0,1.0,46.2873,12.3407,5.3845,9.5457,0
10915578.1,7,,63,55,4,50.0,1.0,46.1873,12.3407,5.4092,9.5384,0
10917578.1,7,,63,55,4,50.0,1.0,46.0873,12.3407,5.4339,9.5311,0
10919578.1,7,,63,55,4,50.0,1.0,45.9873,12.3407,5.4586,9.5239,0
10921578.1,7,,63,55,4,50.0,1.0,45.8873,12.3407,5.4833,9.5166,0
10923578.1,7,,63,55,4,50.0,1.0,45.7873,12.3407,5.508,9.5093,0
10925578.1,7,,63,55,4,50.0,1.0,45.6873,12.3407,5.5326,9.502,0
10927578.1,7,,63,55,4,50.0,1.0,45.5873,12.3407,5.5573,9.4947,0
10929578.1,7,,63,55,4,50.0,1.0,45.4873,12.3407,5.582,9.4875,0
10931578.1,7,,63,55,4,50.0,1.0,45.3873,12.3407,5.6067,9.4802,0
10933578.1,7,,63,55,4,50.0,1.0,45.2873,12.3407,5.6314,9.4729,0
10935578.1,7,,63,55,4,50.0,1.0,45.1873,12.3407,5.656,9.4656,0
10937578.1,7,,63,55,4,50.0,1.0,45.0873,12.3407,5.6807,9.4583,0
10939578.1,7,,63,55,4,50.0,1.0,44.9873,12.3407,5.7054,9.4511,0
10941578.1,7,,63,55,4,50.0,1.0,44.8873,12.3407,5.7301,9.4438,0
10943578.1,7,,63,55,4,50.0,1.0,44.7873,12.3407,5.7548,9.4365,0
10945578.1,7,,63,55,4,50.0,1.0,44.6873,12.3407,5.7795,9.4292,0
10947578.1,7,,63,55,4,50.0,1.0,44.5873,12.3407,5.8041,9.4219,0
10949578.1,7,,63,55,4,50.0,1.0,44.4873,12.3407,5.8288,9.4147,0
10951578.1,7,,63,55,4,50.0,1.0,44.3873,12.3407,5.8535,9.4074,0
10953578.1,7,,63,55,4,50.0,1.0,44.2873,12.3407,5.8782,9.4001,0
10955076.7,7,,63,55,4,50.0,1.0,44.2124,12.3407,5.8967,9.3947,0
10955578.1,7,,62,54,4,50.0,1.0,44.1873,12.549,5.903,9.3928,0
10957578.1,7,,62,54,4,50.0,1.0,44.0873,12.549,5.9281,9.3854,0
10959578.1,7,,62,54,4,50.0,1.0,43.9873,12.549,5.9532,9.378,0
10961578.1,7,,62,54,4,50.0,1.0,43.8873,12.549,5.9783,9.3705,0
10963578.1,7,,62,54,4,50.0,1.0,43.7873,12.549,6.0034,9.3631,0
10965578.1,7,,62,54,4,50.0,1.0,43.6873,12.549,6.0285,9.3557,0
10967578.1,7,,62,54,4,50.0,1.0,43.5873,12.549,6.0536,9.3483,0
10969578.1,7,,62,54,4,50.0,1.0,43.4873,12.549,6.0786,9.3409,0
10971578.1,7,,62,54,4,50.0,1.0,43.3873,12.549,6.1037,9.3335,0
10973578.1,7,,62,54,4,50.0,1.0,43.2873,12.549,6.1288,9.3261,0
10975578.1,7,,62,54,4,50.0,1.0,43.1873,12.549,6.1539,9.3186,0
10977578.1,7,,62,54,4,50.0,1.0,43.0873,12.549,6.179,9.3112,0
10979578.1,7,,62,54,4,50.0,1.0,42.9873,12.549,6.2041,9.3038,0
10981578.1,7,,62,54,4,50.0,1.0,42.8873,12.549,6.2292,9.2964,0
10983578.1,7,,62,54,4,50.0,1.0,42.7873,12.549,6.2543,9.289,0
10985578.1,7,,62,54,4,50.0,1.0,42.6873,12.549,6.2794,9.2816,0
10987578.1,7,,62,54,4,50.0,1.0,42.5873,12.549,6.3045,9.2741,0
10989386.7,7,,62,54,4,50.0,1.0,42.4969,12.549,6.3272,9.2674,0
10989578.1,7,,61,53,4,50.0,1.0,42.4873,12.7871,6.3297,9.2667,0
10991578.1,7,,61,53,4,50.0,1.0,42.3873,12.7871,6.3552,9.2591,0
10993578.1,7,,61,53,4,50.0,1.0,42.2873,12.7871,6.3808,9.2516,0
10995578.1,7,,61,53,4,50.0,1.0,42.1873,12.7871,6.4064,9.244,0
10997578.1,7,,61,53,4,50.0,1.0,42.0873,12.7871,6.432,9.2364,0
10999578.1,7,,61,53,4,50.0,1.0,41.9873,12.7871,6.4575,9.2288,0
11001578.1,7,,61,53,4,50.0,1.0,41.8873,12.7871,6.4831,9.2213,0
11003578.1,7,,61,53,4,50.0,1.0,41.7873,12.7871,6.5087,9.2137,0
11005578.1,7,,61,53,4,50.0,1.0,41.6873,12.7871,6.5343,9.2061,0
11007578.1,7,,61,53,4,50.0,1.0,41.5873,12.7871,6.5598,9.1986,0
11009578.1,7,,61,53,4,50.0,1.0,41.4873,12.7871,6.5854,9.191,0
11011578.1,7,,61,53,4,50.0,1.0,41.3873,12.7871,6.611,9.1834,0
11013578.1,7,,61,53,4,50.0,1.0,41.2873,12.7871,6.6366,9.1758,0
11015578.1,7,,61,53,4,50.0,1.0,41.1873,12.7871,6.6621,9.1683,0
11017578.1,7,,61,53,4,50.0,1.0,41.0873,12.7871,6.6877,9.1607,0
11017601.1,7,,61,53,4,50.0,1.0,41.0862,12.7871,6.688,9.1606,0
11019578.1,7,,60,52,4,50.0,1.0,40.9873,13.0252,6.7138,9.153,0
11021578.1,7,,60,52,4,50.0,1.0,40.8873,13.0252,6.7398,9.1452,0
11023578.1,7,,60,52,4,50.0,1.0,40.7873,13.0252,6.7659,9.1375,0
11025578.1,7,,60,52,4,50.0,1.0,40.6873,13.0252,6.7919,9.1298,0
11027578.1,7,,60,52,4,50.0,1.0,40.5873,13.0252,6.818,9.122,0
11028091.3,7,,60,52,4,50.0,1.0,40.5616,13.0252,6.8246,9.1201,0
11029578.1,7,,58,50,4,50.0,1.0,40.4873,13.8095,6.8452,9.1141,0
11031578.1,7,,58,50,4,50.0,1.0,40.3873,13.8095,6.8728,9.1061,0
11033578.1,7,,58,50,4,50.0,1.0,40.2873,13.8095,6.9004,9.0981,0
11035578.1,7,,58,50,4,50.0,1.0,40.1873,13.8095,6.928,9.0901,0
11037578.1,7,,58,50,4,50.0,1.0,40.0873,13.8095,6.9557,9.0821,0
11039578.1,7,,58,50,4,50.0,1.0,39.9873,13.8095,6.9833,9.074,0
11041578.1,7,,58,50,4,50.0,1.0,39.8873,13.8095,7.0109,9.066,0
11043578.1,7,,58,50,4,50.0,1.0,39.7873,13.8095,7.0385,9.058,0
11045578.1,7,,58,50,4,50.0,1.0,39.6873,13.8095,7.0661,9.05,0
11047578.1,7,,58,50,4,50.0,1.0,39.5873,13.8095,7.0937,9.042,0
11049578.1,7,,58,50,4,50.0,1.0,39.4873,13.8095,7.1214,9.034,0
11051578.1,7,,58,50,4,50.0,1.0,39.3873,13.8095,7.149,9.026,0
11053578.1,7,,58,50,4,50.0,1.0,39.2873,13.8095,7.1766,9.018,0
11055578.1,7,,58,50,4,50.0,1.0,39.1873,13.8095,7.2042,9.01,0
11057578.1,7,,58,50,4,50.0,1.0,39.0873,13.8095,7.2318,9.0019,0
11059578.1,7,,58,50,4,50.0,1.0,38.9873,13.8095,7.2595,8.9939,0
11061578.1,7,,58,50,4,50.0,1.0,38.8873,13.8095,7.2871,8.9859,0
11063578.1,7,,58,50,4,50.0,1.0,38.7873,13.8095,7.3147,8.9779,0
11065578.1,7,,58,50,4,50.0,1.0,38.6873,13.8095,7.3423,8.9699,0
11067578.1,7,,58,50,4,50.0,1.0,38.5873,13.8095,7.3699,8.9619,0
11069578.1,7,,58,50,4,50.0,1.0,38.4873,13.8095,7.3976,8.9539,0
11071578.1,7,,58,50,4,50.0,1.0,38.3873,13.8095,7.4252,8.9459,0
11073578.1,7,,58,50,4,50.0,1.0,38.2873,13.8095,7.4528,8.9379,0
11075578.1,7,,58,50,4,50.0,1.0,38.1873,13.8095,7.4804,8.9298,0
11077578.1,7,,58,50,4,50.0,1.0,38.0873,13.8095,7.508,8.9218,0
11079578.1,7,,58,50,4,50.0,1.0,37.9873,13.8095,7.5357,8.9138,0
11081578.1,7,,58,50,4,50.0,1.0,37.8873,13.8095,7.5633,8.9058,0
11083578.1,7,,58,50,4,50.0,1.0,37.7873,13.8095,7.5909,8.8978,0
11085578.1,7,,58,50,4,50.0,1.0,37.6873,13.8095,7.6185,8.8898,0
11087578.1,7,,58,50,4,50.0,1.0,37.5873,13.8095,7.6461,8.8818,0
11089578.1,7,,58,50,4,50.0,1.0,37.4873,13.8095,7.6737,8.8738,0
11091578.1,7,,58,50,4,50.0,1.0,37.3873,13.8095,7.7014,8.8658,0
11093578.1,7,,58,50,4,50.0,1.0,37.2873,13.8095,7.729,8.8577,0
11095578.1,7,,58,50,4,50.0,1.0,37.1873,13.8095,7.7566,8.8497,0
11097578.1,7,,58,50,4,50.0,1.0,37.0873,13.8095,7.7842,8.8417,0
11099578.1,7,,58,50,4,50.0,1.0,36.9873,13.8095,7.8118,8.8337,0
11101578.1,7,,58,50,4,50.0,1.0,36.8873,13.8095,7.8395,8.8257,0
11103578.1,7,,58,50,4,50.0,1.0,36.7873,13.8095,7.8671,8.8177,0
11105578.1,7,,58,50,4,50.0,1.0,36.6873,13.8095,7.8947,8.8097,0
11107578.1,7,,58,50,4,50.0,1.0,36.5873,13.8095,7.9223,8.8017,0
11109578.1,7,,58,50,4,50.0,1.0,36.4873,13.8095,7.9499,8.7937,0
11110472.8,7,,58,50,4,50.0,1.0,36.4426,13.8095,7.9623,8.7901,0
11111578.1,7,,57,50,4,50.0,1.0,36.3873,13.8095,7.9776,8.7857,0
11113578.1,7,,57,50,4,50.0,1.0,36.2873,13.8095,8.0052,8.7777,0
11115578.1,7,,57,50,4,50.0,1.0,36.1873,13.8095,8.0328,8.7697,0
11117578.1,7,,57,50,4,50.0,1.0,36.0873,13.8095,8.0604,8.7617,0
11119578.1,7,,57,50,4,50.0,1.0,35.9873,13.8095,8.088,8.7537,0
11121578.1,7,,57,50,4,50.0,1.0,35.8873,13.8095,8.1157,8.7457,0
11123578.1,7,,57,50,4,50.0,1.0,35.7873,13.8095,8.1433,8.7377,0
11125578.1,7,,57,50,4,50.0,1.0,35.6873,13.8095,8.1709,8.7297,0
11127578.1,7,,57,50,4,50.0,1.0,35.5873,13.8095,8.1985,8.7217,0
11129578.1,7,,57,50,4,50.0,1.0,35.4873,13.8095,8.2261,8.7137,0
11131578.1,7,,57,50,4,50.0,1.0,35.3873,13.8095,8.2537,8.7057,0
11132487.6,7,,57,50,4,50.0,1.0,35.3418,13.8095,8.2663,8.7021,0
11133578.1,7,,56,49,4,50.0,1.0,35.2873,14.0842,8.2817,8.6976,0
11135578.1,7,,56,49,4,50.0,1.0,35.1873,14.0842,8.3098,8.6894,0
11137578.1,7,,56,49,4,50.0,1.0,35.0873,14.0842,8.338,8.6813,0
11139578.1,7,,56,49,4,50.0,1.0,34.9873,14.0842,8.3662,8.6731,0
11141578.1,7,,56,49,4,50.0,1.0,34.8873,14.0842,8.3943,8.6649,0
11143578.1,7,,56,49,4,50.0,1.0,34.7873,14.0842,8.4225,8.6567,0
11145578.1,7,,56,49,4,50.0,1.0,34.6873,14.0842,8.4507,8.6486,0
11147578.1,7,,56,49,4,50.0,1.0,34.5873,14.0842,8.4788,8.6404,0
11149578.1,7,,56,49,4,50.0,1.0,34.4873,14.0842,8.507,8.6322,0
11151578.1,7,,56,49,4,50.0,1.0,34.3873,14.0842,8.5352,8.624,0
11153578.1,7,,56,49,4,50.0,1.0,34.2873,14.0842,8.5634,8.6159,0
11155578.1,7,,56,49,4,50.0,1.0,34.1873,14.0842,8.5915,8.6077,0
11157578.1,7,,56,49,4,50.0,1.0,34.0873,14.0842,8.6197,8.5995,0
11159578.1,7,,56,49,4,50.0,1.0,33.9873,14.0842,8.6479,8.5913,0
11161578.1,7,,56,49,4,50.0,1.0,33.8873,14.0842,8.676,8.5831,0
11163578.1,7,,56,49,4,50.0,1.0,33.7873,14.0842,8.7042,8.575,0
11163830.5,7,,56,49,4,50.0,1.0,33.7747,14.0842,8.7077,8.5739,0
11165578.1,7,,55,49,4,50.0,1.0,33.6873,14.359,8.7328,8.5668,0
11167578.1,7,,55,49,4,50.0,1.0,33.5873,14.359,8.7616,8.5586,0
11169578.1,7,,55,49,4,50.0,1.0,33.4873,14.359,8.7903,8.5504,0
11171578.1,7,,55,49,4,50.0,1.0,33.3873,14.359,8.819,8.5423,0
11173578.1,7,,55,49,4,50.0,1.0,33.2873,14.359,8.8477,8.5341,0
11175578.1,7,,55,49,4,50.0,1.0,33.1873,14.359,8.8764,8.5259,0
11177578.1,7,,55,49,4,50.0,1.0,33.0873,14.359,8.9052,8.5177,0
11179578.1,7,,55,49,4,50.0,1.0,32.9873,14.359,8.9339,8.5095,0
11181578.1,7,,55,49,4,50.0,1.0,32.8873,14.359,8.9626,8.5014,0
11183578.1,7,,55,49,4,50.0,1.0,32.7873,14.359,8.9913,8.4932,0
11185578.1,7,,55,49,4,50.0,1.0,32.6873,14.359,9.02,8.485,0
11187578.1,7,,55,49,4,50.0,1.0,32.5873,14.359,9.0487,8.4768,0
11189578.1,7,,55,49,4,50.0,1.0,32.4873,14.359,9.0775,8.4686,0
11191578.1,7,,55,49,4,50.0,1.0,32.3873,14.359,9.1062,8.4605,0
11191956.4,7,,55,49,4,50.0,1.0,32.3684,14.359,9.1116,8.4589,0
11193578.1,7,,54,49,4,50.0,1.0,32.2873,14.6795,9.1354,8.4523,0
11195578.1,7,,54,49,4,50.0,1.0,32.1873,14.6795,9.1648,8.4441,0
11197578.1,7,,54,49,4,50.0,1.0,32.0873,14.6795,9.1941,8.4359,0
11199578.1,7,,54,49,4,50.0,1.0,31.9873,14.6795,9.2235,8.4277,0
11201578.1,7,,54,49,4,50.0,1.0,31.8873,14.6795,9.2529,8.4195,0
11203234.0,7,,54,49,4,50.0,1.0,31.8045,14.6795,9.2772,8.4127,0
11203578.1,7,,53,49,3,50.0,1.0,31.7873,10.8333,6.8806,8.4113,0
11205578.1,7,,53,49,3,50.0,1.0,31.6873,10.8333,6.9023,8.4031,0
11207578.1,7,,53,49,3,50.0,1.0,31.5873,10.8333,6.924,8.3949,0
11209578.1,7,,53,49,3,50.0,1.0,31.4873,10.8333,6.9456,8.3867,0
11211578.1,7,,53,49,3,50.0,1.0,31.3873,10.8333,6.9673,8.3785,0
11213578.1,7,,53,49,3,50.0,1.0,31.2873,10.8333,6.989,8.3703,0
11215578.1,7,,53,49,3,50.0,1.0,31.1873,10.8333,7.0106,8.3621,0
11217578.1,7,,53,49,3,50.0,1.0,31.0873,10.8333,7.0323,8.3539,0
11219578.1,7,,53,49,3,50.0,1.0,30.9873,10.8333,7.054,8.3457,0
11221349.1,7,,53,49,3,50.0,1.0,30.8988,10.8333,7.0731,8.3384,0
11221578.1,7,,52,48,3,50.0,1.0,30.8873,10.8333,7.0756,8.3375,0
11223578.1,7,,52,48,3,50.0,1.0,30.7873,10.8333,7.0973,8.3291,0
11225578.1,7,,52,48,3,50.0,1.0,30.6873,10.8333,7.119,8.3207,0
11227169.3,7,,52,48,3,50.0,1.0,30.6077,10.8333,7.1362,8.314,0
11227578.1,7,,51,47,3,50.0,1.0,30.5873,11.3095,7.1408,8.3122,0
11229578.1,7,,51,47,3,50.0,1.0,30.4873,11.3095,7.1634,8.3036,0
11231578.1,7,,51,47,3,50.0,1.0,30.3873,11.3095,7.1861,8.2951,0
11232261.1,7,,51,47,3,50.0,1.0,30.3532,11.3095,7.1938,8.2922,0
11233578.1,7,,50,47,2,50.0,1.0,30.2873,7.1429,4.7169,8.2865,0
11235578.1,7,,50,47,2,50.0,1.0,30.1873,7.1429,4.7312,8.2779,0
11237578.1,7,,50,47,2,50.0,1.0,30.0873,7.1429,4.7455,8.2694,0
11239578.1,7,,50,47,2,50.0,1.0,29.9873,7.1429,4.7598,8.2608,0
11240079.9,7,,50,47,2,50.0,1.0,29.9622,7.1429,4.7634,8.2586,0
11240649.4,7,,49,46,2,50.0,1.0,29.9337,7.6923,4.7677,8.2561,0
11241578.1,7,,48,46,2,50.0,1.0,29.8873,8.3333,4.7755,8.2521,0
11243578.1,7,,48,46,2,50.0,1.0,29.7873,8.3333,4.7921,8.2433,0
11245578.1,7,,48,46,2,50.0,1.0,29.6873,8.3333,4.8088,8.2345,0
11247578.1,7,,48,46,2,50.0,1.0,29.5873,8.3333,4.8255,8.2257,0
11249578.1,7,,48,46,2,50.0,1.0,29.4873,8.3333,4.8421,8.2169,0
11251578.1,7,,48,46,2,50.0,1.0,29.3873,8.3333,4.8588,8.2082,0
11253578.1,7,,48,46,2,50.0,1.0,29.2873,8.3333,4.8755,8.1994,0
11255578.1,7,,48,46,2,50.0,1.0,29.1873,8.3333,4.8921,8.1906,0
11257578.1,7,,48,46,2,50.0,1.0,29.0873,8.3333,4.9088,8.1818,0
11259578.1,7,,48,46,2,50.0,1.0,28.9873,8.3333,4.9255,8.173,0
11261578.1,7,,48,46,2,50.0,1.0,28.8873,8.3333,4.9421,8.1643,0
11263578.1,7,,48,46,2,50.0,1.0,28.7873,8.3333,4.9588,8.1555,0
11265578.1,7,,48,46,2,50.0,1.0,28.6873,8.3333,4.9755,8.1467,0
11267578.1,7,,48,46,2,50.0,1.0,28.5873,8.3333,4.9921,8.1379,0
11269578.1,7,,48,46,2,50.0,1.0,28.4873,8.3333,5.0088,8.1291,0
11271578.1,7,,48,46,2,50.0,1.0,28.3873,8.3333,5.0255,8.1204,0
11273578.1,7,,48,46,2,50.0,1.0,28.2873,8.3333,5.0421,8.1116,0
11275578.1,7,,48,46,2,50.0,1.0,28.1873,8.3333,5.0588,8.1028,0
11277578.1,7,,48,46,2,50.0,1.0,28.0873,8.3333,5.0755,8.094,0
11279578.1,7,,48,46,2,50.0,1.0,27.9873,8.3333,5.0921,8.0852,0
11281578.1,7,,48,46,2,50.0,1.0,27.8873,8.3333,5.1088,8.0765,0
11283578.1,7,,48,46,2,50.0,1.0,27.7873,8.3333,5.1255,8.0677,0
11283903.1,7,,48,46,2,50.0,1.0,27.7711,8.3333,5.1282,8.0662,0
11284115.8,7,,47,46,1,50.0,1.0,27.7604,4.5455,2.5651,8.0653,0
11285578.1,7,,46,45,1,50.0,1.0,27.6873,4.5455,2.5717,8.0588,0
11287578.1,7,,46,45,1,50.0,1.0,27.5873,4.5455,2.5808,8.0498,0
11289578.1,7,,46,45,1,50.0,1.0,27.4873,4.5455,2.5899,8.0409,0
11291357.6,7,,46,45,1,50.0,1.0,27.3983,4.5455,2.598,8.0329,0
11291578.1,7,,45,44,1,50.0,1.0,27.3873,4.5455,2.599,8.0319,0
11292441.8,7,,45,44,1,50.0,1.0,27.3441,4.5455,2.6029,8.0279,0
11293578.1,7,,44,43,1,50.0,1.0,27.2873,4.5455,2.6081,8.0226,0
11295578.1,7,,44,43,1,50.0,1.0,27.1873,4.5455,2.6172,8.0133,0
11297578.1,7,,44,43,1,50.0,1.0,27.0873,4.5455,2.6263,8.004,0
11299578.1,7,,44,43,1,50.0,1.0,26.9873,4.5455,2.6353,7.9946,0
11301578.1,7,,44,43,1,50.0,1.0,26.8873,4.5455,2.6444,7.9853,0
11303578.1,7,,44,43,1,50.0,1.0,26.7873,4.5455,2.6535,7.9759,0
11304166.9,7,,44,43,1,50.0,1.0,26.7579,4.5455,2.6562,7.9732,0
11305578.1,7,,43,42,1,50.0,1.0,26.6873,4.5455,2.6626,7.9664,0
11307578.1,7,,43,42,1,50.0,1.0,26.5873,4.5455,2.6717,7.9568,0
11309578.1,7,,43,42,1,50.0,1.0,26.4873,4.5455,2.6808,7.9471,0
11311578.1,7,,43,42,1,50.0,1.0,26.3873,4.5455,2.6899,7.9375,0
11313578.1,7,,43,42,1,50.0,1.0,26.2873,4.5455,2.699,7.9279,0
11315578.1,7,,43,42,1,50.0,1.0,26.1873,4.5455,2.7081,7.9183,0
11317578.1,7,,43,42,1,50.0,1.0,26.0873,4.5455,2.7172,7.9086,0
11319578.1,7,,43,42,1,50.0,1.0,25.9873,4.5455,2.7263,7.899,0
11321578.1,7,,43,42,1,50.0,1.0,25.8873,4.5455,2.7353,7.8894,0
11323578.1,7,,43,42,1,50.0,1.0,25.7873,4.5455,2.7444,7.8798,0
11325578.1,7,,43,42,1,50.0,1.0,25.6873,4.5455,2.7535,7.8701,0
11327578.1,7,,43,42,1,50.0,1.0,25.5873,4.5455,2.7626,7.8605,0
11329578.1,7,,43,42,1,50.0,1.0,25.4873,4.5455,2.7717,7.8509,0
11331578.1,7,,43,42,1,50.0,1.0,25.3873,4.5455,2.7808,7.8413,0
11333578.1,7,,43,42,1,50.0,1.0,25.2873,4.5455,2.7899,7.8316,0
11335578.1,7,,43,42,1,50.0,1.0,25.1873,4.5455,2.799,7.822,0
11337578.1,7,,43,42,1,50.0,1.0,25.0873,4.5455,2.8081,7.8124,0
11339578.1,7,,43,42,1,50.0,1.0,24.9873,4.5455,2.8172,7.8028,0
11339772.6,7,,43,42,1,50.0,1.0,24.9776,4.5455,2.818,7.8018,0
11341578.1,7,,42,42,0,50.0,1.0,24.8873,0,0.0,7.7931,0
11342459.2,7,,42,42,0,50.0,1.0,24.8432,0,0.0,7.7889,0
11342995.5,7,,41,41,0,50.0,1.0,24.8164,0,0.0,7.7863,0
11343578.1,7,,40,40,0,50.0,1.0,24.7873,0,0.0,7.7833,0
11345578.1,7,,40,40,0,50.0,1.0,24.6873,0,0.0,7.7733,0
11347578.1,7,,40,40,0,50.0,1.0,24.5873,0,0.0,7.7632,0
11349578.1,7,,40,40,0,50.0,1.0,24.4873,0,0.0,7.7532,0
11351578.1,7,,40,40,0,50.0,1.0,24.3873,0,0.0,7.7431,0
11353578.1,7,,40,40,0,50.0,1.0,24.2873,0,0.0,7.7331,0
11355578.1,7,,40,40,0,50.0,1.0,24.1873,0,0.0,7.723,0
11357578.1,7,,40,40,0,50.0,1.0,24.0873,0,0.0,7.713,0
11359578.1,7,,40,40,0,50.0,1.0,23.9873,0,0.0,7.7029,0
11361578.1,7,,40,40,0,50.0,1.0,23.8873,0,0.0,7.6929,0
11363578.1,7,,40,40,0,50.0,1.0,23.7873,0,0.0,7.6828,0
11365578.1,7,,40,40,0,50.0,1.0,23.6873,0,0.0,7.6728,0
11367578.1,7,,40,40,0,50.0,1.0,23.5873,0,0.0,7.6627,0
11369578.1,7,,40,40,0,50.0,1.0,23.4873,0,0.0,7.6527,0
11371578.1,7,,40,40,0,50.0,1.0,23.3873,0,0.0,7.6426,0
11373578.1,7,,40,40,0,50.0,1.0,23.2873,0,0.0,7.6326,0
11375578.1,7,,40,40,0,50.0,1.0,23.1873,0,0.0,7.6225,0
11377578.1,7,,40,40,0,50.0,1.0,23.0873,0,0.0,7.6125,0
11379578.1,7,,40,40,0,50.0,1.0,22.9873,0,0.0,7.6024,0
11381578.1,7,,40,40,0,50.0,1.0,22.8873,0,0.0,7.5924,0
11383578.1,7,,40,40,0,50.0,1.0,22.7873,0,0.0,7.5823,0
11385578.1,7,,40,40,0,50.0,1.0,22.6873,0,0.0,7.5723,0
11387349.8,7,,40,40,0,50.0,1.0,22.5987,0,0.0,7.5634,0
11387578.1,7,,39,39,0,50.0,1.0,22.5873,0,0.0,7.5622,0
11389578.1,7,,39,39,0,50.0,1.0,22.4873,0,0.0,7.5519,0
11391578.1,7,,39,39,0,50.0,1.0,22.3873,0,0.0,7.5415,0
11393578.1,7,,39,39,0,50.0,1.0,22.2873,0,0.0,7.5312,0
11395578.1,7,,39,39,0,50.0,1.0,22.1873,0,0.0,7.5209,0
11396526.4,7,,39,39,0,50.0,1.0,22.1399,0,0.0,7.516,0
11397578.1,7,,38,38,0,50.0,1.0,22.0873,0,0.0,7.5104,0
11399146.3,7,,38,38,0,50.0,1.0,22.0089,0,0.0,7.5021,0
11399578.1,7,,37,37,0,50.0,1.0,21.9873,0,0.0,7.4998,0
11401578.1,7,,37,37,0,50.0,1.0,21.8873,0,0.0,7.4889,0
11403578.1,7,,37,37,0,50.0,1.0,21.7873,0,0.0,7.478,0
11405578.1,7,,37,37,0,50.0,1.0,21.6873,0,0.0,7.4671,0
11407578.1,7,,37,37,0,50.0,1.0,21.5873,0,0.0,7.4562,0
11409578.1,7,,37,37,0,50.0,1.0,21.4873,0,0.0,7.4453,0
11411578.1,7,,37,37,0,50.0,1.0,21.3873,0,0.0,7.4344,0
11413578.1,7,,37,37,0,50.0,1.0,21.2873,0,0.0,7.4235,0
11415578.1,7,,37,37,0,50.0,1.0,21.1873,0,0.0,7.4126,0
11417578.1,7,,37,37,0,50.0,1.0,21.0873,0,0.0,7.4017,0
11419578.1,7,,37,37,0,50.0,1.0,20.9873,0,0.0,7.3908,0
11421578.1,7,,37,37,0,50.0,1.0,20.8873,0,0.0,7.3799,0
11423578.1,7,,37,37,0,50.0,1.0,20.7873,0,0.0,7.369,0
11425578.1,7,,37,37,0,50.0,1.0,20.6873,0,0.0,7.3581,0
11427578.1,7,,37,37,0,50.0,1.0,20.5873,0,0.0,7.3471,0
11429578.1,7,,37,37,0,50.0,1.0,20.4873,0,0.0,7.3362,0
11431469.1,7,,37,37,0,50.0,1.0,20.3928,0,0.0,7.3259,0
11431578.1,7,,36,36,0,50.0,1.0,20.3873,0,0.0,7.3253,0
11433578.1,7,,36,36,0,50.0,1.0,20.2873,0,0.0,7.3141,0
11435578.1,7,,36,36,0,50.0,1.0,20.1873,0,0.0,7.303,0
11437578.1,7,,36,36,0,50.0,1.0,20.0873,0,0.0,7.2918,0
11439578.1,7,,36,36,0,50.0,1.0,19.9873,0,0.0,7.2806,0
11441578.1,7,,36,36,0,50.0,1.0,19.8873,0,0.0,7.2694,0
11443578.1,7,,36,36,0,50.0,1.0,19.7873,0,0.0,7.2582,0
11445578.1,7,,36,36,0,50.0,1.0,19.6873,0,0.0,7.2471,0
11447578.1,7,,36,36,0,50.0,1.0,19.5873,0,0.0,7.2359,0
11449578.1,7,,36,36,0,50.0,1.0,19.4873,0,0.0,7.2247,0
11451578.1,7,,36,36,0,50.0,1.0,19.3873,0,0.0,7.2135,0
11452232.0,7,,36,36,0,50.0,1.0,19.3546,0,0.0,7.2099,0
11453578.1,7,,35,35,0,50.0,1.0,19.2873,0,0.0,7.2022,0
11455578.1,7,,35,35,0,50.0,1.0,19.1873,0,0.0,7.1907,0
11457578.1,7,,35,35,0,50.0,1.0,19.0873,0,0.0,7.1792,0
11458130.2,7,,35,35,0,50.0,1.0,19.0597,0,0.0,7.1761,0
11459578.1,7,,34,34,0,50.0,1.0,18.9873,0,0.0,7.1675,0
11461578.1,7,,34,34,0,50.0,1.0,18.8873,0,0.0,7.1557,0
11462591.3,7,,34,34,0,50.0,1.0,18.8366,0,0.0,7.1497,0
11463578.1,7,,33,33,0,50.0,1.0,18.7873,0,0.0,7.1437,0
11465578.1,7,,33,33,0,50.0,1.0,18.6873,0,0.0,7.1316,0
11465994.6,7,,33,33,0,50.0,1.0,18.6665,0,0.0,7.1291,0
11467578.1,7,,32,32,0,50.0,1.0,18.5873,0,0.0,7.1191,0
11467834.2,7,,32,32,0,50.0,1.0,18.5745,0,0.0,7.1175,0
11469578.1,7,,31,31,0,50.0,1.0,18.4873,0,0.0,7.1061,0
11471578.1,7,,31,31,0,50.0,1.0,18.3873,0,0.0,7.0931,0
11472421.7,7,,31,31,0,50.0,1.0,18.3451,0,0.0,7.0876,0
11473578.1,7,,30,30,0,50.0,1.0,18.2873,0,0.0,7.0797,0
11475578.1,7,,30,30,0,50.0,1.0,18.1873,0,0.0,7.066,0
11477578.1,7,,30,30,0,50.0,1.0,18.0873,0,0.0,7.0524,0
11479578.1,7,,30,30,0,50.0,1.0,17.9873,0,0.0,7.0387,0
11481578.1,7,,30,30,0,50.0,1.0,17.8873,0,0.0,7.0251,0
11481604.2,7,,30,30,0,50.0,1.0,17.886,0,0.0,7.0249,0
11483578.1,7,,29,29,0,50.0,1.0,17.7873,0,0.0,7.0111,0
11485578.1,7,,29,29,0,50.0,1.0,17.6873,0,0.0,6.9971,0
11487578.1,7,,29,29,0,50.0,1.0,17.5873,0,0.0,6.9831,0
11489578.1,7,,29,29,0,50.0,1.0,17.4873,0,0.0,6.9692,0
11491578.1,7,,29,29,0,50.0,1.0,17.3873,0,0.0,6.9552,0
11493518.1,7,,29,29,0,50.0,1.0,17.2903,0,0.0,6.9416,0
11493578.1,7,,28,28,0,50.0,1.0,17.2873,0,0.0,6.9412,0
11495578.1,7,,28,28,0,50.0,1.0,17.1873,0,0.0,6.9267,0
11495811.9,7,,28,28,0,50.0,1.0,17.1756,0,0.0,6.925,0
11496014.7,7,,27,27,0,50.0,1.0,17.1655,0,0.0,6.9235,0
11497578.1,7,,26,26,0,50.0,1.0,17.0873,0,0.0,6.9111,0
11499578.1,7,,26,26,0,50.0,1.0,16.9873,0,0.0,6.8953,0
11501578.1,7,,26,26,0,50.0,1.0,16.8873,0,0.0,6.8794,0
11503578.1,7,,26,26,0,50.0,1.0,16.7873,0,0.0,6.8635,0
11505578.1,7,,26,26,0,50.0,1.0,16.6873,0,0.0,6.8477,0
11507282.2,7,,26,26,0,50.0,1.0,16.6021,0,0.0,6.8341,0
11507578.1,7,,25,25,0,50.0,1.0,16.5873,0,0.0,6.8317,0
11509578.1,7,,25,25,0,50.0,1.0,16.4873,0,0.0,6.8153,0
11511540.5,7,,25,25,0,50.0,1.0,16.3892,0,0.0,6.7991,0
11511578.1,7,,24,24,0,50.0,1.0,16.3873,0,0.0,6.7988,0
11513578.1,7,,24,24,0,50.0,1.0,16.2873,0,0.0,6.7815,0
11515578.1,7,,24,24,0,50.0,1.0,16.1873,0,0.0,6.7642,0
11517578.1,7,,24,24,0,50.0,1.0,16.0873,0,0.0,6.7469,0
11519578.1,7,,24,24,0,50.0,1.0,15.9873,0,0.0,6.7296,0
11521370.9,7,,24,24,0,50.0,1.0,15.8977,0,0.0,6.7141,0
11521578.1,7,,23,23,0,50.0,1.0,15.8873,0,0.0,6.7122,0
11523578.1,7,,23,23,0,50.0,1.0,15.7873,0,0.0,6.6937,0
11525578.1,7,,23,23,0,50.0,1.0,15.6873,0,0.0,6.6751,0
11526613.8,7,,23,23,0,50.0,1.0,15.6355,0,0.0,6.6655,0
11527578.1,7,,22,22,0,50.0,1.0,15.5873,0,0.0,6.656,0
11528647.1,7,,22,22,0,50.0,1.0,15.5339,0,0.0,6.6454,0
11528654.1,7,,21,21,0,50.0,1.0,15.5335,0,0.0,6.6453,0
11529578.1,7,,19,19,0,50.0,1.0,15.4873,0,0.0,6.6351,0
11531578.1,7,,19,19,0,50.0,1.0,15.3873,0,0.0,6.6128,0
11533578.1,7,,19,19,0,50.0,1.0,15.2873,0,0.0,6.5906,0
11534295.3,7,,19,19,0,50.0,1.0,15.2514,0,0.0,6.5826,0
11535578.1,7,,18,18,0,50.0,1.0,15.1873,0,0.0,6.5678,0
11537578.1,7,,18,18,0,50.0,1.0,15.0873,0,0.0,6.5447,0
11539578.1,7,,18,18,0,50.0,1.0,14.9873,0,0.0,6.5216,0
11541578.1,7,,18,18,0,50.0,1.0,14.8873,0,0.0,6.4985,0
11543578.1,7,,18,18,0,50.0,1.0,14.7873,0,0.0,6.4754,0
11545578.1,7,,18,18,0,50.0,1.0,14.6873,0,0.0,6.4523,0
11547578.1,7,,18,18,0,50.0,1.0,14.5873,0,0.0,6.4292,0
11549578.1,7,,18,18,0,50.0,1.0,14.4873,0,0.0,6.406,0
11551578.1,7,,18,18,0,50.0,1.0,14.3873,0,0.0,6.3829,0
11553578.1,7,,18,18,0,50.0,1.0,14.2873,0,0.0,6.3598,0
11555578.1,7,,18,18,0,50.0,1.0,14.1873,0,0.0,6.3367,0
11556302.1,7,,18,18,0,50.0,1.0,14.1511,0,0.0,6.3283,0
11557578.1,7,,17,17,0,50.0,1.0,14.0873,0,0.0,6.313,0
11559578.1,7,,17,17,0,50.0,1.0,13.9873,0,0.0,6.289,0
11561578.1,7,,17,17,0,50.0,1.0,13.8873,0,0.0,6.265,0
11563578.1,7,,17,17,0,50.0,1.0,13.7873,0,0.0,6.241,0
11565578.1,7,,17,17,0,50.0,1.0,13.6873,0,0.0,6.217,0
11567578.1,7,,17,17,0,50.0,1.0,13.5873,0,0.0,6.193,0
11569578.1,7,,17,17,0,50.0,1.0,13.4873,0,0.0,6.169,0
11571578.1,7,,17,17,0,50.0,1.0,13.3873,0,0.0,6.145,0
11573578.1,7,,17,17,0,50.0,1.0,13.2873,0,0.0,6.121,0
11575578.1,7,,17,17,0,50.0,1.0,13.1873,0,0.0,6.097,0
11577578.1,7,,17,17,0,50.0,1.0,13.0873,0,0.0,6.073,0
11577806.1,7,,17,17,0,50.0,1.0,13.0759,0,0.0,6.0703,0
11579578.1,7,,16,16,0,50.0,1.0,12.9873,0,0.0,6.0479,0
11581578.1,7,,16,16,0,50.0,1.0,12.8873,0,0.0,6.0225,0
11583578.1,7,,16,16,0,50.0,1.0,12.7873,0,0.0,5.9972,0
11585578.1,7,,16,16,0,50.0,1.0,12.6873,0,0.0,5.9719,0
11587578.1,7,,16,16,0,50.0,1.0,12.5873,0,0.0,5.9465,0
11589578.1,7,,16,16,0,50.0,1.0,12.4873,0,0.0,5.9212,0
11591578.1,7,,16,16,0,50.0,1.0,12.3873,0,0.0,5.8959,0
11593578.1,7,,16,16,0,50.0,1.0,12.2873,0,0.0,5.8705,0
11595578.1,7,,16,16,0,50.0,1.0,12.1873,0,0.0,5.8452,0
11597578.1,7,,16,16,0,50.0,1.0,12.0873,0,0.0,5.8199,0
11599578.1,7,,16,16,0,50.0,1.0,11.9873,0,0.0,5.7945,0
11601578.1,7,,16,16,0,50.0,1.0,11.8873,0,0.0,5.7692,0
11603578.1,7,,16,16,0,50.0,1.0,11.7873,0,0.0,5.7439,0
11605578.1,7,,16,16,0,50.0,1.0,11.6873,0,0.0,5.7185,0
11607578.1,7,,16,16,0,50.0,1.0,11.5873,0,0.0,5.6932,0
11609578.1,7,,16,16,0,50.0,1.0,11.4873,0,0.0,5.6679,0
11611578.1,7,,16,16,0,50.0,1.0,11.3873,0,0.0,5.6425,0
11613578.1,7,,16,16,0,50.0,1.0,11.2873,0,0.0,5.6172,0
11615578.1,7,,16,16,0,50.0,1.0,11.1873,0,0.0,5.5919,0
11617578.1,7,,16,16,0,50.0,1.0,11.0873,0,0.0,5.5665,0
11619578.1,7,,16,16,0,50.0,1.0,10.9873,0,0.0,5.5412,0
11621578.1,7,,16,16,0,50.0,1.0,10.8873,0,0.0,5.5159,0
11623578.1,7,,16,16,0,50.0,1.0,10.7873,0,0.0,5.4905,0
11625578.1,7,,16,16,0,50.0,1.0,10.6873,0,0.0,5.4652,0
11627578.1,7,,16,16,0,50.0,1.0,10.5873,0,0.0,5.4399,0
11629578.1,7,,16,16,0,50.0,1.0,10.4873,0,0.0,5.4145,0
11631578.1,7,,16,16,0,50.0,1.0,10.3873,0,0.0,5.3892,0
11633578.1,7,,16,16,0,50.0,1.0,10.2873,0,0.0,5.3639,0
11635578.1,7,,16,16,0,50.0,1.0,10.1873,0,0.0,5.3385,0
11637578.1,7,,16,16,0,50.0,1.0,10.0873,0,0.0,5.3132,0
11638434.6,7,,16,16,0,50.0,1.0,10.0445,0,0.0,5.3023,0
11638722.7,7,,15,15,0,50.0,1.0,10.0301,0,0.0,5.2984,0
11639578.1,7,,14,14,0,50.0,1.0,9.9873,0,0.0,5.2862,0
11640332.4,7,,14,14,0,50.0,1.0,9.9496,0,0.0,5.2754,0
11641578.1,7,,13,13,0,50.0,1.0,9.8873,0,0.0,5.2567,0
11643578.1,7,,13,13,0,50.0,1.0,9.7873,0,0.0,5.2267,0
11645578.1,7,,13,13,0,50.0,1.0,9.6873,0,0.0,5.1967,0
11647578.1,7,,13,13,0,50.0,1.0,9.5873,0,0.0,5.1667,0
11649578.1,7,,13,13,0,50.0,1.0,9.4873,0,0.0,5.1367,0
11651578.1,7,,13,13,0,50.0,1.0,9.3873,0,0.0,5.1067,0
11653578.1,7,,13,13,0,50.0,1.0,9.2873,0,0.0,5.0767,0
11655578.1,7,,13,13,0,50.0,1.0,9.1873,0,0.0,5.0467,0
11657578.1,7,,13,13,0,50.0,1.0,9.0873,0,0.0,5.0167,0
11659578.1,7,,13,13,0,50.0,1.0,8.9873,0,0.0,4.9867,0
11661578.1,7,,13,13,0,50.0,1.0,8.8873,0,0.0,4.9567,0
11663578.1,7,,13,13,0,50.0,1.0,8.7873,0,0.0,4.9267,0
11665578.1,7,,13,13,0,50.0,1.0,8.6873,0,0.0,4.8967,0
11667578.1,7,,13,13,0,50.0,1.0,8.5873,0,0.0,4.8667,0
11669578.1,7,,13,13,0,50.0,1.0,8.4873,0,0.0,4.8367,0
11671578.1,7,,13,13,0,50.0,1.0,8.3873,0,0.0,4.8067,0
11673578.1,7,,13,13,0,50.0,1.0,8.2873,0,0.0,4.7767,0
11674192.6,7,,13,13,0,50.0,1.0,8.2566,0,0.0,4.7675,0
11674198.8,7,,12,12,0,50.0,1.0,8.2563,0,0.0,4.7674,0
11675578.1,7,,11,11,0,50.0,1.0,8.1873,0,0.0,4.7462,0
11677578.1,7,,11,11,0,50.0,1.0,8.0873,0,0.0,4.7154,0
11679578.1,7,,11,11,0,50.0,1.0,7.9873,0,0.0,4.6847,0
11681578.1,7,,11,11,0,50.0,1.0,7.8873,0,0.0,4.6539,0
11683578.1,7,,11,11,0,50.0,1.0,7.7873,0,0.0,4.6231,0
11685578.1,7,,11,11,0,50.0,1.0,7.6873,0,0.0,4.5924,0
11687578.1,7,,11,11,0,50.0,1.0,7.5873,0,0.0,4.5616,0
11689578.1,7,,11,11,0,50.0,1.0,7.4873,0,0.0,4.5308,0
11691578.1,7,,11,11,0,50.0,1.0,7.3873,0,0.0,4.5001,0
11693578.1,7,,11,11,0,50.0,1.0,7.2873,0,0.0,4.4693,0
11695578.1,7,,11,11,0,50.0,1.0,7.1873,0,0.0,4.4385,0
11697578.1,7,,11,11,0,50.0,1.0,7.0873,0,0.0,4.4078,0
11699578.1,7,,11,11,0,50.0,1.0,6.9873,0,0.0,4.377,0
11701578.1,7,,11,11,0,50.0,1.0,6.8873,0,0.0,4.3462,0
11703578.1,7,,11,11,0,50.0,1.0,6.7873,0,0.0,4.3154,0
11705578.1,7,,11,11,0,50.0,1.0,6.6873,0,0.0,4.2847,0
11707578.1,7,,11,11,0,50.0,1.0,6.5873,0,0.0,4.2539,0
11709578.1,7,,11,11,0,50.0,1.0,6.4873,0,0.0,4.2231,0
11711578.1,7,,11,11,0,50.0,1.0,6.3873,0,0.0,4.1924,0
11712807.1,7,,11,11,0,50.0,1.0,6.3259,0,0.0,4.1735,0
11713578.1,7,,10,10,0,50.0,1.0,6.2873,0,0.0,4.1602,0
11715578.1,7,,10,10,0,50.0,1.0,6.1873,0,0.0,4.126,0
11717578.1,7,,10,10,0,50.0,1.0,6.0873,0,0.0,4.0917,0
11719578.1,7,,10,10,0,50.0,1.0,5.9873,0,0.0,4.0574,0
11721578.1,7,,10,10,0,50.0,1.0,5.8873,0,0.0,4.0231,0
11723578.1,7,,10,10,0,50.0,1.0,5.7873,0,0.0,3.9888,0
11725578.1,7,,10,10,0,50.0,1.0,5.6873,0,0.0,3.9545,0
11727578.1,7,,10,10,0,50.0,1.0,5.5873,0,0.0,3.9202,0
11729051.4,7,,10,10,0,50.0,1.0,5.5136,0,0.0,3.895,0
11729578.1,7,,9,9,0,50.0,1.0,5.4873,0,0.0,3.8854,0
11731578.1,7,,9,9,0,50.0,1.0,5.3873,0,0.0,3.849,0
11733578.1,7,,9,9,0,50.0,1.0,5.2873,0,0.0,3.8127,0
11735578.1,7,,9,9,0,50.0,1.0,5.1873,0,0.0,3.7763,0
11737578.1,7,,9,9,0,50.0,1.0,5.0873,0,0.0,3.74,0
11739578.1,7,,9,9,0,50.0,1.0,4.9873,0,0.0,3.7036,0
11741073.1,7,,9,9,0,50.0,1.0,4.9126,0,0.0,3.6764,0
11741578.1,7,,8,8,0,50.0,1.0,4.8873,0,0.0,3.6669,0
11743578.1,7,,8,8,0,50.0,1.0,4.7873,0,0.0,3.6294,0
11745578.1,7,,8,8,0,50.0,1.0,4.6873,0,0.0,3.5919,0
11747578.1,7,,8,8,0,50.0,1.0,4.5873,0,0.0,3.5544,0
11749578.1,7,,8,8,0,50.0,1.0,4.4873,0,0.0,3.5169,0
11751578.1,7,,8,8,0,50.0,1.0,4.3873,0,0.0,3.4794,0
11753578.1,7,,8,8,0,50.0,1.0,4.2873,0,0.0,3.4419,0
11755578.1,7,,8,8,0,50.0,1.0,4.1873,0,0.0,3.4044,0
11757578.1,7,,8,8,0,50.0,1.0,4.0873,0,0.0,3.3669,0
11759578.1,7,,8,8,0,50.0,1.0,3.9873,0,0.0,3.3294,0
11761578.1,7,,8,8,0,50.0,1.0,3.8873,0,0.0,3.2919,0
11763578.1,7,,8,8,0,50.0,1.0,3.7873,0,0.0,3.2544,0
11763999.2,7,,8,8,0,50.0,1.0,3.7662,0,0.0,3.2465,0
11765578.1,7,,7,7,0,50.0,1.0,3.6873,0,0.0,3.2101,0
11767578.1,7,,7,7,0,50.0,1.0,3.5873,0,0.0,3.164,0
11769578.1,7,,7,7,0,50.0,1.0,3.4873,0,0.0,3.1178,0
11771463.3,7,,7,7,0,50.0,1.0,3.393,0,0.0,3.0743,0
11771578.1,7,,6,6,0,50.0,1.0,3.3873,0,0.0,3.0714,0
11773578.1,7,,6,6,0,50.0,1.0,3.2873,0,0.0,3.0214,0
11775578.1,7,,6,6,0,50.0,1.0,3.1873,0,0.0,2.9714,0
11776319.0,7,,6,6,0,50.0,1.0,3.1503,0,0.0,2.9529,0
11777578.1,7,,5,5,0,50.0,1.0,3.0873,0,0.0,2.9109,0
11779578.1,7,,5,5,0,50.0,1.0,2.9873,0,0.0,2.8443,0
11781578.1,7,,5,5,0,50.0,1.0,2.8873,0,0.0,2.7776,0
11783578.1,7,,5,5,0,50.0,1.0,2.7873,0,0.0,2.7109,0
11785578.1,7,,5,5,0,50.0,1.0,2.6873,0,0.0,2.6443,0
11787578.1,7,,5,5,0,50.0,1.0,2.5873,0,0.0,2.5776,0
11788160.1,7,,5,5,0,50.0,1.0,2.5582,0,0.0,2.5582,0
11789578.1,7,,4,4,0,50.0,1.0,2.4873,0,0.0,2.4873,0
11791578.1,7,,4,4,0,50.0,1.0,2.3873,0,0.0,2.3873,0
11793578.1,7,,4,4,0,50.0,1.0,2.2873,0,0.0,2.2873,0
11795578.1,7,,4,4,0,50.0,1.0,2.1873,0,0.0,2.1873,0
11797578.1,7,,4,4,0,50.0,1.0,2.0873,0,0.0,2.0873,0
11799578.1,7,,4,4,0,50.0,1.0,1.9873,0,0.0,1.9873,0
11801578.1,7,,4,4,0,50.0,1.0,1.8873,0,0.0,1.8873,0
11803578.1,7,,4,4,0,50.0,1.0,1.7873,0,0.0,1.7873,0
11805578.1,7,,4,4,0,50.0,1.0,1.6873,0,0.0,1.6873,0
11807578.1,7,,4,4,0,50.0,1.0,1.5873,0,0.0,1.5873,0
11809578.1,7,,4,4,0,50.0,1.0,1.4873,0,0.0,1.4873,0
11811578.1,7,,4,4,0,50.0,1.0,1.3873,0,0.0,1.3873,0
11813578.1,7,,4,4,0,50.0,1.0,1.2873,0,0.0,1.2873,0
11815578.1,7,,4,4,0,50.0,1.0,1.1873,0,0.0,1.1873,0
11817578.1,7,,4,4,0,50.0,1.0,1.0873,0,0.0,1.0873,0
11819578.1,7,,4,4,0,50.0,1.0,0.9873,0,0.0,0.9873,0
11821578.1,7,,4,4,0,50.0,1.0,0.8873,0,0.0,0.8873,0
11823578.1,7,,4,4,0,50.0,1.0,0.7873,0,0.0,0.7873,0
11825433.7,7,,4,4,0,50.0,1.0,0.6945,0,0.0,0.6945,0
11825578.1,7,,3,3,0,50.0,1.0,0.6873,0,0.0,0.6873,0
11827578.1,7,,3,3,0,50.0,1.0,0.5873,0,0.0,0.5873,0
11829578.1,7,,3,3,0,50.0,1.0,0.4873,0,0.0,0.4873,0
11831578.1,7,,3,3,0,50.0,1.0,0.3873,0,0.0,0.3873,0
11833578.1,7,,3,3,0,50.0,1.0,0.2873,0,0.0,0.2873,0
11835578.1,7,,3,3,0,50.0,1.0,0.1873,0,0.0,0.1873,0
11837578.1,7,,3,3,0,50.0,1.0,0.0873,0,0.0,0.0873,0
11838313.8,7,,3,3,0,50.0,1.0,0.0505,0,0.0,0.0505,0
11839188.6,7,,2,2,0,50.0,1.0,0.0068,0,0.0,0.0068,0
11839324.2,7,,1,1,0,50.0,1.0,0.0,0,0.0,0.0,0
11839578.1,8,,124,56,8,50.0,1.0,71.3683,12.9032,0.0033,42.295,0
11841578.1,8,,124,56,8,50.0,1.0,71.2683,12.9032,0.0291,42.0345,0
11843578.1,8,,124,56,8,50.0,1.0,71.1683,12.9032,0.0549,41.774,0
11845578.1,8,,124,56,8,50.0,1.0,71.0683,12.9032,0.0807,41.5135,0
11847578.1,8,,124,56,8,50.0,1.0,70.9683,12.9032,0.1065,41.2531,0
11849578.1,8,,124,56,8,50.0,1.0,70.8683,12.9032,0.1323,40.9926,0
11851578.1,8,,124,56,8,50.0,1.0,70.7683,12.9032,0.1581,40.7321,0
11853578.1,8,,124,56,8,50.0,1.0,70.6683,12.9032,0.1839,40.4716,0
11855578.1,8,,124,56,8,50.0,1.0,70.5683,12.9032,0.2097,40.2111,0
11857578.1,8,,124,56,8,50.0,1.0,70.4683,12.9032,0.2355,39.9506,0
11859578.1,8,,124,56,8,50.0,1.0,70.3683,12.9032,0.2613,39.6902,0
11861578.1,8,,124,56,8,50.0,1.0,70.2683,12.9032,0.2871,39.4297,0
11863578.1,8,,124,56,8,50.0,1.0,70.1683,12.9032,0.313,39.1692,0
11865578.1,8,,124,56,8,50.0,1.0,70.0683,12.9032,0.3388,38.9087,0
11867578.1,8,,124,56,8,50.0,1.0,69.9683,12.9032,0.3646,38.6482,0
11869578.1,8,,124,56,8,50.0,1.0,69.8683,12.9032,0.3904,38.3877,0
11871578.1,8,,124,56,8,50.0,1.0,69.7683,12.9032,0.4162,38.1272,0
11872902.3,8,,124,56,8,50.0,1.0,69.7021,12.9032,0.4333,37.9548,0
11873578.1,8,,123,56,8,50.0,1.0,69.6683,13.0108,0.4421,37.874,0
11874595.3,8,,123,56,8,50.0,1.0,69.6174,13.0108,0.4553,37.7525,0
11875578.1,8,,122,56,8,50.0,1.0,69.5683,13.1183,0.4682,37.6352,0
11876570.5,8,,122,56,8,50.0,1.0,69.5187,13.1183,0.4812,37.5167,0
11877578.1,8,,121,56,8,50.0,1.0,69.4683,13.2258,0.4945,37.3966,0
11879578.1,8,,121,56,8,50.0,1.0,69.3683,13.2258,0.521,37.158,0
11881578.1,8,,121,56,8,50.0,1.0,69.2683,13.2258,0.5474,36.9195,0
11883060.3,8,,121,56,8,50.0,1.0,69.1942,13.2258,0.567,36.7427,0
11883578.1,8,,120,56,8,50.0,1.0,69.1683,13.3407,0.5739,36.681,0
11884189.0,8,,120,56,8,50.0,1.0,69.1377,13.3407,0.5821,36.6082,0
11885578.1,8,,119,56,8,50.0,1.0,69.0683,13.4483,0.6008,36.4428,0
11886400.9,8,,119,56,8,50.0,1.0,69.0272,13.4483,0.6118,36.3449,0
11887578.1,8,,118,56,8,50.0,1.0,68.9683,13.5632,0.6278,36.2048,0
11889578.1,8,,118,56,8,50.0,1.0,68.8683,13.5632,0.6549,35.9669,0
11891578.1,8,,118,56,8,50.0,1.0,68.7683,13.5632,0.6821,35.729,0
11893578.1,8,,118,56,8,50.0,1.0,68.6683,13.5632,0.7092,35.4911,0
11895578.1,8,,118,56,8,50.0,1.0,68.5683,13.5632,0.7363,35.2532,0
11897578.1,8,,118,56,8,50.0,1.0,68.4683,13.5632,0.7634,35.0153,0
11899578.1,8,,118,56,8,50.0,1.0,68.3683,13.5632,0.7906,34.7774,0
11901578.1,8,,118,56,8,50.0,1.0,68.2683,13.5632,0.8177,34.5395,0
11903303.7,8,,118,56,8,50.0,1.0,68.182,13.5632,0.8411,34.3342,0
11903578.1,8,,117,56,8,50.0,1.0,68.1683,13.6782,0.8449,34.3016,0
11905406.3,8,,117,56,8,50.0,1.0,68.0769,13.6782,0.8699,34.0843,0
11905578.1,8,,116,56,8,50.0,1.0,68.0683,13.8013,0.8722,34.0639,0
11906817.1,8,,116,56,8,50.0,1.0,68.0063,13.8013,0.8893,33.9168,0
11906935.5,8,,115,56,8,50.0,1.0,68.0004,13.9245,0.891,33.9027,0
11907578.1,8,,114,56,8,50.0,1.0,67.9683,14.0567,0.9,33.8266,0
11909578.1,8,,114,56,8,50.0,1.0,67.8683,14.0567,0.9281,33.5895,0
11911578.1,8,,114,56,8,50.0,1.0,67.7683,14.0567,0.9562,33.3525,0
11913316.1,8,,114,56,8,50.0,1.0,67.6814,14.0567,0.9807,33.1465,0
11913578.1,8,,113,56,8,50.0,1.0,67.6683,14.1717,0.9844,33.1184,0
11915578.1,8,,113,56,8,50.0,1.0,67.5683,14.1717,1.0127,32.9044,0
11916237.9,8,,113,56,8,50.0,1.0,67.5353,14.1717,1.0221,32.8339,0
11917578.1,8,,112,56,8,50.0,1.0,67.4683,14.2948,1.0412,32.6906,0
11918031.1,8,,112,56,8,50.0,1.0,67.4456,14.2948,1.0477,32.6422,0
11919387.3,8,,111,56,8,50.0,1.0,67.3778,14.4271,1.0673,32.4974,0
11919578.1,8,,110,56,8,50.0,1.0,67.3683,14.5503,1.0701,32.4794,0
11919715.0,8,,110,56,8,50.0,1.0,67.3615,14.5503,1.072,32.4664,0
11921578.1,8,,109,56,8,50.0,1.0,67.2683,14.6927,1.0994,32.2907,0
11923578.1,8,,109,56,8,50.0,1.0,67.1683,14.6927,1.1288,32.1022,0
11925158.1,8,,109,56,8,50.0,1.0,67.0893,14.6927,1.152,31.9532,0
11925578.1,8,,108,56,8,50.0,1.0,67.0683,14.8352,1.1582,31.9136,0
11926432.4,8,,108,56,8,50.0,1.0,67.0256,14.8352,1.1709,31.8331,0
11927578.1,8,,107,56,8,50.0,1.0,66.9683,14.9674,1.1881,31.7254,0
11928817.2,8,,107,56,8,50.0,1.0,66.9063,14.9674,1.2066,31.6088,0
11929578.1,8,,106,56,8,50.0,1.0,66.8683,15.0997,1.2181,31.5473,0
11931578.1,8,,106,56,8,50.0,1.0,66.7683,15.0997,1.2483,31.3858,0
11933578.1,8,,106,56,8,50.0,1.0,66.6683,15.0997,1.2785,31.2242,0
11933732.4,8,,106,56,8,50.0,1.0,66.6606,15.0997,1.2808,31.2117,0
11935571.1,8,,105,56,8,50.0,1.0,66.5686,15.2422,1.3089,31.0895,0
11935578.1,8,,104,56,8,50.0,1.0,66.5683,15.396,1.309,31.0891,0
11937578.1,8,,104,56,8,50.0,1.0,66.4683,15.396,1.3398,30.9564,0
11939578.1,8,,104,56,8,50.0,1.0,66.3683,15.396,1.3706,30.8237,0
11941578.1,8,,104,56,8,50.0,1.0,66.2683,15.396,1.4013,30.691,0
11941915.3,8,,104,56,8,50.0,1.0,66.2514,15.396,1.4065,30.6687,0
11943578.1,8,,103,56,8,50.0,1.0,66.1683,15.5385,1.4324,30.5586,0
11945465.2,8,,103,56,8,50.0,1.0,66.0739,15.5385,1.4617,30.4336,0
11945578.1,8,,102,56,8,50.0,1.0,66.0683,15.6923,1.4635,30.4261,0
11946266.2,8,,102,56,8,50.0,1.0,66.0339,15.6923,1.4743,30.3807,0
11947578.1,8,,101,56,8,50.0,1.0,65.9683,15.859,1.4951,30.2941,0
11947640.6,8,,101,56,8,50.0,1.0,65.9652,15.859,1.4961,30.29,0
11949578.1,8,,100,56,8,50.0,1.0,65.8683,16.0128,1.5271,30.1624,0
11951481.7,8,,100,56,8,50.0,1.0,65.7731,16.0128,1.5576,30.037,0
11951578.1,8,,99,56,8,50.0,1.0,65.7683,16.1667,1.5591,30.0322,0
11953329.5,8,,99,56,8,50.0,1.0,65.6807,16.1667,1.5874,29.9439,0
11953578.1,8,,98,56,8,50.0,1.0,65.6683,16.3333,1.5915,29.9315,0
11955578.1,8,,98,56,8,50.0,1.0,65.5683,16.3333,1.6242,29.831,0
11957070.5,8,,98,56,8,50.0,1.0,65.4937,16.3333,1.6485,29.756,0
11957578.1,8,,97,56,8,50.0,1.0,65.4683,16.5,1.6569,29.7305,0
11958308.4,8,,97,56,8,50.0,1.0,65.4318,16.5,1.669,29.6939,0
11959578.1,8,,96,56,8,50.0,1.0,65.3683,16.6667,1.6901,29.6516,0
11961578.1,8,,96,56,8,50.0,1.0,65.2683,16.6667,1.7235,29.5849,0
11963578.1,8,,96,56,8,50.0,1.0,65.1683,16.6667,1.7568,29.5183,0
11965578.1,8,,96,56,8,50.0,1.0,65.0683,16.6667,1.7901,29.4516,0
11967578.1,8,,96,56,8,50.0,1.0,64.9683,16.6667,1.8235,29.3849,0
11969578.1,8,,96,56,8,50.0,1.0,64.8683,16.6667,1.8568,29.3183,0
11971578.1,8,,96,56,8,50.0,1.0,64.7683,16.6667,1.8901,29.2516,0
11973578.1,8,,96,56,8,50.0,1.0,64.6683,16.6667,1.9235,29.1849,0
11975578.1,8,,96,56,8,50.0,1.0,64.5683,16.6667,1.9568,29.1183,0
11977578.1,8,,96,56,8,50.0,1.0,64.4683,16.6667,1.9901,29.0516,0
11979578.1,8,,96,56,8,50.0,1.0,64.3683,16.6667,2.0235,28.9849,0
11981578.1,8,,96,56,8,50.0,1.0,64.2683,16.6667,2.0568,28.9183,0
11983578.1,8,,96,56,8,50.0,1.0,64.1683,16.6667,2.0901,28.8516,0
11985578.1,8,,96,56,8,50.0,1.0,64.0683,16.6667,2.1235,28.7849,0
11987578.1,8,,96,56,8,50.0,1.0,63.9683,16.6667,2.1568,28.7183,0
11989578.1,8,,96,56,8,50.0,1.0,63.8683,16.6667,2.1901,28.6516,0
11991578.1,8,,96,56,8,50.0,1.0,63.7683,16.6667,2.2235,28.5849,0
11993578.1,8,,96,56,8,50.0,1.0,63.6683,16.6667,2.2568,28.5183,0
11995578.1,8,,96,56,8,50.0,1.0,63.5683,16.6667,2.2901,28.4516,0
11997578.1,8,,96,56,8,50.0,1.0,63.4683,16.6667,2.3235,28.3849,0
11999578.1,8,,96,56,8,50.0,1.0,63.3683,16.6667,2.3568,28.3183,0
12001578.1,8,,96,56,8,50.0,1.0,63.2683,16.6667,2.3901,28.2516,0
12003578.1,8,,96,56,8,50.0,1.0,63.1683,16.6667,2.4235,28.1849,0
12005578.1,8,,96,56,8,50.0,1.0,63.0683,16.6667,2.4568,28.1183,0
12007578.1,8,,96,56,8,50.0,1.0,62.9683,16.6667,2.4901,28.0516,0
12009578.1,8,,96,56,8,50.0,1.0,62.8683,16.6667,2.5235,27.9849,0
12011578.1,8,,96,56,8,50.0,1.0,62.7683,16.6667,2.5568,27.9183,0
12013578.1,8,,96,56,8,50.0,1.0,62.6683,16.6667,2.5901,27.8516,0
12015578.1,8,,96,56,8,50.0,1.0,62.5683,16.6667,2.6235,27.7849,0
12017578.1,8,,96,56,8,50.0,1.0,62.4683,16.6667,2.6568,27.7183,0
12019578.1,8,,96,56,8,50.0,1.0,62.3683,16.6667,2.6901,27.6516,0
12021578.1,8,,96,56,8,50.0,1.0,62.2683,16.6667,2.7235,27.5849,0
12023578.1,8,,96,56,8,50.0,1.0,62.1683,16.6667,2.7568,27.5183,0
12025578.1,8,,96,56,8,50.0,1.0,62.0683,16.6667,2.7901,27.4516,0
12027578.1,8,,96,56,8,50.0,1.0,61.9683,16.6667,2.8235,27.3849,0
12029578.1,8,,96,56,8,50.0,1.0,61.8683,16.6667,2.8568,27.3183,0
12031578.1,8,,96,56,8,50.0,1.0,61.7683,16.6667,2.8901,27.2516,0
12033578.1,8,,96,56,8,50.0,1.0,61.6683,16.6667,2.9235,27.1849,0
12035578.1,8,,96,56,8,50.0,1.0,61.5683,16.6667,2.9568,27.1183,0
12037578.1,8,,96,56,8,50.0,1.0,61.4683,16.6667,2.9901,27.0516,0
12039578.1,8,,96,56,8,50.0,1.0,61.3683,16.6667,3.0235,26.9849,0
12041578.1,8,,96,56,8,50.0,1.0,61.2683,16.6667,3.0568,26.9183,0
12043578.1,8,,96,56,8,50.0,1.0,61.1683,16.6667,3.0901,26.8516,0
12045578.1,8,,96,56,8,50.0,1.0,61.0683,16.6667,3.1235,26.7849,0
12047578.1,8,,96,56,8,50.0,1.0,60.9683,16.6667,3.1568,26.7183,0
12049578.1,8,,96,56,8,50.0,1.0,60.8683,16.6667,3.1901,26.6516,0
12051578.1,8,,96,56,8,50.0,1.0,60.7683,16.6667,3.2235,26.5849,0
12053578.1,8,,96,56,8,50.0,1.0,60.6683,16.6667,3.2568,26.5183,0
12055578.1,8,,96,56,8,50.0,1.0,60.5683,16.6667,3.2901,26.4516,0
12057578.1,8,,96,56,8,50.0,1.0,60.4683,16.6667,3.3235,26.3849,0
12059578.1,8,,96,56,8,50.0,1.0,60.3683,16.6667,3.3568,26.3183,0
12061578.1,8,,96,56,8,50.0,1.0,60.2683,16.6667,3.3901,26.2516,0
12063578.1,8,,96,56,8,50.0,1.0,60.1683,16.6667,3.4235,26.1849,0
12065578.1,8,,96,56,8,50.0,1.0,60.0683,16.6667,3.4568,26.1183,0
12067578.1,8,,96,56,8,50.0,1.0,59.9683,16.6667,3.4901,26.0516,0
12069578.1,8,,96,56,8,50.0,1.0,59.8683,16.6667,3.5235,25.9849,0
12071578.1,8,,96,56,8,50.0,1.0,59.7683,16.6667,3.5568,25.9183,0
12073578.1,8,,96,56,8,50.0,1.0,59.6683,16.6667,3.5901,25.8516,0
12075578.1,8,,96,56,8,50.0,1.0,59.5683,16.6667,3.6235,25.7849,0
12077578.1,8,,96,56,8,50.0,1.0,59.4683,16.6667,3.6568,25.7183,0
12079578.1,8,,96,56,8,50.0,1.0,59.3683,16.6667,3.6901,25.6516,0
12081578.1,8,,96,56,8,50.0,1.0,59.2683,16.6667,3.7235,25.5849,0
12083578.1,8,,96,56,8,50.0,1.0,59.1683,16.6667,3.7568,25.5183,0
12085578.1,8,,96,56,8,50.0,1.0,59.0683,16.6667,3.7901,25.4516,0
12087578.1,8,,96,56,8,50.0,1.0,58.9683,16.6667,3.8235,25.3849,0
12089578.1,8,,96,56,8,50.0,1.0,58.8683,16.6667,3.8568,25.3183,0
12091578.1,8,,96,56,8,50.0,1.0,58.7683,16.6667,3.8901,25.2516,0
12093578.1,8,,96,56,8,50.0,1.0,58.6683,16.6667,3.9235,25.1849,0
12095578.1,8,,96,56,8,50.0,1.0,58.5683,16.6667,3.9568,25.1183,0
12097578.1,8,,96,56,8,50.0,1.0,58.4683,16.6667,3.9901,25.0516,0
12099578.1,8,,96,56,8,50.0,1.0,58.3683,16.6667,4.0235,24.9849,0
12101578.1,8,,96,56,8,50.0,1.0,58.2683,16.6667,4.0568,24.9183,0
12103578.1,8,,96,56,8,50.0,1.0,58.1683,16.6667,4.0901,24.8516,0
12105578.1,8,,96,56,8,50.0,1.0,58.0683,16.6667,4.1235,24.7849,0
12107578.1,8,,96,56,8,50.0,1.0,57.9683,16.6667,4.1568,24.7183,0
12109578.1,8,,96,56,8,50.0,1.0,57.8683,16.6667,4.1901,24.6516,0
12111578.1,8,,96,56,8,50.0,1.0,57.7683,16.6667,4.2235,24.5849,0
12113578.1,8,,96,56,8,50.0,1.0,57.6683,16.6667,4.2568,24.5183,0
12115578.1,8,,96,56,8,50.0,1.0,57.5683,16.6667,4.2901,24.4516,0
12117578.1,8,,96,56,8,50.0,1.0,57.4683,16.6667,4.3235,24.3849,0
12119578.1,8,,96,56,8,50.0,1.0,57.3683,16.6667,4.3568,24.3183,0
12121578.1,8,,96,56,8,50.0,1.0,57.2683,16.6667,4.3901,24.2516,0
12123578.1,8,,96,56,8,50.0,1.0,57.1683,16.6667,4.4235,24.1849,0
12125578.1,8,,96,56,8,50.0,1.0,57.0683,16.6667,4.4568,24.1183,0
12127578.1,8,,96,56,8,50.0,1.0,56.9683,16.6667,4.4901,24.0516,0
12129578.1,8,,96,56,8,50.0,1.0,56.8683,16.6667,4.5235,23.9849,0
12131578.1,8,,96,56,8,50.0,1.0,56.7683,16.6667,4.5568,23.9183,0
12133578.1,8,,96,56,8,50.0,1.0,56.6683,16.6667,4.5901,23.8516,0
12135578.1,8,,96,56,8,50.0,1.0,56.5683,16.6667,4.6235,23.7849,0
12137578.1,8,,96,56,8,50.0,1.0,56.4683,16.6667,4.6568,23.7183,0
12139578.1,8,,96,56,8,50.0,1.0,56.3683,16.6667,4.6901,23.6516,0
12141578.1,8,,96,56,8,50.0,1.0,56.2683,16.6667,4.7235,23.5849,0
12143578.1,8,,96,56,8,50.0,1.0,56.1683,16.6667,4.7568,23.5183,0
12145578.1,8,,96,56,8,50.0,1.0,56.0683,16.6667,4.7901,23.4516,0
12147578.1,8,,96,56,8,50.0,1.0,55.9683,16.6667,4.8235,23.3849,0
12149578.1,8,,96,56,8,50.0,1.0,55.8683,16.6667,4.8568,23.3183,0
12151578.1,8,,96,56,8,50.0,1.0,55.7683,16.6667,4.8901,23.2516,0
12153578.1,8,,96,56,8,50.0,1.0,55.6683,16.6667,4.9235,23.1849,0
12155578.1,8,,96,56,8,50.0,1.0,55.5683,16.6667,4.9568,23.1183,0
12157578.1,8,,96,56,8,50.0,1.0,55.4683,16.6667,4.9901,23.0516,0
12159578.1,8,,96,56,8,50.0,1.0,55.3683,16.6667,5.0235,22.9849,0
12161578.1,8,,96,56,8,50.0,1.0,55.2683,16.6667,5.0568,22.9183,0
12163578.1,8,,96,56,8,50.0,1.0,55.1683,16.6667,5.0901,22.8516,0
12165578.1,8,,96,56,8,50.0,1.0,55.0683,16.6667,5.1235,22.7849,0
12167578.1,8,,96,56,8,50.0,1.0,54.9683,16.6667,5.1568,22.7183,0
12169578.1,8,,96,56,8,50.0,1.0,54.8683,16.6667,5.1901,22.6516,0
12171578.1,8,,96,56,8,50.0,1.0,54.7683,16.6667,5.2235,22.5849,0
12173578.1,8,,96,56,8,50.0,1.0,54.6683,16.6667,5.2568,22.5183,0
12175578.1,8,,96,56,8,50.0,1.0,54.5683,16.6667,5.2901,22.4516,0
12177578.1,8,,96,56,8,50.0,1.0,54.4683,16.6667,5.3235,22.3849,0
12179578.1,8,,96,56,8,50.0,1.0,54.3683,16.6667,5.3568,22.3183,0
12181578.1,8,,96,56,8,50.0,1.0,54.2683,16.6667,5.3901,22.2516,0
12183578.1,8,,96,56,8,50.0,1.0,54.1683,16.6667,5.4235,22.1849,0
12185578.1,8,,96,56,8,50.0,1.0,54.0683,16.6667,5.4568,22.1183,0
12187578.1,8,,96,56,8,50.0,1.0,53.9683,16.6667,5.4901,22.0516,0
12189578.1,8,,96,56,8,50.0,1.0,53.8683,16.6667,5.5235,21.9849,0
12191578.1,8,,96,56,8,50.0,1.0,53.7683,16.6667,5.5568,21.9183,0
12193578.1,8,,96,56,8,50.0,1.0,53.6683,16.6667,5.5901,21.8516,0
12195578.1,8,,96,56,8,50.0,1.0,53.5683,16.6667,5.6235,21.7849,0
12197578.1,8,,96,56,8,50.0,1.0,53.4683,16.6667,5.6568,21.7183,0
12199578.1,8,,96,56,8,50.0,1.0,53.3683,16.6667,5.6901,21.6516,0
12201578.1,8,,96,56,8,50.0,1.0,53.2683,16.6667,5.7235,21.5849,0
12203578.1,8,,96,56,8,50.0,1.0,53.1683,16.6667,5.7568,21.5183,0
12205578.1,8,,96,56,8,50.0,1.0,53.0683,16.6667,5.7901,21.4516,0
12207578.1,8,,96,56,8,50.0,1.0,52.9683,16.6667,5.8235,21.3849,0
12209578.1,8,,96,56,8,50.0,1.0,52.8683,16.6667,5.8568,21.3183,0
12211578.1,8,,96,56,8,50.0,1.0,52.7683,16.6667,5.8901,21.2516,0
12213578.1,8,,96,56,8,50.0,1.0,52.6683,16.6667,5.9235,21.1849,0
12215578.1,8,,96,56,8,50.0,1.0,52.5683,16.6667,5.9568,21.1183,0
12217578.1,8,,96,56,8,50.0,1.0,52.4683,16.6667,5.9901,21.0516,0
12219578.1,8,,96,56,8,50.0,1.0,52.3683,16.6667,6.0235,20.9849,0
12221578.1,8,,96,56,8,50.0,1.0,52.2683,16.6667,6.0568,20.9183,0
12223578.1,8,,96,56,8,50.0,1.0,52.1683,16.6667,6.0901,20.8516,0
12225578.1,8,,96,56,8,50.0,1.0,52.0683,16.6667,6.1235,20.7849,0
12227578.1,8,,96,56,8,50.0,1.0,51.9683,16.6667,6.1568,20.7183,0
12229578.1,8,,96,56,8,50.0,1.0,51.8683,16.6667,6.1901,20.6516,0
12231578.1,8,,96,56,8,50.0,1.0,51.7683,16.6667,6.2235,20.5849,0
12233578.1,8,,96,56,8,50.0,1.0,51.6683,16.6667,6.2568,20.5183,0
12235578.1,8,,96,56,8,50.0,1.0,51.5683,16.6667,6.2901,20.4516,0
12237578.1,8,,96,56,8,50.0,1.0,51.4683,16.6667,6.3235,20.3849,0
12239578.1,8,,96,56,8,50.0,1.0,51.3683,16.6667,6.3568,20.3183,0
12241578.1,8,,96,56,8,50.0,1.0,51.2683,16.6667,6.3901,20.2516,0
12243578.1,8,,96,56,8,50.0,1.0,51.1683,16.6667,6.4235,20.1849,0
12245578.1,8,,96,56,8,50.0,1.0,51.0683,16.6667,6.4568,20.1183,0
12247578.1,8,,96,56,8,50.0,1.0,50.9683,16.6667,6.4901,20.0516,0
12249578.1,8,,96,56,8,50.0,1.0,50.8683,16.6667,6.5235,19.9849,0
12251578.1,8,,96,56,8,50.0,1.0,50.7683,16.6667,6.5568,19.9183,0
12253578.1,8,,96,56,8,50.0,1.0,50.6683,16.6667,6.5901,19.8516,0
12255578.1,8,,96,56,8,50.0,1.0,50.5683,16.6667,6.6235,19.7849,0
12257578.1,8,,96,56,8,50.0,1.0,50.4683,16.6667,6.6568,19.7183,0
12259578.1,8,,96,56,8,50.0,1.0,50.3683,16.6667,6.6901,19.6516,0
12261578.1,8,,96,56,8,50.0,1.0,50.2683,16.6667,6.7235,19.5849,0
12263578.1,8,,96,56,8,50.0,1.0,50.1683,16.6667,6.7568,19.5183,0
12265578.1,8,,96,56,8,50.0,1.0,50.0683,16.6667,6.7901,19.4516,0
12267578.1,8,,96,56,8,50.0,1.0,49.9683,16.6667,6.8235,19.3849,0
12269578.1,8,,96,56,8,50.0,1.0,49.8683,16.6667,6.8568,19.3183,0
12271578.1,8,,96,56,8,50.0,1.0,49.7683,16.6667,6.8901,19.2516,0
12273578.1,8,,96,56,8,50.0,1.0,49.6683,16.6667,6.9235,19.1849,0
12275578.1,8,,96,56,8,50.0,1.0,49.5683,16.6667,6.9568,19.1183,0
12277578.1,8,,96,56,8,50.0,1.0,49.4683,16.6667,6.9901,19.0516,0
12279578.1,8,,96,56,8,50.0,1.0,49.3683,16.6667,7.0235,18.9849,0
12281578.1,8,,96,56,8,50.0,1.0,49.2683,16.6667,7.0568,18.9183,0
12283578.1,8,,96,56,8,50.0,1.0,49.1683,16.6667,7.0901,18.8516,0
12285578.1,8,,96,56,8,50.0,1.0,49.0683,16.6667,7.1235,18.7849,0
12287578.1,8,,96,56,8,50.0,1.0,48.9683,16.6667,7.1568,18.7183,0
12289578.1,8,,96,56,8,50.0,1.0,48.8683,16.6667,7.1901,18.6516,0
12291578.1,8,,96,56,8,50.0,1.0,48.7683,16.6667,7.2235,18.5849,0
12293578.1,8,,96,56,8,50.0,1.0,48.6683,16.6667,7.2568,18.5183,0
12295578.1,8,,96,56,8,50.0,1.0,48.5683,16.6667,7.2901,18.4516,0
12297578.1,8,,96,56,8,50.0,1.0,48.4683,16.6667,7.3235,18.3849,0
12299578.1,8,,96,56,8,50.0,1.0,48.3683,16.6667,7.3568,18.3183,0
12301578.1,8,,96,56,8,50.0,1.0,48.2683,16.6667,7.3901,18.2516,0
12303578.1,8,,96,56,8,50.0,1.0,48.1683,16.6667,7.4235,18.1849,0
12305578.1,8,,96,56,8,50.0,1.0,48.0683,16.6667,7.4568,18.1183,0
12307578.1,8,,96,56,8,50.0,1.0,47.9683,16.6667,7.4901,18.0516,0
12309578.1,8,,96,56,8,50.0,1.0,47.8683,16.6667,7.5235,17.9849,0
12311578.1,8,,96,56,8,50.0,1.0,47.7683,16.6667,7.5568,17.9183,0
12313578.1,8,,96,56,8,50.0,1.0,47.6683,16.6667,7.5901,17.8516,0
12315578.1,8,,96,56,8,50.0,1.0,47.5683,16.6667,7.6235,17.7849,0
12317578.1,8,,96,56,8,50.0,1.0,47.4683,16.6667,7.6568,17.7183,0
12319578.1,8,,96,56,8,50.0,1.0,47.3683,16.6667,7.6901,17.6516,0
12321578.1,8,,96,56,8,50.0,1.0,47.2683,16.6667,7.7235,17.5849,0
12323578.1,8,,96,56,8,50.0,1.0,47.1683,16.6667,7.7568,17.5183,0
12325578.1,8,,96,56,8,50.0,1.0,47.0683,16.6667,7.7901,17.4516,0
12327578.1,8,,96,56,8,50.0,1.0,46.9683,16.6667,7.8235,17.3849,0
12329578.1,8,,96,56,8,50.0,1.0,46.8683,16.6667,7.8568,17.3183,0
12331578.1,8,,96,56,8,50.0,1.0,46.7683,16.6667,7.8901,17.2516,0
12333578.1,8,,96,56,8,50.0,1.0,46.6683,16.6667,7.9235,17.1849,0
12335578.1,8,,96,56,8,50.0,1.0,46.5683,16.6667,7.9568,17.1183,0
12337578.1,8,,96,56,8,50.0,1.0,46.4683,16.6667,7.9901,17.0516,0
12339291.0,8,,96,56,8,50.0,1.0,46.3826,16.6667,8.0187,16.9945,0
12339578.1,8,,95,56,8,50.0,1.0,46.3683,16.8478,8.0235,16.9852,0
12341578.1,8,,95,56,8,50.0,1.0,46.2683,16.8478,8.0572,16.9203,0
12343578.1,8,,95,56,8,50.0,1.0,46.1683,16.8478,8.0909,16.8553,0
12345578.1,8,,95,56,8,50.0,1.0,46.0683,16.8478,8.1246,16.7904,0
12347578.1,8,,95,56,8,50.0,1.0,45.9683,16.8478,8.1583,16.7254,0
12349578.1,8,,95,56,8,50.0,1.0,45.8683,16.8478,8.192,16.6605,0
12351578.1,8,,95,56,8,50.0,1.0,45.7683,16.8478,8.2257,16.5956,0
12353578.1,8,,95,56,8,50.0,1.0,45.6683,16.8478,8.2594,16.5306,0
12355578.1,8,,95,56,8,50.0,1.0,45.5683,16.8478,8.2931,16.4657,0
12356248.5,8,,95,56,8,50.0,1.0,45.5348,16.8478,8.3044,16.4439,0
12357578.1,8,,94,56,8,50.0,1.0,45.4683,17.0455,8.327,16.402,0
12359578.1,8,,94,56,8,50.0,1.0,45.3683,17.0455,8.3611,16.339,0
12361578.1,8,,94,56,8,50.0,1.0,45.2683,17.0455,8.3952,16.276,0
12363578.1,8,,94,56,8,50.0,1.0,45.1683,17.0455,8.4293,16.2129,0
12365578.1,8,,94,56,8,50.0,1.0,45.0683,17.0455,8.4634,16.1499,0
12367578.1,8,,94,56,8,50.0,1.0,44.9683,17.0455,8.4975,16.0869,0
12369578.1,8,,94,56,8,50.0,1.0,44.8683,17.0455,8.5316,16.0238,0
12371578.1,8,,94,56,8,50.0,1.0,44.7683,17.0455,8.5657,15.9608,0
12373578.1,8,,94,56,8,50.0,1.0,44.6683,17.0455,8.5998,15.8978,0
12375578.1,8,,94,56,8,50.0,1.0,44.5683,17.0455,8.6339,15.8348,0
12377578.1,8,,94,56,8,50.0,1.0,44.4683,17.0455,8.6679,15.7717,0
12379578.1,8,,94,56,8,50.0,1.0,44.3683,17.0455,8.702,15.7087,0
12381578.1,8,,94,56,8,50.0,1.0,44.2683,17.0455,8.7361,15.6457,0
12383578.1,8,,94,56,8,50.0,1.0,44.1683,17.0455,8.7702,15.5826,0
12385578.1,8,,94,56,8,50.0,1.0,44.0683,17.0455,8.8043,15.5196,0
12387578.1,8,,94,56,8,50.0,1.0,43.9683,17.0455,8.8384,15.4566,0
12389578.1,8,,94,56,8,50.0,1.0,43.8683,17.0455,8.8725,15.3935,0
12391578.1,8,,94,56,8,50.0,1.0,43.7683,17.0455,8.9066,15.3305,0
12393578.1,8,,94,56,8,50.0,1.0,43.6683,17.0455,8.9407,15.2675,0
12394095.5,8,,94,56,8,50.0,1.0,43.6424,17.0455,8.9495,15.2512,0
12395578.1,8,,93,56,8,50.0,1.0,43.5683,17.2619,8.9751,15.206,0
12397578.1,8,,93,56,8,50.0,1.0,43.4683,17.2619,9.0096,15.1451,0
12399578.1,8,,93,56,8,50.0,1.0,43.3683,17.2619,9.0441,15.0842,0
12401578.1,8,,93,56,8,50.0,1.0,43.2683,17.2619,9.0787,15.0233,0
12402059.9,8,,93,56,8,50.0,1.0,43.2442,17.2619,9.087,15.0086,0
12403578.1,8,,92,56,8,50.0,1.0,43.1683,17.4431,9.1135,14.9626,0
12405578.1,8,,92,56,8,50.0,1.0,43.0683,17.4431,9.1483,14.9019,0
12407578.1,8,,92,56,8,50.0,1.0,42.9683,17.4431,9.1832,14.8413,0
12408731.9,8,,92,56,8,50.0,1.0,42.9106,17.4431,9.2034,14.8063,0
12409578.1,8,,91,56,8,50.0,1.0,42.8683,17.6242,9.2183,14.7808,0
12409897.0,8,,91,56,8,50.0,1.0,42.8524,17.6242,9.2239,14.7712,0
12411578.1,8,,90,56,8,50.0,1.0,42.7683,17.8054,9.2538,14.7207,0
12412500.2,8,,90,56,8,50.0,1.0,42.7222,17.8054,9.2702,14.693,0
12413578.1,8,,89,56,8,50.0,1.0,42.6683,18.003,9.2896,14.6607,0
12415578.1,8,,89,56,8,50.0,1.0,42.5683,18.003,9.3257,14.6009,0
12417433.6,8,,89,56,8,50.0,1.0,42.4755,18.003,9.3591,14.5455,0
12417578.1,8,,88,56,8,50.0,1.0,42.4683,18.2006,9.3617,14.5412,0
12417906.9,8,,88,56,8,50.0,1.0,42.4519,18.2006,9.3677,14.5314,0
12419578.1,8,,87,56,8,50.0,1.0,42.3683,18.4171,9.3984,14.4819,0
12421578.1,8,,87,56,8,50.0,1.0,42.2683,18.4171,9.4353,14.4228,0
12422785.7,8,,87,56,8,50.0,1.0,42.2079,18.4171,9.4575,14.387,0
12422840.3,8,,86,56,8,50.0,1.0,42.2052,18.6147,9.4585,14.3854,0
12423578.1,8,,85,56,8,50.0,1.0,42.1683,18.8312,9.4724,14.3638,0
12425578.1,8,,85,56,8,50.0,1.0,42.0683,18.8312,9.5101,14.3052,0
12427578.1,8,,85,56,8,50.0,1.0,41.9683,18.8312,9.5478,14.2465,0
12429578.1,8,,85,56,8,50.0,1.0,41.8683,18.8312,9.5854,14.1879,0
12431578.1,8,,85,56,8,50.0,1.0,41.7683,18.8312,9.6231,14.1293,0
12433389.8,8,,85,56,8,50.0,1.0,41.6777,18.8312,9.6572,14.0762,0
12433578.1,8,,84,56,8,50.0,1.0,41.6683,19.0693,9.6608,14.0707,0
12435578.1,8,,84,56,8,50.0,1.0,41.5683,19.0693,9.6989,14.0124,0
12437578.1,8,,84,56,8,50.0,1.0,41.4683,19.0693,9.7371,13.9541,0
12439578.1,8,,84,56,8,50.0,1.0,41.3683,19.0693,9.7752,13.8958,0
12441578.1,8,,84,56,8,50.0,1.0,41.2683,19.0693,9.8133,13.8375,0
12443578.1,8,,84,56,8,50.0,1.0,41.1683,19.0693,9.8515,13.7792,0
12443984.8,8,,84,56,8,50.0,1.0,41.148,19.0693,9.8592,13.7673,0
12445578.1,8,,83,56,8,50.0,1.0,41.0683,19.3074,9.89,13.7228,0
12447261.6,8,,83,56,8,50.0,1.0,40.9841,19.3074,9.9225,13.6757,0
12447578.1,8,,82,56,8,50.0,1.0,40.9683,19.5705,9.9287,13.6673,0
12448017.1,8,,82,56,8,50.0,1.0,40.9463,19.5705,9.9373,13.6556,0
12449578.1,8,,81,56,8,50.0,1.0,40.8683,19.787,9.9682,13.6143,0
12451412.2,8,,81,56,8,50.0,1.0,40.7766,19.787,10.0045,13.5658,0
12451578.1,8,,80,56,8,50.0,1.0,40.7683,20.0501,10.0078,13.5615,0
12453578.1,8,,80,56,8,50.0,1.0,40.6683,20.0501,10.0479,13.5089,0
12455578.1,8,,80,56,8,50.0,1.0,40.5683,20.0501,10.088,13.4563,0
12457578.1,8,,80,56,8,50.0,1.0,40.4683,20.0501,10.1281,13.4038,0
12459578.1,8,,80,56,8,50.0,1.0,40.3683,20.0501,10.1682,13.3512,0
12461578.1,8,,80,56,8,50.0,1.0,40.2683,20.0501,10.2083,13.2986,0
12463578.1,8,,80,56,8,50.0,1.0,40.1683,20.0501,10.2484,13.2461,0
12465578.1,8,,80,56,8,50.0,1.0,40.0683,20.0501,10.2885,13.1935,0
12467578.1,8,,80,56,8,50.0,1.0,39.9683,20.0501,10.3286,13.1409,0
12469578.1,8,,80,56,8,50.0,1.0,39.8683,20.0501,10.3687,13.0884,0
12471009.3,8,,80,56,8,50.0,1.0,39.7967,20.0501,10.3974,13.0508,0
12471578.1,8,,79,56,8,50.0,1.0,39.7683,20.2882,10.4089,13.0359,0
12473578.1,8,,79,56,8,50.0,1.0,39.6683,20.2882,10.4495,12.9836,0
12475578.1,8,,79,56,8,50.0,1.0,39.5683,20.2882,10.4901,12.9314,0
12477578.1,8,,79,56,8,50.0,1.0,39.4683,20.2882,10.5307,12.8791,0
12479578.1,8,,79,56,8,50.0,1.0,39.3683,20.2882,10.5712,12.8269,0
12481578.1,8,,79,56,8,50.0,1.0,39.2683,20.2882,10.6118,12.7746,0
12482423.5,8,,79,56,8,50.0,1.0,39.226,20.2882,10.629,12.7525,0
12483578.1,8,,78,56,8,50.0,1.0,39.1683,20.5263,10.6527,12.7225,0
12485578.1,8,,78,56,8,50.0,1.0,39.0683,20.5263,10.6937,12.6706,0
12487578.1,8,,78,56,8,50.0,1.0,38.9683,20.5263,10.7348,12.6186,0
12489578.1,8,,78,56,8,50.0,1.0,38.8683,20.5263,10.7758,12.5666,0
12491578.1,8,,78,56,8,50.0,1.0,38.7683,20.5263,10.8169,12.5147,0
12492253.9,8,,78,56,8,50.0,1.0,38.7345,20.5263,10.8307,12.4971,0
12493578.1,8,,77,56,8,50.0,1.0,38.6683,20.7895,10.8583,12.463,0
12495578.1,8,,77,56,8,50.0,1.0,38.5683,20.7895,10.8999,12.4113,0
12495585.3,8,,77,56,8,50.0,1.0,38.5679,20.7895,10.9,12.4111,0
12497578.1,8,,76,56,8,50.0,1.0,38.4683,21.0526,10.942,12.36,0
12499578.1,8,,76,56,8,50.0,1.0,38.3683,21.0526,10.9841,12.3087,0
12501578.1,8,,76,56,8,50.0,1.0,38.2683,21.0526,11.0262,12.2574,0
12503578.1,8,,76,56,8,50.0,1.0,38.1683,21.0526,11.0683,12.2061,0
12505578.1,8,,76,56,8,50.0,1.0,38.0683,21.0526,11.1104,12.1547,0
12507578.1,8,,76,56,8,50.0,1.0,37.9683,21.0526,11.1525,12.1034,0
12509578.1,8,,76,56,8,50.0,1.0,37.8683,21.0526,11.1946,12.0521,0
12511578.1,8,,76,56,8,50.0,1.0,37.7683,21.0526,11.2367,12.0008,0
12513578.1,8,,76,56,8,50.0,1.0,37.6683,21.0526,11.2788,11.9495,0
12515578.1,8,,76,56,8,50.0,1.0,37.5683,21.0526,11.3209,11.8982,0
12516784.4,8,,76,56,8,50.0,1.0,37.508,21.0526,11.3463,11.8672,0
12517578.1,8,,75,56,8,50.0,1.0,37.4683,21.345,11.3632,11.847,0
12519578.1,8,,75,56,8,50.0,1.0,37.3683,21.345,11.4059,11.796,0
12521578.1,8,,75,56,8,50.0,1.0,37.2683,21.345,11.4486,11.745,0
12523578.1,8,,75,56,8,50.0,1.0,37.1683,21.345,11.4913,11.6941,0
12524939.9,8,,75,56,8,50.0,1.0,37.1002,21.345,11.5204,11.6594,0
12525578.1,8,,74,56,8,50.0,1.0,37.0683,21.6374,11.5342,11.6432,0
12527578.1,8,,74,56,8,50.0,1.0,36.9683,21.6374,11.5775,11.5926,0
12528198.5,8,,74,56,8,50.0,1.0,36.9373,21.6374,11.5909,11.5768,0
12529578.1,8,,73,56,8,50.0,1.0,36.8683,21.9298,11.6211,11.544,0
12531578.1,8,,73,56,8,50.0,1.0,36.7683,21.9298,11.665,11.4965,0
12533578.1,8,,73,56,8,50.0,1.0,36.6683,21.9298,11.7089,11.4489,0
12534479.1,8,,73,56,8,50.0,1.0,36.6232,21.9298,11.7286,11.4275,0
12535578.1,8,,72,56,7,50.0,1.0,36.5683,19.3154,10.2753,11.4016,0
12536053.8,8,,72,56,7,50.0,1.0,36.5445,19.3154,10.2845,11.3904,0
12537578.1,8,,71,56,7,50.0,1.0,36.4683,19.6078,10.3144,11.3546,0
12539578.1,8,,71,56,7,50.0,1.0,36.3683,19.6078,10.3536,11.3078,0
12541442.3,8,,71,56,7,50.0,1.0,36.2751,19.6078,10.3901,11.2641,0
12541578.1,8,,70,56,7,50.0,1.0,36.2683,19.7917,10.3928,11.2609,0
12543578.1,8,,70,56,7,50.0,1.0,36.1683,19.7917,10.4324,11.2145,0
12545578.1,8,,70,56,7,50.0,1.0,36.0683,19.7917,10.472,11.168,0
12547578.1,8,,70,56,7,50.0,1.0,35.9683,19.7917,10.5116,11.1216,0
12549578.1,8,,70,56,7,50.0,1.0,35.8683,19.7917,10.5512,11.0751,0
12551578.1,8,,70,56,7,50.0,1.0,35.7683,19.7917,10.5907,11.0286,0
12553578.1,8,,70,56,7,50.0,1.0,35.6683,19.7917,10.6303,10.9822,0
12555578.1,8,,70,56,7,50.0,1.0,35.5683,19.7917,10.6699,10.9357,0
12557578.1,8,,70,56,7,50.0,1.0,35.4683,19.7917,10.7095,10.8892,0
12559578.1,8,,70,56,7,50.0,1.0,35.3683,19.7917,10.7491,10.8428,0
12561578.1,8,,70,56,7,50.0,1.0,35.2683,19.7917,10.7887,10.7963,0
12563578.1,8,,70,56,7,50.0,1.0,35.1683,19.7917,10.8282,10.7498,0
12565578.1,8,,70,56,7,50.0,1.0,35.0683,19.7917,10.8678,10.7034,0
12567578.1,8,,70,56,7,50.0,1.0,34.9683,19.7917,10.9074,10.6569,0
12569578.1,8,,70,56,7,50.0,1.0,34.8683,19.7917,10.947,10.6104,0
12571578.1,8,,70,56,7,50.0,1.0,34.7683,19.7917,10.9866,10.564,0
12573578.1,8,,70,56,7,50.0,1.0,34.6683,19.7917,11.0262,10.5175,0
12575578.1,8,,70,56,7,50.0,1.0,34.5683,19.7917,11.0657,10.471,0
12577578.1,8,,70,56,7,50.0,1.0,34.4683,19.7917,11.1053,10.4246,0
12579578.1,8,,70,56,7,50.0,1.0,34.3683,19.7917,11.1449,10.3781,0
12581578.1,8,,70,56,7,50.0,1.0,34.2683,19.7917,11.1845,10.3317,0
12583578.1,8,,70,56,7,50.0,1.0,34.1683,19.7917,11.2241,10.2852,0
12583922.3,8,,70,56,7,50.0,1.0,34.1511,19.7917,11.2309,10.2772,0
12585578.1,8,,69,56,7,50.0,1.0,34.0683,20.1185,11.2642,10.239,0
12587578.1,8,,69,56,7,50.0,1.0,33.9683,20.1185,11.3044,10.1929,0
12589578.1,8,,69,56,7,50.0,1.0,33.8683,20.1185,11.3447,10.1468,0
12589938.9,8,,69,56,7,50.0,1.0,33.8503,20.1185,11.3519,10.1384,0
12591578.1,8,,68,56,6,50.0,1.0,33.7683,16.9935,9.7332,10.101,0
12593578.1,8,,68,56,6,50.0,1.0,33.6683,16.9935,9.7672,10.0553,0
12595578.1,8,,68,56,6,50.0,1.0,33.5683,16.9935,9.8012,10.0096,0
12596510.7,8,,68,56,6,50.0,1.0,33.5217,16.9935,9.817,9.9883,0
12597578.1,8,,67,56,6,50.0,1.0,33.4683,17.3203,9.8355,9.964,0
12599578.1,8,,67,56,6,50.0,1.0,33.3683,17.3203,9.8701,9.9187,0
12601578.1,8,,67,56,6,50.0,1.0,33.2683,17.3203,9.9048,9.8733,0
12603578.1,8,,67,56,6,50.0,1.0,33.1683,17.3203,9.9394,9.8279,0
12605578.1,8,,67,56,6,50.0,1.0,33.0683,17.3203,9.9741,9.7825,0
12607578.1,8,,67,56,6,50.0,1.0,32.9683,17.3203,10.0087,9.7371,0
12609578.1,8,,67,56,6,50.0,1.0,32.8683,17.3203,10.0433,9.6917,0
12611578.1,8,,67,56,6,50.0,1.0,32.7683,17.3203,10.078,9.6464,0
12613578.1,8,,67,56,6,50.0,1.0,32.6683,17.3203,10.1126,9.601,0
12615578.1,8,,67,56,6,50.0,1.0,32.5683,17.3203,10.1473,9.5556,0
12617578.1,8,,67,56,6,50.0,1.0,32.4683,17.3203,10.1819,9.5102,0
12619578.1,8,,67,56,6,50.0,1.0,32.3683,17.3203,10.2166,9.4648,0
12621578.1,8,,67,56,6,50.0,1.0,32.2683,17.3203,10.2512,9.4194,0
12623578.1,8,,67,56,6,50.0,1.0,32.1683,17.3203,10.2858,9.3741,0
12625578.1,8,,67,56,6,50.0,1.0,32.0683,17.3203,10.3205,9.3287,0
12627578.1,8,,67,56,6,50.0,1.0,31.9683,17.3203,10.3551,9.2833,0
12628468.6,8,,67,56,6,50.0,1.0,31.9238,17.3203,10.3705,9.2631,0
12629578.1,8,,66,56,6,50.0,1.0,31.8683,17.6471,10.3901,9.2399,0
12630489.3,8,,66,56,6,50.0,1.0,31.8227,17.6471,10.4062,9.2208,0
12631578.1,8,,65,56,6,50.0,1.0,31.7683,17.6471,10.4254,9.1983,0
12633578.1,8,,65,56,6,50.0,1.0,31.6683,17.6471,10.4607,9.1569,0
12635578.1,8,,65,56,6,50.0,1.0,31.5683,17.6471,10.496,9.1155,0
12637578.1,8,,65,56,6,50.0,1.0,31.4683,17.6471,10.5313,9.0742,0
12639578.1,8,,65,56,6,50.0,1.0,31.3683,17.6471,10.5666,9.0328,0
12641578.1,8,,65,56,6,50.0,1.0,31.2683,17.6471,10.6019,8.9914,0
12643578.1,8,,65,56,6,50.0,1.0,31.1683,17.6471,10.6372,8.95,0
12645198.5,8,,65,56,6,50.0,1.0,31.0873,17.6471,10.6658,8.9165,0
12645578.1,8,,64,56,5,50.0,1.0,31.0683,14.8897,8.9019,8.9087,0
12647578.1,8,,64,56,5,50.0,1.0,30.9683,14.8897,8.9317,8.8677,0
12649578.1,8,,64,56,5,50.0,1.0,30.8683,14.8897,8.9615,8.8267,0
12650823.7,8,,64,56,5,50.0,1.0,30.806,14.8897,8.9801,8.8011,0
12651578.1,8,,63,56,4,50.0,1.0,30.7683,12.1324,7.1993,8.7858,0
12653578.1,8,,63,56,4,50.0,1.0,30.6683,12.1324,7.2235,8.7451,0
12655578.1,8,,63,56,4,50.0,1.0,30.5683,12.1324,7.2478,8.7044,0
12657578.1,8,,63,56,4,50.0,1.0,30.4683,12.1324,7.272,8.6637,0
12659578.1,8,,63,56,4,50.0,1.0,30.3683,12.1324,7.2963,8.623,0
12661578.1,8,,63,56,4,50.0,1.0,30.2683,12.1324,7.3206,8.5823,0
12663578.1,8,,63,56,4,50.0,1.0,30.1683,12.1324,7.3448,8.5416,0
12665578.1,8,,63,56,4,50.0,1.0,30.0683,12.1324,7.3691,8.5009,0
12667578.1,8,,63,56,4,50.0,1.0,29.9683,12.1324,7.3934,8.4602,0
12669578.1,8,,63,56,4,50.0,1.0,29.8683,12.1324,7.4176,8.4195,0
12671578.1,8,,63,56,4,50.0,1.0,29.7683,12.1324,7.4419,8.3788,0
12673578.1,8,,63,56,4,50.0,1.0,29.6683,12.1324,7.4662,8.3382,0
12673885.1,8,,63,56,4,50.0,1.0,29.6529,12.1324,7.4699,8.3319,0
12675578.1,8,,62,55,4,50.0,1.0,29.5683,12.1324,7.4904,8.2975,0
12677578.1,8,,62,55,4,50.0,1.0,29.4683,12.1324,7.5147,8.2568,0
12679578.1,8,,62,55,4,50.0,1.0,29.3683,12.1324,7.539,8.2161,0
12681578.1,8,,62,55,4,50.0,1.0,29.2683,12.1324,7.5632,8.1754,0
12683578.1,8,,62,55,4,50.0,1.0,29.1683,12.1324,7.5875,8.1347,0
12685578.1,8,,62,55,4,50.0,1.0,29.0683,12.1324,7.6118,8.094,0
12687578.1,8,,62,55,4,50.0,1.0,28.9683,12.1324,7.636,8.0533,0
12689578.1,8,,62,55,4,50.0,1.0,28.8683,12.1324,7.6603,8.0126,0
12690145.3,8,,62,55,4,50.0,1.0,28.8399,12.1324,7.6672,8.0011,0
12691578.1,8,,61,55,4,50.0,1.0,28.7683,12.3407,7.6848,7.9722,0
12693578.1,8,,61,55,4,50.0,1.0,28.6683,12.3407,7.7095,7.9319,0
12695005.9,8,,61,55,4,50.0,1.0,28.5969,12.3407,7.7271,7.9031,0
12695578.1,8,,59,55,3,50.0,1.0,28.5683,9.2157,5.8073,7.8918,0
12697578.1,8,,59,55,3,50.0,1.0,28.4683,9.2157,5.8257,7.8522,0
12699578.1,8,,59,55,3,50.0,1.0,28.3683,9.2157,5.8442,7.8126,0
12701578.1,8,,59,55,3,50.0,1.0,28.2683,9.2157,5.8626,7.7731,0
12703578.1,8,,59,55,3,50.0,1.0,28.1683,9.2157,5.881,7.7335,0
12705578.1,8,,59,55,3,50.0,1.0,28.0683,9.2157,5.8995,7.6939,0
12706456.5,8,,59,55,3,50.0,1.0,28.0244,9.2157,5.9076,7.6765,0
12707578.1,8,,58,55,3,50.0,1.0,27.9683,9.5833,5.9183,7.6566,0
12709578.1,8,,58,55,3,50.0,1.0,27.8683,9.5833,5.9375,7.6212,0
12710388.6,8,,58,55,3,50.0,1.0,27.8278,9.5833,5.9452,7.6068,0
12711578.1,8,,57,55,2,50.0,1.0,27.7683,6.6667,3.9707,7.5885,0
12713578.1,8,,57,55,2,50.0,1.0,27.6683,6.6667,3.984,7.5577,0
12715578.1,8,,57,55,2,50.0,1.0,27.5683,6.6667,3.9974,7.5269,0
12717578.1,8,,57,55,2,50.0,1.0,27.4683,6.6667,4.0107,7.4961,0
12719100.7,8,,57,55,2,50.0,1.0,27.3922,6.6667,4.0209,7.4726,0
12719578.1,8,,56,54,2,50.0,1.0,27.3683,6.9048,4.0242,7.4652,0
12721578.1,8,,56,54,2,50.0,1.0,27.2683,6.9048,4.038,7.4344,0
12723578.1,8,,56,54,2,50.0,1.0,27.1683,6.9048,4.0518,7.4036,0
12725578.1,8,,56,54,2,50.0,1.0,27.0683,6.9048,4.0656,7.3727,0
12727578.1,8,,56,54,2,50.0,1.0,26.9683,6.9048,4.0794,7.3419,0
12729578.1,8,,56,54,2,50.0,1.0,26.8683,6.9048,4.0932,7.3111,0
12730441.4,8,,56,54,2,50.0,1.0,26.8251,6.9048,4.0992,7.2978,0
12731578.1,8,,55,53,2,50.0,1.0,26.7683,7.1429,4.1073,7.28,0
12733578.1,8,,55,53,2,50.0,1.0,26.6683,7.1429,4.1216,7.2488,0
12735578.1,8,,55,53,2,50.0,1.0,26.5683,7.1429,4.1358,7.2176,0
12737578.1,8,,55,53,2,50.0,1.0,26.4683,7.1429,4.1501,7.1864,0
12739578.1,8,,55,53,2,50.0,1.0,26.3683,7.1429,4.1644,7.1552,0
12741578.1,8,,55,53,2,50.0,1.0,26.2683,7.1429,4.1787,7.1239,0
12743578.1,8,,55,53,2,50.0,1.0,26.1683,7.1429,4.193,7.0927,0
12745578.1,8,,55,53,2,50.0,1.0,26.0683,7.1429,4.2073,7.0615,0
12747578.1,8,,55,53,2,50.0,1.0,25.9683,7.1429,4.2216,7.0303,0
12749578.1,8,,55,53,2,50.0,1.0,25.8683,7.1429,4.2358,6.9991,0
12751578.1,8,,55,53,2,50.0,1.0,25.7683,7.1429,4.2501,6.9679,0
12753578.1,8,,55,53,2,50.0,1.0,25.6683,7.1429,4.2644,6.9366,0
12755578.1,8,,55,53,2,50.0,1.0,25.5683,7.1429,4.2787,6.9054,0
12757578.1,8,,55,53,2,50.0,1.0,25.4683,7.1429,4.293,6.8794,0
12759578.1,8,,55,53,2,50.0,1.0,25.3683,7.1429,4.3073,6.8535,0
12761578.1,8,,55,53,2,50.0,1.0,25.2683,7.1429,4.3216,6.8276,0
12763578.1,8,,55,53,2,50.0,1.0,25.1683,7.1429,4.3358,6.8017,0
12765578.1,8,,55,53,2,50.0,1.0,25.0683,7.1429,4.3501,6.7757,0
12767578.1,8,,55,53,2,50.0,1.0,24.9683,7.1429,4.3644,6.7498,0
12769578.1,8,,55,53,2,50.0,1.0,24.8683,7.1429,4.3787,6.7239,0
12771578.1,8,,55,53,2,50.0,1.0,24.7683,7.1429,4.393,6.698,0
12773578.1,8,,55,53,2,50.0,1.0,24.6683,7.1429,4.4073,6.672,0
12775578.1,8,,55,53,2,50.0,1.0,24.5683,7.1429,4.4216,6.6461,0
12777578.1,8,,55,53,2,50.0,1.0,24.4683,7.1429,4.4358,6.6202,0
12779578.1,8,,55,53,2,50.0,1.0,24.3683,7.1429,4.4501,6.5943,0
12781578.1,8,,55,53,2,50.0,1.0,24.2683,7.1429,4.4644,6.5683,0
12783578.1,8,,55,53,2,50.0,1.0,24.1683,7.1429,4.4787,6.5424,0
12785578.1,8,,55,53,2,50.0,1.0,24.0683,7.1429,4.493,6.5165,0
12787578.1,8,,55,53,2,50.0,1.0,23.9683,7.1429,4.5073,6.4905,0
12789578.1,8,,55,53,2,50.0,1.0,23.8683,7.1429,4.5216,6.4646,0
12791578.1,8,,55,53,2,50.0,1.0,23.7683,7.1429,4.5358,6.4387,0
12793578.1,8,,55,53,2,50.0,1.0,23.6683,7.1429,4.5501,6.4128,0
12795578.1,8,,55,53,2,50.0,1.0,23.5683,7.1429,4.5644,6.3868,0
12797578.1,8,,55,53,2,50.0,1.0,23.4683,7.1429,4.5787,6.3609,0
12799578.1,8,,55,53,2,50.0,1.0,23.3683,7.1429,4.593,6.335,0
12801578.1,8,,55,53,2,50.0,1.0,23.2683,7.1429,4.6073,6.3091,0
12803578.1,8,,55,53,2,50.0,1.0,23.1683,7.1429,4.6216,6.2831,0
12805578.1,8,,55,53,2,50.0,1.0,23.0683,7.1429,4.6358,6.2572,0
12807578.1,8,,55,53,2,50.0,1.0,22.9683,7.1429,4.6501,6.2313,0
12809578.1,8,,55,53,2,50.0,1.0,22.8683,7.1429,4.6644,6.2054,0
12811578.1,8,,55,53,2,50.0,1.0,22.7683,7.1429,4.6787,6.1794,0
12812731.9,8,,55,53,2,50.0,1.0,22.7106,7.1429,4.6869,6.1645,0
12813578.1,8,,54,52,2,50.0,1.0,22.6683,7.1429,4.693,6.1535,0
12815578.1,8,,54,52,2,50.0,1.0,22.5683,7.1429,4.7073,6.1276,0
12817578.1,8,,54,52,2,50.0,1.0,22.4683,7.1429,4.7216,6.1017,0
12819578.1,8,,54,52,2,50.0,1.0,22.3683,7.1429,4.7358,6.0757,0
12821578.1,8,,54,52,2,50.0,1.0,22.2683,7.1429,4.7501,6.0498,0
12823578.1,8,,54,52,2,50.0,1.0,22.1683,7.1429,4.7644,6.0239,0
12823957.5,8,,54,52,2,50.0,1.0,22.1493,7.1429,4.7671,6.019,0
12825578.1,8,,53,51,2,50.0,1.0,22.0683,7.1429,4.7787,5.998,0
12827578.1,8,,53,51,2,50.0,1.0,21.9683,7.1429,4.793,5.972,0
12829578.1,8,,53,51,2,50.0,1.0,21.8683,7.1429,4.8073,5.9461,0
12831578.1,8,,53,51,2,50.0,1.0,21.7683,7.1429,4.8216,5.9202,0
12833578.1,8,,53,51,2,50.0,1.0,21.6683,7.1429,4.8358,5.8943,0
12835578.1,8,,53,51,2,50.0,1.0,21.5683,7.1429,4.8501,5.8683,0
12837578.1,8,,53,51,2,50.0,1.0,21.4683,7.1429,4.8644,5.8424,0
12839578.1,8,,53,51,2,50.0,1.0,21.3683,7.1429,4.8787,5.8165,0
12841578.1,8,,53,51,2,50.0,1.0,21.2683,7.1429,4.893,5.7905,0
12843578.1,8,,53,51,2,50.0,1.0,21.1683,7.1429,4.9073,5.7646,0
12845578.1,8,,53,51,2,50.0,1.0,21.0683,7.1429,4.9216,5.7387,0
12847578.1,8,,53,51,2,50.0,1.0,20.9683,7.1429,4.9358,5.7128,0
12849578.1,8,,53,51,2,50.0,1.0,20.8683,7.1429,4.9501,5.6868,0
12851578.1,8,,53,51,2,50.0,1.0,20.7683,7.1429,4.9644,5.6609,0
12853578.1,8,,53,51,2,50.0,1.0,20.6683,7.1429,4.9787,5.635,0
12855578.1,8,,53,51,2,50.0,1.0,20.5683,7.1429,4.993,5.6091,0
12857578.1,8,,53,51,2,50.0,1.0,20.4683,7.1429,5.0073,5.5831,0
12859578.1,8,,53,51,2,50.0,1.0,20.3683,7.1429,5.0216,5.5572,0
12861578.1,8,,53,51,2,50.0,1.0,20.2683,7.1429,5.0358,5.5313,0
12863578.1,8,,53,51,2,50.0,1.0,20.1683,7.1429,5.0501,5.5054,0
12865578.1,8,,53,51,2,50.0,1.0,20.0683,7.1429,5.0644,5.4794,0
12867578.1,8,,53,51,2,50.0,1.0,19.9683,7.1429,5.0787,5.4535,0
12869578.1,8,,53,51,2,50.0,1.0,19.8683,7.1429,5.093,5.4276,0
12871578.1,8,,53,51,2,50.0,1.0,19.7683,7.1429,5.1073,5.4017,0
12873249.9,8,,53,51,2,50.0,1.0,19.6847,7.1429,5.1192,5.38,0
12873578.1,8,,52,50,2,50.0,1.0,19.6683,7.1429,5.1216,5.3757,0
12875578.1,8,,52,50,2,50.0,1.0,19.5683,7.1429,5.1358,5.3498,0
12877578.1,8,,52,50,2,50.0,1.0,19.4683,7.1429,5.1501,5.3239,0
12879578.1,8,,52,50,2,50.0,1.0,19.3683,7.1429,5.1644,5.298,0
12881578.1,8,,52,50,2,50.0,1.0,19.2683,7.1429,5.1787,5.272,0
12883578.1,8,,52,50,2,50.0,1.0,19.1683,7.1429,5.193,5.2461,0
12885578.1,8,,52,50,2,50.0,1.0,19.0683,7.1429,5.2073,5.2202,0
12885898.4,8,,52,50,2,50.0,1.0,19.0523,7.1429,5.2096,5.216,0
12887578.1,8,,51,50,1,50.0,1.0,18.9683,3.5714,2.6105,5.1946,0
12889578.1,8,,51,50,1,50.0,1.0,18.8683,3.5714,2.6177,5.1692,0
12891578.1,8,,51,50,1,50.0,1.0,18.7683,3.5714,2.6248,5.1437,0
12893578.1,8,,51,50,1,50.0,1.0,18.6683,3.5714,2.6319,5.1183,0
12895578.1,8,,51,50,1,50.0,1.0,18.5683,3.5714,2.6391,5.0928,0
12897578.1,8,,51,50,1,50.0,1.0,18.4683,3.5714,2.6462,5.0674,0
12899578.1,8,,51,50,1,50.0,1.0,18.3683,3.5714,2.6534,5.0419,0
12901578.1,8,,51,50,1,50.0,1.0,18.2683,3.5714,2.6605,5.0165,0
12903578.1,8,,51,50,1,50.0,1.0,18.1683,3.5714,2.6677,4.991,0
12903878.3,8,,51,50,1,50.0,1.0,18.1533,3.5714,2.6687,4.9872,0
12904876.7,8,,50,49,1,50.0,1.0,18.1034,3.5714,2.6723,4.9745,0
12905578.1,8,,49,48,1,50.0,1.0,18.0683,3.5714,2.6748,4.9656,0
12907578.1,8,,49,48,1,50.0,1.0,17.9683,3.5714,2.6819,4.9401,0
12909578.1,8,,49,48,1,50.0,1.0,17.8683,3.5714,2.6891,4.9146,0
12911313.3,8,,49,48,1,50.0,1.0,17.7815,3.5714,2.6953,4.8926,0
12911578.1,8,,48,47,1,50.0,1.0,17.7683,3.5714,2.6962,4.8892,0
12911602.1,8,,48,47,1,50.0,1.0,17.7671,3.5714,2.6963,4.8889,0
12913578.1,8,,47,46,1,50.0,1.0,17.6683,3.5714,2.7034,4.8637,0
12915578.1,8,,47,46,1,50.0,1.0,17.5683,3.5714,2.7105,4.8383,0
12917578.1,8,,47,46,1,50.0,1.0,17.4683,3.5714,2.7177,4.8128,0
12919578.1,8,,47,46,1,50.0,1.0,17.3683,3.5714,2.7248,4.7874,0
12920457.6,8,,47,46,1,50.0,1.0,17.3243,3.5714,2.7279,4.7762,0
12921578.1,8,,46,46,0,50.0,1.0,17.2683,0,0.0,4.7622,0
12923578.1,8,,46,46,0,50.0,1.0,17.1683,0,0.0,4.7372,0
12925578.1,8,,46,46,0,50.0,1.0,17.0683,0,0.0,4.7122,0
12925892.6,8,,46,46,0,50.0,1.0,17.0526,0,0.0,4.7082,0
12927578.1,8,,45,45,0,50.0,1.0,16.9683,0,0.0,4.6872,0
12929578.1,8,,45,45,0,50.0,1.0,16.8683,0,0.0,4.6622,0
12929776.9,8,,45,45,0,50.0,1.0,16.8584,0,0.0,4.6597,0
12931578.1,8,,44,44,0,50.0,1.0,16.7683,0,0.0,4.6372,0
12933578.1,8,,44,44,0,50.0,1.0,16.6683,0,0.0,4.6122,0
12935578.1,8,,44,44,0,50.0,1.0,16.5683,0,0.0,4.5872,0
12937188.8,8,,44,44,0,50.0,1.0,16.4878,0,0.0,4.567,0
12937578.1,8,,43,43,0,50.0,1.0,16.4683,0,0.0,4.5622,0
12939578.1,8,,43,43,0,50.0,1.0,16.3683,0,0.0,4.5372,0
12941573.4,8,,43,43,0,50.0,1.0,16.2685,0,0.0,4.5122,0
12941578.1,8,,42,42,0,50.0,1.0,16.2683,0,0.0,4.5122,0
12943578.1,8,,42,42,0,50.0,1.0,16.1683,0,0.0,4.4872,0
12945578.1,8,,42,42,0,50.0,1.0,16.0683,0,0.0,4.4622,0
12947578.1,8,,42,42,0,50.0,1.0,15.9683,0,0.0,4.4372,0
12949578.1,8,,42,42,0,50.0,1.0,15.8683,0,0.0,4.4122,0
12951578.1,8,,42,42,0,50.0,1.0,15.7683,0,0.0,4.3872,0
12953578.1,8,,42,42,0,50.0,1.0,15.6683,0,0.0,4.3622,0
12955578.1,8,,42,42,0,50.0,1.0,15.5683,0,0.0,4.3372,0
12957578.1,8,,42,42,0,50.0,1.0,15.4683,0,0.0,4.3122,0
12959578.1,8,,42,42,0,50.0,1.0,15.3683,0,0.0,4.2872,0
12961578.1,8,,42,42,0,50.0,1.0,15.2683,0,0.0,4.2622,0
12963578.1,8,,42,42,0,50.0,1.0,15.1683,0,0.0,4.2372,0
12965578.1,8,,42,42,0,50.0,1.0,15.0683,0,0.0,4.2122,0
12967578.1,8,,42,42,0,50.0,1.0,14.9683,0,0.0,4.1872,0
12968646.1,8,,42,42,0,50.0,1.0,14.9149,0,0.0,4.1738,0
12969578.1,8,,41,41,0,50.0,1.0,14.8683,0,0.0,4.1622,0
12971578.1,8,,41,41,0,50.0,1.0,14.7683,0,0.0,4.1372,0
12973578.1,8,,41,41,0,50.0,1.0,14.6683,0,0.0,4.1122,0
12975578.1,8,,41,41,0,50.0,1.0,14.5683,0,0.0,4.0872,0
12977578.1,8,,41,41,0,50.0,1.0,14.4683,0,0.0,4.0622,0
12977618.2,8,,41,41,0,50.0,1.0,14.4663,0,0.0,4.0617,0
12979578.1,8,,40,40,0,50.0,1.0,14.3683,0,0.0,4.0372,0
12981578.1,8,,40,40,0,50.0,1.0,14.2683,0,0.0,4.0122,0
12983530.7,8,,40,40,0,50.0,1.0,14.1707,0,0.0,3.9878,0
12983578.1,8,,39,39,0,50.0,1.0,14.1683,0,0.0,3.9872,0
12985578.1,8,,39,39,0,50.0,1.0,14.0683,0,0.0,3.9622,0
12987578.1,8,,39,39,0,50.0,1.0,13.9683,0,0.0,3.9372,0
12989578.1,8,,39,39,0,50.0,1.0,13.8683,0,0.0,3.9122,0
12991578.1,8,,39,39,0,50.0,1.0,13.7683,0,0.0,3.8872,0
12993578.1,8,,39,39,0,50.0,1.0,13.6683,0,0.0,3.8622,0
12995578.1,8,,39,39,0,50.0,1.0,13.5683,0,0.0,3.8372,0
12997279.0,8,,39,39,0,50.0,1.0,13.4833,0,0.0,3.8159,0
12997578.1,8,,38,38,0,50.0,1.0,13.4683,0,0.0,3.8122,0
12999578.1,8,,38,38,0,50.0,1.0,13.3683,0,0.0,3.7872,0
13001578.1,8,,38,38,0,50.0,1.0,13.2683,0,0.0,3.7622,0
13003578.1,8,,38,38,0,50.0,1.0,13.1683,0,0.0,3.7372,0
13005578.1,8,,38,38,0,50.0,1.0,13.0683,0,0.0,3.7122,0
13007578.1,8,,38,38,0,50.0,1.0,12.9683,0,0.0,3.6872,0
13009578.1,8,,38,38,0,50.0,1.0,12.8683,0,0.0,3.6622,0
13011578.1,8,,38,38,0,50.0,1.0,12.7683,0,0.0,3.6372,0
13013578.1,8,,38,38,0,50.0,1.0,12.6683,0,0.0,3.6122,0
13015578.1,8,,38,38,0,50.0,1.0,12.5683,0,0.0,3.5872,0
13017578.1,8,,38,38,0,50.0,1.0,12.4683,0,0.0,3.5622,0
13017643.0,8,,38,38,0,50.0,1.0,12.465,0,0.0,3.5614,0
13017922.8,8,,37,37,0,50.0,1.0,12.4511,0,0.0,3.5579,0
13019578.1,8,,36,36,0,50.0,1.0,12.3683,0,0.0,3.5372,0
13021578.1,8,,36,36,0,50.0,1.0,12.2683,0,0.0,3.5122,0
13023578.1,8,,36,36,0,50.0,1.0,12.1683,0,0.0,3.4872,0
13025578.1,8,,36,36,0,50.0,1.0,12.0683,0,0.0,3.4622,0
13026129.1,8,,36,36,0,50.0,1.0,12.0407,0,0.0,3.4553,0
13026317.8,8,,35,35,0,50.0,1.0,12.0313,0,0.0,3.4529,0
13027578.1,8,,34,34,0,50.0,1.0,11.9683,0,0.0,3.4372,0
13029578.1,8,,34,34,0,50.0,1.0,11.8683,0,0.0,3.4122,0
13031578.1,8,,34,34,0,50.0,1.0,11.7683,0,0.0,3.3872,0
13033578.1,8,,34,34,0,50.0,1.0,11.6683,0,0.0,3.3622,0
13035578.1,8,,34,34,0,50.0,1.0,11.5683,0,0.0,3.3372,0
13037578.1,8,,34,34,0,50.0,1.0,11.4683,0,0.0,3.3122,0
13039578.1,8,,34,34,0,50.0,1.0,11.3683,0,0.0,3.2872,0
13041578.1,8,,34,34,0,50.0,1.0,11.2683,0,0.0,3.2622,0
13043578.1,8,,34,34,0,50.0,1.0,11.1683,0,0.0,3.2372,0
13043823.9,8,,34,34,0,50.0,1.0,11.156,0,0.0,3.2341,0
13045578.1,8,,33,33,0,50.0,1.0,11.0683,0,0.0,3.2122,0
13047578.1,8,,33,33,0,50.0,1.0,10.9683,0,0.0,3.1872,0
13049255.4,8,,33,33,0,50.0,1.0,10.8844,0,0.0,3.1662,0
13049578.1,8,,32,32,0,50.0,1.0,10.8683,0,0.0,3.1622,0
13051578.1,8,,32,32,0,50.0,1.0,10.7683,0,0.0,3.1372,0
13053578.1,8,,32,32,0,50.0,1.0,10.6683,0,0.0,3.1122,0
13055578.1,8,,32,32,0,50.0,1.0,10.5683,0,0.0,3.0872,0
13056637.0,8,,32,32,0,50.0,1.0,10.5154,0,0.0,3.0739,0
13057578.1,8,,31,31,0,50.0,1.0,10.4683,0,0.0,3.0622,0
13059578.1,8,,31,31,0,50.0,1.0,10.3683,0,0.0,3.0372,0
13061051.9,8,,31,31,0,50.0,1.0,10.2946,0,0.0,3.0188,0
13061578.1,8,,30,30,0,50.0,1.0,10.2683,0,0.0,3.0122,0
13063578.1,8,,30,30,0,50.0,1.0,10.1683,0,0.0,2.9872,0
13065578.1,8,,30,30,0,50.0,1.0,10.0683,0,0.0,2.9622,0
13067578.1,8,,30,30,0,50.0,1.0,9.9683,0,0.0,2.9372,0
13069578.1,8,,30,30,0,50.0,1.0,9.8683,0,0.0,2.9122,0
13071578.1,8,,30,30,0,50.0,1.0,9.7683,0,0.0,2.8872,0
13072365.6,8,,30,30,0,50.0,1.0,9.7289,0,0.0,2.8773,0
13073578.1,8,,29,29,0,50.0,1.0,9.6683,0,0.0,2.8622,0
13075578.1,8,,29,29,0,50.0,1.0,9.5683,0,0.0,2.8372,0
13077578.1,8,,29,29,0,50.0,1.0,9.4683,0,0.0,2.8122,0
13079578.1,8,,29,29,0,50.0,1.0,9.3683,0,0.0,2.7872,0
13080557.6,8,,29,29,0,50.0,1.0,9.3193,0,0.0,2.7749,0
13081578.1,8,,28,28,0,50.0,1.0,9.2683,0,0.0,2.7622,0
13081868.3,8,,28,28,0,50.0,1.0,9.2538,0,0.0,2.7585,0
13083578.1,8,,27,27,0,50.0,1.0,9.1683,0,0.0,2.7372,0
13085578.1,8,,27,27,0,50.0,1.0,9.0683,0,0.0,2.7122,0
13087578.1,8,,27,27,0,50.0,1.0,8.9683,0,0.0,2.6872,0
13089578.1,8,,27,27,0,50.0,1.0,8.8683,0,0.0,2.6622,0
13091578.1,8,,27,27,0,50.0,1.0,8.7683,0,0.0,2.6372,0
13093578.1,8,,27,27,0,50.0,1.0,8.6683,0,0.0,2.6122,0
13095578.1,8,,27,27,0,50.0,1.0,8.5683,0,0.0,2.5872,0
13097578.1,8,,27,27,0,50.0,1.0,8.4683,0,0.0,2.5622,0
13099578.1,8,,27,27,0,50.0,1.0,8.3683,0,0.0,2.5372,0
13101578.1,8,,27,27,0,50.0,1.0,8.2683,0,0.0,2.5122,0
13103578.1,8,,27,27,0,50.0,1.0,8.1683,0,0.0,2.4872,0
13105578.1,8,,27,27,0,50.0,1.0,8.0683,0,0.0,2.4622,0
13106738.4,8,,27,27,0,50.0,1.0,8.0103,0,0.0,2.4477,0
13107578.1,8,,25,25,0,50.0,1.0,7.9683,0,0.0,2.4372,0
13109578.1,8,,25,25,0,50.0,1.0,7.8683,0,0.0,2.4122,0
13110859.2,8,,25,25,0,50.0,1.0,7.8042,0,0.0,2.3962,0
13111578.1,8,,24,24,0,50.0,1.0,7.7683,0,0.0,2.3872,0
13113578.1,8,,24,24,0,50.0,1.0,7.6683,0,0.0,2.3622,0
13115578.1,8,,24,24,0,50.0,1.0,7.5683,0,0.0,2.3372,0
13117578.1,8,,24,24,0,50.0,1.0,7.4683,0,0.0,2.3122,0
13117740.5,8,,24,24,0,50.0,1.0,7.4602,0,0.0,2.3101,0
13119578.1,8,,23,23,0,50.0,1.0,7.3683,0,0.0,2.2872,0
13120501.0,8,,23,23,0,50.0,1.0,7.3222,0,0.0,2.2756,0
13121578.1,8,,22,22,0,50.0,1.0,7.2683,0,0.0,2.2622,0
13122780.4,8,,22,22,0,50.0,1.0,7.2082,0,0.0,2.2471,0
13123578.1,8,,21,21,0,50.0,1.0,7.1683,0,0.0,2.2372,0
13125578.1,8,,21,21,0,50.0,1.0,7.0683,0,0.0,2.2122,0
13127578.1,8,,21,21,0,50.0,1.0,6.9683,0,0.0,2.1872,0
13129578.1,8,,21,21,0,50.0,1.0,6.8683,0,0.0,2.1622,0
13129661.7,8,,21,21,0,50.0,1.0,6.8641,0,0.0,2.1611,0
13131578.1,8,,20,20,0,50.0,1.0,6.7683,0,0.0,2.1372,0
13133578.1,8,,20,20,0,50.0,1.0,6.6683,0,0.0,2.1122,0
13135246.6,8,,20,20,0,50.0,1.0,6.5849,0,0.0,2.0913,0
13135578.1,8,,19,19,0,50.0,1.0,6.5683,0,0.0,2.0872,0
13137578.1,8,,19,19,0,50.0,1.0,6.4683,0,0.0,2.0622,0
13139492.1,8,,19,19,0,50.0,1.0,6.3726,0,0.0,2.0382,0
13139578.1,8,,18,18,0,50.0,1.0,6.3683,0,0.0,2.0372,0
13141578.1,8,,18,18,0,50.0,1.0,6.2683,0,0.0,2.0122,0
13142768.9,8,,18,18,0,50.0,1.0,6.2088,0,0.0,1.9973,0
13143299.6,8,,17,17,0,50.0,1.0,6.1822,0,0.0,1.9907,0
13143578.1,8,,16,16,0,50.0,1.0,6.1683,0,0.0,1.9872,0
13145578.1,8,,16,16,0,50.0,1.0,6.0683,0,0.0,1.9622,0
13146576.4,8,,16,16,0,50.0,1.0,6.0184,0,0.0,1.9497,0
13147578.1,8,,15,15,0,50.0,1.0,5.9683,0,0.0,1.9372,0
13149578.1,8,,15,15,0,50.0,1.0,5.8683,0,0.0,1.9122,0
13151578.1,8,,15,15,0,50.0,1.0,5.7683,0,0.0,1.8872,0
13153578.1,8,,15,15,0,50.0,1.0,5.6683,0,0.0,1.8622,0
13155578.1,8,,15,15,0,50.0,1.0,5.5683,0,0.0,1.8372,0
13157578.1,8,,15,15,0,50.0,1.0,5.4683,0,0.0,1.8122,0
13159578.1,8,,15,15,0,50.0,1.0,5.3683,0,0.0,1.7872,0
13161578.1,8,,15,15,0,50.0,1.0,5.2683,0,0.0,1.7622,0
13163578.1,8,,15,15,0,50.0,1.0,5.1683,0,0.0,1.7372,0
13164443.7,8,,15,15,0,50.0,1.0,5.125,0,0.0,1.7264,0
13165578.1,8,,14,14,0,50.0,1.0,5.0683,0,0.0,1.7122,0
13166237.2,8,,14,14,0,50.0,1.0,5.0353,0,0.0,1.7039,0
13167578.1,8,,13,13,0,50.0,1.0,4.9683,0,0.0,1.6872,0
13169578.1,8,,13,13,0,50.0,1.0,4.8683,0,0.0,1.6622,0
13171578.1,8,,13,13,0,50.0,1.0,4.7683,0,0.0,1.6372,0
13173578.1,8,,13,13,0,50.0,1.0,4.6683,0,0.0,1.6122,0
13175578.1,8,,13,13,0,50.0,1.0,4.5683,0,0.0,1.5872,0
13177578.1,8,,13,13,0,50.0,1.0,4.4683,0,0.0,1.5622,0
13179578.1,8,,13,13,0,50.0,1.0,4.3683,0,0.0,1.5372,0
13181121.8,8,,13,13,0,50.0,1.0,4.2911,0,0.0,1.5179,0
13181578.1,8,,12,12,0,50.0,1.0,4.2683,0,0.0,1.5122,0
13183578.1,8,,12,12,0,50.0,1.0,4.1683,0,0.0,1.4872,0
13185578.1,8,,12,12,0,50.0,1.0,4.0683,0,0.0,1.4622,0
13187578.1,8,,12,12,0,50.0,1.0,3.9683,0,0.0,1.4372,0
13189578.1,8,,12,12,0,50.0,1.0,3.8683,0,0.0,1.4122,0
13191578.1,8,,12,12,0,50.0,1.0,3.7683,0,0.0,1.3872,0
13192576.2,8,,12,12,0,50.0,1.0,3.7184,0,0.0,1.3747,0
13193578.1,8,,11,11,0,50.0,1.0,3.6683,0,0.0,1.3622,0
13195578.1,8,,11,11,0,50.0,1.0,3.5683,0,0.0,1.3372,0
13197578.1,8,,11,11,0,50.0,1.0,3.4683,0,0.0,1.3122,0
13199578.1,8,,11,11,0,50.0,1.0,3.3683,0,0.0,1.2872,0
13201143.8,8,,11,11,0,50.0,1.0,3.29,0,0.0,1.2676,0
13201578.1,8,,10,10,0,50.0,1.0,3.2683,0,0.0,1.2614,0
13203578.1,8,,10,10,0,50.0,1.0,3.1683,0,0.0,1.2328,0
13205578.1,8,,10,10,0,50.0,1.0,3.0683,0,0.0,1.2043,0
13206727.2,8,,10,10,0,50.0,1.0,3.0108,0,0.0,1.1878,0
13207578.1,8,,9,9,0,50.0,1.0,2.9683,0,0.0,1.1772,0
13209578.1,8,,9,9,0,50.0,1.0,2.8683,0,0.0,1.1522,0
13211578.1,8,,9,9,0,50.0,1.0,2.7683,0,0.0,1.1272,0
13213578.1,8,,9,9,0,50.0,1.0,2.6683,0,0.0,1.1022,0
13215578.1,8,,9,9,0,50.0,1.0,2.5683,0,0.0,1.0772,0
13217578.1,8,,9,9,0,50.0,1.0,2.4683,0,0.0,1.0522,0
13219578.1,8,,9,9,0,50.0,1.0,2.3683,0,0.0,1.0272,0
13221578.1,8,,9,9,0,50.0,1.0,2.2683,0,0.0,1.0022,0
13223578.1,8,,9,9,0,50.0,1.0,2.1683,0,0.0,0.9772,0
13225578.1,8,,9,9,0,50.0,1.0,2.0683,0,0.0,0.9522,0
13227578.1,8,,9,9,0,50.0,1.0,1.9683,0,0.0,0.9272,0
13228142.3,8,,9,9,0,50.0,1.0,1.9401,0,0.0,0.9202,0
13229578.1,8,,8,8,0,50.0,1.0,1.8683,0,0.0,0.9013,0
13231578.1,8,,8,8,0,50.0,1.0,1.7683,0,0.0,0.8749,0
13233578.1,8,,8,8,0,50.0,1.0,1.6683,0,0.0,0.8486,0
13235578.1,8,,8,8,0,50.0,1.0,1.5683,0,0.0,0.8223,0
13237578.1,8,,8,8,0,50.0,1.0,1.4683,0,0.0,0.796,0
13237988.6,8,,8,8,0,50.0,1.0,1.4478,0,0.0,0.7906,0
13239578.1,8,,7,7,0,50.0,1.0,1.3683,0,0.0,0.7685,0
13241578.1,8,,7,7,0,50.0,1.0,1.2683,0,0.0,0.7407,0
13243578.1,8,,7,7,0,50.0,1.0,1.1683,0,0.0,0.713,0
13245578.1,8,,7,7,0,50.0,1.0,1.0683,0,0.0,0.6852,0
13247578.1,8,,7,7,0,50.0,1.0,0.9683,0,0.0,0.6574,0
13248462.8,8,,7,7,0,50.0,1.0,0.9241,0,0.0,0.6451,0
13249515.3,8,,6,6,0,50.0,1.0,0.8714,0,0.0,0.6363,0
13249578.1,8,,5,5,0,50.0,1.0,0.8683,0,0.0,0.6358,0
13251578.1,8,,5,5,0,50.0,1.0,0.7683,0,0.0,0.6192,0
13251751.2,8,,5,5,0,50.0,1.0,0.7596,0,0.0,0.6177,0
13253096.2,8,,4,4,0,50.0,1.0,0.6924,0,0.0,0.6065,0
13253578.1,8,,3,3,0,50.0,1.0,0.6683,0,0.0,0.6005,0
13255165.6,8,,3,3,0,50.0,1.0,0.5889,0,0.0,0.5806,0
13255496.8,8,,2,2,0,50.0,1.0,0.5724,0,0.0,0.5724,0
13255578.1,8,,1,1,0,50.0,1.0,0.5683,0,0.0,0.5683,0
13257578.1,8,,1,1,0,50.0,1.0,0.4683,0,0.0,0.4683,0
13259578.1,8,,1,1,0,50.0,1.0,0.3683,0,0.0,0.3683,0
13261578.1,8,,1,1,0,50.0,1.0,0.2683,0,0.0,0.2683,0
13263578.1,8,,1,1,0,50.0,1.0,0.1683,0,0.0,0.1683,0
13265578.1,8,,1,1,0,50.0,1.0,0.0683,0,0.0,0.0683,0
13266944.0,8,,1,1,0,50.0,1.0,0.0,0,0.0,0.0,0
13267578.1,9,,124,56,8,50.0,1.0,71.3493,12.9032,0.0082,10.1303,0
13269578.1,9,,124,56,8,50.0,1.0,71.2493,12.9032,0.034,10.1203,0
13271578.1,9,,124,56,8,50.0,1.0,71.1493,12.9032,0.0598,10.1103,0
13273578.1,9,,124,56,8,50.0,1.0,71.0493,12.9032,0.0856,10.1003,0
13275578.1,9,,124,56,8,50.0,1.0,70.9493,12.9032,0.1114,10.0902,0
13277578.1,9,,124,56,8,50.0,1.0,70.8493,12.9032,0.1372,10.0802,0
13279578.1,9,,124,56,8,50.0,1.0,70.7493,12.9032,0.163,10.0702,0
13281578.1,9,,124,56,8,50.0,1.0,70.6493,12.9032,0.1888,10.0602,0
13283578.1,9,,124,56,8,50.0,1.0,70.5493,12.9032,0.2146,10.0501,0
13285578.1,9,,124,56,8,50.0,1.0,70.4493,12.9032,0.2404,10.0401,0
13287578.1,9,,124,56,8,50.0,1.0,70.3493,12.9032,0.2662,10.0301,0
13289578.1,9,,124,56,8,50.0,1.0,70.2493,12.9032,0.2921,10.0201,0
13291578.1,9,,124,56,8,50.0,1.0,70.1493,12.9032,0.3179,10.01,0
13293578.1,9,,124,56,8,50.0,1.0,70.0493,12.9032,0.3437,10.0,0
13295578.1,9,,124,56,8,50.0,1.0,69.9493,12.9032,0.3695,9.99,0
13297578.1,9,,124,56,8,50.0,1.0,69.8493,12.9032,0.3953,9.98,0
13299578.1,9,,124,56,8,50.0,1.0,69.7493,12.9032,0.4211,9.97,0
13300522.1,9,,124,56,8,50.0,1.0,69.7021,12.9032,0.4333,9.9652,0
13301578.1,9,,123,56,8,50.0,1.0,69.6493,13.0108,0.447,9.9599,0
13302215.1,9,,123,56,8,50.0,1.0,69.6174,13.0108,0.4553,9.9567,0
13303578.1,9,,122,56,8,50.0,1.0,69.5493,13.1183,0.4732,9.9497,0
13304190.3,9,,122,56,8,50.0,1.0,69.5187,13.1183,0.4812,9.9466,0
13305578.1,9,,121,56,8,50.0,1.0,69.4493,13.2258,0.4996,9.9395,0
13307578.1,9,,121,56,8,50.0,1.0,69.3493,13.2258,0.526,9.9293,0
13309578.1,9,,121,56,8,50.0,1.0,69.2493,13.2258,0.5525,9.9191,0
13310680.2,9,,121,56,8,50.0,1.0,69.1942,13.2258,0.567,9.9135,0
13311578.1,9,,120,56,8,50.0,1.0,69.1493,13.3407,0.579,9.9089,0
13311808.9,9,,120,56,8,50.0,1.0,69.1377,13.3407,0.5821,9.9077,0
13313578.1,9,,119,56,8,50.0,1.0,69.0493,13.4483,0.6059,9.8986,0
13314020.7,9,,119,56,8,50.0,1.0,69.0272,13.4483,0.6118,9.8963,0
13315578.1,9,,118,56,8,50.0,1.0,68.9493,13.5632,0.633,9.8882,0
13317578.1,9,,118,56,8,50.0,1.0,68.8493,13.5632,0.6601,9.8779,0
13319578.1,9,,118,56,8,50.0,1.0,68.7493,13.5632,0.6872,9.8675,0
13321578.1,9,,118,56,8,50.0,1.0,68.6493,13.5632,0.7143,9.8571,0
13323578.1,9,,118,56,8,50.0,1.0,68.5493,13.5632,0.7415,9.8468,0
13325578.1,9,,118,56,8,50.0,1.0,68.4493,13.5632,0.7686,9.8364,0
13327578.1,9,,118,56,8,50.0,1.0,68.3493,13.5632,0.7957,9.8261,0
13329578.1,9,,118,56,8,50.0,1.0,68.2493,13.5632,0.8228,9.8157,0
13330923.5,9,,118,56,8,50.0,1.0,68.182,13.5632,0.8411,9.8088,0
13331578.1,9,,117,56,8,50.0,1.0,68.1493,13.6782,0.8501,9.8054,0
13333026.1,9,,117,56,8,50.0,1.0,68.0769,13.6782,0.8699,9.7979,0
13333578.1,9,,116,56,8,50.0,1.0,68.0493,13.8013,0.8775,9.795,0
13334437.0,9,,116,56,8,50.0,1.0,68.0063,13.8013,0.8893,9.7905,0
13334555.3,9,,115,56,8,50.0,1.0,68.0004,13.9245,0.891,9.7899,0
13335578.1,9,,114,56,8,50.0,1.0,67.9493,14.0567,0.9054,9.7845,0
13337578.1,9,,114,56,8,50.0,1.0,67.8493,14.0567,0.9335,9.774,0
13339578.1,9,,114,56,8,50.0,1.0,67.7493,14.0567,0.9616,9.7634,0
13340936.0,9,,114,56,8,50.0,1.0,67.6814,14.0567,0.9807,9.7563,0
13341578.1,9,,113,56,8,50.0,1.0,67.6493,14.1717,0.9898,9.7529,0
13343578.1,9,,113,56,8,50.0,1.0,67.5493,14.1717,1.0181,9.7422,0
13343857.8,9,,113,56,8,50.0,1.0,67.5353,14.1717,1.0221,9.7407,0
13345578.1,9,,112,56,8,50.0,1.0,67.4493,14.2948,1.0467,9.7316,0
13345650.9,9,,112,56,8,50.0,1.0,67.4456,14.2948,1.0477,9.7312,0
13347007.1,9,,111,56,8,50.0,1.0,67.3778,14.4271,1.0673,9.7239,0
13347334.8,9,,110,56,8,50.0,1.0,67.3615,14.5503,1.072,9.7221,0
13347578.1,9,,109,56,8,50.0,1.0,67.3493,14.6927,1.0756,9.7208,0
13349578.1,9,,109,56,8,50.0,1.0,67.2493,14.6927,1.105,9.7099,0
13351578.1,9,,109,56,8,50.0,1.0,67.1493,14.6927,1.1344,9.699,0
13352778.0,9,,109,56,8,50.0,1.0,67.0893,14.6927,1.152,9.6925,0
13353578.1,9,,108,56,8,50.0,1.0,67.0493,14.8352,1.1639,9.6881,0
13354052.3,9,,108,56,8,50.0,1.0,67.0256,14.8352,1.1709,9.6855,0
13355578.1,9,,107,56,8,50.0,1.0,66.9493,14.9674,1.1938,9.6771,0
13356437.0,9,,107,56,8,50.0,1.0,66.9063,14.9674,1.2066,9.6724,0
13357578.1,9,,106,56,8,50.0,1.0,66.8493,15.0997,1.2238,9.666,0
13359578.1,9,,106,56,8,50.0,1.0,66.7493,15.0997,1.254,9.6549,0
13361352.2,9,,106,56,8,50.0,1.0,66.6606,15.0997,1.2808,9.645,0
13361578.1,9,,105,56,8,50.0,1.0,66.6493,15.2422,1.2843,9.6438,0
13363190.9,9,,105,56,8,50.0,1.0,66.5686,15.2422,1.3089,9.6347,0
13363578.1,9,,104,56,8,50.0,1.0,66.5493,15.396,1.3148,9.6325,0
13365578.1,9,,104,56,8,50.0,1.0,66.4493,15.396,1.3456,9.6213,0
13367578.1,9,,104,56,8,50.0,1.0,66.3493,15.396,1.3764,9.61,0
13369535.1,9,,104,56,8,50.0,1.0,66.2514,15.396,1.4065,9.599,0
13369578.1,9,,103,56,8,50.0,1.0,66.2493,15.5385,1.4072,9.5987,0
13371578.1,9,,103,56,8,50.0,1.0,66.1493,15.5385,1.4383,9.5874,0
13373085.0,9,,103,56,8,50.0,1.0,66.0739,15.5385,1.4617,9.5789,0
13373578.1,9,,102,56,8,50.0,1.0,66.0493,15.6923,1.4694,9.5761,0
13373886.0,9,,102,56,8,50.0,1.0,66.0339,15.6923,1.4743,9.5744,0
13375260.4,9,,101,56,8,50.0,1.0,65.9652,15.859,1.4961,9.5666,0
13375578.1,9,,100,56,8,50.0,1.0,65.9493,16.0128,1.5011,9.5647,0
13377578.1,9,,100,56,8,50.0,1.0,65.8493,16.0128,1.5332,9.5532,0
13379101.6,9,,100,56,8,50.0,1.0,65.7731,16.0128,1.5576,9.5445,0
13379578.1,9,,99,56,8,50.0,1.0,65.7493,16.1667,1.5653,9.5417,0
13380949.3,9,,99,56,8,50.0,1.0,65.6807,16.1667,1.5874,9.5338,0
13381578.1,9,,98,56,8,50.0,1.0,65.6493,16.3333,1.5977,9.5301,0
13383578.1,9,,98,56,8,50.0,1.0,65.5493,16.3333,1.6304,9.5183,0
13384690.3,9,,98,56,8,50.0,1.0,65.4937,16.3333,1.6485,9.5118,0
13385578.1,9,,97,56,8,50.0,1.0,65.4493,16.5,1.6632,9.5066,0
13385928.2,9,,97,56,8,50.0,1.0,65.4318,16.5,1.669,9.5045,0
13387578.1,9,,96,56,8,50.0,1.0,65.3493,16.6667,1.6965,9.4947,0
13389578.1,9,,96,56,8,50.0,1.0,65.2493,16.6667,1.7298,9.4828,0
13391578.1,9,,96,56,8,50.0,1.0,65.1493,16.6667,1.7631,9.4709,0
13393578.1,9,,96,56,8,50.0,1.0,65.0493,16.6667,1.7965,9.459,0
13395578.1,9,,96,56,8,50.0,1.0,64.9493,16.6667,1.8298,9.4471,0
13397578.1,9,,96,56,8,50.0,1.0,64.8493,16.6667,1.8631,9.4352,0
13399578.1,9,,96,56,8,50.0,1.0,64.7493,16.6667,1.8965,9.4233,0
13401578.1,9,,96,56,8,50.0,1.0,64.6493,16.6667,1.9298,9.4114,0
13403578.1,9,,96,56,8,50.0,1.0,64.5493,16.6667,1.9631,9.3995,0
13405578.1,9,,96,56,8,50.0,1.0,64.4493,16.6667,1.9965,9.3876,0
13407578.1,9,,96,56,8,50.0,1.0,64.3493,16.6667,2.0298,9.3757,0
13409578.1,9,,96,56,8,50.0,1.0,64.2493,16.6667,2.0631,9.3638,0
13411578.1,9,,96,56,8,50.0,1.0,64.1493,16.6667,2.0965,9.3519,0
13413578.1,9,,96,56,8,50.0,1.0,64.0493,16.6667,2.1298,9.3399,0
13415578.1,9,,96,56,8,50.0,1.0,63.9493,16.6667,2.1631,9.328,0
13417578.1,9,,96,56,8,50.0,1.0,63.8493,16.6667,2.1965,9.3161,0
13419578.1,9,,96,56,8,50.0,1.0,63.7493,16.6667,2.2298,9.3042,0
13421578.1,9,,96,56,8,50.0,1.0,63.6493,16.6667,2.2631,9.2923,0
13423578.1,9,,96,56,8,50.0,1.0,63.5493,16.6667,2.2965,9.2804,0
13425578.1,9,,96,56,8,50.0,1.0,63.4493,16.6667,2.3298,9.2685,0
13427578.1,9,,96,56,8,50.0,1.0,63.3493,16.6667,2.3631,9.2566,0
13429578.1,9,,96,56,8,50.0,1.0,63.2493,16.6667,2.3965,9.2447,0
13431578.1,9,,96,56,8,50.0,1.0,63.1493,16.6667,2.4298,9.2328,0
13433578.1,9,,96,56,8,50.0,1.0,63.0493,16.6667,2.4631,9.2209,0
13435578.1,9,,96,56,8,50.0,1.0,62.9493,16.6667,2.4965,9.209,0
13437578.1,9,,96,56,8,50.0,1.0,62.8493,16.6667,2.5298,9.1971,0
13439578.1,9,,96,56,8,50.0,1.0,62.7493,16.6667,2.5631,9.1852,0
13441578.1,9,,96,56,8,50.0,1.0,62.6493,16.6667,2.5965,9.1733,0
13443578.1,9,,96,56,8,50.0,1.0,62.5493,16.6667,2.6298,9.1614,0
13445578.1,9,,96,56,8,50.0,1.0,62.4493,16.6667,2.6631,9.1495,0
13447578.1,9,,96,56,8,50.0,1.0,62.3493,16.6667,2.6965,9.1376,0
13449578.1,9,,96,56,8,50.0,1.0,62.2493,16.6667,2.7298,9.1257,0
13451578.1,9,,96,56,8,50.0,1.0,62.1493,16.6667,2.7631,9.1138,0
13453578.1,9,,96,56,8,50.0,1.0,62.0493,16.6667,2.7965,9.1019,0
13455578.1,9,,96,56,8,50.0,1.0,61.9493,16.6667,2.8298,9.0899,0
13457578.1,9,,96,56,8,50.0,1.0,61.8493,16.6667,2.8631,9.078,0
13459578.1,9,,96,56,8,50.0,1.0,61.7493,16.6667,2.8965,9.0661,0
13461578.1,9,,96,56,8,50.0,1.0,61.6493,16.6667,2.9298,9.0542,0
13463578.1,9,,96,56,8,50.0,1.0,61.5493,16.6667,2.9631,9.0423,0
13465578.1,9,,96,56,8,50.0,1.0,61.4493,16.6667,2.9965,9.0304,0
13467578.1,9,,96,56,8,50.0,1.0,61.3493,16.6667,3.0298,9.0185,0
13469578.1,9,,96,56,8,50.0,1.0,61.2493,16.6667,3.0631,9.0066,0
13471578.1,9,,96,56,8,50.0,1.0,61.1493,16.6667,3.0965,8.9947,0
13473578.1,9,,96,56,8,50.0,1.0,61.0493,16.6667,3.1298,8.9828,0
13475578.1,9,,96,56,8,50.0,1.0,60.9493,16.6667,3.1631,8.9709,0
13477578.1,9,,96,56,8,50.0,1.0,60.8493,16.6667,3.1965,8.959,0
13479578.1,9,,96,56,8,50.0,1.0,60.7493,16.6667,3.2298,8.9471,0
13481578.1,9,,96,56,8,50.0,1.0,60.6493,16.6667,3.2631,8.9352,0
13483578.1,9,,96,56,8,50.0,1.0,60.5493,16.6667,3.2965,8.9233,0
13485578.1,9,,96,56,8,50.0,1.0,60.4493,16.6667,3.3298,8.9114,0
13487578.1,9,,96,56,8,50.0,1.0,60.3493,16.6667,3.3631,8.8995,0
13489578.1,9,,96,56,8,50.0,1.0,60.2493,16.6667,3.3965,8.8876,0
13491578.1,9,,96,56,8,50.0,1.0,60.1493,16.6667,3.4298,8.8757,0
13493578.1,9,,96,56,8,50.0,1.0,60.0493,16.6667,3.4631,8.8638,0
13495578.1,9,,96,56,8,50.0,1.0,59.9493,16.6667,3.4965,8.8519,0
13497578.1,9,,96,56,8,50.0,1.0,59.8493,16.6667,3.5298,8.8399,0
13499578.1,9,,96,56,8,50.0,1.0,59.7493,16.6667,3.5631,8.828,0
13501578.1,9,,96,56,8,50.0,1.0,59.6493,16.6667,3.5965,8.8161,0
13503578.1,9,,96,56,8,50.0,1.0,59.5493,16.6667,3.6298,8.8042,0
13505578.1,9,,96,56,8,50.0,1.0,59.4493,16.6667,3.6631,8.7923,0
13507578.1,9,,96,56,8,50.0,1.0,59.3493,16.6667,3.6965,8.7804,0
13509578.1,9,,96,56,8,50.0,1.0,59.2493,16.6667,3.7298,8.7685,0
13511578.1,9,,96,56,8,50.0,1.0,59.1493,16.6667,3.7631,8.7566,0
13513578.1,9,,96,56,8,50.0,1.0,59.0493,16.6667,3.7965,8.7447,0
13515578.1,9,,96,56,8,50.0,1.0,58.9493,16.6667,3.8298,8.7328,0
13517578.1,9,,96,56,8,50.0,1.0,58.8493,16.6667,3.8631,8.7209,0
13519578.1,9,,96,56,8,50.0,1.0,58.7493,16.6667,3.8965,8.709,0
13521578.1,9,,96,56,8,50.0,1.0,58.6493,16.6667,3.9298,8.6971,0
13523578.1,9,,96,56,8,50.0,1.0,58.5493,16.6667,3.9631,8.6852,0
13525578.1,9,,96,56,8,50.0,1.0,58.4493,16.6667,3.9965,8.6733,0
13527578.1,9,,96,56,8,50.0,1.0,58.3493,16.6667,4.0298,8.6614,0
13529578.1,9,,96,56,8,50.0,1.0,58.2493,16.6667,4.0631,8.6495,0
13531578.1,9,,96,56,8,50.0,1.0,58.1493,16.6667,4.0965,8.6376,0
13533578.1,9,,96,56,8,50.0,1.0,58.0493,16.6667,4.1298,8.6257,0
13535578.1,9,,96,56,8,50.0,1.0,57.9493,16.6667,4.1631,8.6138,0
13537578.1,9,,96,56,8,50.0,1.0,57.8493,16.6667,4.1965,8.6019,0
13539578.1,9,,96,56,8,50.0,1.0,57.7493,16.6667,4.2298,8.5899,0
13541578.1,9,,96,56,8,50.0,1.0,57.6493,16.6667,4.2631,8.578,0
13543578.1,9,,96,56,8,50.0,1.0,57.5493,16.6667,4.2965,8.5661,0
13545578.1,9,,96,56,8,50.0,1.0,57.4493,16.6667,4.3298,8.5542,0
13547578.1,9,,96,56,8,50.0,1.0,57.3493,16.6667,4.3631,8.5423,0
13549578.1,9,,96,56,8,50.0,1.0,57.2493,16.6667,4.3965,8.5304,0
13551578.1,9,,96,56,8,50.0,1.0,57.1493,16.6667,4.4298,8.5185,0
13553578.1,9,,96,56,8,50.0,1.0,57.0493,16.6667,4.4631,8.5066,0
13555578.1,9,,96,56,8,50.0,1.0,56.9493,16.6667,4.4965,8.4947,0
13557578.1,9,,96,56,8,50.0,1.0,56.8493,16.6667,4.5298,8.4828,0
13559578.1,9,,96,56,8,50.0,1.0,56.7493,16.6667,4.5631,8.4709,0
13561578.1,9,,96,56,8,50.0,1.0,56.6493,16.6667,4.5965,8.459,0
13563578.1,9,,96,56,8,50.0,1.0,56.5493,16.6667,4.6298,8.4471,0
13565578.1,9,,96,56,8,50.0,1.0,56.4493,16.6667,4.6631,8.4352,0
13567578.1,9,,96,56,8,50.0,1.0,56.3493,16.6667,4.6965,8.4233,0
13569578.1,9,,96,56,8,50.0,1.0,56.2493,16.6667,4.7298,8.4114,0
13571578.1,9,,96,56,8,50.0,1.0,56.1493,16.6667,4.7631,8.3995,0
13573578.1,9,,96,56,8,50.0,1.0,56.0493,16.6667,4.7965,8.3876,0
13575578.1,9,,96,56,8,50.0,1.0,55.9493,16.6667,4.8298,8.3757,0
13577578.1,9,,96,56,8,50.0,1.0,55.8493,16.6667,4.8631,8.3638,0
13579578.1,9,,96,56,8,50.0,1.0,55.7493,16.6667,4.8965,8.3519,0
13581578.1,9,,96,56,8,50.0,1.0,55.6493,16.6667,4.9298,8.3399,0
13583578.1,9,,96,56,8,50.0,1.0,55.5493,16.6667,4.9631,8.328,0
13585578.1,9,,96,56,8,50.0,1.0,55.4493,16.6667,4.9965,8.3161,0
13587578.1,9,,96,56,8,50.0,1.0,55.3493,16.6667,5.0298,8.3042,0
13589578.1,9,,96,56,8,50.0,1.0,55.2493,16.6667,5.0631,8.2923,0
13591578.1,9,,96,56,8,50.0,1.0,55.1493,16.6667,5.0965,8.2804,0
13593578.1,9,,96,56,8,50.0,1.0,55.0493,16.6667,5.1298,8.2685,0
13595578.1,9,,96,56,8,50.0,1.0,54.9493,16.6667,5.1631,8.2566,0
13597578.1,9,,96,56,8,50.0,1.0,54.8493,16.6667,5.1965,8.2447,0
13599578.1,9,,96,56,8,50.0,1.0,54.7493,16.6667,5.2298,8.2328,0
13601578.1,9,,96,56,8,50.0,1.0,54.6493,16.6667,5.2631,8.2209,0
13603578.1,9,,96,56,8,50.0,1.0,54.5493,16.6667,5.2965,8.209,0
13605578.1,9,,96,56,8,50.0,1.0,54.4493,16.6667,5.3298,8.1971,0
13607578.1,9,,96,56,8,50.0,1.0,54.3493,16.6667,5.3631,8.1852,0
13609578.1,9,,96,56,8,50.0,1.0,54.2493,16.6667,5.3965,8.1733,0
13611578.1,9,,96,56,8,50.0,1.0,54.1493,16.6667,5.4298,8.1614,0
13613578.1,9,,96,56,8,50.0,1.0,54.0493,16.6667,5.4631,8.1495,0
13615578.1,9,,96,56,8,50.0,1.0,53.9493,16.6667,5.4965,8.1376,0
13617578.1,9,,96,56,8,50.0,1.0,53.8493,16.6667,5.5298,8.1257,0
13619578.1,9,,96,56,8,50.0,1.0,53.7493,16.6667,5.5631,8.1138,0
13621578.1,9,,96,56,8,50.0,1.0,53.6493,16.6667,5.5965,8.1019,0
13623578.1,9,,96,56,8,50.0,1.0,53.5493,16.6667,5.6298,8.0899,0
13625578.1,9,,96,56,8,50.0,1.0,53.4493,16.6667,5.6631,8.078,0
13627578.1,9,,96,56,8,50.0,1.0,53.3493,16.6667,5.6965,8.0661,0
13629578.1,9,,96,56,8,50.0,1.0,53.2493,16.6667,5.7298,8.0542,0
13631578.1,9,,96,56,8,50.0,1.0,53.1493,16.6667,5.7631,8.0423,0
13633578.1,9,,96,56,8,50.0,1.0,53.0493,16.6667,5.7965,8.0304,0
13635578.1,9,,96,56,8,50.0,1.0,52.9493,16.6667,5.8298,8.0185,0
13637578.1,9,,96,56,8,50.0,1.0,52.8493,16.6667,5.8631,8.0066,0
13639578.1,9,,96,56,8,50.0,1.0,52.7493,16.6667,5.8965,7.9947,0
13641578.1,9,,96,56,8,50.0,1.0,52.6493,16.6667,5.9298,7.9828,0
13643578.1,9,,96,56,8,50.0,1.0,52.5493,16.6667,5.9631,7.9709,0
13645578.1,9,,96,56,8,50.0,1.0,52.4493,16.6667,5.9965,7.959,0
13647578.1,9,,96,56,8,50.0,1.0,52.3493,16.6667,6.0298,7.9471,0
13649578.1,9,,96,56,8,50.0,1.0,52.2493,16.6667,6.0631,7.9352,0
13651578.1,9,,96,56,8,50.0,1.0,52.1493,16.6667,6.0965,7.9233,0
13653578.1,9,,96,56,8,50.0,1.0,52.0493,16.6667,6.1298,7.9114,0
13655578.1,9,,96,56,8,50.0,1.0,51.9493,16.6667,6.1631,7.8995,0
13657578.1,9,,96,56,8,50.0,1.0,51.8493,16.6667,6.1965,7.8876,0
13659578.1,9,,96,56,8,50.0,1.0,51.7493,16.6667,6.2298,7.8757,0
13661578.1,9,,96,56,8,50.0,1.0,51.6493,16.6667,6.2631,7.8638,0
13663578.1,9,,96,56,8,50.0,1.0,51.5493,16.6667,6.2965,7.8519,0
13665578.1,9,,96,56,8,50.0,1.0,51.4493,16.6667,6.3298,7.8399,0
13667578.1,9,,96,56,8,50.0,1.0,51.3493,16.6667,6.3631,7.828,0
13669578.1,9,,96,56,8,50.0,1.0,51.2493,16.6667,6.3965,7.8161,0
13671578.1,9,,96,56,8,50.0,1.0,51.1493,16.6667,6.4298,7.8042,0
13673578.1,9,,96,56,8,50.0,1.0,51.0493,16.6667,6.4631,7.7923,0
13675578.1,9,,96,56,8,50.0,1.0,50.9493,16.6667,6.4965,7.7804,0
13677578.1,9,,96,56,8,50.0,1.0,50.8493,16.6667,6.5298,7.7685,0
13679578.1,9,,96,56,8,50.0,1.0,50.7493,16.6667,6.5631,7.7566,0
13681578.1,9,,96,56,8,50.0,1.0,50.6493,16.6667,6.5965,7.7447,0
13683578.1,9,,96,56,8,50.0,1.0,50.5493,16.6667,6.6298,7.7328,0
13685578.1,9,,96,56,8,50.0,1.0,50.4493,16.6667,6.6631,7.7209,0
13687578.1,9,,96,56,8,50.0,1.0,50.3493,16.6667,6.6965,7.709,0
13689578.1,9,,96,56,8,50.0,1.0,50.2493,16.6667,6.7298,7.6971,0
13691578.1,9,,96,56,8,50.0,1.0,50.1493,16.6667,6.7631,7.6852,0
13693578.1,9,,96,56,8,50.0,1.0,50.0493,16.6667,6.7965,7.6733,0
13695578.1,9,,96,56,8,50.0,1.0,49.9493,16.6667,6.8298,7.6614,0
13697578.1,9,,96,56,8,50.0,1.0,49.8493,16.6667,6.8631,7.6495,0
13699578.1,9,,96,56,8,50.0,1.0,49.7493,16.6667,6.8965,7.6376,0
13701578.1,9,,96,56,8,50.0,1.0,49.6493,16.6667,6.9298,7.6257,0
13703578.1,9,,96,56,8,50.0,1.0,49.5493,16.6667,6.9631,7.6138,0
13705578.1,9,,96,56,8,50.0,1.0,49.4493,16.6667,6.9965,7.6019,0
13707578.1,9,,96,56,8,50.0,1.0,49.3493,16.6667,7.0298,7.5899,0
13709578.1,9,,96,56,8,50.0,1.0,49.2493,16.6667,7.0631,7.578,0
13711578.1,9,,96,56,8,50.0,1.0,49.1493,16.6667,7.0965,7.5661,0
13713578.1,9,,96,56,8,50.0,1.0,49.0493,16.6667,7.1298,7.5542,0
13715578.1,9,,96,56,8,50.0,1.0,48.9493,16.6667,7.1631,7.5423,0
13717578.1,9,,96,56,8,50.0,1.0,48.8493,16.6667,7.1965,7.5304,0
13719578.1,9,,96,56,8,50.0,1.0,48.7493,16.6667,7.2298,7.5185,0
13721578.1,9,,96,56,8,50.0,1.0,48.6493,16.6667,7.2631,7.5066,0
13723578.1,9,,96,56,8,50.0,1.0,48.5493,16.6667,7.2965,7.4947,0
13725578.1,9,,96,56,8,50.0,1.0,48.4493,16.6667,7.3298,7.4828,0
13727578.1,9,,96,56,8,50.0,1.0,48.3493,16.6667,7.3631,7.4709,0
13729578.1,9,,96,56,8,50.0,1.0,48.2493,16.6667,7.3965,7.459,0
13731578.1,9,,96,56,8,50.0,1.0,48.1493,16.6667,7.4298,7.4471,0
13733578.1,9,,96,56,8,50.0,1.0,48.0493,16.6667,7.4631,7.4352,0
13735578.1,9,,96,56,8,50.0,1.0,47.9493,16.6667,7.4965,7.4233,0
13737578.1,9,,96,56,8,50.0,1.0,47.8493,16.6667,7.5298,7.4114,0
13739578.1,9,,96,56,8,50.0,1.0,47.7493,16.6667,7.5631,7.3995,0
13741578.1,9,,96,56,8,50.0,1.0,47.6493,16.6667,7.5965,7.3876,0
13743578.1,9,,96,56,8,50.0,1.0,47.5493,16.6667,7.6298,7.3757,0
13745578.1,9,,96,56,8,50.0,1.0,47.4493,16.6667,7.6631,7.3638,0
13747578.1,9,,96,56,8,50.0,1.0,47.3493,16.6667,7.6965,7.3519,0
13749578.1,9,,96,56,8,50.0,1.0,47.2493,16.6667,7.7298,7.3399,0
13751578.1,9,,96,56,8,50.0,1.0,47.1493,16.6667,7.7631,7.328,0
13753578.1,9,,96,56,8,50.0,1.0,47.0493,16.6667,7.7965,7.3161,0
13755578.1,9,,96,56,8,50.0,1.0,46.9493,16.6667,7.8298,7.3042,0
13757578.1,9,,96,56,8,50.0,1.0,46.8493,16.6667,7.8631,7.2923,0
13759578.1,9,,96,56,8,50.0,1.0,46.7493,16.6667,7.8965,7.2804,0
13761578.1,9,,96,56,8,50.0,1.0,46.6493,16.6667,7.9298,7.2685,0
13763578.1,9,,96,56,8,50.0,1.0,46.5493,16.6667,7.9631,7.2566,0
13765578.1,9,,96,56,8,50.0,1.0,46.4493,16.6667,7.9965,7.2447,0
13766910.9,9,,96,56,8,50.0,1.0,46.3826,16.6667,8.0187,7.2368,0
13767578.1,9,,95,56,8,50.0,1.0,46.3493,16.8478,8.0299,7.2328,0
13769578.1,9,,95,56,8,50.0,1.0,46.2493,16.8478,8.0636,7.2207,0
13771578.1,9,,95,56,8,50.0,1.0,46.1493,16.8478,8.0973,7.2087,0
13773578.1,9,,95,56,8,50.0,1.0,46.0493,16.8478,8.131,7.1966,0
13775578.1,9,,95,56,8,50.0,1.0,45.9493,16.8478,8.1647,7.1846,0
13777578.1,9,,95,56,8,50.0,1.0,45.8493,16.8478,8.1984,7.1725,0
13779578.1,9,,95,56,8,50.0,1.0,45.7493,16.8478,8.2321,7.1605,0
13781578.1,9,,95,56,8,50.0,1.0,45.6493,16.8478,8.2658,7.1484,0
13783578.1,9,,95,56,8,50.0,1.0,45.5493,16.8478,8.2995,7.1364,0
13783868.3,9,,95,56,8,50.0,1.0,45.5348,16.8478,8.3044,7.1346,0
13785578.1,9,,94,56,8,50.0,1.0,45.4493,17.0455,8.3335,7.1242,0
13787578.1,9,,94,56,8,50.0,1.0,45.3493,17.0455,8.3676,7.112,0
13789578.1,9,,94,56,8,50.0,1.0,45.2493,17.0455,8.4017,7.0998,0
13791578.1,9,,94,56,8,50.0,1.0,45.1493,17.0455,8.4358,7.0876,0
13793578.1,9,,94,56,8,50.0,1.0,45.0493,17.0455,8.4699,7.0754,0
13795578.1,9,,94,56,8,50.0,1.0,44.9493,17.0455,8.504,7.0632,0
13797578.1,9,,94,56,8,50.0,1.0,44.8493,17.0455,8.5381,7.051,0
13799578.1,9,,94,56,8,50.0,1.0,44.7493,17.0455,8.5722,7.0388,0
13801578.1,9,,94,56,8,50.0,1.0,44.6493,17.0455,8.6062,7.0266,0
13803578.1,9,,94,56,8,50.0,1.0,44.5493,17.0455,8.6403,7.0144,0
13805578.1,9,,94,56,8,50.0,1.0,44.4493,17.0455,8.6744,7.0022,0
13807578.1,9,,94,56,8,50.0,1.0,44.3493,17.0455,8.7085,6.9899,0
13809578.1,9,,94,56,8,50.0,1.0,44.2493,17.0455,8.7426,6.9777,0
13811578.1,9,,94,56,8,50.0,1.0,44.1493,17.0455,8.7767,6.9655,0
13813578.1,9,,94,56,8,50.0,1.0,44.0493,17.0455,8.8108,6.9533,0
13815578.1,9,,94,56,8,50.0,1.0,43.9493,17.0455,8.8449,6.9411,0
13817578.1,9,,94,56,8,50.0,1.0,43.8493,17.0455,8.879,6.9289,0
13819578.1,9,,94,56,8,50.0,1.0,43.7493,17.0455,8.9131,6.9167,0
13821578.1,9,,94,56,8,50.0,1.0,43.6493,17.0455,8.9472,6.9045,0
13821715.3,9,,94,56,8,50.0,1.0,43.6424,17.0455,8.9495,6.9037,0
13823578.1,9,,93,56,8,50.0,1.0,43.5493,17.2619,8.9816,6.8922,0
13825578.1,9,,93,56,8,50.0,1.0,43.4493,17.2619,9.0162,6.8798,0
13827578.1,9,,93,56,8,50.0,1.0,43.3493,17.2619,9.0507,6.8674,0
13829578.1,9,,93,56,8,50.0,1.0,43.2493,17.2619,9.0852,6.855,0
13829679.8,9,,93,56,8,50.0,1.0,43.2442,17.2619,9.087,6.8544,0
13831578.1,9,,92,56,8,50.0,1.0,43.1493,17.4431,9.1201,6.8426,0
13833578.1,9,,92,56,8,50.0,1.0,43.0493,17.4431,9.155,6.8302,0
13835578.1,9,,92,56,8,50.0,1.0,42.9493,17.4431,9.1899,6.8178,0
13836351.7,9,,92,56,8,50.0,1.0,42.9106,17.4431,9.2034,6.813,0
13837516.8,9,,91,56,8,50.0,1.0,42.8524,17.6242,9.2239,6.8057,0
13837578.1,9,,90,56,8,50.0,1.0,42.8493,17.8054,9.225,6.8053,0
13839578.1,9,,90,56,8,50.0,1.0,42.7493,17.8054,9.2606,6.7927,0
13840120.0,9,,90,56,8,50.0,1.0,42.7222,17.8054,9.2702,6.7893,0
13841578.1,9,,89,56,8,50.0,1.0,42.6493,18.003,9.2965,6.7801,0
13843578.1,9,,89,56,8,50.0,1.0,42.5493,18.003,9.3325,6.7675,0
13845053.4,9,,89,56,8,50.0,1.0,42.4755,18.003,9.3591,6.7582,0
13845526.8,9,,88,56,8,50.0,1.0,42.4519,18.2006,9.3677,6.7551,0
13845578.1,9,,87,56,8,50.0,1.0,42.4493,18.4171,9.3686,6.7548,0
13847578.1,9,,87,56,8,50.0,1.0,42.3493,18.4171,9.4055,6.742,0
13849578.1,9,,87,56,8,50.0,1.0,42.2493,18.4171,9.4423,6.7291,0
13850405.5,9,,87,56,8,50.0,1.0,42.2079,18.4171,9.4575,6.7238,0
13850460.2,9,,86,56,8,50.0,1.0,42.2052,18.6147,9.4585,6.7234,0
13851578.1,9,,85,56,8,50.0,1.0,42.1493,18.8312,9.4796,6.7162,0
13853578.1,9,,85,56,8,50.0,1.0,42.0493,18.8312,9.5173,6.7031,0
13855578.1,9,,85,56,8,50.0,1.0,41.9493,18.8312,9.5549,6.69,0
13857578.1,9,,85,56,8,50.0,1.0,41.8493,18.8312,9.5926,6.677,0
13859578.1,9,,85,56,8,50.0,1.0,41.7493,18.8312,9.6302,6.6639,0
13861009.6,9,,85,56,8,50.0,1.0,41.6777,18.8312,9.6572,6.6546,0
13861578.1,9,,84,56,8,50.0,1.0,41.6493,19.0693,9.668,6.6509,0
13863578.1,9,,84,56,8,50.0,1.0,41.5493,19.0693,9.7062,6.6378,0
13865578.1,9,,84,56,8,50.0,1.0,41.4493,19.0693,9.7443,6.6247,0
13867578.1,9,,84,56,8,50.0,1.0,41.3493,19.0693,9.7825,6.6116,0
13869578.1,9,,84,56,8,50.0,1.0,41.2493,19.0693,9.8206,6.5985,0
13871578.1,9,,84,56,8,50.0,1.0,41.1493,19.0693,9.8587,6.5854,0
13871604.6,9,,84,56,8,50.0,1.0,41.148,19.0693,9.8592,6.5852,0
13873578.1,9,,83,56,8,50.0,1.0,41.0493,19.3074,9.8973,6.5721,0
13874881.4,9,,83,56,8,50.0,1.0,40.9841,19.3074,9.9225,6.5634,0
13875578.1,9,,82,56,8,50.0,1.0,40.9493,19.5705,9.9361,6.5587,0
13875636.9,9,,82,56,8,50.0,1.0,40.9463,19.5705,9.9373,6.5583,0
13877578.1,9,,81,56,8,50.0,1.0,40.8493,19.787,9.9757,6.5452,0
13879032.0,9,,81,56,8,50.0,1.0,40.7766,19.787,10.0045,6.5353,0
13879578.1,9,,80,56,8,50.0,1.0,40.7493,20.0501,10.0154,6.5316,0
13881578.1,9,,80,56,8,50.0,1.0,40.6493,20.0501,10.0555,6.518,0
13883578.1,9,,80,56,8,50.0,1.0,40.5493,20.0501,10.0956,6.5044,0
13885578.1,9,,80,56,8,50.0,1.0,40.4493,20.0501,10.1357,6.4908,0
13887578.1,9,,80,56,8,50.0,1.0,40.3493,20.0501,10.1758,6.4772,0
13889578.1,9,,80,56,8,50.0,1.0,40.2493,20.0501,10.2159,6.4636,0
13891578.1,9,,80,56,8,50.0,1.0,40.1493,20.0501,10.256,6.45,0
13893578.1,9,,80,56,8,50.0,1.0,40.0493,20.0501,10.2961,6.4364,0
13895578.1,9,,80,56,8,50.0,1.0,39.9493,20.0501,10.3362,6.4228,0
13897578.1,9,,80,56,8,50.0,1.0,39.8493,20.0501,10.3763,6.4092,0
13898629.1,9,,80,56,8,50.0,1.0,39.7967,20.0501,10.3974,6.4021,0
13899578.1,9,,79,56,8,50.0,1.0,39.7493,20.2882,10.4166,6.3955,0
13901578.1,9,,79,56,8,50.0,1.0,39.6493,20.2882,10.4572,6.3818,0
13903578.1,9,,79,56,8,50.0,1.0,39.5493,20.2882,10.4978,6.368,0
13905578.1,9,,79,56,8,50.0,1.0,39.4493,20.2882,10.5384,6.3542,0
13907578.1,9,,79,56,8,50.0,1.0,39.3493,20.2882,10.579,6.3404,0
13909578.1,9,,79,56,8,50.0,1.0,39.2493,20.2882,10.6195,6.3266,0
13910043.3,9,,79,56,8,50.0,1.0,39.226,20.2882,10.629,6.3234,0
13911578.1,9,,78,56,8,50.0,1.0,39.1493,20.5263,10.6605,6.3128,0
13913578.1,9,,78,56,8,50.0,1.0,39.0493,20.5263,10.7015,6.2989,0
13915578.1,9,,78,56,8,50.0,1.0,38.9493,20.5263,10.7426,6.2851,0
13917578.1,9,,78,56,8,50.0,1.0,38.8493,20.5263,10.7836,6.2713,0
13919578.1,9,,78,56,8,50.0,1.0,38.7493,20.5263,10.8247,6.2574,0
13919873.7,9,,78,56,8,50.0,1.0,38.7345,20.5263,10.8307,6.2554,0
13921578.1,9,,77,56,8,50.0,1.0,38.6493,20.7895,10.8662,6.2435,0
13923205.1,9,,77,56,8,50.0,1.0,38.5679,20.7895,10.9,6.2323,0
13923578.1,9,,76,56,8,50.0,1.0,38.5493,21.0526,10.9079,6.2296,0
13925578.1,9,,76,56,8,50.0,1.0,38.4493,21.0526,10.95,6.2155,0
13927578.1,9,,76,56,8,50.0,1.0,38.3493,21.0526,10.9921,6.2014,0
13929578.1,9,,76,56,8,50.0,1.0,38.2493,21.0526,11.0342,6.1873,0
13931578.1,9,,76,56,8,50.0,1.0,38.1493,21.0526,11.0763,6.1732,0
13933578.1,9,,76,56,8,50.0,1.0,38.0493,21.0526,11.1184,6.1591,0
13935578.1,9,,76,56,8,50.0,1.0,37.9493,21.0526,11.1605,6.145,0
13937578.1,9,,76,56,8,50.0,1.0,37.8493,21.0526,11.2026,6.1309,0
13939578.1,9,,76,56,8,50.0,1.0,37.7493,21.0526,11.2447,6.1168,0
13941578.1,9,,76,56,8,50.0,1.0,37.6493,21.0526,11.2868,6.1027,0
13943578.1,9,,76,56,8,50.0,1.0,37.5493,21.0526,11.3289,6.0886,0
13944404.2,9,,76,56,8,50.0,1.0,37.508,21.0526,11.3463,6.0828,0
13945578.1,9,,75,56,8,50.0,1.0,37.4493,21.345,11.3714,6.0745,0
13947578.1,9,,75,56,8,50.0,1.0,37.3493,21.345,11.4141,6.0604,0
13949578.1,9,,75,56,8,50.0,1.0,37.2493,21.345,11.4567,6.0462,0
13951578.1,9,,75,56,8,50.0,1.0,37.1493,21.345,11.4994,6.0321,0
13952559.8,9,,75,56,8,50.0,1.0,37.1002,21.345,11.5204,6.0251,0
13953578.1,9,,74,56,8,50.0,1.0,37.0493,21.6374,11.5424,6.0179,0
13955578.1,9,,74,56,8,50.0,1.0,36.9493,21.6374,11.5857,6.0037,0
13955818.4,9,,74,56,8,50.0,1.0,36.9373,21.6374,11.5909,6.002,0
13957578.1,9,,73,56,8,50.0,1.0,36.8493,21.9298,11.6295,5.9893,0
13959578.1,9,,73,56,8,50.0,1.0,36.7493,21.9298,11.6733,5.9749,0
13961578.1,9,,73,56,8,50.0,1.0,36.6493,21.9298,11.7172,5.9604,0
13962098.9,9,,73,56,8,50.0,1.0,36.6232,21.9298,11.7286,5.9567,0
13963578.1,9,,72,56,7,50.0,1.0,36.5493,19.3154,10.2826,5.946,0
13963673.6,9,,72,56,7,50.0,1.0,36.5445,19.3154,10.2845,5.9453,0
13965578.1,9,,71,56,7,50.0,1.0,36.4493,19.6078,10.3218,5.9312,0
13967578.1,9,,71,56,7,50.0,1.0,36.3493,19.6078,10.361,5.9165,0
13969062.1,9,,71,56,7,50.0,1.0,36.2751,19.6078,10.3901,5.9056,0
13969578.1,9,,70,56,7,50.0,1.0,36.2493,19.7917,10.4003,5.9017,0
13971578.1,9,,70,56,7,50.0,1.0,36.1493,19.7917,10.4399,5.887,0
13973578.1,9,,70,56,7,50.0,1.0,36.0493,19.7917,10.4795,5.8722,0
13975578.1,9,,70,56,7,50.0,1.0,35.9493,19.7917,10.5191,5.8574,0
13977578.1,9,,70,56,7,50.0,1.0,35.8493,19.7917,10.5587,5.8426,0
13979578.1,9,,70,56,7,50.0,1.0,35.7493,19.7917,10.5983,5.8278,0
13981578.1,9,,70,56,7,50.0,1.0,35.6493,19.7917,10.6378,5.813,0
13983578.1,9,,70,56,7,50.0,1.0,35.5493,19.7917,10.6774,5.7982,0
13985578.1,9,,70,56,7,50.0,1.0,35.4493,19.7917,10.717,5.7834,0
13987578.1,9,,70,56,7,50.0,1.0,35.3493,19.7917,10.7566,5.7686,0
13989578.1,9,,70,56,7,50.0,1.0,35.2493,19.7917,10.7962,5.7538,0
13991578.1,9,,70,56,7,50.0,1.0,35.1493,19.7917,10.8358,5.739,0
13993578.1,9,,70,56,7,50.0,1.0,35.0493,19.7917,10.8753,5.7243,0
13995578.1,9,,70,56,7,50.0,1.0,34.9493,19.7917,10.9149,5.7095,0
13997578.1,9,,70,56,7,50.0,1.0,34.8493,19.7917,10.9545,5.6947,0
13999578.1,9,,70,56,7,50.0,1.0,34.7493,19.7917,10.9941,5.6799,0
14001578.1,9,,70,56,7,50.0,1.0,34.6493,19.7917,11.0337,5.6651,0
14003578.1,9,,70,56,7,50.0,1.0,34.5493,19.7917,11.0733,5.6503,0
14005578.1,9,,70,56,7,50.0,1.0,34.4493,19.7917,11.1128,5.6355,0
14007578.1,9,,70,56,7,50.0,1.0,34.3493,19.7917,11.1524,5.6207,0
14009578.1,9,,70,56,7,50.0,1.0,34.2493,19.7917,11.192,5.6059,0
14011542.2,9,,70,56,7,50.0,1.0,34.1511,19.7917,11.2309,5.5914,0
14011578.1,9,,69,56,7,50.0,1.0,34.1493,20.1185,11.2316,5.5911,0
14013578.1,9,,69,56,7,50.0,1.0,34.0493,20.1185,11.2718,5.5763,0
14015578.1,9,,69,56,7,50.0,1.0,33.9493,20.1185,11.3121,5.5615,0
14017558.8,9,,69,56,7,50.0,1.0,33.8503,20.1185,11.3519,5.5468,0
14017578.1,9,,68,56,6,50.0,1.0,33.8493,16.9935,9.7057,5.5466,0
14019578.1,9,,68,56,6,50.0,1.0,33.7493,16.9935,9.7397,5.5317,0
14021578.1,9,,68,56,6,50.0,1.0,33.6493,16.9935,9.7736,5.5168,0
14023578.1,9,,68,56,6,50.0,1.0,33.5493,16.9935,9.8076,5.5019,0
14024130.6,9,,68,56,6,50.0,1.0,33.5217,16.9935,9.817,5.4978,0
14025578.1,9,,67,56,6,50.0,1.0,33.4493,17.3203,9.8421,5.4868,0
14027578.1,9,,67,56,6,50.0,1.0,33.3493,17.3203,9.8767,5.4716,0
14029578.1,9,,67,56,6,50.0,1.0,33.2493,17.3203,9.9114,5.4565,0
14031578.1,9,,67,56,6,50.0,1.0,33.1493,17.3203,9.946,5.4413,0
14033578.1,9,,67,56,6,50.0,1.0,33.0493,17.3203,9.9807,5.4261,0
14035578.1,9,,67,56,6,50.0,1.0,32.9493,17.3203,10.0153,5.411,0
14037578.1,9,,67,56,6,50.0,1.0,32.8493,17.3203,10.0499,5.3958,0
14039578.1,9,,67,56,6,50.0,1.0,32.7493,17.3203,10.0846,5.3806,0
14041578.1,9,,67,56,6,50.0,1.0,32.6493,17.3203,10.1192,5.3654,0
14043578.1,9,,67,56,6,50.0,1.0,32.5493,17.3203,10.1539,5.3503,0
14045578.1,9,,67,56,6,50.0,1.0,32.4493,17.3203,10.1885,5.3351,0
14047578.1,9,,67,56,6,50.0,1.0,32.3493,17.3203,10.2231,5.3199,0
14049578.1,9,,67,56,6,50.0,1.0,32.2493,17.3203,10.2578,5.3047,0
14051578.1,9,,67,56,6,50.0,1.0,32.1493,17.3203,10.2924,5.2896,0
14053578.1,9,,67,56,6,50.0,1.0,32.0493,17.3203,10.3271,5.2744,0
14055578.1,9,,67,56,6,50.0,1.0,31.9493,17.3203,10.3617,5.2592,0
14056088.5,9,,67,56,6,50.0,1.0,31.9238,17.3203,10.3705,5.2553,0
14057578.1,9,,66,56,6,50.0,1.0,31.8493,17.6471,10.3968,5.2438,0
14058109.2,9,,66,56,6,50.0,1.0,31.8227,17.6471,10.4062,5.2397,0
14059578.1,9,,65,56,6,50.0,1.0,31.7493,17.6471,10.4321,5.2283,0
14061578.1,9,,65,56,6,50.0,1.0,31.6493,17.6471,10.4674,5.2128,0
14063578.1,9,,65,56,6,50.0,1.0,31.5493,17.6471,10.5027,5.1973,0
14065578.1,9,,65,56,6,50.0,1.0,31.4493,17.6471,10.538,5.1818,0
14067578.1,9,,65,56,6,50.0,1.0,31.3493,17.6471,10.5733,5.1663,0
14069578.1,9,,65,56,6,50.0,1.0,31.2493,17.6471,10.6086,5.1507,0
14071578.1,9,,65,56,6,50.0,1.0,31.1493,17.6471,10.6439,5.1352,0
14072818.3,9,,65,56,6,50.0,1.0,31.0873,17.6471,10.6658,5.1256,0
14073578.1,9,,64,56,5,50.0,1.0,31.0493,14.8897,8.9076,5.1197,0
14075578.1,9,,64,56,5,50.0,1.0,30.9493,14.8897,8.9374,5.1041,0
14077578.1,9,,64,56,5,50.0,1.0,30.8493,14.8897,8.9672,5.0885,0
14078443.5,9,,64,56,5,50.0,1.0,30.806,14.8897,8.9801,5.0818,0
14079578.1,9,,63,56,4,50.0,1.0,30.7493,12.1324,7.2039,5.0728,0
14081578.1,9,,63,56,4,50.0,1.0,30.6493,12.1324,7.2281,5.0569,0
14083578.1,9,,63,56,4,50.0,1.0,30.5493,12.1324,7.2524,5.041,0
14085578.1,9,,63,56,4,50.0,1.0,30.4493,12.1324,7.2767,5.0252,0
14087578.1,9,,63,56,4,50.0,1.0,30.3493,12.1324,7.3009,5.0093,0
14089578.1,9,,63,56,4,50.0,1.0,30.2493,12.1324,7.3252,4.9934,0
14091578.1,9,,63,56,4,50.0,1.0,30.1493,12.1324,7.3495,4.9775,0
14093578.1,9,,63,56,4,50.0,1.0,30.0493,12.1324,7.3737,4.9616,0
14095578.1,9,,63,56,4,50.0,1.0,29.9493,12.1324,7.398,4.9458,0
14097578.1,9,,63,56,4,50.0,1.0,29.8493,12.1324,7.4223,4.9299,0
14099578.1,9,,63,56,4,50.0,1.0,29.7493,12.1324,7.4465,4.914,0
14101504.9,9,,63,56,4,50.0,1.0,29.6529,12.1324,7.4699,4.8987,0
14101578.1,9,,62,55,4,50.0,1.0,29.6493,12.1324,7.4708,4.8981,0
14103578.1,9,,62,55,4,50.0,1.0,29.5493,12.1324,7.495,4.8821,0
14105578.1,9,,62,55,4,50.0,1.0,29.4493,12.1324,7.5193,4.866,0
14107578.1,9,,62,55,4,50.0,1.0,29.3493,12.1324,7.5436,4.85,0
14109578.1,9,,62,55,4,50.0,1.0,29.2493,12.1324,7.5678,4.834,0
14111578.1,9,,62,55,4,50.0,1.0,29.1493,12.1324,7.5921,4.8179,0
14113578.1,9,,62,55,4,50.0,1.0,29.0493,12.1324,7.6164,4.8019,0
14115578.1,9,,62,55,4,50.0,1.0,28.9493,12.1324,7.6406,4.7859,0
14117578.1,9,,62,55,4,50.0,1.0,28.8493,12.1324,7.6649,4.7698,0
14117765.1,9,,62,55,4,50.0,1.0,28.8399,12.1324,7.6672,4.7683,0
14119578.1,9,,61,55,4,50.0,1.0,28.7493,12.3407,7.6895,4.7535,0
14121578.1,9,,61,55,4,50.0,1.0,28.6493,12.3407,7.7142,4.7371,0
14122625.7,9,,61,55,4,50.0,1.0,28.5969,12.3407,7.7271,4.7285,0
14123578.1,9,,59,55,3,50.0,1.0,28.5493,9.2157,5.8108,4.7207,0
14125578.1,9,,59,55,3,50.0,1.0,28.4493,9.2157,5.8292,4.7042,0
14127578.1,9,,59,55,3,50.0,1.0,28.3493,9.2157,5.8477,4.6877,0
14129578.1,9,,59,55,3,50.0,1.0,28.2493,9.2157,5.8661,4.6712,0
14131578.1,9,,59,55,3,50.0,1.0,28.1493,9.2157,5.8845,4.6547,0
14133578.1,9,,59,55,3,50.0,1.0,28.0493,9.2157,5.903,4.6382,0
14134076.3,9,,59,55,3,50.0,1.0,28.0244,9.2157,5.9076,4.6341,0
14135578.1,9,,58,55,3,50.0,1.0,27.9493,9.5833,5.9219,4.6214,0
14137578.1,9,,58,55,3,50.0,1.0,27.8493,9.5833,5.9411,4.6046,0
14138008.5,9,,58,55,3,50.0,1.0,27.8278,9.5833,5.9452,4.601,0
14139578.1,9,,57,55,2,50.0,1.0,27.7493,6.6667,3.9732,4.5875,0
14141578.1,9,,57,55,2,50.0,1.0,27.6493,6.6667,3.9866,4.5704,0
14143578.1,9,,57,55,2,50.0,1.0,27.5493,6.6667,3.9999,4.5532,0
14145578.1,9,,57,55,2,50.0,1.0,27.4493,6.6667,4.0132,4.536,0
14146720.6,9,,57,55,2,50.0,1.0,27.3922,6.6667,4.0209,4.5262,0
14147578.1,9,,56,54,2,50.0,1.0,27.3493,6.9048,4.0268,4.5186,0
14149578.1,9,,56,54,2,50.0,1.0,27.2493,6.9048,4.0406,4.501,0
14151578.1,9,,56,54,2,50.0,1.0,27.1493,6.9048,4.0544,4.4833,0
14153578.1,9,,56,54,2,50.0,1.0,27.0493,6.9048,4.0682,4.4657,0
14155578.1,9,,56,54,2,50.0,1.0,26.9493,6.9048,4.082,4.448,0
14157578.1,9,,56,54,2,50.0,1.0,26.8493,6.9048,4.0958,4.4304,0
14158061.2,9,,56,54,2,50.0,1.0,26.8251,6.9048,4.0992,4.4261,0
14159578.1,9,,55,53,2,50.0,1.0,26.7493,7.1429,4.11,4.4124,0
14161578.1,9,,55,53,2,50.0,1.0,26.6493,7.1429,4.1243,4.3942,0
14163578.1,9,,55,53,2,50.0,1.0,26.5493,7.1429,4.1386,4.3761,0
14165578.1,9,,55,53,2,50.0,1.0,26.4493,7.1429,4.1529,4.358,0
14167578.1,9,,55,53,2,50.0,1.0,26.3493,7.1429,4.1671,4.3398,0
14169578.1,9,,55,53,2,50.0,1.0,26.2493,7.1429,4.1814,4.3217,0
14171578.1,9,,55,53,2,50.0,1.0,26.1493,7.1429,4.1957,4.3036,0
14173578.1,9,,55,53,2,50.0,1.0,26.0493,7.1429,4.21,4.2855,0
14175578.1,9,,55,53,2,50.0,1.0,25.9493,7.1429,4.2243,4.2673,0
14177578.1,9,,55,53,2,50.0,1.0,25.8493,7.1429,4.2386,4.2492,0
14179578.1,9,,55,53,2,50.0,1.0,25.7493,7.1429,4.2529,4.2311,0
14181578.1,9,,55,53,2,50.0,1.0,25.6493,7.1429,4.2671,4.2129,0
14183578.1,9,,55,53,2,50.0,1.0,25.5493,7.1429,4.2814,4.1948,0
14185578.1,9,,55,53,2,50.0,1.0,25.4493,7.1429,4.2957,4.1767,0
14187578.1,9,,55,53,2,50.0,1.0,25.3493,7.1429,4.31,4.1585,0
14189578.1,9,,55,53,2,50.0,1.0,25.2493,7.1429,4.3243,4.1404,0
14191578.1,9,,55,53,2,50.0,1.0,25.1493,7.1429,4.3386,4.1223,0
14193578.1,9,,55,53,2,50.0,1.0,25.0493,7.1429,4.3529,4.1041,0
14195578.1,9,,55,53,2,50.0,1.0,24.9493,7.1429,4.3671,4.086,0
14197578.1,9,,55,53,2,50.0,1.0,24.8493,7.1429,4.3814,4.0679,0
14199578.1,9,,55,53,2,50.0,1.0,24.7493,7.1429,4.3957,4.0497,0
14201578.1,9,,55,53,2,50.0,1.0,24.6493,7.1429,4.41,4.0316,0
14203578.1,9,,55,53,2,50.0,1.0,24.5493,7.1429,4.4243,4.0135,0
14205578.1,9,,55,53,2,50.0,1.0,24.4493,7.1429,4.4386,3.9953,0
14207578.1,9,,55,53,2,50.0,1.0,24.3493,7.1429,4.4529,3.9772,0
14209578.1,9,,55,53,2,50.0,1.0,24.2493,7.1429,4.4671,3.9591,0
14211578.1,9,,55,53,2,50.0,1.0,24.1493,7.1429,4.4814,3.9409,0
14213578.1,9,,55,53,2,50.0,1.0,24.0493,7.1429,4.4957,3.9228,0
14215578.1,9,,55,53,2,50.0,1.0,23.9493,7.1429,4.51,3.9047,0
14217578.1,9,,55,53,2,50.0,1.0,23.8493,7.1429,4.5243,3.8865,0
14219578.1,9,,55,53,2,50.0,1.0,23.7493,7.1429,4.5386,3.8684,0
14221578.1,9,,55,53,2,50.0,1.0,23.6493,7.1429,4.5529,3.8503,0
14223578.1,9,,55,53,2,50.0,1.0,23.5493,7.1429,4.5671,3.8322,0
14225578.1,9,,55,53,2,50.0,1.0,23.4493,7.1429,4.5814,3.814,0
14227578.1,9,,55,53,2,50.0,1.0,23.3493,7.1429,4.5957,3.7959,0
14229578.1,9,,55,53,2,50.0,1.0,23.2493,7.1429,4.61,3.7778,0
14231578.1,9,,55,53,2,50.0,1.0,23.1493,7.1429,4.6243,3.7596,0
14233578.1,9,,55,53,2,50.0,1.0,23.0493,7.1429,4.6386,3.7415,0
14235578.1,9,,55,53,2,50.0,1.0,22.9493,7.1429,4.6529,3.7234,0
14237578.1,9,,55,53,2,50.0,1.0,22.8493,7.1429,4.6671,3.7052,0
14239578.1,9,,55,53,2,50.0,1.0,22.7493,7.1429,4.6814,3.6871,0
14240351.7,9,,55,53,2,50.0,1.0,22.7106,7.1429,4.6869,3.6801,0
14241578.1,9,,54,52,2,50.0,1.0,22.6493,7.1429,4.6957,3.6689,0
14243578.1,9,,54,52,2,50.0,1.0,22.5493,7.1429,4.71,3.6506,0
14245578.1,9,,54,52,2,50.0,1.0,22.4493,7.1429,4.7243,3.6323,0
14247578.1,9,,54,52,2,50.0,1.0,22.3493,7.1429,4.7386,3.6141,0
14249578.1,9,,54,52,2,50.0,1.0,22.2493,7.1429,4.7529,3.5958,0
14251577.3,9,,54,52,2,50.0,1.0,22.1493,7.1429,4.7671,3.5775,0
14251578.1,9,,53,51,2,50.0,1.0,22.1493,7.1429,4.7671,3.5775,0
14253578.1,9,,53,51,2,50.0,1.0,22.0493,7.1429,4.7814,3.5591,0
14255578.1,9,,53,51,2,50.0,1.0,21.9493,7.1429,4.7957,3.5406,0
14257578.1,9,,53,51,2,50.0,1.0,21.8493,7.1429,4.81,3.5222,0
14259578.1,9,,53,51,2,50.0,1.0,21.7493,7.1429,4.8243,3.5037,0
14261578.1,9,,53,51,2,50.0,1.0,21.6493,7.1429,4.8386,3.4853,0
14263578.1,9,,53,51,2,50.0,1.0,21.5493,7.1429,4.8529,3.4669,0
14265578.1,9,,53,51,2,50.0,1.0,21.4493,7.1429,4.8671,3.4484,0
14267578.1,9,,53,51,2,50.0,1.0,21.3493,7.1429,4.8814,3.43,0
14269578.1,9,,53,51,2,50.0,1.0,21.2493,7.1429,4.8957,3.4115,0
14271578.1,9,,53,51,2,50.0,1.0,21.1493,7.1429,4.91,3.3931,0
14273578.1,9,,53,51,2,50.0,1.0,21.0493,7.1429,4.9243,3.3747,0
14275578.1,9,,53,51,2,50.0,1.0,20.9493,7.1429,4.9386,3.3562,0
14277578.1,9,,53,51,2,50.0,1.0,20.8493,7.1429,4.9529,3.3378,0
14279578.1,9,,53,51,2,50.0,1.0,20.7493,7.1429,4.9671,3.3193,0
14281578.1,9,,53,51,2,50.0,1.0,20.6493,7.1429,4.9814,3.3009,0
14283578.1,9,,53,51,2,50.0,1.0,20.5493,7.1429,4.9957,3.2825,0
14285578.1,9,,53,51,2,50.0,1.0,20.4493,7.1429,5.01,3.264,0
14287578.1,9,,53,51,2,50.0,1.0,20.3493,7.1429,5.0243,3.2456,0
14289578.1,9,,53,51,2,50.0,1.0,20.2493,7.1429,5.0386,3.2271,0
14291578.1,9,,53,51,2,50.0,1.0,20.1493,7.1429,5.0529,3.2087,0
14293578.1,9,,53,51,2,50.0,1.0,20.0493,7.1429,5.0671,3.1903,0
14295578.1,9,,53,51,2,50.0,1.0,19.9493,7.1429,5.0814,3.1718,0
14297578.1,9,,53,51,2,50.0,1.0,19.8493,7.1429,5.0957,3.1534,0
14299578.1,9,,53,51,2,50.0,1.0,19.7493,7.1429,5.11,3.1349,0
14300869.8,9,,53,51,2,50.0,1.0,19.6847,7.1429,5.1192,3.123,0
14301578.1,9,,52,50,2,50.0,1.0,19.6493,7.1429,5.1243,3.1164,0
14303578.1,9,,52,50,2,50.0,1.0,19.5493,7.1429,5.1386,3.0978,0
14305578.1,9,,52,50,2,50.0,1.0,19.4493,7.1429,5.1529,3.0792,0
14307578.1,9,,52,50,2,50.0,1.0,19.3493,7.1429,5.1671,3.0605,0
14309578.1,9,,52,50,2,50.0,1.0,19.2493,7.1429,5.1814,3.0419,0
14311578.1,9,,52,50,2,50.0,1.0,19.1493,7.1429,5.1957,3.0232,0
14313518.2,9,,52,50,2,50.0,1.0,19.0523,7.1429,5.2096,3.0052,0
14313578.1,9,,51,50,1,50.0,1.0,19.0493,3.5714,2.6047,3.0048,0
14315578.1,9,,51,50,1,50.0,1.0,18.9493,3.5714,2.6119,2.9934,0
14317578.1,9,,51,50,1,50.0,1.0,18.8493,3.5714,2.619,2.982,0
14319578.1,9,,51,50,1,50.0,1.0,18.7493,3.5714,2.6262,2.9706,0
14321578.1,9,,51,50,1,50.0,1.0,18.6493,3.5714,2.6333,2.9592,0
14323578.1,9,,51,50,1,50.0,1.0,18.5493,3.5714,2.6404,2.9477,0
14325578.1,9,,51,50,1,50.0,1.0,18.4493,3.5714,2.6476,2.9363,0
14327578.1,9,,51,50,1,50.0,1.0,18.3493,3.5714,2.6547,2.9249,0
14329578.1,9,,51,50,1,50.0,1.0,18.2493,3.5714,2.6619,2.9135,0
14331498.1,9,,51,50,1,50.0,1.0,18.1533,3.5714,2.6687,2.9025,0
14331578.1,9,,50,49,1,50.0,1.0,18.1493,3.5714,2.669,2.9021,0
14332496.6,9,,50,49,1,50.0,1.0,18.1034,3.5714,2.6723,2.8968,0
14333578.1,9,,49,48,1,50.0,1.0,18.0493,3.5714,2.6762,2.8905,0
14335578.1,9,,49,48,1,50.0,1.0,17.9493,3.5714,2.6833,2.8789,0
14337578.1,9,,49,48,1,50.0,1.0,17.8493,3.5714,2.6904,2.8673,0
14338933.2,9,,49,48,1,50.0,1.0,17.7815,3.5714,2.6953,2.8594,0
14339222.0,9,,48,47,1,50.0,1.0,17.7671,3.5714,2.6963,2.8576,0
14339578.1,9,,47,46,1,50.0,1.0,17.7493,3.5714,2.6976,2.8555,0
14341578.1,9,,47,46,1,50.0,1.0,17.6493,3.5714,2.7047,2.8436,0
14343578.1,9,,47,46,1,50.0,1.0,17.5493,3.5714,2.7119,2.8317,0
14345578.1,9,,47,46,1,50.0,1.0,17.4493,3.5714,2.719,2.8197,0
14347578.1,9,,47,46,1,50.0,1.0,17.3493,3.5714,2.7262,2.8078,0
14348077.5,9,,47,46,1,50.0,1.0,17.3243,3.5714,2.7279,2.8048,0
14349578.1,9,,46,46,0,50.0,1.0,17.2493,0,0.0,2.8013,0
14351578.1,9,,46,46,0,50.0,1.0,17.1493,0,0.0,2.7966,0
14353512.5,9,,46,46,0,50.0,1.0,17.0526,0,0.0,2.792,0
14353578.1,9,,45,45,0,50.0,1.0,17.0493,0,0.0,2.7919,0
14355578.1,9,,45,45,0,50.0,1.0,16.9493,0,0.0,2.7868,0
14357396.7,9,,45,45,0,50.0,1.0,16.8584,0,0.0,2.7822,0
14357578.1,9,,44,44,0,50.0,1.0,16.8493,0,0.0,2.7818,0
14359578.1,9,,44,44,0,50.0,1.0,16.7493,0,0.0,2.7767,0
14361578.1,9,,44,44,0,50.0,1.0,16.6493,0,0.0,2.7717,0
14363578.1,9,,44,44,0,50.0,1.0,16.5493,0,0.0,2.7666,0
14364808.7,9,,44,44,0,50.0,1.0,16.4878,0,0.0,2.7635,0
14365578.1,9,,43,43,0,50.0,1.0,16.4493,0,0.0,2.7615,0
14367578.1,9,,43,43,0,50.0,1.0,16.3493,0,0.0,2.7563,0
14369193.2,9,,43,43,0,50.0,1.0,16.2685,0,0.0,2.7521,0
14369578.1,9,,42,42,0,50.0,1.0,16.2493,0,0.0,2.7511,0
14371578.1,9,,42,42,0,50.0,1.0,16.1493,0,0.0,2.7459,0
14373578.1,9,,42,42,0,50.0,1.0,16.0493,0,0.0,2.7407,0
14375578.1,9,,42,42,0,50.0,1.0,15.9493,0,0.0,2.7355,0
14377578.1,9,,42,42,0,50.0,1.0,15.8493,0,0.0,2.7303,0
14379578.1,9,,42,42,0,50.0,1.0,15.7493,0,0.0,2.7251,0
14381578.1,9,,42,42,0,50.0,1.0,15.6493,0,0.0,2.7199,0
14383578.1,9,,42,42,0,50.0,1.0,15.5493,0,0.0,2.7147,0
14385578.1,9,,42,42,0,50.0,1.0,15.4493,0,0.0,2.7094,0
14387578.1,9,,42,42,0,50.0,1.0,15.3493,0,0.0,2.7042,0
14389578.1,9,,42,42,0,50.0,1.0,15.2493,0,0.0,2.699,0
14391578.1,9,,42,42,0,50.0,1.0,15.1493,0,0.0,2.6938,0
14393578.1,9,,42,42,0,50.0,1.0,15.0493,0,0.0,2.6886,0
14395578.1,9,,42,42,0,50.0,1.0,14.9493,0,0.0,2.6834,0
14396266.0,9,,42,42,0,50.0,1.0,14.9149,0,0.0,2.6816,0
14397578.1,9,,41,41,0,50.0,1.0,14.8493,0,0.0,2.6781,0
14399578.1,9,,41,41,0,50.0,1.0,14.7493,0,0.0,2.6727,0
14401578.1,9,,41,41,0,50.0,1.0,14.6493,0,0.0,2.6673,0
14403578.1,9,,41,41,0,50.0,1.0,14.5493,0,0.0,2.6619,0
14405238.0,9,,41,41,0,50.0,1.0,14.4663,0,0.0,2.6574,0
14405578.1,9,,40,40,0,50.0,1.0,14.4493,0,0.0,2.6565,0
14407578.1,9,,40,40,0,50.0,1.0,14.3493,0,0.0,2.6511,0
14409578.1,9,,40,40,0,50.0,1.0,14.2493,0,0.0,2.6457,0
14411150.6,9,,40,40,0,50.0,1.0,14.1707,0,0.0,2.6414,0
14411578.1,9,,39,39,0,50.0,1.0,14.1493,0,0.0,2.6403,0
14413578.1,9,,39,39,0,50.0,1.0,14.0493,0,0.0,2.6349,0
14415578.1,9,,39,39,0,50.0,1.0,13.9493,0,0.0,2.6295,0
14417578.1,9,,39,39,0,50.0,1.0,13.8493,0,0.0,2.6241,0
14419578.1,9,,39,39,0,50.0,1.0,13.7493,0,0.0,2.6187,0
14421578.1,9,,39,39,0,50.0,1.0,13.6493,0,0.0,2.6133,0
14423578.1,9,,39,39,0,50.0,1.0,13.5493,0,0.0,2.6079,0
14424898.8,9,,39,39,0,50.0,1.0,13.4833,0,0.0,2.6043,0
14425578.1,9,,38,38,0,50.0,1.0,13.4493,0,0.0,2.6025,0
14427578.1,9,,38,38,0,50.0,1.0,13.3493,0,0.0,2.5971,0
14429578.1,9,,38,38,0,50.0,1.0,13.2493,0,0.0,2.5917,0
14431578.1,9,,38,38,0,50.0,1.0,13.1493,0,0.0,2.5863,0
14433578.1,9,,38,38,0,50.0,1.0,13.0493,0,0.0,2.5809,0
14435578.1,9,,38,38,0,50.0,1.0,12.9493,0,0.0,2.5755,0
14437578.1,9,,38,38,0,50.0,1.0,12.8493,0,0.0,2.5701,0
14439578.1,9,,38,38,0,50.0,1.0,12.7493,0,0.0,2.5647,0
14441578.1,9,,38,38,0,50.0,1.0,12.6493,0,0.0,2.5593,0
14443578.1,9,,38,38,0,50.0,1.0,12.5493,0,0.0,2.5539,0
14445262.9,9,,38,38,0,50.0,1.0,12.465,0,0.0,2.5494,0
14445542.6,9,,37,37,0,50.0,1.0,12.4511,0,0.0,2.5486,0
14445578.1,9,,36,36,0,50.0,1.0,12.4493,0,0.0,2.5485,0
14447578.1,9,,36,36,0,50.0,1.0,12.3493,0,0.0,2.5426,0
14449578.1,9,,36,36,0,50.0,1.0,12.2493,0,0.0,2.5368,0
14451578.1,9,,36,36,0,50.0,1.0,12.1493,0,0.0,2.5309,0
14453578.1,9,,36,36,0,50.0,1.0,12.0493,0,0.0,2.5251,0
14453749.0,9,,36,36,0,50.0,1.0,12.0407,0,0.0,2.5246,0
14453937.6,9,,35,35,0,50.0,1.0,12.0313,0,0.0,2.524,0
14455578.1,9,,34,34,0,50.0,1.0,11.9493,0,0.0,2.519,0
14457578.1,9,,34,34,0,50.0,1.0,11.8493,0,0.0,2.513,0
14459578.1,9,,34,34,0,50.0,1.0,11.7493,0,0.0,2.5069,0
14461578.1,9,,34,34,0,50.0,1.0,11.6493,0,0.0,2.5008,0
14463578.1,9,,34,34,0,50.0,1.0,11.5493,0,0.0,2.4948,0
14465578.1,9,,34,34,0,50.0,1.0,11.4493,0,0.0,2.4887,0
14467578.1,9,,34,34,0,50.0,1.0,11.3493,0,0.0,2.4826,0
14469578.1,9,,34,34,0,50.0,1.0,11.2493,0,0.0,2.4765,0
14471443.7,9,,34,34,0,50.0,1.0,11.156,0,0.0,2.4709,0
14471578.1,9,,33,33,0,50.0,1.0,11.1493,0,0.0,2.4705,0
14473578.1,9,,33,33,0,50.0,1.0,11.0493,0,0.0,2.4644,0
14475578.1,9,,33,33,0,50.0,1.0,10.9493,0,0.0,2.4583,0
14476875.2,9,,33,33,0,50.0,1.0,10.8844,0,0.0,2.4544,0
14477578.1,9,,32,32,0,50.0,1.0,10.8493,0,0.0,2.4522,0
14479578.1,9,,32,32,0,50.0,1.0,10.7493,0,0.0,2.4458,0
14481578.1,9,,32,32,0,50.0,1.0,10.6493,0,0.0,2.4395,0
14483578.1,9,,32,32,0,50.0,1.0,10.5493,0,0.0,2.4331,0
14484256.8,9,,32,32,0,50.0,1.0,10.5154,0,0.0,2.431,0
14485578.1,9,,31,31,0,50.0,1.0,10.4493,0,0.0,2.4264,0
14487578.1,9,,31,31,0,50.0,1.0,10.3493,0,0.0,2.4194,0
14488671.7,9,,31,31,0,50.0,1.0,10.2946,0,0.0,2.4156,0
14489578.1,9,,30,30,0,50.0,1.0,10.2493,0,0.0,2.4123,0
14491578.1,9,,30,30,0,50.0,1.0,10.1493,0,0.0,2.405,0
14493578.1,9,,30,30,0,50.0,1.0,10.0493,0,0.0,2.3977,0
14495578.1,9,,30,30,0,50.0,1.0,9.9493,0,0.0,2.3905,0
14497578.1,9,,30,30,0,50.0,1.0,9.8493,0,0.0,2.3832,0
14499578.1,9,,30,30,0,50.0,1.0,9.7493,0,0.0,2.3759,0
14499985.4,9,,30,30,0,50.0,1.0,9.7289,0,0.0,2.3744,0
14501578.1,9,,29,29,0,50.0,1.0,9.6493,0,0.0,2.3679,0
14503578.1,9,,29,29,0,50.0,1.0,9.5493,0,0.0,2.3598,0
14505578.1,9,,29,29,0,50.0,1.0,9.4493,0,0.0,2.3517,0
14507578.1,9,,29,29,0,50.0,1.0,9.3493,0,0.0,2.3435,0
14508177.4,9,,29,29,0,50.0,1.0,9.3193,0,0.0,2.3411,0
14509488.2,9,,28,28,0,50.0,1.0,9.2538,0,0.0,2.335,0
14509578.1,9,,27,27,0,50.0,1.0,9.2493,0,0.0,2.3344,0
14511578.1,9,,27,27,0,50.0,1.0,9.1493,0,0.0,2.323,0
14513578.1,9,,27,27,0,50.0,1.0,9.0493,0,0.0,2.3115,0
14515578.1,9,,27,27,0,50.0,1.0,8.9493,0,0.0,2.3001,0
14517578.1,9,,27,27,0,50.0,1.0,8.8493,0,0.0,2.2886,0
14519578.1,9,,27,27,0,50.0,1.0,8.7493,0,0.0,2.2772,0
14521578.1,9,,27,27,0,50.0,1.0,8.6493,0,0.0,2.2657,0
14523578.1,9,,27,27,0,50.0,1.0,8.5493,0,0.0,2.2542,0
14525578.1,9,,27,27,0,50.0,1.0,8.4493,0,0.0,2.2428,0
14527578.1,9,,27,27,0,50.0,1.0,8.3493,0,0.0,2.2313,0
14529578.1,9,,27,27,0,50.0,1.0,8.2493,0,0.0,2.2199,0
14531578.1,9,,27,27,0,50.0,1.0,8.1493,0,0.0,2.2084,0
14533578.1,9,,27,27,0,50.0,1.0,8.0493,0,0.0,2.1969,0
14534358.3,9,,27,27,0,50.0,1.0,8.0103,0,0.0,2.1925,0
14535578.1,9,,25,25,0,50.0,1.0,7.9493,0,0.0,2.1855,0
14537578.1,9,,25,25,0,50.0,1.0,7.8493,0,0.0,2.174,0
14538479.1,9,,25,25,0,50.0,1.0,7.8042,0,0.0,2.1689,0
14539578.1,9,,24,24,0,50.0,1.0,7.7493,0,0.0,2.1623,0
14541578.1,9,,24,24,0,50.0,1.0,7.6493,0,0.0,2.1504,0
14543578.1,9,,24,24,0,50.0,1.0,7.5493,0,0.0,2.1385,0
14545360.4,9,,24,24,0,50.0,1.0,7.4602,0,0.0,2.1279,0
14545578.1,9,,23,23,0,50.0,1.0,7.4493,0,0.0,2.1265,0
14547578.1,9,,23,23,0,50.0,1.0,7.3493,0,0.0,2.114,0
14548120.8,9,,23,23,0,50.0,1.0,7.3222,0,0.0,2.1107,0
14549578.1,9,,22,22,0,50.0,1.0,7.2493,0,0.0,2.1015,0
14550400.2,9,,22,22,0,50.0,1.0,7.2082,0,0.0,2.0964,0
14551578.1,9,,21,21,0,50.0,1.0,7.1493,0,0.0,2.089,0
14553578.1,9,,21,21,0,50.0,1.0,7.0493,0,0.0,2.0765,0
14555578.1,9,,21,21,0,50.0,1.0,6.9493,0,0.0,2.064,0
14557281.5,9,,21,21,0,50.0,1.0,6.8641,0,0.0,2.0534,0
14557578.1,9,,20,20,0,50.0,1.0,6.8493,0,0.0,2.0515,0
14559578.1,9,,20,20,0,50.0,1.0,6.7493,0,0.0,2.039,0
14561578.1,9,,20,20,0,50.0,1.0,6.6493,0,0.0,2.0265,0
14562866.4,9,,20,20,0,50.0,1.0,6.5849,0,0.0,2.0185,0
14563578.1,9,,19,19,0,50.0,1.0,6.5493,0,0.0,2.014,0
14565578.1,9,,19,19,0,50.0,1.0,6.4493,0,0.0,2.0015,0
14567111.9,9,,19,19,0,50.0,1.0,6.3726,0,0.0,1.992,0
14567578.1,9,,18,18,0,50.0,1.0,6.3493,0,0.0,1.989,0
14569578.1,9,,18,18,0,50.0,1.0,6.2493,0,0.0,1.9765,0
14570388.7,9,,18,18,0,50.0,1.0,6.2088,0,0.0,1.9715,0
14570919.4,9,,17,17,0,50.0,1.0,6.1822,0,0.0,1.9682,0
14571578.1,9,,16,16,0,50.0,1.0,6.1493,0,0.0,1.9638,0
14573578.1,9,,16,16,0,50.0,1.0,6.0493,0,0.0,1.9504,0
14574196.2,9,,16,16,0,50.0,1.0,6.0184,0,0.0,1.9463,0
14575578.1,9,,15,15,0,50.0,1.0,5.9493,0,0.0,1.9362,0
14577578.1,9,,15,15,0,50.0,1.0,5.8493,0,0.0,1.9217,0
14579578.1,9,,15,15,0,50.0,1.0,5.7493,0,0.0,1.9071,0
14581578.1,9,,15,15,0,50.0,1.0,5.6493,0,0.0,1.8925,0
14583578.1,9,,15,15,0,50.0,1.0,5.5493,0,0.0,1.8779,0
14585578.1,9,,15,15,0,50.0,1.0,5.4493,0,0.0,1.8633,0
14587578.1,9,,15,15,0,50.0,1.0,5.3493,0,0.0,1.8487,0
14589578.1,9,,15,15,0,50.0,1.0,5.2493,0,0.0,1.8342,0
14591578.1,9,,15,15,0,50.0,1.0,5.1493,0,0.0,1.8196,0
14592063.5,9,,15,15,0,50.0,1.0,5.125,0,0.0,1.816,0
14593578.1,9,,14,14,0,50.0,1.0,5.0493,0,0.0,1.8018,0
14593857.0,9,,14,14,0,50.0,1.0,5.0353,0,0.0,1.7992,0
14595578.1,9,,13,13,0,50.0,1.0,4.9493,0,0.0,1.7813,0
14597578.1,9,,13,13,0,50.0,1.0,4.8493,0,0.0,1.7605,0
14599578.1,9,,13,13,0,50.0,1.0,4.7493,0,0.0,1.7396,0
14601578.1,9,,13,13,0,50.0,1.0,4.6493,0,0.0,1.7188,0
14603578.1,9,,13,13,0,50.0,1.0,4.5493,0,0.0,1.698,0
14605578.1,9,,13,13,0,50.0,1.0,4.4493,0,0.0,1.6771,0
14607578.1,9,,13,13,0,50.0,1.0,4.3493,0,0.0,1.6563,0
14608741.6,9,,13,13,0,50.0,1.0,4.2911,0,0.0,1.6442,0
14609578.1,9,,12,12,0,50.0,1.0,4.2493,0,0.0,1.6355,0
14611578.1,9,,12,12,0,50.0,1.0,4.1493,0,0.0,1.6146,0
14613578.1,9,,12,12,0,50.0,1.0,4.0493,0,0.0,1.5938,0
14615578.1,9,,12,12,0,50.0,1.0,3.9493,0,0.0,1.573,0
14617578.1,9,,12,12,0,50.0,1.0,3.8493,0,0.0,1.5521,0
14619578.1,9,,12,12,0,50.0,1.0,3.7493,0,0.0,1.5313,0
14620196.1,9,,12,12,0,50.0,1.0,3.7184,0,0.0,1.5249,0
14621578.1,9,,11,11,0,50.0,1.0,3.6493,0,0.0,1.5105,0
14623578.1,9,,11,11,0,50.0,1.0,3.5493,0,0.0,1.4896,0
14625578.1,9,,11,11,0,50.0,1.0,3.4493,0,0.0,1.4688,0
14627578.1,9,,11,11,0,50.0,1.0,3.3493,0,0.0,1.448,0
14628763.7,9,,11,11,0,50.0,1.0,3.29,0,0.0,1.4356,0
14629578.1,9,,10,10,0,50.0,1.0,3.2493,0,0.0,1.4259,0
14631578.1,9,,10,10,0,50.0,1.0,3.1493,0,0.0,1.4021,0
14633578.1,9,,10,10,0,50.0,1.0,3.0493,0,0.0,1.3783,0
14634347.1,9,,10,10,0,50.0,1.0,3.0108,0,0.0,1.3691,0
14635578.1,9,,9,9,0,50.0,1.0,2.9493,0,0.0,1.3507,0
14637578.1,9,,9,9,0,50.0,1.0,2.8493,0,0.0,1.3207,0
14639578.1,9,,9,9,0,50.0,1.0,2.7493,0,0.0,1.2907,0
14641578.1,9,,9,9,0,50.0,1.0,2.6493,0,0.0,1.2607,0
14643578.1,9,,9,9,0,50.0,1.0,2.5493,0,0.0,1.2307,0
14645578.1,9,,9,9,0,50.0,1.0,2.4493,0,0.0,1.2007,0
14647578.1,9,,9,9,0,50.0,1.0,2.3493,0,0.0,1.1707,0
14649578.1,9,,9,9,0,50.0,1.0,2.2493,0,0.0,1.1407,0
14651578.1,9,,9,9,0,50.0,1.0,2.1493,0,0.0,1.1107,0
14653578.1,9,,9,9,0,50.0,1.0,2.0493,0,0.0,1.0807,0
14655578.1,9,,9,9,0,50.0,1.0,1.9493,0,0.0,1.0507,0
14655762.1,9,,9,9,0,50.0,1.0,1.9401,0,0.0,1.0479,0
14657578.1,9,,8,8,0,50.0,1.0,1.8493,0,0.0,1.0192,0
14659578.1,9,,8,8,0,50.0,1.0,1.7493,0,0.0,0.9877,0
14661578.1,9,,8,8,0,50.0,1.0,1.6493,0,0.0,0.9561,0
14663578.1,9,,8,8,0,50.0,1.0,1.5493,0,0.0,0.9245,0
14665578.1,9,,8,8,0,50.0,1.0,1.4493,0,0.0,0.8929,0
14665608.5,9,,8,8,0,50.0,1.0,1.4478,0,0.0,0.8924,0
14667578.1,9,,7,7,0,50.0,1.0,1.3493,0,0.0,0.8596,0
14669578.1,9,,7,7,0,50.0,1.0,1.2493,0,0.0,0.8263,0
14671578.1,9,,7,7,0,50.0,1.0,1.1493,0,0.0,0.793,0
14673578.1,9,,7,7,0,50.0,1.0,1.0493,0,0.0,0.7596,0
14675578.1,9,,7,7,0,50.0,1.0,0.9493,0,0.0,0.7263,0
14676082.6,9,,7,7,0,50.0,1.0,0.9241,0,0.0,0.7179,0
14677135.2,9,,6,6,0,50.0,1.0,0.8714,0,0.0,0.7003,0
14677578.1,9,,5,5,0,50.0,1.0,0.8493,0,0.0,0.693,0
14679371.0,9,,5,5,0,50.0,1.0,0.7596,0,0.0,0.6631,0
14679578.1,9,,4,4,0,50.0,1.0,0.7493,0,0.0,0.6596,0
14680716.1,9,,4,4,0,50.0,1.0,0.6924,0,0.0,0.6407,0
14681578.1,9,,3,3,0,50.0,1.0,0.6493,0,0.0,0.6191,0
14682785.4,9,,3,3,0,50.0,1.0,0.5889,0,0.0,0.5889,0
14683116.6,9,,2,2,0,50.0,1.0,0.5724,0,0.0,0.5724,0
14683578.1,9,,1,1,0,50.0,1.0,0.5493,0,0.0,0.5493,0
14685578.1,9,,1,1,0,50.0,1.0,0.4493,0,0.0,0.4493,0
14687578.1,9,,1,1,0,50.0,1.0,0.3493,0,0.0,0.3493,0
14689578.1,9,,1,1,0,50.0,1.0,0.2493,0,0.0,0.2493,0
14691578.1,9,,1,1,0,50.0,1.0,0.1493,0,0.0,0.1493,0
14693578.1,9,,1,1,0,50.0,1.0,0.0493,0,0.0,0.0493,0
14694563.8,9,,1,1,0,50.0,1.0,0.0,0,0.0,0.0,0
14695578.1,10,,124,56,8,50.0,1.0,73.4438,12.9032,0.0131,41.8847,0
14697578.1,10,,124,56,8,50.0,1.0,73.3438,12.9032,0.0389,41.6242,0
14699578.1,10,,124,56,8,50.0,1.0,73.2438,12.9032,0.0647,41.3637,0
14701578.1,10,,124,56,8,50.0,1.0,73.1438,12.9032,0.0905,41.1032,0
14703578.1,10,,124,56,8,50.0,1.0,73.0438,12.9032,0.1163,40.8427,0
14705578.1,10,,124,56,8,50.0,1.0,72.9438,12.9032,0.1421,40.5822,0
14707578.1,10,,124,56,8,50.0,1.0,72.8438,12.9032,0.1679,40.3218,0
14709578.1,10,,124,56,8,50.0,1.0,72.7438,12.9032,0.1937,40.0613,0
14711578.1,10,,124,56,8,50.0,1.0,72.6438,12.9032,0.2195,39.8008,0
14713578.1,10,,124,56,8,50.0,1.0,72.5438,12.9032,0.2453,39.5403,0
14715578.1,10,,124,56,8,50.0,1.0,72.4438,12.9032,0.2712,39.2798,0
14717578.1,10,,124,56,8,50.0,1.0,72.3438,12.9032,0.297,39.0193,0
14719578.1,10,,124,56,8,50.0,1.0,72.2438,12.9032,0.3228,38.7589,0
14721578.1,10,,124,56,8,50.0,1.0,72.1438,12.9032,0.3486,38.4984,0
14723578.1,10,,124,56,8,50.0,1.0,72.0438,12.9032,0.3744,38.2379,0
14725578.1,10,,124,56,8,50.0,1.0,71.9438,12.9032,0.4002,37.9774,0
14727578.1,10,,124,56,8,50.0,1.0,71.8438,12.9032,0.426,37.7169,0
14729578.1,10,,124,56,8,50.0,1.0,71.7438,12.9032,0.4518,37.4564,0
14731578.1,10,,124,56,8,50.0,1.0,71.6438,12.9032,0.4776,37.196,0
14733578.1,10,,124,56,8,50.0,1.0,71.5438,12.9032,0.5034,36.9355,0
14735578.1,10,,124,56,8,50.0,1.0,71.4438,12.9032,0.5292,36.675,0
14737578.1,10,,124,56,8,50.0,1.0,71.3438,12.9032,0.555,36.4145,0
14739578.1,10,,124,56,8,50.0,1.0,71.2438,12.9032,0.5808,36.154,0
14741578.1,10,,124,56,8,50.0,1.0,71.1438,12.9032,0.6066,35.8935,0
14743578.1,10,,124,56,8,50.0,1.0,71.0438,12.9032,0.6324,35.6331,0
14744225.6,10,,124,56,8,50.0,1.0,71.0114,12.9032,0.6408,35.5487,0
14745578.1,10,,123,56,8,50.0,1.0,70.9438,13.0108,0.6584,35.3871,0
14747578.1,10,,123,56,8,50.0,1.0,70.8438,13.0108,0.6844,35.1482,0
14749022.4,10,,123,56,8,50.0,1.0,70.7716,13.0108,0.7032,34.9756,0
14749578.1,10,,122,56,8,50.0,1.0,70.7438,13.1183,0.7105,34.9093,0
14750433.3,10,,122,56,8,50.0,1.0,70.7011,13.1183,0.7217,34.8072,0
14750715.4,10,,121,56,8,50.0,1.0,70.6869,13.2258,0.7254,34.7735,0
14751578.1,10,,120,56,8,50.0,1.0,70.6438,13.3333,0.7369,34.6707,0
14752144.5,10,,120,56,8,50.0,1.0,70.6155,13.3333,0.7445,34.6033,0
14753578.1,10,,119,56,8,50.0,1.0,70.5438,13.4483,0.7638,34.4489,0
14753937.6,10,,119,56,8,50.0,1.0,70.5258,13.4483,0.7686,34.4102,0
14754811.4,10,,118,56,8,50.0,1.0,70.4821,13.5632,0.7805,34.3163,0
14755578.1,10,,116,56,8,50.0,1.0,70.4438,13.8013,0.791,34.234,0
14757578.1,10,,116,56,8,50.0,1.0,70.3438,13.8013,0.8187,34.0193,0
14758625.3,10,,116,56,8,50.0,1.0,70.2915,13.8013,0.8331,33.907,0
14758953.0,10,,115,56,8,50.0,1.0,70.2751,13.9163,0.8377,33.8718,0
14759578.1,10,,114,56,8,50.0,1.0,70.2438,14.0394,0.8464,33.8049,0
14761578.1,10,,114,56,8,50.0,1.0,70.1438,14.0394,0.8745,33.5906,0
14763578.1,10,,114,56,8,50.0,1.0,70.0438,14.0394,0.9026,33.3764,0
14765578.1,10,,114,56,8,50.0,1.0,69.9438,14.0394,0.9307,33.1622,0
14767578.1,10,,114,56,8,50.0,1.0,69.8438,14.0394,0.9588,32.948,0
14769578.1,10,,114,56,8,50.0,1.0,69.7438,14.0394,0.9868,32.7338,0
14771578.1,10,,114,56,8,50.0,1.0,69.6438,14.0394,1.0149,32.5196,0
14773578.1,10,,114,56,8,50.0,1.0,69.5438,14.0394,1.043,32.3053,0
14775578.1,10,,114,56,8,50.0,1.0,69.4438,14.0394,1.0711,32.0911,0
14777578.1,10,,114,56,8,50.0,1.0,69.3438,14.0394,1.0991,31.8769,0
14778422.6,10,,114,56,8,50.0,1.0,69.3016,14.0394,1.111,31.7865,0
14779578.1,10,,113,56,8,50.0,1.0,69.2438,14.1626,1.1274,31.6628,0
14780916.6,10,,113,56,8,50.0,1.0,69.1769,14.1626,1.1463,31.5196,0
14781578.1,10,,112,56,8,50.0,1.0,69.1438,14.2857,1.1558,31.457,0
14783578.1,10,,112,56,8,50.0,1.0,69.0438,14.2857,1.1843,31.2677,0
14785203.8,10,,112,56,8,50.0,1.0,68.9625,14.2857,1.2076,31.1138,0
14785578.1,10,,111,56,8,50.0,1.0,68.9438,14.418,1.213,31.0785,0
14786669.2,10,,111,56,8,50.0,1.0,68.8893,14.418,1.2287,30.9753,0
14787578.1,10,,110,56,8,50.0,1.0,68.8438,14.5503,1.2419,30.8895,0
14789578.1,10,,110,56,8,50.0,1.0,68.7438,14.5503,1.271,30.7007,0
14791578.1,10,,110,56,8,50.0,1.0,68.6438,14.5503,1.3001,30.5118,0
14791675.4,10,,110,56,8,50.0,1.0,68.6389,14.5503,1.3015,30.5027,0
14792085.0,10,,109,56,8,50.0,1.0,68.6185,14.6825,1.3076,30.464,0
14793578.1,10,,108,56,8,50.0,1.0,68.5438,14.825,1.3297,30.3234,0
14795578.1,10,,108,56,8,50.0,1.0,68.4438,14.825,1.3593,30.135,0
14796108.2,10,,108,56,8,50.0,1.0,68.4173,14.825,1.3672,30.0851,0
14796463.2,10,,107,56,8,50.0,1.0,68.3996,14.9788,1.3725,30.0517,0
14796745.4,10,,106,56,8,50.0,1.0,68.3855,15.1111,1.3768,30.0289,0
14797327.9,10,,105,56,8,50.0,1.0,68.3563,15.2536,1.3857,29.9819,0
14797578.1,10,,104,56,8,50.0,1.0,68.3438,15.396,1.3895,29.9618,0
14797937.8,10,,104,56,8,50.0,1.0,68.3258,15.396,1.3951,29.9328,0
14799578.1,10,,103,56,8,50.0,1.0,68.2438,15.5385,1.4205,29.8242,0
14801578.1,10,,103,56,8,50.0,1.0,68.1438,15.5385,1.4516,29.6917,0
14803578.1,10,,103,56,8,50.0,1.0,68.0438,15.5385,1.4827,29.5593,0
14805578.1,10,,103,56,8,50.0,1.0,67.9438,15.5385,1.5138,29.4268,0
14806794.2,10,,103,56,8,50.0,1.0,67.883,15.5385,1.5327,29.3463,0
14807578.1,10,,102,56,8,50.0,1.0,67.8438,15.6923,1.545,29.2945,0
14808824.0,10,,102,56,8,50.0,1.0,67.7815,15.6923,1.5645,29.2121,0
14809578.1,10,,101,56,8,50.0,1.0,67.7438,15.8462,1.5765,29.174,0
14810662.7,10,,101,56,8,50.0,1.0,67.6896,15.8462,1.5937,29.1191,0
14811354.5,10,,100,56,8,50.0,1.0,67.655,16.0128,1.6047,29.0841,0
14811418.2,10,,99,56,8,50.0,1.0,67.6518,16.1795,1.6058,29.0809,0
14811578.1,10,,98,56,8,50.0,1.0,67.6438,16.3333,1.6084,29.0729,0
14813578.1,10,,98,56,8,50.0,1.0,67.5438,16.3333,1.641,28.9724,0
14815578.1,10,,98,56,8,50.0,1.0,67.4438,16.3333,1.6737,28.8719,0
14817578.1,10,,98,56,8,50.0,1.0,67.3438,16.3333,1.7064,28.7714,0
14818699.9,10,,98,56,8,50.0,1.0,67.2877,16.3333,1.7247,28.715,0
14819578.1,10,,97,56,8,50.0,1.0,67.2438,16.5,1.7392,28.671,0
14821578.1,10,,97,56,8,50.0,1.0,67.1438,16.5,1.7722,28.5708,0
14823578.1,10,,97,56,8,50.0,1.0,67.0438,16.5,1.8052,28.4706,0
14825578.1,10,,97,56,8,50.0,1.0,66.9438,16.5,1.8382,28.3703,0
14827578.1,10,,97,56,8,50.0,1.0,66.8438,16.5,1.8712,28.2714,0
14828621.4,10,,97,56,8,50.0,1.0,66.7917,16.5,1.8884,28.2365,0
14829578.1,10,,96,56,8,50.0,1.0,66.7438,16.6667,1.9044,28.2046,0
14831578.1,10,,96,56,8,50.0,1.0,66.6438,16.6667,1.9377,28.1379,0
14833578.1,10,,96,56,8,50.0,1.0,66.5438,16.6667,1.971,28.0712,0
14835578.1,10,,96,56,8,50.0,1.0,66.4438,16.6667,2.0044,28.0046,0
14837578.1,10,,96,56,8,50.0,1.0,66.3438,16.6667,2.0377,27.9379,0
14839578.1,10,,96,56,8,50.0,1.0,66.2438,16.6667,2.071,27.8712,0
14841578.1,10,,96,56,8,50.0,1.0,66.1438,16.6667,2.1044,27.8046,0
14843578.1,10,,96,56,8,50.0,1.0,66.0438,16.6667,2.1377,27.7379,0
14845578.1,10,,96,56,8,50.0,1.0,65.9438,16.6667,2.171,27.6712,0
14847578.1,10,,96,56,8,50.0,1.0,65.8438,16.6667,2.2044,27.6046,0
14849578.1,10,,96,56,8,50.0,1.0,65.7438,16.6667,2.2377,27.5379,0
14851578.1,10,,96,56,8,50.0,1.0,65.6438,16.6667,2.271,27.4712,0
14853578.1,10,,96,56,8,50.0,1.0,65.5438,16.6667,2.3044,27.4046,0
14855578.1,10,,96,56,8,50.0,1.0,65.4438,16.6667,2.3377,27.3379,0
14857578.1,10,,96,56,8,50.0,1.0,65.3438,16.6667,2.371,27.2712,0
14859578.1,10,,96,56,8,50.0,1.0,65.2438,16.6667,2.4044,27.2046,0
14861578.1,10,,96,56,8,50.0,1.0,65.1438,16.6667,2.4377,27.1379,0
14863578.1,10,,96,56,8,50.0,1.0,65.0438,16.6667,2.471,27.0712,0
14865578.1,10,,96,56,8,50.0,1.0,64.9438,16.6667,2.5044,27.0046,0
14867578.1,10,,96,56,8,50.0,1.0,64.8438,16.6667,2.5377,26.9379,0
14869578.1,10,,96,56,8,50.0,1.0,64.7438,16.6667,2.571,26.8712,0
14871578.1,10,,96,56,8,50.0,1.0,64.6438,16.6667,2.6044,26.8046,0
14873578.1,10,,96,56,8,50.0,1.0,64.5438,16.6667,2.6377,26.7379,0
14875578.1,10,,96,56,8,50.0,1.0,64.4438,16.6667,2.671,26.6712,0
14877578.1,10,,96,56,8,50.0,1.0,64.3438,16.6667,2.7044,26.6046,0
14879578.1,10,,96,56,8,50.0,1.0,64.2438,16.6667,2.7377,26.5379,0
14881578.1,10,,96,56,8,50.0,1.0,64.1438,16.6667,2.771,26.4712,0
14883578.1,10,,96,56,8,50.0,1.0,64.0438,16.6667,2.8044,26.4046,0
14885578.1,10,,96,56,8,50.0,1.0,63.9438,16.6667,2.8377,26.3379,0
14887578.1,10,,96,56,8,50.0,1.0,63.8438,16.6667,2.871,26.2712,0
14889578.1,10,,96,56,8,50.0,1.0,63.7438,16.6667,2.9044,26.2046,0
14891578.1,10,,96,56,8,50.0,1.0,63.6438,16.6667,2.9377,26.1379,0
14893578.1,10,,96,56,8,50.0,1.0,63.5438,16.6667,2.971,26.0712,0
14895578.1,10,,96,56,8,50.0,1.0,63.4438,16.6667,3.0044,26.0046,0
14897578.1,10,,96,56,8,50.0,1.0,63.3438,16.6667,3.0377,25.9379,0
14899578.1,10,,96,56,8,50.0,1.0,63.2438,16.6667,3.071,25.8712,0
14901578.1,10,,96,56,8,50.0,1.0,63.1438,16.6667,3.1044,25.8046,0
14903578.1,10,,96,56,8,50.0,1.0,63.0438,16.6667,3.1377,25.7379,0
14905578.1,10,,96,56,8,50.0,1.0,62.9438,16.6667,3.171,25.6712,0
14907578.1,10,,96,56,8,50.0,1.0,62.8438,16.6667,3.2044,25.6046,0
14909578.1,10,,96,56,8,50.0,1.0,62.7438,16.6667,3.2377,25.5379,0
14911578.1,10,,96,56,8,50.0,1.0,62.6438,16.6667,3.271,25.4712,0
14913578.1,10,,96,56,8,50.0,1.0,62.5438,16.6667,3.3044,25.4046,0
14915578.1,10,,96,56,8,50.0,1.0,62.4438,16.6667,3.3377,25.3379,0
14917578.1,10,,96,56,8,50.0,1.0,62.3438,16.6667,3.371,25.2712,0
14919578.1,10,,96,56,8,50.0,1.0,62.2438,16.6667,3.4044,25.2046,0
14921578.1,10,,96,56,8,50.0,1.0,62.1438,16.6667,3.4377,25.1379,0
14923578.1,10,,96,56,8,50.0,1.0,62.0438,16.6667,3.471,25.0712,0
14925578.1,10,,96,56,8,50.0,1.0,61.9438,16.6667,3.5044,25.0046,0
14927578.1,10,,96,56,8,50.0,1.0,61.8438,16.6667,3.5377,24.9379,0
14929578.1,10,,96,56,8,50.0,1.0,61.7438,16.6667,3.571,24.8712,0
14931578.1,10,,96,56,8,50.0,1.0,61.6438,16.6667,3.6044,24.8046,0
14933578.1,10,,96,56,8,50.0,1.0,61.5438,16.6667,3.6377,24.7379,0
14935578.1,10,,96,56,8,50.0,1.0,61.4438,16.6667,3.671,24.6712,0
14937578.1,10,,96,56,8,50.0,1.0,61.3438,16.6667,3.7044,24.6046,0
14939578.1,10,,96,56,8,50.0,1.0,61.2438,16.6667,3.7377,24.5379,0
14941578.1,10,,96,56,8,50.0,1.0,61.1438,16.6667,3.771,24.4712,0
14943578.1,10,,96,56,8,50.0,1.0,61.0438,16.6667,3.8044,24.4046,0
14945578.1,10,,96,56,8,50.0,1.0,60.9438,16.6667,3.8377,24.3379,0
14947578.1,10,,96,56,8,50.0,1.0,60.8438,16.6667,3.871,24.2712,0
14949578.1,10,,96,56,8,50.0,1.0,60.7438,16.6667,3.9044,24.2046,0
14951578.1,10,,96,56,8,50.0,1.0,60.6438,16.6667,3.9377,24.1379,0
14953578.1,10,,96,56,8,50.0,1.0,60.5438,16.6667,3.971,24.0712,0
14955578.1,10,,96,56,8,50.0,1.0,60.4438,16.6667,4.0044,24.0046,0
14957578.1,10,,96,56,8,50.0,1.0,60.3438,16.6667,4.0377,23.9379,0
14959578.1,10,,96,56,8,50.0,1.0,60.2438,16.6667,4.071,23.8712,0
14961578.1,10,,96,56,8,50.0,1.0,60.1438,16.6667,4.1044,23.8046,0
14963578.1,10,,96,56,8,50.0,1.0,60.0438,16.6667,4.1377,23.7379,0
14965578.1,10,,96,56,8,50.0,1.0,59.9438,16.6667,4.171,23.6712,0
14967578.1,10,,96,56,8,50.0,1.0,59.8438,16.6667,4.2044,23.6046,0
14969578.1,10,,96,56,8,50.0,1.0,59.7438,16.6667,4.2377,23.5379,0
14971578.1,10,,96,56,8,50.0,1.0,59.6438,16.6667,4.271,23.4712,0
14973578.1,10,,96,56,8,50.0,1.0,59.5438,16.6667,4.3044,23.4046,0
14975578.1,10,,96,56,8,50.0,1.0,59.4438,16.6667,4.3377,23.3379,0
14977578.1,10,,96,56,8,50.0,1.0,59.3438,16.6667,4.371,23.2712,0
14979578.1,10,,96,56,8,50.0,1.0,59.2438,16.6667,4.4044,23.2046,0
14981578.1,10,,96,56,8,50.0,1.0,59.1438,16.6667,4.4377,23.1379,0
14983578.1,10,,96,56,8,50.0,1.0,59.0438,16.6667,4.471,23.0712,0
14985578.1,10,,96,56,8,50.0,1.0,58.9438,16.6667,4.5044,23.0046,0
14987578.1,10,,96,56,8,50.0,1.0,58.8438,16.6667,4.5377,22.9379,0
14989578.1,10,,96,56,8,50.0,1.0,58.7438,16.6667,4.571,22.8712,0
14991578.1,10,,96,56,8,50.0,1.0,58.6438,16.6667,4.6044,22.8046,0
14993578.1,10,,96,56,8,50.0,1.0,58.5438,16.6667,4.6377,22.7379,0
14995578.1,10,,96,56,8,50.0,1.0,58.4438,16.6667,4.671,22.6712,0
14997578.1,10,,96,56,8,50.0,1.0,58.3438,16.6667,4.7044,22.6046,0
14999578.1,10,,96,56,8,50.0,1.0,58.2438,16.6667,4.7377,22.5379,0
15001578.1,10,,96,56,8,50.0,1.0,58.1438,16.6667,4.771,22.4712,0
15003578.1,10,,96,56,8,50.0,1.0,58.0438,16.6667,4.8044,22.4046,0
15005578.1,10,,96,56,8,50.0,1.0,57.9438,16.6667,4.8377,22.3379,0
15007578.1,10,,96,56,8,50.0,1.0,57.8438,16.6667,4.871,22.2712,0
15009578.1,10,,96,56,8,50.0,1.0,57.7438,16.6667,4.9044,22.2046,0
15011578.1,10,,96,56,8,50.0,1.0,57.6438,16.6667,4.9377,22.1379,0
15013214.4,10,,96,56,8,50.0,1.0,57.562,16.6667,4.965,22.0834,0
15013578.1,10,,95,56,8,50.0,1.0,57.5438,16.8478,4.9711,22.0713,0
15015578.1,10,,95,56,8,50.0,1.0,57.4438,16.8478,5.0048,22.0049,0
15017578.1,10,,95,56,8,50.0,1.0,57.3438,16.8478,5.0385,21.9385,0
15019578.1,10,,95,56,8,50.0,1.0,57.2438,16.8478,5.0722,21.8721,0
15021578.1,10,,95,56,8,50.0,1.0,57.1438,16.8478,5.1059,21.8057,0
15023578.1,10,,95,56,8,50.0,1.0,57.0438,16.8478,5.1396,21.7393,0
15025578.1,10,,95,56,8,50.0,1.0,56.9438,16.8478,5.1733,21.6729,0
15027578.1,10,,95,56,8,50.0,1.0,56.8438,16.8478,5.207,21.6065,0
15029578.1,10,,95,56,8,50.0,1.0,56.7438,16.8478,5.2407,21.5401,0
15031578.1,10,,95,56,8,50.0,1.0,56.6438,16.8478,5.2743,21.4737,0
15033578.1,10,,95,56,8,50.0,1.0,56.5438,16.8478,5.308,21.4073,0
15035578.1,10,,95,56,8,50.0,1.0,56.4438,16.8478,5.3417,21.3409,0
15037578.1,10,,95,56,8,50.0,1.0,56.3438,16.8478,5.3754,21.2745,0
15039556.3,10,,95,56,8,50.0,1.0,56.2449,16.8478,5.4088,21.2094,0
15039578.1,10,,94,56,8,50.0,1.0,56.2438,17.029,5.4091,21.2087,0
15041578.1,10,,94,56,8,50.0,1.0,56.1438,17.029,5.4432,21.144,0
15043578.1,10,,94,56,8,50.0,1.0,56.0438,17.029,5.4772,21.0794,0
15045578.1,10,,94,56,8,50.0,1.0,55.9438,17.029,5.5113,21.0147,0
15047578.1,10,,94,56,8,50.0,1.0,55.8438,17.029,5.5454,20.95,0
15049578.1,10,,94,56,8,50.0,1.0,55.7438,17.029,5.5794,20.8854,0
15051578.1,10,,94,56,8,50.0,1.0,55.6438,17.029,5.6135,20.8207,0
15051835.2,10,,94,56,8,50.0,1.0,55.631,17.029,5.6179,20.8124,0
15053578.1,10,,93,56,8,50.0,1.0,55.5438,17.2101,5.6479,20.7563,0
15055578.1,10,,93,56,8,50.0,1.0,55.4438,17.2101,5.6823,20.6919,0
15057578.1,10,,93,56,8,50.0,1.0,55.3438,17.2101,5.7167,20.6275,0
15059578.1,10,,93,56,8,50.0,1.0,55.2438,17.2101,5.7511,20.5631,0
15061578.1,10,,93,56,8,50.0,1.0,55.1438,17.2101,5.7855,20.4987,0
15063578.1,10,,93,56,8,50.0,1.0,55.0438,17.2101,5.82,20.4343,0
15065578.1,10,,93,56,8,50.0,1.0,54.9438,17.2101,5.8544,20.3699,0
15067578.1,10,,93,56,8,50.0,1.0,54.8438,17.2101,5.8888,20.3055,0
15069578.1,10,,93,56,8,50.0,1.0,54.7438,17.2101,5.9232,20.2411,0
15071578.1,10,,93,56,8,50.0,1.0,54.6438,17.2101,5.9576,20.1767,0
15072560.9,10,,93,56,8,50.0,1.0,54.5947,17.2101,5.9746,20.1451,0
15073578.1,10,,92,56,7,50.0,1.0,54.5438,15.135,5.2445,20.1125,0
15073935.4,10,,92,56,7,50.0,1.0,54.526,15.135,5.2499,20.101,0
15075578.1,10,,91,56,7,50.0,1.0,54.4438,15.3162,5.275,20.0486,0
15077578.1,10,,91,56,7,50.0,1.0,54.3438,15.3162,5.3057,19.9848,0
15079578.1,10,,91,56,7,50.0,1.0,54.2438,15.3162,5.3363,19.9209,0
15081578.1,10,,91,56,7,50.0,1.0,54.1438,15.3162,5.3669,19.8571,0
15083578.1,10,,91,56,7,50.0,1.0,54.0438,15.3162,5.3976,19.7932,0
15085578.1,10,,91,56,7,50.0,1.0,53.9438,15.3162,5.4282,19.7294,0
15087578.1,10,,91,56,7,50.0,1.0,53.8438,15.3162,5.4588,19.6655,0
15089578.1,10,,91,56,7,50.0,1.0,53.7438,15.3162,5.4895,19.6017,0
15091578.1,10,,91,56,7,50.0,1.0,53.6438,15.3162,5.5201,19.5378,0
15093578.1,10,,91,56,7,50.0,1.0,53.5438,15.3162,5.5507,19.474,0
15095578.1,10,,91,56,7,50.0,1.0,53.4438,15.3162,5.5814,19.4101,0
15097578.1,10,,91,56,7,50.0,1.0,53.3438,15.3162,5.612,19.3463,0
15099578.1,10,,91,56,7,50.0,1.0,53.2438,15.3162,5.6426,19.2824,0
15101578.1,10,,91,56,7,50.0,1.0,53.1438,15.3162,5.6733,19.2186,0
15103578.1,10,,91,56,7,50.0,1.0,53.0438,15.3162,5.7039,19.1547,0
15105578.1,10,,91,56,7,50.0,1.0,52.9438,15.3162,5.7345,19.0909,0
15107578.1,10,,91,56,7,50.0,1.0,52.8438,15.3162,5.7652,19.027,0
15109578.1,10,,91,56,7,50.0,1.0,52.7438,15.3162,5.7958,18.9632,0
15111578.1,10,,91,56,7,50.0,1.0,52.6438,15.3162,5.8264,18.8993,0
15113578.1,10,,91,56,7,50.0,1.0,52.5438,15.3162,5.8571,18.8355,0
15115578.1,10,,91,56,7,50.0,1.0,52.4438,15.3162,5.8877,18.7716,0
15117578.1,10,,91,56,7,50.0,1.0,52.3438,15.3162,5.9183,18.7078,0
15119578.1,10,,91,56,7,50.0,1.0,52.2438,15.3162,5.949,18.6439,0
15121578.1,10,,91,56,7,50.0,1.0,52.1438,15.3162,5.9796,18.5801,0
15123578.1,10,,91,56,7,50.0,1.0,52.0438,15.3162,6.0102,18.5162,0
15125578.1,10,,91,56,7,50.0,1.0,51.9438,15.3162,6.0409,18.4524,0
15127578.1,10,,91,56,7,50.0,1.0,51.8438,15.3162,6.0715,18.3885,0
15129578.1,10,,91,56,7,50.0,1.0,51.7438,15.3162,6.1021,18.3247,0
15131578.1,10,,91,56,7,50.0,1.0,51.6438,15.3162,6.1328,18.2608,0
15133578.1,10,,91,56,7,50.0,1.0,51.5438,15.3162,6.1634,18.197,0
15135578.1,10,,91,56,7,50.0,1.0,51.4438,15.3162,6.194,18.1331,0
15137578.1,10,,91,56,7,50.0,1.0,51.3438,15.3162,6.2246,18.0693,0
15139578.1,10,,91,56,7,50.0,1.0,51.2438,15.3162,6.2553,18.0054,0
15141578.1,10,,91,56,7,50.0,1.0,51.1438,15.3162,6.2859,17.9416,0
15143578.1,10,,91,56,7,50.0,1.0,51.0438,15.3162,6.3165,17.8777,0
15145578.1,10,,91,56,7,50.0,1.0,50.9438,15.3162,6.3472,17.8139,0
15147578.1,10,,91,56,7,50.0,1.0,50.8438,15.3162,6.3778,17.75,0
15149578.1,10,,91,56,7,50.0,1.0,50.7438,15.3162,6.4084,17.6862,0
15150758.1,10,,91,56,7,50.0,1.0,50.6848,15.3162,6.4265,17.6485,0
15151578.1,10,,90,56,7,50.0,1.0,50.6438,15.5138,6.4392,17.6231,0
15153578.1,10,,90,56,7,50.0,1.0,50.5438,15.5138,6.4703,17.5612,0
15155578.1,10,,90,56,7,50.0,1.0,50.4438,15.5138,6.5013,17.4993,0
15157578.1,10,,90,56,7,50.0,1.0,50.3438,15.5138,6.5323,17.4374,0
15159578.1,10,,90,56,7,50.0,1.0,50.2438,15.5138,6.5633,17.3754,0
15160870.7,10,,90,56,7,50.0,1.0,50.1792,15.5138,6.5834,17.3354,0
15161578.1,10,,89,56,7,50.0,1.0,50.1438,15.6221,6.5945,17.3136,0
15163578.1,10,,89,56,7,50.0,1.0,50.0438,15.6221,6.6257,17.252,0
15165578.1,10,,89,56,7,50.0,1.0,49.9438,15.6221,6.6569,17.1904,0
15167578.1,10,,89,56,7,50.0,1.0,49.8438,15.6221,6.6882,17.1288,0
15169578.1,10,,89,56,7,50.0,1.0,49.7438,15.6221,6.7194,17.0672,0
15171578.1,10,,89,56,7,50.0,1.0,49.6438,15.6221,6.7507,17.0056,0
15172385.0,10,,89,56,7,50.0,1.0,49.6035,15.6221,6.7633,16.9807,0
15173578.1,10,,88,56,7,50.0,1.0,49.5438,15.8385,6.7822,16.9452,0
15175578.1,10,,88,56,7,50.0,1.0,49.4438,15.8385,6.8139,16.8858,0
15177578.1,10,,88,56,7,50.0,1.0,49.3438,15.8385,6.8455,16.8263,0
15179578.1,10,,88,56,7,50.0,1.0,49.2438,15.8385,6.8772,16.7668,0
15181578.1,10,,88,56,7,50.0,1.0,49.1438,15.8385,6.9089,16.7074,0
15183234.8,10,,88,56,7,50.0,1.0,49.061,15.8385,6.9351,16.6581,0
15183578.1,10,,87,56,7,50.0,1.0,49.0438,15.9576,6.9406,16.6479,0
15185578.1,10,,87,56,7,50.0,1.0,48.9438,15.9576,6.9725,16.5888,0
15187578.1,10,,87,56,7,50.0,1.0,48.8438,15.9576,7.0044,16.5297,0
15188869.1,10,,87,56,7,50.0,1.0,48.7793,15.9576,7.025,16.4915,0
15189578.1,10,,86,56,7,50.0,1.0,48.7438,16.1552,7.0365,16.4706,0
15191578.1,10,,86,56,7,50.0,1.0,48.6438,16.1552,7.0688,16.4118,0
15193578.1,10,,86,56,7,50.0,1.0,48.5438,16.1552,7.1011,16.3529,0
15195578.1,10,,86,56,7,50.0,1.0,48.4438,16.1552,7.1334,16.2941,0
15197578.1,10,,86,56,7,50.0,1.0,48.3438,16.1552,7.1657,16.2352,0
15197980.4,10,,86,56,7,50.0,1.0,48.3237,16.1552,7.1722,16.2234,0
15199578.1,10,,85,56,7,50.0,1.0,48.2438,16.2868,7.1982,16.1766,0
15201484.8,10,,85,56,7,50.0,1.0,48.1485,16.2868,7.2293,16.1209,0
15201578.1,10,,84,56,7,50.0,1.0,48.1438,16.5032,7.2308,16.1181,0
15201594.0,10,,84,56,7,50.0,1.0,48.143,16.5032,7.2311,16.1177,0
15203578.1,10,,83,56,7,50.0,1.0,48.0438,16.7008,7.2642,16.0602,0
15205578.1,10,,83,56,7,50.0,1.0,47.9438,16.7008,7.2976,16.0022,0
15207578.1,10,,83,56,7,50.0,1.0,47.8438,16.7008,7.331,15.9442,0
15209578.1,10,,83,56,7,50.0,1.0,47.7438,16.7008,7.3644,15.8863,0
15211578.1,10,,83,56,7,50.0,1.0,47.6438,16.7008,7.3978,15.8283,0
15213578.1,10,,83,56,7,50.0,1.0,47.5438,16.7008,7.4312,15.7703,0
15214209.7,10,,83,56,7,50.0,1.0,47.5122,16.7008,7.4418,15.752,0
15215578.1,10,,82,56,7,50.0,1.0,47.4438,16.9173,7.4649,15.7126,0
15217578.1,10,,82,56,7,50.0,1.0,47.3438,16.9173,7.4988,15.6549,0
15219578.1,10,,82,56,7,50.0,1.0,47.2438,16.9173,7.5326,15.5972,0
15221578.1,10,,82,56,7,50.0,1.0,47.1438,16.9173,7.5664,15.5395,0
15223578.1,10,,82,56,7,50.0,1.0,47.0438,16.9173,7.6003,15.4818,0
15225578.1,10,,82,56,7,50.0,1.0,46.9438,16.9173,7.6341,15.4241,0
15227578.1,10,,82,56,7,50.0,1.0,46.8438,16.9173,7.668,15.3664,0
15229578.1,10,,82,56,7,50.0,1.0,46.7438,16.9173,7.7018,15.3087,0
15231578.1,10,,82,56,7,50.0,1.0,46.6438,16.9173,7.7356,15.251,0
15233578.1,10,,82,56,7,50.0,1.0,46.5438,16.9173,7.7695,15.1933,0
15235578.1,10,,82,56,7,50.0,1.0,46.4438,16.9173,7.8033,15.1356,0
15237578.1,10,,82,56,7,50.0,1.0,46.3438,16.9173,7.8371,15.0779,0
15238294.2,10,,82,56,7,50.0,1.0,46.308,16.9173,7.8492,15.0573,0
15239331.8,10,,81,56,7,50.0,1.0,46.2561,17.1554,7.867,15.0275,0
15239578.1,10,,80,56,7,50.0,1.0,46.2438,17.3935,7.8713,15.0205,0
15241578.1,10,,80,56,7,50.0,1.0,46.1438,17.3935,7.9061,14.9634,0
15243578.1,10,,80,56,7,50.0,1.0,46.0438,17.3935,7.9409,14.9063,0
15245578.1,10,,80,56,7,50.0,1.0,45.9438,17.3935,7.9757,14.8491,0
15247578.1,10,,80,56,7,50.0,1.0,45.8438,17.3935,8.0105,14.792,0
15249578.1,10,,80,56,7,50.0,1.0,45.7438,17.3935,8.0453,14.7349,0
15251578.1,10,,80,56,7,50.0,1.0,45.6438,17.3935,8.08,14.6778,0
15253578.1,10,,80,56,7,50.0,1.0,45.5438,17.3935,8.1148,14.6207,0
15255578.1,10,,80,56,7,50.0,1.0,45.4438,17.3935,8.1496,14.5636,0
15257578.1,10,,80,56,7,50.0,1.0,45.3438,17.3935,8.1844,14.5065,0
15259578.1,10,,80,56,7,50.0,1.0,45.2438,17.3935,8.2192,14.4493,0
15261231.8,10,,80,56,7,50.0,1.0,45.1611,17.3935,8.248,14.4021,0
15261578.1,10,,79,56,7,50.0,1.0,45.1438,17.6566,8.2541,14.3923,0
15263578.1,10,,79,56,7,50.0,1.0,45.0438,17.6566,8.2894,14.3355,0
15265578.1,10,,79,56,7,50.0,1.0,44.9438,17.6566,8.3247,14.2787,0
15267184.6,10,,79,56,7,50.0,1.0,44.8635,17.6566,8.3531,14.2331,0
15267578.1,10,,78,56,7,50.0,1.0,44.8438,17.9198,8.3601,14.2219,0
15269578.1,10,,78,56,7,50.0,1.0,44.7438,17.9198,8.396,14.1654,0
15270443.2,10,,78,56,7,50.0,1.0,44.7006,17.9198,8.4115,14.141,0
15271578.1,10,,77,56,7,50.0,1.0,44.6438,18.1579,8.4321,14.1103,0
15273578.1,10,,77,56,7,50.0,1.0,44.5438,18.1579,8.4684,14.0563,0
15275578.1,10,,77,56,7,50.0,1.0,44.4438,18.1579,8.5047,14.0022,0
15277578.1,10,,77,56,7,50.0,1.0,44.3438,18.1579,8.541,13.9482,0
15279578.1,10,,77,56,7,50.0,1.0,44.2438,18.1579,8.5773,13.8941,0
15281578.1,10,,77,56,7,50.0,1.0,44.1438,18.1579,8.6136,13.8401,0
15282030.4,10,,77,56,7,50.0,1.0,44.1212,18.1579,8.6219,13.8278,0
15283578.1,10,,76,56,7,50.0,1.0,44.0438,18.3041,8.6502,13.7863,0
15285578.1,10,,76,56,7,50.0,1.0,43.9438,18.3041,8.6868,13.7326,0
15287578.1,10,,76,56,7,50.0,1.0,43.8438,18.3041,8.7234,13.6788,0
15289578.1,10,,76,56,7,50.0,1.0,43.7438,18.3041,8.76,13.6251,0
15290104.0,10,,76,56,7,50.0,1.0,43.7175,18.3041,8.7696,13.611,0
15291578.1,10,,75,56,7,50.0,1.0,43.6438,18.5673,8.797,13.5734,0
15293578.1,10,,75,56,7,50.0,1.0,43.5438,18.5673,8.8341,13.5225,0
15295578.1,10,,75,56,7,50.0,1.0,43.4438,18.5673,8.8713,13.4715,0
15297578.1,10,,75,56,7,50.0,1.0,43.3438,18.5673,8.9084,13.4205,0
15299578.1,10,,75,56,7,50.0,1.0,43.2438,18.5673,8.9455,13.3695,0
15301578.1,10,,75,56,7,50.0,1.0,43.1438,18.5673,8.9827,13.3186,0
15303578.1,10,,75,56,7,50.0,1.0,43.0438,18.5673,9.0198,13.2676,0
15305578.1,10,,75,56,7,50.0,1.0,42.9438,18.5673,9.0569,13.2166,0
15307578.1,10,,75,56,7,50.0,1.0,42.8438,18.5673,9.0941,13.1656,0
15309578.1,10,,75,56,7,50.0,1.0,42.7438,18.5673,9.1312,13.1147,0
15311578.1,10,,75,56,7,50.0,1.0,42.6438,18.5673,9.1684,13.0637,0
15313578.1,10,,75,56,7,50.0,1.0,42.5438,18.5673,9.2055,13.0127,0
15315578.1,10,,75,56,7,50.0,1.0,42.4438,18.5673,9.2426,12.9617,0
15317578.1,10,,75,56,7,50.0,1.0,42.3438,18.5673,9.2798,12.9108,0
15319578.1,10,,75,56,7,50.0,1.0,42.2438,18.5673,9.3169,12.8598,0
15321578.1,10,,75,56,7,50.0,1.0,42.1438,18.5673,9.354,12.8088,0
15323578.1,10,,75,56,7,50.0,1.0,42.0438,18.5673,9.3912,12.7579,0
15325578.1,10,,75,56,7,50.0,1.0,41.9438,18.5673,9.4283,12.7069,0
15327578.1,10,,75,56,7,50.0,1.0,41.8438,18.5673,9.4654,12.6559,0
15329578.1,10,,75,56,7,50.0,1.0,41.7438,18.5673,9.5026,12.6049,0
15331578.1,10,,75,56,7,50.0,1.0,41.6438,18.5673,9.5397,12.554,0
15333578.1,10,,75,56,7,50.0,1.0,41.5438,18.5673,9.5768,12.503,0
15335578.1,10,,75,56,7,50.0,1.0,41.4438,18.5673,9.614,12.452,0
15337578.1,10,,75,56,7,50.0,1.0,41.3438,18.5673,9.6511,12.401,0
15339578.1,10,,75,56,7,50.0,1.0,41.2438,18.5673,9.6882,12.3501,0
15341578.1,10,,75,56,7,50.0,1.0,41.1438,18.5673,9.7254,12.2991,0
15343578.1,10,,75,56,7,50.0,1.0,41.0438,18.5673,9.7625,12.2481,0
15345578.1,10,,75,56,7,50.0,1.0,40.9438,18.5673,9.7996,12.1971,0
15347578.1,10,,75,56,7,50.0,1.0,40.8438,18.5673,9.8368,12.1462,0
15349578.1,10,,75,56,7,50.0,1.0,40.7438,18.5673,9.8739,12.0952,0
15351578.1,10,,75,56,7,50.0,1.0,40.6438,18.5673,9.911,12.0442,0
15353578.1,10,,75,56,7,50.0,1.0,40.5438,18.5673,9.9482,11.9933,0
15355578.1,10,,75,56,7,50.0,1.0,40.4438,18.5673,9.9853,11.9423,0
15357578.1,10,,75,56,7,50.0,1.0,40.3438,18.5673,10.0224,11.8913,0
15359578.1,10,,75,56,7,50.0,1.0,40.2438,18.5673,10.0596,11.8403,0
15361578.1,10,,75,56,7,50.0,1.0,40.1438,18.5673,10.0967,11.7894,0
15363258.6,10,,75,56,7,50.0,1.0,40.0598,18.5673,10.1279,11.7465,0
15363578.1,10,,74,56,6,50.0,1.0,40.0438,16.0819,8.6913,11.7389,0
15365578.1,10,,74,56,6,50.0,1.0,39.9438,16.0819,8.7234,11.691,0
15367578.1,10,,74,56,6,50.0,1.0,39.8438,16.0819,8.7556,11.6431,0
15369578.1,10,,74,56,6,50.0,1.0,39.7438,16.0819,8.7878,11.5952,0
15371578.1,10,,74,56,6,50.0,1.0,39.6438,16.0819,8.8199,11.5473,0
15371978.5,10,,74,56,6,50.0,1.0,39.6238,16.0819,8.8264,11.5377,0
15373578.1,10,,73,56,5,50.0,1.0,39.5438,13.3041,7.3403,11.4997,0
15375578.1,10,,73,56,5,50.0,1.0,39.4438,13.3041,7.3669,11.4522,0
15377578.1,10,,73,56,5,50.0,1.0,39.3438,13.3041,7.3935,11.4047,0
15379578.1,10,,73,56,5,50.0,1.0,39.2438,13.3041,7.4201,11.3571,0
15381578.1,10,,73,56,5,50.0,1.0,39.1438,13.3041,7.4467,11.3096,0
15382364.2,10,,73,56,5,50.0,1.0,39.1045,13.3041,7.4572,11.291,0
15383578.1,10,,72,56,4,50.0,1.0,39.0438,10.8187,5.9794,11.2623,0
15385578.1,10,,72,56,4,50.0,1.0,38.9438,10.8187,6.001,11.2151,0
15387578.1,10,,72,56,4,50.0,1.0,38.8438,10.8187,6.0227,11.168,0
15389578.1,10,,72,56,4,50.0,1.0,38.7438,10.8187,6.0443,11.1208,0
15391578.1,10,,72,56,4,50.0,1.0,38.6438,10.8187,6.0659,11.0736,0
15393578.1,10,,72,56,4,50.0,1.0,38.5438,10.8187,6.0876,11.0264,0
15395578.1,10,,72,56,4,50.0,1.0,38.4438,10.8187,6.1092,10.9792,0
15397578.1,10,,72,56,4,50.0,1.0,38.3438,10.8187,6.1309,10.932,0
15399578.1,10,,72,56,4,50.0,1.0,38.2438,10.8187,6.1525,10.8848,0
15401578.1,10,,72,56,4,50.0,1.0,38.1438,10.8187,6.1741,10.8377,0
15403578.1,10,,72,56,4,50.0,1.0,38.0438,10.8187,6.1958,10.7905,0
15405578.1,10,,72,56,4,50.0,1.0,37.9438,10.8187,6.2174,10.7433,0
15406020.8,10,,72,56,4,50.0,1.0,37.9217,10.8187,6.2222,10.7329,0
15407578.1,10,,71,56,3,50.0,1.0,37.8438,8.0409,4.6741,10.6988,0
15409097.4,10,,71,56,3,50.0,1.0,37.7679,8.0409,4.6864,10.6656,0
15409578.1,10,,70,56,2,50.0,1.0,37.7438,5.5556,3.1284,10.6552,0
15411578.1,10,,70,56,2,50.0,1.0,37.6438,5.5556,3.1396,10.6119,0
15413578.1,10,,70,56,2,50.0,1.0,37.5438,5.5556,3.1507,10.5685,0
15415578.1,10,,70,56,2,50.0,1.0,37.4438,5.5556,3.1618,10.5251,0
15417578.1,10,,70,56,2,50.0,1.0,37.3438,5.5556,3.1729,10.4818,0
15419578.1,10,,70,56,2,50.0,1.0,37.2438,5.5556,3.184,10.4384,0
15421578.1,10,,70,56,2,50.0,1.0,37.1438,5.5556,3.1951,10.395,0
15423578.1,10,,70,56,2,50.0,1.0,37.0438,5.5556,3.2062,10.3517,0
15425578.1,10,,70,56,2,50.0,1.0,36.9438,5.5556,3.2173,10.3083,0
15427578.1,10,,70,56,2,50.0,1.0,36.8438,5.5556,3.2284,10.265,0
15427684.1,10,,70,56,2,50.0,1.0,36.8385,5.5556,3.229,10.2627,0
15429578.1,10,,69,56,2,50.0,1.0,36.7438,5.5556,3.2396,10.222,0
15431578.1,10,,69,56,2,50.0,1.0,36.6438,5.5556,3.2507,10.179,0
15433578.1,10,,69,56,2,50.0,1.0,36.5438,5.5556,3.2618,10.1361,0
15435578.1,10,,69,56,2,50.0,1.0,36.4438,5.5556,3.2729,10.0931,0
15437578.1,10,,69,56,2,50.0,1.0,36.3438,5.5556,3.284,10.0502,0
15439578.1,10,,69,56,2,50.0,1.0,36.2438,5.5556,3.2951,10.0072,0
15441578.1,10,,69,56,2,50.0,1.0,36.1438,5.5556,3.3062,9.9643,0
15443578.1,10,,69,56,2,50.0,1.0,36.0438,5.5556,3.3173,9.9213,0
15444723.5,10,,69,56,2,50.0,1.0,35.9865,5.5556,3.3237,9.8967,0
15445578.1,10,,68,56,2,50.0,1.0,35.9438,5.5556,3.3284,9.8785,0
15447578.1,10,,68,56,2,50.0,1.0,35.8438,5.5556,3.3396,9.836,0
15449578.1,10,,68,56,2,50.0,1.0,35.7438,5.5556,3.3507,9.7935,0
15451578.1,10,,68,56,2,50.0,1.0,35.6438,5.5556,3.3618,9.751,0
15453578.1,10,,68,56,2,50.0,1.0,35.5438,5.5556,3.3729,9.7085,0
15454553.9,10,,68,56,2,50.0,1.0,35.495,5.5556,3.3783,9.6878,0
15455578.1,10,,67,56,2,50.0,1.0,35.4438,5.5556,3.384,9.6662,0
15457578.1,10,,67,56,2,50.0,1.0,35.3438,5.5556,3.3951,9.6242,0
15459578.1,10,,67,56,2,50.0,1.0,35.2438,5.5556,3.4062,9.5822,0
15461578.1,10,,67,56,2,50.0,1.0,35.1438,5.5556,3.4173,9.5402,0
15463578.1,10,,67,56,2,50.0,1.0,35.0438,5.5556,3.4284,9.4982,0
15465578.1,10,,67,56,2,50.0,1.0,34.9438,5.5556,3.4396,9.4562,0
15467578.1,10,,67,56,2,50.0,1.0,34.8438,5.5556,3.4507,9.4141,0
15469578.1,10,,67,56,2,50.0,1.0,34.7438,5.5556,3.4618,9.3721,0
15471578.1,10,,67,56,2,50.0,1.0,34.6438,5.5556,3.4729,9.3301,0
15472503.5,10,,67,56,2,50.0,1.0,34.5975,5.5556,3.478,9.3107,0
15473578.1,10,,66,56,1,50.0,1.0,34.5438,2.7778,1.7443,9.2883,0
15475578.1,10,,66,56,1,50.0,1.0,34.4438,2.7778,1.7499,9.2466,0
15477578.1,10,,66,56,1,50.0,1.0,34.3438,2.7778,1.7554,9.2049,0
15478210.6,10,,66,56,1,50.0,1.0,34.3122,2.7778,1.7572,9.1917,0
15479578.1,10,,64,56,0,50.0,1.0,34.2438,0,0.0,9.1636,0
15481578.1,10,,64,56,0,50.0,1.0,34.1438,0,0.0,9.1226,0
15482251.9,10,,64,56,0,50.0,1.0,34.1101,0,0.0,9.1088,0
15483578.1,10,,63,56,0,50.0,1.0,34.0438,0,0.0,9.0818,0
15485578.1,10,,63,56,0,50.0,1.0,33.9438,0,0.0,9.0411,0
15487578.1,10,,63,56,0,50.0,1.0,33.8438,0,0.0,9.0004,0
15489578.1,10,,63,56,0,50.0,1.0,33.7438,0,0.0,8.9597,0
15491578.1,10,,63,56,0,50.0,1.0,33.6438,0,0.0,8.919,0
15493578.1,10,,63,56,0,50.0,1.0,33.5438,0,0.0,8.8783,0
15495149.8,10,,63,56,0,50.0,1.0,33.4652,0,0.0,8.8464,0
15495578.1,10,,62,56,0,50.0,1.0,33.4438,0,0.0,8.8385,0
15497578.1,10,,62,56,0,50.0,1.0,33.3438,0,0.0,8.8019,0
15499291.3,10,,62,56,0,50.0,1.0,33.2582,0,0.0,8.7705,0
15499578.1,10,,61,56,0,50.0,1.0,33.2438,0,0.0,8.7653,0
15500392.7,10,,61,56,0,50.0,1.0,33.2031,0,0.0,8.7505,0
15501578.1,10,,60,56,0,50.0,1.0,33.1438,0,0.0,8.7318,0
15503578.1,10,,60,56,0,50.0,1.0,33.0438,0,0.0,8.7002,0
15505578.1,10,,60,56,0,50.0,1.0,32.9438,0,0.0,8.6686,0
15506536.7,10,,60,56,0,50.0,1.0,32.8959,0,0.0,8.6534,0
15507578.1,10,,59,56,0,50.0,1.0,32.8438,0,0.0,8.6397,0
15509578.1,10,,59,56,0,50.0,1.0,32.7438,0,0.0,8.6135,0
15511578.1,10,,59,56,0,50.0,1.0,32.6438,0,0.0,8.5872,0
15513180.7,10,,59,56,0,50.0,1.0,32.5637,0,0.0,8.5662,0
15513578.1,10,,58,55,0,50.0,1.0,32.5438,0,0.0,8.561,0
15515578.1,10,,58,55,0,50.0,1.0,32.4438,0,0.0,8.5347,0
15517578.1,10,,58,55,0,50.0,1.0,32.3438,0,0.0,8.5084,0
15519578.1,10,,58,55,0,50.0,1.0,32.2438,0,0.0,8.4821,0
15521578.1,10,,58,55,0,50.0,1.0,32.1438,0,0.0,8.4558,0
15523578.1,10,,58,55,0,50.0,1.0,32.0438,0,0.0,8.4295,0
15524085.8,10,,58,55,0,50.0,1.0,32.0184,0,0.0,8.4228,0
15525578.1,10,,57,55,0,50.0,1.0,31.9438,0,0.0,8.4035,0
15527578.1,10,,57,55,0,50.0,1.0,31.8438,0,0.0,8.3776,0
15529578.1,10,,57,55,0,50.0,1.0,31.7438,0,0.0,8.3517,0
15531578.1,10,,57,55,0,50.0,1.0,31.6438,0,0.0,8.3258,0
15531814.4,10,,57,55,0,50.0,1.0,31.632,0,0.0,8.3228,0
15533578.1,10,,56,54,0,50.0,1.0,31.5438,0,0.0,8.2999,0
15535578.1,10,,56,54,0,50.0,1.0,31.4438,0,0.0,8.274,0
15535770.5,10,,56,54,0,50.0,1.0,31.4342,0,0.0,8.2715,0
15537578.1,10,,55,54,0,50.0,1.0,31.3438,0,0.0,8.2485,0
15539578.1,10,,55,54,0,50.0,1.0,31.2438,0,0.0,8.223,0
15541578.1,10,,55,54,0,50.0,1.0,31.1438,0,0.0,8.1976,0
15541804.2,10,,55,54,0,50.0,1.0,31.1325,0,0.0,8.1947,0
15543578.1,10,,54,54,0,50.0,1.0,31.0438,0,0.0,8.1725,0
15545578.1,10,,54,54,0,50.0,1.0,30.9438,0,0.0,8.1475,0
15547578.1,10,,54,54,0,50.0,1.0,30.8438,0,0.0,8.1225,0
15549578.1,10,,54,54,0,50.0,1.0,30.7438,0,0.0,8.0975,0
15551578.1,10,,54,54,0,50.0,1.0,30.6438,0,0.0,8.0725,0
15553578.1,10,,54,54,0,50.0,1.0,30.5438,0,0.0,8.0475,0
15555578.1,10,,54,54,0,50.0,1.0,30.4438,0,0.0,8.0225,0
15557578.1,10,,54,54,0,50.0,1.0,30.3438,0,0.0,7.9975,0
15559578.1,10,,54,54,0,50.0,1.0,30.2438,0,0.0,7.9725,0
15561578.1,10,,54,54,0,50.0,1.0,30.1438,0,0.0,7.9475,0
15563578.1,10,,54,54,0,50.0,1.0,30.0438,0,0.0,7.9225,0
15565578.1,10,,54,54,0,50.0,1.0,29.9438,0,0.0,7.8975,0
15567578.1,10,,54,54,0,50.0,1.0,29.8438,0,0.0,7.8725,0
15569578.1,10,,54,54,0,50.0,1.0,29.7438,0,0.0,7.8475,0
15571178.8,10,,54,54,0,50.0,1.0,29.6638,0,0.0,7.8275,0
15571578.1,10,,53,53,0,50.0,1.0,29.6438,0,0.0,7.8225,0
15573578.1,10,,53,53,0,50.0,1.0,29.5438,0,0.0,7.7975,0
15575438.7,10,,53,53,0,50.0,1.0,29.4508,0,0.0,7.7743,0
15575578.1,10,,52,52,0,50.0,1.0,29.4438,0,0.0,7.7725,0
15577578.1,10,,52,52,0,50.0,1.0,29.3438,0,0.0,7.7475,0
15579578.1,10,,52,52,0,50.0,1.0,29.2438,0,0.0,7.7225,0
15581578.1,10,,52,52,0,50.0,1.0,29.1438,0,0.0,7.6975,0
15583307.5,10,,52,52,0,50.0,1.0,29.0573,0,0.0,7.6759,0
15583578.1,10,,51,51,0,50.0,1.0,29.0438,0,0.0,7.6725,0
15585578.1,10,,51,51,0,50.0,1.0,28.9438,0,0.0,7.6475,0
15587578.1,10,,51,51,0,50.0,1.0,28.8438,0,0.0,7.6225,0
15589578.1,10,,51,51,0,50.0,1.0,28.7438,0,0.0,7.5975,0
15591578.1,10,,51,51,0,50.0,1.0,28.6438,0,0.0,7.5725,0
15591827.2,10,,51,51,0,50.0,1.0,28.6314,0,0.0,7.5694,0
15593578.1,10,,50,50,0,50.0,1.0,28.5438,0,0.0,7.5475,0
15595578.1,10,,50,50,0,50.0,1.0,28.4438,0,0.0,7.5225,0
15597578.1,10,,50,50,0,50.0,1.0,28.3438,0,0.0,7.4975,0
15599578.1,10,,50,50,0,50.0,1.0,28.2438,0,0.0,7.4725,0
15601578.1,10,,50,50,0,50.0,1.0,28.1438,0,0.0,7.4475,0
15603578.1,10,,50,50,0,50.0,1.0,28.0438,0,0.0,7.4225,0
15605578.1,10,,50,50,0,50.0,1.0,27.9438,0,0.0,7.3975,0
15607485.4,10,,50,50,0,50.0,1.0,27.8485,0,0.0,7.3737,0
15607578.1,10,,49,49,0,50.0,1.0,27.8438,0,0.0,7.3725,0
15609578.1,10,,49,49,0,50.0,1.0,27.7438,0,0.0,7.3475,0
15611578.1,10,,49,49,0,50.0,1.0,27.6438,0,0.0,7.3225,0
15613578.1,10,,49,49,0,50.0,1.0,27.5438,0,0.0,7.2975,0
15615578.1,10,,49,49,0,50.0,1.0,27.4438,0,0.0,7.2725,0
15617578.1,10,,49,49,0,50.0,1.0,27.3438,0,0.0,7.2475,0
15619578.1,10,,49,49,0,50.0,1.0,27.2438,0,0.0,7.2225,0
15621578.1,10,,49,49,0,50.0,1.0,27.1438,0,0.0,7.1975,0
15621746.7,10,,49,49,0,50.0,1.0,27.1354,0,0.0,7.1954,0
15623284.5,10,,48,48,0,50.0,1.0,27.0585,0,0.0,7.1762,0
15623578.1,10,,46,46,0,50.0,1.0,27.0438,0,0.0,7.1725,0
15625578.1,10,,46,46,0,50.0,1.0,26.9438,0,0.0,7.1475,0
15627578.1,10,,46,46,0,50.0,1.0,26.8438,0,0.0,7.1225,0
15629578.1,10,,46,46,0,50.0,1.0,26.7438,0,0.0,7.0975,0
15631578.1,10,,46,46,0,50.0,1.0,26.6438,0,0.0,7.0725,0
15633578.1,10,,46,46,0,50.0,1.0,26.5438,0,0.0,7.0475,0
15635578.1,10,,46,46,0,50.0,1.0,26.4438,0,0.0,7.0225,0
15637578.1,10,,46,46,0,50.0,1.0,26.3438,0,0.0,6.9975,0
15639578.1,10,,46,46,0,50.0,1.0,26.2438,0,0.0,6.9725,0
15641578.1,10,,46,46,0,50.0,1.0,26.1438,0,0.0,6.9475,0
15643578.1,10,,46,46,0,50.0,1.0,26.0438,0,0.0,6.9225,0
15645578.1,10,,46,46,0,50.0,1.0,25.9438,0,0.0,6.8975,0
15647578.1,10,,46,46,0,50.0,1.0,25.8438,0,0.0,6.8725,0
15649578.1,10,,46,46,0,50.0,1.0,25.7438,0,0.0,6.8475,0
15651578.1,10,,46,46,0,50.0,1.0,25.6438,0,0.0,6.8225,0
15653578.1,10,,46,46,0,50.0,1.0,25.5438,0,0.0,6.7975,0
15655578.1,10,,46,46,0,50.0,1.0,25.4438,0,0.0,6.7725,0
15657136.1,10,,46,46,0,50.0,1.0,25.3659,0,0.0,6.753,0
15657578.1,10,,45,45,0,50.0,1.0,25.3438,0,0.0,6.7475,0
15659578.1,10,,45,45,0,50.0,1.0,25.2438,0,0.0,6.7225,0
15660740.6,10,,45,45,0,50.0,1.0,25.1857,0,0.0,6.708,0
15661578.1,10,,44,44,0,50.0,1.0,25.1438,0,0.0,6.6975,0
15662535.6,10,,44,44,0,50.0,1.0,25.0959,0,0.0,6.6856,0
15663578.1,10,,43,43,0,50.0,1.0,25.0438,0,0.0,6.6725,0
15665578.1,10,,43,43,0,50.0,1.0,24.9438,0,0.0,6.6475,0
15667578.1,10,,43,43,0,50.0,1.0,24.8438,0,0.0,6.6225,0
15669578.1,10,,43,43,0,50.0,1.0,24.7438,0,0.0,6.5975,0
15671578.1,10,,43,43,0,50.0,1.0,24.6438,0,0.0,6.5725,0
15673578.1,10,,43,43,0,50.0,1.0,24.5438,0,0.0,6.5475,0
15673742.7,10,,43,43,0,50.0,1.0,24.5356,0,0.0,6.5455,0
15675578.1,10,,42,42,0,50.0,1.0,24.4438,0,0.0,6.5225,0
15677578.1,10,,42,42,0,50.0,1.0,24.3438,0,0.0,6.4975,0
15679578.1,10,,42,42,0,50.0,1.0,24.2438,0,0.0,6.4725,0
15680558.0,10,,42,42,0,50.0,1.0,24.1948,0,0.0,6.4603,0
15681578.1,10,,41,41,0,50.0,1.0,24.1438,0,0.0,6.4475,0
15683578.1,10,,41,41,0,50.0,1.0,24.0438,0,0.0,6.4225,0
15685578.1,10,,41,41,0,50.0,1.0,23.9438,0,0.0,6.3975,0
15687578.1,10,,41,41,0,50.0,1.0,23.8438,0,0.0,6.3725,0
15689578.1,10,,41,41,0,50.0,1.0,23.7438,0,0.0,6.3475,0
15691578.1,10,,41,41,0,50.0,1.0,23.6438,0,0.0,6.3225,0
15693578.1,10,,41,41,0,50.0,1.0,23.5438,0,0.0,6.2975,0
15695578.1,10,,41,41,0,50.0,1.0,23.4438,0,0.0,6.2725,0
15697578.1,10,,41,41,0,50.0,1.0,23.3438,0,0.0,6.2475,0
15699578.1,10,,41,41,0,50.0,1.0,23.2438,0,0.0,6.2225,0
15701578.1,10,,41,41,0,50.0,1.0,23.1438,0,0.0,6.1975,0
15703578.1,10,,41,41,0,50.0,1.0,23.0438,0,0.0,6.1725,0
15705578.1,10,,41,41,0,50.0,1.0,22.9438,0,0.0,6.1475,0
15707578.1,10,,41,41,0,50.0,1.0,22.8438,0,0.0,6.1225,0
15709578.1,10,,41,41,0,50.0,1.0,22.7438,0,0.0,6.0975,0
15711578.1,10,,41,41,0,50.0,1.0,22.6438,0,0.0,6.0725,0
15713578.1,10,,41,41,0,50.0,1.0,22.5438,0,0.0,6.0475,0
15715034.9,10,,41,41,0,50.0,1.0,22.471,0,0.0,6.0293,0
15715578.1,10,,40,40,0,50.0,1.0,22.4438,0,0.0,6.0225,0
15717578.1,10,,40,40,0,50.0,1.0,22.3438,0,0.0,5.9975,0
15719578.1,10,,40,40,0,50.0,1.0,22.2438,0,0.0,5.9725,0
15720600.9,10,,40,40,0,50.0,1.0,22.1927,0,0.0,5.9597,0
15721578.1,10,,39,39,0,50.0,1.0,22.1438,0,0.0,5.9475,0
15723578.1,10,,39,39,0,50.0,1.0,22.0438,0,0.0,5.9225,0
15725578.1,10,,39,39,0,50.0,1.0,21.9438,0,0.0,5.8975,0
15727578.1,10,,39,39,0,50.0,1.0,21.8438,0,0.0,5.8725,0
15729578.1,10,,39,39,0,50.0,1.0,21.7438,0,0.0,5.8475,0
15731578.1,10,,39,39,0,50.0,1.0,21.6438,0,0.0,5.8225,0
15732986.8,10,,39,39,0,50.0,1.0,21.5734,0,0.0,5.8049,0
15733578.1,10,,38,38,0,50.0,1.0,21.5438,0,0.0,5.7975,0
15735578.1,10,,38,38,0,50.0,1.0,21.4438,0,0.0,5.7725,0
15737578.1,10,,38,38,0,50.0,1.0,21.3438,0,0.0,5.7475,0
15739578.1,10,,38,38,0,50.0,1.0,21.2438,0,0.0,5.7225,0
15740261.7,10,,38,38,0,50.0,1.0,21.2096,0,0.0,5.714,0
15741578.1,10,,37,37,0,50.0,1.0,21.1438,0,0.0,5.6975,0
15743578.1,10,,37,37,0,50.0,1.0,21.0438,0,0.0,5.6725,0
15745578.1,10,,37,37,0,50.0,1.0,20.9438,0,0.0,5.6475,0
15746160.0,10,,37,37,0,50.0,1.0,20.9147,0,0.0,5.6402,0
15747578.1,10,,36,36,0,50.0,1.0,20.8438,0,0.0,5.6225,0
15749578.1,10,,36,36,0,50.0,1.0,20.7438,0,0.0,5.5975,0
15751578.1,10,,36,36,0,50.0,1.0,20.6438,0,0.0,5.5725,0
15753578.1,10,,36,36,0,50.0,1.0,20.5438,0,0.0,5.5475,0
15755578.1,10,,36,36,0,50.0,1.0,20.4438,0,0.0,5.5225,0
15757578.1,10,,36,36,0,50.0,1.0,20.3438,0,0.0,5.4975,0
15759578.1,10,,36,36,0,50.0,1.0,20.2438,0,0.0,5.4725,0
15761578.1,10,,36,36,0,50.0,1.0,20.1438,0,0.0,5.4475,0
15763578.1,10,,36,36,0,50.0,1.0,20.0438,0,0.0,5.4225,0
15765578.1,10,,36,36,0,50.0,1.0,19.9438,0,0.0,5.3975,0
15767578.1,10,,36,36,0,50.0,1.0,19.8438,0,0.0,5.3725,0
15769578.1,10,,36,36,0,50.0,1.0,19.7438,0,0.0,5.3475,0
15771578.1,10,,36,36,0,50.0,1.0,19.6438,0,0.0,5.3225,0
15773578.1,10,,36,36,0,50.0,1.0,19.5438,0,0.0,5.2975,0
15774017.3,10,,36,36,0,50.0,1.0,19.5219,0,0.0,5.292,0
15775578.1,10,,35,35,0,50.0,1.0,19.4438,0,0.0,5.2725,0
15777578.1,10,,35,35,0,50.0,1.0,19.3438,0,0.0,5.2475,0
15779578.1,10,,35,35,0,50.0,1.0,19.2438,0,0.0,5.2225,0
15781578.1,10,,35,35,0,50.0,1.0,19.1438,0,0.0,5.1975,0
15783578.1,10,,35,35,0,50.0,1.0,19.0438,0,0.0,5.1725,0
15785578.1,10,,35,35,0,50.0,1.0,18.9438,0,0.0,5.1475,0
15787578.1,10,,35,35,0,50.0,1.0,18.8438,0,0.0,5.1225,0
15789578.1,10,,35,35,0,50.0,1.0,18.7438,0,0.0,5.0975,0
15791578.1,10,,35,35,0,50.0,1.0,18.6438,0,0.0,5.0725,0
15793578.1,10,,35,35,0,50.0,1.0,18.5438,0,0.0,5.0475,0
15794918.3,10,,35,35,0,50.0,1.0,18.4768,0,0.0,5.0308,0
15795578.1,10,,34,34,0,50.0,1.0,18.4438,0,0.0,5.0225,0
15797539.8,10,,34,34,0,50.0,1.0,18.3457,0,0.0,4.998,0
15797578.1,10,,33,33,0,50.0,1.0,18.3438,0,0.0,4.9975,0
15799578.1,10,,33,33,0,50.0,1.0,18.2438,0,0.0,4.9725,0
15801578.1,10,,33,33,0,50.0,1.0,18.1438,0,0.0,4.9475,0
15801643.0,10,,33,33,0,50.0,1.0,18.1406,0,0.0,4.9467,0
15803578.1,10,,32,32,0,50.0,1.0,18.0438,0,0.0,4.9225,0
15803831.6,10,,32,32,0,50.0,1.0,18.0311,0,0.0,4.9194,0
15805474.6,10,,31,31,0,50.0,1.0,17.949,0,0.0,4.8988,0
15805578.1,10,,30,30,0,50.0,1.0,17.9438,0,0.0,4.8975,0
15807578.1,10,,30,30,0,50.0,1.0,17.8438,0,0.0,4.8725,0
15809578.1,10,,30,30,0,50.0,1.0,17.7438,0,0.0,4.8475,0
15811578.1,10,,30,30,0,50.0,1.0,17.6438,0,0.0,4.8225,0
15813578.1,10,,30,30,0,50.0,1.0,17.5438,0,0.0,4.7975,0
15815578.1,10,,30,30,0,50.0,1.0,17.4438,0,0.0,4.7725,0
15817578.1,10,,30,30,0,50.0,1.0,17.3438,0,0.0,4.7475,0
15819578.1,10,,30,30,0,50.0,1.0,17.2438,0,0.0,4.7225,0
15821578.1,10,,30,30,0,50.0,1.0,17.1438,0,0.0,4.6975,0
15823578.1,10,,30,30,0,50.0,1.0,17.0438,0,0.0,4.6725,0
15825578.1,10,,30,30,0,50.0,1.0,16.9438,0,0.0,4.6475,0
15827578.1,10,,30,30,0,50.0,1.0,16.8438,0,0.0,4.6225,0
15829578.1,10,,30,30,0,50.0,1.0,16.7438,0,0.0,4.5975,0
15831578.1,10,,30,30,0,50.0,1.0,16.6438,0,0.0,4.5725,0
15833578.1,10,,30,30,0,50.0,1.0,16.5438,0,0.0,4.5475,0
15834083.3,10,,30,30,0,50.0,1.0,16.5186,0,0.0,4.5412,0
15835578.1,10,,29,29,0,50.0,1.0,16.4438,0,0.0,4.5225,0
15837578.1,10,,29,29,0,50.0,1.0,16.3438,0,0.0,4.4975,0
15839578.1,10,,29,29,0,50.0,1.0,16.2438,0,0.0,4.4725,0
15841578.1,10,,29,29,0,50.0,1.0,16.1438,0,0.0,4.4475,0
15843578.1,10,,29,29,0,50.0,1.0,16.0438,0,0.0,4.4225,0
15845578.1,10,,29,29,0,50.0,1.0,15.9438,0,0.0,4.3975,0
15847578.1,10,,29,29,0,50.0,1.0,15.8438,0,0.0,4.3725,0
15849578.1,10,,29,29,0,50.0,1.0,15.7438,0,0.0,4.3475,0
15851578.1,10,,29,29,0,50.0,1.0,15.6438,0,0.0,4.3225,0
15853578.1,10,,29,29,0,50.0,1.0,15.5438,0,0.0,4.2975,0
15853643.5,10,,29,29,0,50.0,1.0,15.5405,0,0.0,4.2967,0
15855578.1,10,,28,28,0,50.0,1.0,15.4438,0,0.0,4.2725,0
15857578.1,10,,28,28,0,50.0,1.0,15.3438,0,0.0,4.2475,0
15859578.1,10,,28,28,0,50.0,1.0,15.2438,0,0.0,4.2225,0
15861578.1,10,,28,28,0,50.0,1.0,15.1438,0,0.0,4.1975,0
15863578.1,10,,28,28,0,50.0,1.0,15.0438,0,0.0,4.1725,0
15865578.1,10,,28,28,0,50.0,1.0,14.9438,0,0.0,4.1475,0
15867578.1,10,,28,28,0,50.0,1.0,14.8438,0,0.0,4.1225,0
15869578.1,10,,28,28,0,50.0,1.0,14.7438,0,0.0,4.0975,0
15871578.1,10,,28,28,0,50.0,1.0,14.6438,0,0.0,4.0725,0
15873578.1,10,,28,28,0,50.0,1.0,14.5438,0,0.0,4.0475,0
15875578.1,10,,28,28,0,50.0,1.0,14.4438,0,0.0,4.0225,0
15877578.1,10,,28,28,0,50.0,1.0,14.3438,0,0.0,3.9975,0
15877821.4,10,,28,28,0,50.0,1.0,14.3317,0,0.0,3.9945,0
15879578.1,10,,27,27,0,50.0,1.0,14.2438,0,0.0,3.9725,0
15881578.1,10,,27,27,0,50.0,1.0,14.1438,0,0.0,3.9475,0
15883578.1,10,,27,27,0,50.0,1.0,14.0438,0,0.0,3.9225,0
15885578.1,10,,27,27,0,50.0,1.0,13.9438,0,0.0,3.8975,0
15887578.1,10,,27,27,0,50.0,1.0,13.8438,0,0.0,3.8725,0
15889578.1,10,,27,27,0,50.0,1.0,13.7438,0,0.0,3.8475,0
15891578.1,10,,27,27,0,50.0,1.0,13.6438,0,0.0,3.8225,0
15893578.1,10,,27,27,0,50.0,1.0,13.5438,0,0.0,3.7975,0
15894376.4,10,,27,27,0,50.0,1.0,13.5039,0,0.0,3.7875,0
15895578.1,10,,26,26,0,50.0,1.0,13.4438,0,0.0,3.7725,0
15897578.1,10,,26,26,0,50.0,1.0,13.3438,0,0.0,3.7475,0
15899578.1,10,,26,26,0,50.0,1.0,13.2438,0,0.0,3.7225,0
15901578.1,10,,26,26,0,50.0,1.0,13.1438,0,0.0,3.6975,0
15903578.1,10,,26,26,0,50.0,1.0,13.0438,0,0.0,3.6725,0
15905578.1,10,,26,26,0,50.0,1.0,12.9438,0,0.0,3.6475,0
15907578.1,10,,26,26,0,50.0,1.0,12.8438,0,0.0,3.6225,0
15909578.1,10,,26,26,0,50.0,1.0,12.7438,0,0.0,3.5975,0
15911578.1,10,,26,26,0,50.0,1.0,12.6438,0,0.0,3.5725,0
15913578.1,10,,26,26,0,50.0,1.0,12.5438,0,0.0,3.5475,0
15915578.1,10,,26,26,0,50.0,1.0,12.4438,0,0.0,3.5225,0
15917578.1,10,,26,26,0,50.0,1.0,12.3438,0,0.0,3.4975,0
15919578.1,10,,26,26,0,50.0,1.0,12.2438,0,0.0,3.4725,0
15921578.1,10,,26,26,0,50.0,1.0,12.1438,0,0.0,3.4475,0
15923578.1,10,,26,26,0,50.0,1.0,12.0438,0,0.0,3.4225,0
15925578.1,10,,26,26,0,50.0,1.0,11.9438,0,0.0,3.3975,0
15927578.1,10,,26,26,0,50.0,1.0,11.8438,0,0.0,3.3725,0
15929578.1,10,,26,26,0,50.0,1.0,11.7438,0,0.0,3.3475,0
15931578.1,10,,26,26,0,50.0,1.0,11.6438,0,0.0,3.3225,0
15933578.1,10,,26,26,0,50.0,1.0,11.5438,0,0.0,3.2975,0
15934576.0,10,,26,26,0,50.0,1.0,11.4939,0,0.0,3.285,0
15935578.1,10,,25,25,0,50.0,1.0,11.4438,0,0.0,3.2725,0
15937578.1,10,,25,25,0,50.0,1.0,11.3438,0,0.0,3.2475,0
15939578.1,10,,25,25,0,50.0,1.0,11.2438,0,0.0,3.2225,0
15941578.1,10,,25,25,0,50.0,1.0,11.1438,0,0.0,3.1975,0
15943578.1,10,,25,25,0,50.0,1.0,11.0438,0,0.0,3.1725,0
15944839.1,10,,25,25,0,50.0,1.0,10.9808,0,0.0,3.1568,0
15945578.1,10,,24,24,0,50.0,1.0,10.9438,0,0.0,3.1475,0
15947578.1,10,,24,24,0,50.0,1.0,10.8438,0,0.0,3.1225,0
15949578.1,10,,24,24,0,50.0,1.0,10.7438,0,0.0,3.0975,0
15951578.1,10,,24,24,0,50.0,1.0,10.6438,0,0.0,3.0725,0
15953578.1,10,,24,24,0,50.0,1.0,10.5438,0,0.0,3.0475,0
15955578.1,10,,24,24,0,50.0,1.0,10.4438,0,0.0,3.0225,0
15957578.1,10,,24,24,0,50.0,1.0,10.3438,0,0.0,2.9975,0
15959578.1,10,,24,24,0,50.0,1.0,10.2438,0,0.0,2.9725,0
15961578.1,10,,24,24,0,50.0,1.0,10.1438,0,0.0,2.9475,0
15963578.1,10,,24,24,0,50.0,1.0,10.0438,0,0.0,2.9225,0
15965578.1,10,,24,24,0,50.0,1.0,9.9438,0,0.0,2.8975,0
15967578.1,10,,24,24,0,50.0,1.0,9.8438,0,0.0,2.8725,0
15969578.1,10,,24,24,0,50.0,1.0,9.7438,0,0.0,2.8475,0
15971578.1,10,,24,24,0,50.0,1.0,9.6438,0,0.0,2.8225,0
15973578.1,10,,24,24,0,50.0,1.0,9.5438,0,0.0,2.7975,0
15975578.1,10,,24,24,0,50.0,1.0,9.4438,0,0.0,2.7725,0
15977578.1,10,,24,24,0,50.0,1.0,9.3438,0,0.0,2.7475,0
15979578.1,10,,24,24,0,50.0,1.0,9.2438,0,0.0,2.7225,0
15981578.1,10,,24,24,0,50.0,1.0,9.1438,0,0.0,2.6975,0
15983578.1,10,,24,24,0,50.0,1.0,9.0438,0,0.0,2.6725,0
15985578.1,10,,24,24,0,50.0,1.0,8.9438,0,0.0,2.6475,0
15987578.1,10,,24,24,0,50.0,1.0,8.8438,0,0.0,2.6225,0
15989578.1,10,,24,24,0,50.0,1.0,8.7438,0,0.0,2.5975,0
15991578.1,10,,24,24,0,50.0,1.0,8.6438,0,0.0,2.5725,0
15993578.1,10,,24,24,0,50.0,1.0,8.5438,0,0.0,2.5475,0
15995578.1,10,,24,24,0,50.0,1.0,8.4438,0,0.0,2.5225,0
15997578.1,10,,24,24,0,50.0,1.0,8.3438,0,0.0,2.4975,0
15999578.1,10,,24,24,0,50.0,1.0,8.2438,0,0.0,2.4725,0
16001578.1,10,,24,24,0,50.0,1.0,8.1438,0,0.0,2.4475,0
16003578.1,10,,24,24,0,50.0,1.0,8.0438,0,0.0,2.4225,0
16005578.1,10,,24,24,0,50.0,1.0,7.9438,0,0.0,2.3975,0
16007578.1,10,,24,24,0,50.0,1.0,7.8438,0,0.0,2.3725,0
16009578.1,10,,24,24,0,50.0,1.0,7.7438,0,0.0,2.3475,0
16011253.1,10,,24,24,0,50.0,1.0,7.6601,0,0.0,2.3266,0
16011578.1,10,,23,23,0,50.0,1.0,7.6438,0,0.0,2.3225,0
16013578.1,10,,23,23,0,50.0,1.0,7.5438,0,0.0,2.2975,0
16015578.1,10,,23,23,0,50.0,1.0,7.4438,0,0.0,2.2725,0
16017413.0,10,,23,23,0,50.0,1.0,7.3521,0,0.0,2.2496,0
16017578.1,10,,22,22,0,50.0,1.0,7.3438,0,0.0,2.2475,0
16019578.1,10,,22,22,0,50.0,1.0,7.2438,0,0.0,2.2225,0
16021578.1,10,,22,22,0,50.0,1.0,7.1438,0,0.0,2.1975,0
16023578.1,10,,22,22,0,50.0,1.0,7.0438,0,0.0,2.1725,0
16024360.3,10,,22,22,0,50.0,1.0,7.0047,0,0.0,2.1627,0
16025578.1,10,,21,21,0,50.0,1.0,6.9438,0,0.0,2.1475,0
16027578.1,10,,21,21,0,50.0,1.0,6.8438,0,0.0,2.1225,0
16029578.1,10,,21,21,0,50.0,1.0,6.7438,0,0.0,2.0975,0
16031578.1,10,,21,21,0,50.0,1.0,6.6438,0,0.0,2.0725,0
16033578.1,10,,21,21,0,50.0,1.0,6.5438,0,0.0,2.0475,0
16035578.1,10,,21,21,0,50.0,1.0,6.4438,0,0.0,2.0225,0
16037578.1,10,,21,21,0,50.0,1.0,6.3438,0,0.0,1.9975,0
16038712.2,10,,21,21,0,50.0,1.0,6.2871,0,0.0,1.9833,0
16039211.0,10,,20,20,0,50.0,1.0,6.2622,0,0.0,1.9771,0
16039578.1,10,,19,19,0,50.0,1.0,6.2438,0,0.0,1.9725,0
16041578.1,10,,19,19,0,50.0,1.0,6.1438,0,0.0,1.9475,0
16043578.1,10,,19,19,0,50.0,1.0,6.0438,0,0.0,1.9225,0
16045578.1,10,,19,19,0,50.0,1.0,5.9438,0,0.0,1.8975,0
16047578.1,10,,19,19,0,50.0,1.0,5.8438,0,0.0,1.8725,0
16049041.4,10,,19,19,0,50.0,1.0,5.7707,0,0.0,1.8542,0
16049578.1,10,,18,18,0,50.0,1.0,5.7438,0,0.0,1.8475,0
16051578.1,10,,18,18,0,50.0,1.0,5.6438,0,0.0,1.8225,0
16053578.1,10,,18,18,0,50.0,1.0,5.5438,0,0.0,1.7975,0
16055578.1,10,,18,18,0,50.0,1.0,5.4438,0,0.0,1.7725,0
16057578.1,10,,18,18,0,50.0,1.0,5.3438,0,0.0,1.7475,0
16058115.8,10,,18,18,0,50.0,1.0,5.3169,0,0.0,1.7408,0
16059578.1,10,,17,17,0,50.0,1.0,5.2438,0,0.0,1.7225,0
16061578.1,10,,17,17,0,50.0,1.0,5.1438,0,0.0,1.6975,0
16063578.1,10,,17,17,0,50.0,1.0,5.0438,0,0.0,1.6725,0
16065578.1,10,,17,17,0,50.0,1.0,4.9438,0,0.0,1.6475,0
16067578.1,10,,17,17,0,50.0,1.0,4.8438,0,0.0,1.6225,0
16069578.1,10,,17,17,0,50.0,1.0,4.7438,0,0.0,1.5975,0
16071223.0,10,,17,17,0,50.0,1.0,4.6616,0,0.0,1.577,0
16071578.1,10,,16,16,0,50.0,1.0,4.6438,0,0.0,1.5725,0
16073578.1,10,,16,16,0,50.0,1.0,4.5438,0,0.0,1.5475,0
16075578.1,10,,16,16,0,50.0,1.0,4.4438,0,0.0,1.5225,0
16077578.1,10,,16,16,0,50.0,1.0,4.3438,0,0.0,1.4975,0
16078099.8,10,,16,16,0,50.0,1.0,4.3177,0,0.0,1.491,0
16079292.7,10,,15,15,0,50.0,1.0,4.2581,0,0.0,1.4754,0
16079578.1,10,,14,14,0,50.0,1.0,4.2438,0,0.0,1.4715,0
16079953.9,10,,14,14,0,50.0,1.0,4.225,0,0.0,1.4664,0
16081578.1,10,,13,13,0,50.0,1.0,4.1438,0,0.0,1.4421,0
16082629.6,10,,13,13,0,50.0,1.0,4.0912,0,0.0,1.4263,0
16083578.1,10,,12,12,0,50.0,1.0,4.0438,0,0.0,1.4105,0
16085578.1,10,,12,12,0,50.0,1.0,3.9438,0,0.0,1.3771,0
16087578.1,10,,12,12,0,50.0,1.0,3.8438,0,0.0,1.3438,0
16089578.1,10,,12,12,0,50.0,1.0,3.7438,0,0.0,1.3105,0
16091578.1,10,,12,12,0,50.0,1.0,3.6438,0,0.0,1.2771,0
16093578.1,10,,12,12,0,50.0,1.0,3.5438,0,0.0,1.2438,0
16095291.7,10,,12,12,0,50.0,1.0,3.4581,0,0.0,1.2153,0
16095578.1,10,,11,11,0,50.0,1.0,3.4438,0,0.0,1.2102,0
16097578.1,10,,11,11,0,50.0,1.0,3.3438,0,0.0,1.1749,0
16098005.7,10,,11,11,0,50.0,1.0,3.3224,0,0.0,1.1674,0
16099578.1,10,,10,10,0,50.0,1.0,3.2438,0,0.0,1.1428,0
16101349.5,10,,10,10,0,50.0,1.0,3.1552,0,0.0,1.1151,0
16101578.1,10,,9,9,0,50.0,1.0,3.1438,0,0.0,1.111,0
16103578.1,10,,9,9,0,50.0,1.0,3.0438,0,0.0,1.0753,0
16104731.5,10,,9,9,0,50.0,1.0,2.9861,0,0.0,1.0547,0
16105578.1,10,,8,8,0,50.0,1.0,2.9438,0,0.0,1.0441,0
16107578.1,10,,8,8,0,50.0,1.0,2.8438,0,0.0,1.0191,0
16109578.1,10,,8,8,0,50.0,1.0,2.7438,0,0.0,0.9941,0
16111578.1,10,,8,8,0,50.0,1.0,2.6438,0,0.0,0.9691,0
16113578.1,10,,8,8,0,50.0,1.0,2.5438,0,0.0,0.9441,0
16115578.1,10,,8,8,0,50.0,1.0,2.4438,0,0.0,0.9191,0
16117578.1,10,,8,8,0,50.0,1.0,2.3438,0,0.0,0.8941,0
16119578.1,10,,8,8,0,50.0,1.0,2.2438,0,0.0,0.8691,0
16121578.1,10,,8,8,0,50.0,1.0,2.1438,0,0.0,0.8441,0
16122424.0,10,,8,8,0,50.0,1.0,2.1015,0,0.0,0.8336,0
16123578.1,10,,7,7,0,50.0,1.0,2.0438,0,0.0,0.8167,0
16125578.1,10,,7,7,0,50.0,1.0,1.9438,0,0.0,0.7876,0
16127578.1,10,,7,7,0,50.0,1.0,1.8438,0,0.0,0.7584,0
16129578.1,10,,7,7,0,50.0,1.0,1.7438,0,0.0,0.7292,0
16130263.6,10,,7,7,0,50.0,1.0,1.7095,0,0.0,0.7192,0
16131578.1,10,,6,6,0,50.0,1.0,1.6438,0,0.0,0.6946,0
16133578.1,10,,6,6,0,50.0,1.0,1.5438,0,0.0,0.6571,0
16135578.1,10,,6,6,0,50.0,1.0,1.4438,0,0.0,0.6196,0
16136778.0,10,,6,6,0,50.0,1.0,1.3838,0,0.0,0.5971,0
16137578.1,10,,5,5,0,50.0,1.0,1.3438,0,0.0,0.5771,0
16139578.1,10,,5,5,0,50.0,1.0,1.2438,0,0.0,0.5271,0
16140691.3,10,,5,5,0,50.0,1.0,1.1882,0,0.0,0.4993,0
16141578.1,10,,4,4,0,50.0,1.0,1.1438,0,0.0,0.4882,0
16143578.1,10,,4,4,0,50.0,1.0,1.0438,0,0.0,0.4632,0
16145578.1,10,,4,4,0,50.0,1.0,0.9438,0,0.0,0.4382,0
16147578.1,10,,4,4,0,50.0,1.0,0.8438,0,0.0,0.4132,0
16148600.2,10,,4,4,0,50.0,1.0,0.7927,0,0.0,0.4004,0
16149578.1,10,,3,3,0,50.0,1.0,0.7438,0,0.0,0.3841,0
16151578.1,10,,3,3,0,50.0,1.0,0.6438,0,0.0,0.3508,0
16153578.1,10,,3,3,0,50.0,1.0,0.5438,0,0.0,0.3174,0
16155578.1,10,,3,3,0,50.0,1.0,0.4438,0,0.0,0.2841,0
16157578.1,10,,3,3,0,50.0,1.0,0.3438,0,0.0,0.2508,0
16158663.9,10,,3,3,0,50.0,1.0,0.2895,0,0.0,0.2327,0
16159578.1,10,,2,2,0,50.0,1.0,0.2438,0,0.0,0.2098,0
16160938.1,10,,2,2,0,50.0,1.0,0.1758,0,0.0,0.1758,0
16161578.1,10,,1,1,0,50.0,1.0,0.1438,0,0.0,0.1438,0
16163578.1,10,,1,1,0,50.0,1.0,0.0438,0,0.0,0.0438,0
16164454.4,10,,1,1,0,50.0,1.0,0.0,0,0.0,0.0,0
16165578.1,11,,124,56,8,50.0,1.0,73.4383,12.9032,0.0145,9.1383,0
16167578.1,11,,124,56,8,50.0,1.0,73.3383,12.9032,0.0403,9.1311,0
16169578.1,11,,124,56,8,50.0,1.0,73.2383,12.9032,0.0661,9.124,0
16171578.1,11,,124,56,8,50.0,1.0,73.1383,12.9032,0.0919,9.1168,0
16173578.1,11,,124,56,8,50.0,1.0,73.0383,12.9032,0.1177,9.1097,0
16175578.1,11,,124,56,8,50.0,1.0,72.9383,12.9032,0.1435,9.1025,0
16177578.1,11,,124,56,8,50.0,1.0,72.8383,12.9032,0.1693,9.0954,0
16179578.1,11,,124,56,8,50.0,1.0,72.7383,12.9032,0.1951,9.0883,0
16181578.1,11,,124,56,8,50.0,1.0,72.6383,12.9032,0.221,9.0811,0
16183578.1,11,,124,56,8,50.0,1.0,72.5383,12.9032,0.2468,9.074,0
16185578.1,11,,124,56,8,50.0,1.0,72.4383,12.9032,0.2726,9.0668,0
16187578.1,11,,124,56,8,50.0,1.0,72.3383,12.9032,0.2984,9.0597,0
16189578.1,11,,124,56,8,50.0,1.0,72.2383,12.9032,0.3242,9.0525,0
16191578.1,11,,124,56,8,50.0,1.0,72.1383,12.9032,0.35,9.0454,0
16193578.1,11,,124,56,8,50.0,1.0,72.0383,12.9032,0.3758,9.0383,0
16195578.1,11,,124,56,8,50.0,1.0,71.9383,12.9032,0.4016,9.0311,0
16197578.1,11,,124,56,8,50.0,1.0,71.8383,12.9032,0.4274,9.024,0
16199578.1,11,,124,56,8,50.0,1.0,71.7383,12.9032,0.4532,9.0168,0
16201578.1,11,,124,56,8,50.0,1.0,71.6383,12.9032,0.479,9.0097,0
16203578.1,11,,124,56,8,50.0,1.0,71.5383,12.9032,0.5048,9.0025,0
16205578.1,11,,124,56,8,50.0,1.0,71.4383,12.9032,0.5306,8.9954,0
16207578.1,11,,124,56,8,50.0,1.0,71.3383,12.9032,0.5564,8.9883,0
16209578.1,11,,124,56,8,50.0,1.0,71.2383,12.9032,0.5822,8.9811,0
16211578.1,11,,124,56,8,50.0,1.0,71.1383,12.9032,0.608,8.974,0
16213578.1,11,,124,56,8,50.0,1.0,71.0383,12.9032,0.6339,8.9668,0
16214116.1,11,,124,56,8,50.0,1.0,71.0114,12.9032,0.6408,8.9649,0
16215578.1,11,,123,56,8,50.0,1.0,70.9383,13.0108,0.6598,8.9597,0
16217578.1,11,,123,56,8,50.0,1.0,70.8383,13.0108,0.6858,8.9525,0
16218913.0,11,,123,56,8,50.0,1.0,70.7716,13.0108,0.7032,8.9478,0
16219578.1,11,,122,56,8,50.0,1.0,70.7383,13.1183,0.7119,8.9454,0
16220323.8,11,,122,56,8,50.0,1.0,70.7011,13.1183,0.7217,8.9427,0
16220606.0,11,,121,56,8,50.0,1.0,70.6869,13.2258,0.7254,8.9417,0
16221578.1,11,,120,56,8,50.0,1.0,70.6383,13.3333,0.7384,8.9383,0
16222035.1,11,,120,56,8,50.0,1.0,70.6155,13.3333,0.7445,8.9366,0
16223578.1,11,,119,56,8,50.0,1.0,70.5383,13.4483,0.7653,8.9311,0
16223828.2,11,,119,56,8,50.0,1.0,70.5258,13.4483,0.7686,8.9302,0
16224702.0,11,,118,56,8,50.0,1.0,70.4821,13.5632,0.7805,8.9271,0
16225578.1,11,,116,56,8,50.0,1.0,70.4383,13.8013,0.7926,8.924,0
16227578.1,11,,116,56,8,50.0,1.0,70.3383,13.8013,0.8202,8.9168,0
16228515.8,11,,116,56,8,50.0,1.0,70.2915,13.8013,0.8331,8.9135,0
16228843.5,11,,115,56,8,50.0,1.0,70.2751,13.9163,0.8377,8.9123,0
16229578.1,11,,114,56,8,50.0,1.0,70.2383,14.0394,0.848,8.9097,0
16231578.1,11,,114,56,8,50.0,1.0,70.1383,14.0394,0.8761,8.9025,0
16233578.1,11,,114,56,8,50.0,1.0,70.0383,14.0394,0.9041,8.8954,0
16235578.1,11,,114,56,8,50.0,1.0,69.9383,14.0394,0.9322,8.8883,0
16237578.1,11,,114,56,8,50.0,1.0,69.8383,14.0394,0.9603,8.8811,0
16239578.1,11,,114,56,8,50.0,1.0,69.7383,14.0394,0.9884,8.874,0
16241578.1,11,,114,56,8,50.0,1.0,69.6383,14.0394,1.0164,8.8668,0
16243578.1,11,,114,56,8,50.0,1.0,69.5383,14.0394,1.0445,8.8597,0
16245578.1,11,,114,56,8,50.0,1.0,69.4383,14.0394,1.0726,8.8525,0
16247578.1,11,,114,56,8,50.0,1.0,69.3383,14.0394,1.1007,8.8454,0
16248313.2,11,,114,56,8,50.0,1.0,69.3016,14.0394,1.111,8.8428,0
16249578.1,11,,113,56,8,50.0,1.0,69.2383,14.1626,1.1289,8.8383,0
16250807.2,11,,113,56,8,50.0,1.0,69.1769,14.1626,1.1463,8.8339,0
16251578.1,11,,112,56,8,50.0,1.0,69.1383,14.2857,1.1573,8.8311,0
16253578.1,11,,112,56,8,50.0,1.0,69.0383,14.2857,1.1859,8.824,0
16255094.3,11,,112,56,8,50.0,1.0,68.9625,14.2857,1.2076,8.8186,0
16255578.1,11,,111,56,8,50.0,1.0,68.9383,14.418,1.2145,8.8168,0
16256559.8,11,,111,56,8,50.0,1.0,68.8893,14.418,1.2287,8.8133,0
16257578.1,11,,110,56,8,50.0,1.0,68.8383,14.5503,1.2435,8.8097,0
16259578.1,11,,110,56,8,50.0,1.0,68.7383,14.5503,1.2726,8.8025,0
16261566.0,11,,110,56,8,50.0,1.0,68.6389,14.5503,1.3015,8.7954,0
16261578.1,11,,109,56,8,50.0,1.0,68.6383,14.6825,1.3017,8.7954,0
16261975.6,11,,109,56,8,50.0,1.0,68.6185,14.6825,1.3076,8.794,0
16263578.1,11,,108,56,8,50.0,1.0,68.5383,14.825,1.3313,8.7883,0
16265578.1,11,,108,56,8,50.0,1.0,68.4383,14.825,1.361,8.7811,0
16265998.8,11,,108,56,8,50.0,1.0,68.4173,14.825,1.3672,8.7796,0
16266353.8,11,,107,56,8,50.0,1.0,68.3996,14.9788,1.3725,8.7783,0
16266635.9,11,,106,56,8,50.0,1.0,68.3855,15.1111,1.3768,8.7773,0
16267218.5,11,,105,56,8,50.0,1.0,68.3563,15.2536,1.3857,8.7753,0
16267578.1,11,,104,56,8,50.0,1.0,68.3383,15.396,1.3912,8.774,0
16267828.3,11,,104,56,8,50.0,1.0,68.3258,15.396,1.3951,8.7731,0
16269578.1,11,,103,56,8,50.0,1.0,68.2383,15.5385,1.4222,8.7668,0
16271578.1,11,,103,56,8,50.0,1.0,68.1383,15.5385,1.4533,8.7597,0
16273578.1,11,,103,56,8,50.0,1.0,68.0383,15.5385,1.4844,8.7525,0
16275578.1,11,,103,56,8,50.0,1.0,67.9383,15.5385,1.5155,8.7454,0
16276684.8,11,,103,56,8,50.0,1.0,67.883,15.5385,1.5327,8.7414,0
16277578.1,11,,102,56,8,50.0,1.0,67.8383,15.6923,1.5467,8.7383,0
16278714.6,11,,102,56,8,50.0,1.0,67.7815,15.6923,1.5645,8.7342,0
16279578.1,11,,101,56,8,50.0,1.0,67.7383,15.8462,1.5782,8.7311,0
16280553.2,11,,101,56,8,50.0,1.0,67.6896,15.8462,1.5937,8.7276,0
16281245.0,11,,100,56,8,50.0,1.0,67.655,16.0128,1.6047,8.7252,0
16281308.7,11,,99,56,8,50.0,1.0,67.6518,16.1795,1.6058,8.7249,0
16281578.1,11,,98,56,8,50.0,1.0,67.6383,16.3333,1.6102,8.724,0
16283578.1,11,,98,56,8,50.0,1.0,67.5383,16.3333,1.6428,8.7168,0
16285578.1,11,,98,56,8,50.0,1.0,67.4383,16.3333,1.6755,8.7097,0
16287578.1,11,,98,56,8,50.0,1.0,67.3383,16.3333,1.7082,8.7025,0
16288590.5,11,,98,56,8,50.0,1.0,67.2877,16.3333,1.7247,8.6989,0
16289578.1,11,,97,56,8,50.0,1.0,67.2383,16.5,1.741,8.6954,0
16291578.1,11,,97,56,8,50.0,1.0,67.1383,16.5,1.774,8.6883,0
16293578.1,11,,97,56,8,50.0,1.0,67.0383,16.5,1.807,8.6811,0
16295578.1,11,,97,56,8,50.0,1.0,66.9383,16.5,1.84,8.674,0
16297578.1,11,,97,56,8,50.0,1.0,66.8383,16.5,1.873,8.6668,0
16298511.9,11,,97,56,8,50.0,1.0,66.7917,16.5,1.8884,8.6635,0
16299578.1,11,,96,56,8,50.0,1.0,66.7383,16.6667,1.9062,8.6597,0
16301578.1,11,,96,56,8,50.0,1.0,66.6383,16.6667,1.9395,8.6525,0
16303578.1,11,,96,56,8,50.0,1.0,66.5383,16.6667,1.9728,8.6454,0
16305578.1,11,,96,56,8,50.0,1.0,66.4383,16.6667,2.0062,8.6383,0
16307578.1,11,,96,56,8,50.0,1.0,66.3383,16.6667,2.0395,8.6311,0
16309578.1,11,,96,56,8,50.0,1.0,66.2383,16.6667,2.0728,8.624,0
16311578.1,11,,96,56,8,50.0,1.0,66.1383,16.6667,2.1062,8.6168,0
16313578.1,11,,96,56,8,50.0,1.0,66.0383,16.6667,2.1395,8.6097,0
16315578.1,11,,96,56,8,50.0,1.0,65.9383,16.6667,2.1728,8.6025,0
16317578.1,11,,96,56,8,50.0,1.0,65.8383,16.6667,2.2062,8.5954,0
16319578.1,11,,96,56,8,50.0,1.0,65.7383,16.6667,2.2395,8.5883,0
16321578.1,11,,96,56,8,50.0,1.0,65.6383,16.6667,2.2728,8.5811,0
16323578.1,11,,96,56,8,50.0,1.0,65.5383,16.6667,2.3062,8.574,0
16325578.1,11,,96,56,8,50.0,1.0,65.4383,16.6667,2.3395,8.5668,0
16327578.1,11,,96,56,8,50.0,1.0,65.3383,16.6667,2.3728,8.5597,0
16329578.1,11,,96,56,8,50.0,1.0,65.2383,16.6667,2.4062,8.5525,0
16331578.1,11,,96,56,8,50.0,1.0,65.1383,16.6667,2.4395,8.5454,0
16333578.1,11,,96,56,8,50.0,1.0,65.0383,16.6667,2.4728,8.5383,0
16335578.1,11,,96,56,8,50.0,1.0,64.9383,16.6667,2.5062,8.5311,0
16337578.1,11,,96,56,8,50.0,1.0,64.8383,16.6667,2.5395,8.524,0
16339578.1,11,,96,56,8,50.0,1.0,64.7383,16.6667,2.5728,8.5168,0
16341578.1,11,,96,56,8,50.0,1.0,64.6383,16.6667,2.6062,8.5097,0
16343578.1,11,,96,56,8,50.0,1.0,64.5383,16.6667,2.6395,8.5025,0
16345578.1,11,,96,56,8,50.0,1.0,64.4383,16.6667,2.6728,8.4954,0
16347578.1,11,,96,56,8,50.0,1.0,64.3383,16.6667,2.7062,8.4883,0
16349578.1,11,,96,56,8,50.0,1.0,64.2383,16.6667,2.7395,8.4811,0
16351578.1,11,,96,56,8,50.0,1.0,64.1383,16.6667,2.7728,8.474,0
16353578.1,11,,96,56,8,50.0,1.0,64.0383,16.6667,2.8062,8.4668,0
16355578.1,11,,96,56,8,50.0,1.0,63.9383,16.6667,2.8395,8.4597,0
16357578.1,11,,96,56,8,50.0,1.0,63.8383,16.6667,2.8728,8.4525,0
16359578.1,11,,96,56,8,50.0,1.0,63.7383,16.6667,2.9062,8.4454,0
16361578.1,11,,96,56,8,50.0,1.0,63.6383,16.6667,2.9395,8.4383,0
16363578.1,11,,96,56,8,50.0,1.0,63.5383,16.6667,2.9728,8.4311,0
16365578.1,11,,96,56,8,50.0,1.0,63.4383,16.6667,3.0062,8.424,0
16367578.1,11,,96,56,8,50.0,1.0,63.3383,16.6667,3.0395,8.4168,0
16369578.1,11,,96,56,8,50.0,1.0,63.2383,16.6667,3.0728,8.4097,0
16371578.1,11,,96,56,8,50.0,1.0,63.1383,16.6667,3.1062,8.4025,0
16373578.1,11,,96,56,8,50.0,1.0,63.0383,16.6667,3.1395,8.3954,0
16375578.1,11,,96,56,8,50.0,1.0,62.9383,16.6667,3.1728,8.3883,0
16377578.1,11,,96,56,8,50.0,1.0,62.8383,16.6667,3.2062,8.3811,0
16379578.1,11,,96,56,8,50.0,1.0,62.7383,16.6667,3.2395,8.374,0
16381578.1,11,,96,56,8,50.0,1.0,62.6383,16.6667,3.2728,8.3668,0
16383578.1,11,,96,56,8,50.0,1.0,62.5383,16.6667,3.3062,8.3597,0
16385578.1,11,,96,56,8,50.0,1.0,62.4383,16.6667,3.3395,8.3525,0
16387578.1,11,,96,56,8,50.0,1.0,62.3383,16.6667,3.3728,8.3454,0
16389578.1,11,,96,56,8,50.0,1.0,62.2383,16.6667,3.4062,8.3383,0
16391578.1,11,,96,56,8,50.0,1.0,62.1383,16.6667,3.4395,8.3311,0
16393578.1,11,,96,56,8,50.0,1.0,62.0383,16.6667,3.4728,8.324,0
16395578.1,11,,96,56,8,50.0,1.0,61.9383,16.6667,3.5062,8.3168,0
16397578.1,11,,96,56,8,50.0,1.0,61.8383,16.6667,3.5395,8.3097,0
16399578.1,11,,96,56,8,50.0,1.0,61.7383,16.6667,3.5728,8.3025,0
16401578.1,11,,96,56,8,50.0,1.0,61.6383,16.6667,3.6062,8.2954,0
16403578.1,11,,96,56,8,50.0,1.0,61.5383,16.6667,3.6395,8.2883,0
16405578.1,11,,96,56,8,50.0,1.0,61.4383,16.6667,3.6728,8.2811,0
16407578.1,11,,96,56,8,50.0,1.0,61.3383,16.6667,3.7062,8.274,0
16409578.1,11,,96,56,8,50.0,1.0,61.2383,16.6667,3.7395,8.2668,0
16411578.1,11,,96,56,8,50.0,1.0,61.1383,16.6667,3.7728,8.2597,0
16413578.1,11,,96,56,8,50.0,1.0,61.0383,16.6667,3.8062,8.2525,0
16415578.1,11,,96,56,8,50.0,1.0,60.9383,16.6667,3.8395,8.2454,0
16417578.1,11,,96,56,8,50.0,1.0,60.8383,16.6667,3.8728,8.2383,0
16419578.1,11,,96,56,8,50.0,1.0,60.7383,16.6667,3.9062,8.2311,0
16421578.1,11,,96,56,8,50.0,1.0,60.6383,16.6667,3.9395,8.224,0
16423578.1,11,,96,56,8,50.0,1.0,60.5383,16.6667,3.9728,8.2168,0
16425578.1,11,,96,56,8,50.0,1.0,60.4383,16.6667,4.0062,8.2097,0
16427578.1,11,,96,56,8,50.0,1.0,60.3383,16.6667,4.0395,8.2025,0
16429578.1,11,,96,56,8,50.0,1.0,60.2383,16.6667,4.0728,8.1954,0
16431578.1,11,,96,56,8,50.0,1.0,60.1383,16.6667,4.1062,8.1883,0
16433578.1,11,,96,56,8,50.0,1.0,60.0383,16.6667,4.1395,8.1811,0
16435578.1,11,,96,56,8,50.0,1.0,59.9383,16.6667,4.1728,8.174,0
16437578.1,11,,96,56,8,50.0,1.0,59.8383,16.6667,4.2062,8.1668,0
16439578.1,11,,96,56,8,50.0,1.0,59.7383,16.6667,4.2395,8.1597,0
16441578.1,11,,96,56,8,50.0,1.0,59.6383,16.6667,4.2728,8.1525,0
16443578.1,11,,96,56,8,50.0,1.0,59.5383,16.6667,4.3062,8.1454,0
16445578.1,11,,96,56,8,50.0,1.0,59.4383,16.6667,4.3395,8.1383,0
16447578.1,11,,96,56,8,50.0,1.0,59.3383,16.6667,4.3728,8.1311,0
16449578.1,11,,96,56,8,50.0,1.0,59.2383,16.6667,4.4062,8.124,0
16451578.1,11,,96,56,8,50.0,1.0,59.1383,16.6667,4.4395,8.1168,0
16453578.1,11,,96,56,8,50.0,1.0,59.0383,16.6667,4.4728,8.1097,0
16455578.1,11,,96,56,8,50.0,1.0,58.9383,16.6667,4.5062,8.1025,0
16457578.1,11,,96,56,8,50.0,1.0,58.8383,16.6667,4.5395,8.0954,0
16459578.1,11,,96,56,8,50.0,1.0,58.7383,16.6667,4.5728,8.0883,0
16461578.1,11,,96,56,8,50.0,1.0,58.6383,16.6667,4.6062,8.0811,0
16463578.1,11,,96,56,8,50.0,1.0,58.5383,16.6667,4.6395,8.074,0
16465578.1,11,,96,56,8,50.0,1.0,58.4383,16.6667,4.6728,8.0668,0
16467578.1,11,,96,56,8,50.0,1.0,58.3383,16.6667,4.7062,8.0597,0
16469578.1,11,,96,56,8,50.0,1.0,58.2383,16.6667,4.7395,8.0525,0
16471578.1,11,,96,56,8,50.0,1.0,58.1383,16.6667,4.7728,8.0454,0
16473578.1,11,,96,56,8,50.0,1.0,58.0383,16.6667,4.8062,8.0383,0
16475578.1,11,,96,56,8,50.0,1.0,57.9383,16.6667,4.8395,8.0311,0
16477578.1,11,,96,56,8,50.0,1.0,57.8383,16.6667,4.8728,8.024,0
16479578.1,11,,96,56,8,50.0,1.0,57.7383,16.6667,4.9062,8.0168,0
16481578.1,11,,96,56,8,50.0,1.0,57.6383,16.6667,4.9395,8.0097,0
16483105.0,11,,96,56,8,50.0,1.0,57.562,16.6667,4.965,8.0042,0
16483578.1,11,,95,56,8,50.0,1.0,57.5383,16.8478,4.9729,8.0025,0
16485578.1,11,,95,56,8,50.0,1.0,57.4383,16.8478,5.0066,7.9954,0
16487578.1,11,,95,56,8,50.0,1.0,57.3383,16.8478,5.0403,7.9883,0
16489578.1,11,,95,56,8,50.0,1.0,57.2383,16.8478,5.074,7.9811,0
16491578.1,11,,95,56,8,50.0,1.0,57.1383,16.8478,5.1077,7.974,0
16493578.1,11,,95,56,8,50.0,1.0,57.0383,16.8478,5.1414,7.9668,0
16495578.1,11,,95,56,8,50.0,1.0,56.9383,16.8478,5.1751,7.9597,0
16497578.1,11,,95,56,8,50.0,1.0,56.8383,16.8478,5.2088,7.9525,0
16499578.1,11,,95,56,8,50.0,1.0,56.7383,16.8478,5.2425,7.9454,0
16501578.1,11,,95,56,8,50.0,1.0,56.6383,16.8478,5.2762,7.9383,0
16503578.1,11,,95,56,8,50.0,1.0,56.5383,16.8478,5.3099,7.9311,0
16505578.1,11,,95,56,8,50.0,1.0,56.4383,16.8478,5.3436,7.924,0
16507578.1,11,,95,56,8,50.0,1.0,56.3383,16.8478,5.3773,7.9168,0
16509446.8,11,,95,56,8,50.0,1.0,56.2449,16.8478,5.4088,7.9102,0
16509578.1,11,,94,56,8,50.0,1.0,56.2383,17.029,5.411,7.9097,0
16511578.1,11,,94,56,8,50.0,1.0,56.1383,17.029,5.4451,7.9025,0
16513578.1,11,,94,56,8,50.0,1.0,56.0383,17.029,5.4791,7.8954,0
16515578.1,11,,94,56,8,50.0,1.0,55.9383,17.029,5.5132,7.8883,0
16517578.1,11,,94,56,8,50.0,1.0,55.8383,17.029,5.5472,7.8811,0
16519578.1,11,,94,56,8,50.0,1.0,55.7383,17.029,5.5813,7.874,0
16521578.1,11,,94,56,8,50.0,1.0,55.6383,17.029,5.6153,7.8668,0
16521725.7,11,,94,56,8,50.0,1.0,55.631,17.029,5.6179,7.8663,0
16523578.1,11,,93,56,8,50.0,1.0,55.5383,17.2101,5.6497,7.8597,0
16525578.1,11,,93,56,8,50.0,1.0,55.4383,17.2101,5.6842,7.8525,0
16527578.1,11,,93,56,8,50.0,1.0,55.3383,17.2101,5.7186,7.8454,0
16529578.1,11,,93,56,8,50.0,1.0,55.2383,17.2101,5.753,7.8383,0
16531578.1,11,,93,56,8,50.0,1.0,55.1383,17.2101,5.7874,7.8311,0
16533578.1,11,,93,56,8,50.0,1.0,55.0383,17.2101,5.8218,7.824,0
16535578.1,11,,93,56,8,50.0,1.0,54.9383,17.2101,5.8563,7.8168,0
16537578.1,11,,93,56,8,50.0,1.0,54.8383,17.2101,5.8907,7.8097,0
16539578.1,11,,93,56,8,50.0,1.0,54.7383,17.2101,5.9251,7.8025,0
16541578.1,11,,93,56,8,50.0,1.0,54.6383,17.2101,5.9595,7.7954,0
16542451.5,11,,93,56,8,50.0,1.0,54.5947,17.2101,5.9746,7.7923,0
16543578.1,11,,92,56,7,50.0,1.0,54.5383,15.135,5.2461,7.7883,0
16543825.9,11,,92,56,7,50.0,1.0,54.526,15.135,5.2499,7.7874,0
16545578.1,11,,91,56,7,50.0,1.0,54.4383,15.3162,5.2767,7.7811,0
16547578.1,11,,91,56,7,50.0,1.0,54.3383,15.3162,5.3074,7.774,0
16549578.1,11,,91,56,7,50.0,1.0,54.2383,15.3162,5.338,7.7668,0
16551578.1,11,,91,56,7,50.0,1.0,54.1383,15.3162,5.3686,7.7597,0
16553578.1,11,,91,56,7,50.0,1.0,54.0383,15.3162,5.3992,7.7525,0
16555578.1,11,,91,56,7,50.0,1.0,53.9383,15.3162,5.4299,7.7454,0
16557578.1,11,,91,56,7,50.0,1.0,53.8383,15.3162,5.4605,7.7383,0
16559578.1,11,,91,56,7,50.0,1.0,53.7383,15.3162,5.4911,7.7311,0
16561578.1,11,,91,56,7,50.0,1.0,53.6383,15.3162,5.5218,7.724,0
16563578.1,11,,91,56,7,50.0,1.0,53.5383,15.3162,5.5524,7.7168,0
16565578.1,11,,91,56,7,50.0,1.0,53.4383,15.3162,5.583,7.7097,0
16567578.1,11,,91,56,7,50.0,1.0,53.3383,15.3162,5.6137,7.7025,0
16569578.1,11,,91,56,7,50.0,1.0,53.2383,15.3162,5.6443,7.6954,0
16571578.1,11,,91,56,7,50.0,1.0,53.1383,15.3162,5.6749,7.6883,0
16573578.1,11,,91,56,7,50.0,1.0,53.0383,15.3162,5.7056,7.6811,0
16575578.1,11,,91,56,7,50.0,1.0,52.9383,15.3162,5.7362,7.674,0
16577578.1,11,,91,56,7,50.0,1.0,52.8383,15.3162,5.7668,7.6668,0
16579578.1,11,,91,56,7,50.0,1.0,52.7383,15.3162,5.7975,7.6597,0
16581578.1,11,,91,56,7,50.0,1.0,52.6383,15.3162,5.8281,7.6525,0
16583578.1,11,,91,56,7,50.0,1.0,52.5383,15.3162,5.8587,7.6454,0
16585578.1,11,,91,56,7,50.0,1.0,52.4383,15.3162,5.8894,7.6383,0
16587578.1,11,,91,56,7,50.0,1.0,52.3383,15.3162,5.92,7.6311,0
16589578.1,11,,91,56,7,50.0,1.0,52.2383,15.3162,5.9506,7.624,0
16591578.1,11,,91,56,7,50.0,1.0,52.1383,15.3162,5.9813,7.6168,0
16593578.1,11,,91,56,7,50.0,1.0,52.0383,15.3162,6.0119,7.6097,0
16595578.1,11,,91,56,7,50.0,1.0,51.9383,15.3162,6.0425,7.6025,0
16597578.1,11,,91,56,7,50.0,1.0,51.8383,15.3162,6.0732,7.5954,0
16599578.1,11,,91,56,7,50.0,1.0,51.7383,15.3162,6.1038,7.5883,0
16601578.1,11,,91,56,7,50.0,1.0,51.6383,15.3162,6.1344,7.5811,0
16603578.1,11,,91,56,7,50.0,1.0,51.5383,15.3162,6.1651,7.574,0
16605578.1,11,,91,56,7,50.0,1.0,51.4383,15.3162,6.1957,7.5668,0
16607578.1,11,,91,56,7,50.0,1.0,51.3383,15.3162,6.2263,7.5597,0
16609578.1,11,,91,56,7,50.0,1.0,51.2383,15.3162,6.257,7.5525,0
16611578.1,11,,91,56,7,50.0,1.0,51.1383,15.3162,6.2876,7.5454,0
16613578.1,11,,91,56,7,50.0,1.0,51.0383,15.3162,6.3182,7.5383,0
16615578.1,11,,91,56,7,50.0,1.0,50.9383,15.3162,6.3489,7.5311,0
16617578.1,11,,91,56,7,50.0,1.0,50.8383,15.3162,6.3795,7.524,0
16619578.1,11,,91,56,7,50.0,1.0,50.7383,15.3162,6.4101,7.5168,0
16620648.7,11,,91,56,7,50.0,1.0,50.6848,15.3162,6.4265,7.513,0
16621578.1,11,,90,56,7,50.0,1.0,50.6383,15.5138,6.4409,7.5097,0
16623578.1,11,,90,56,7,50.0,1.0,50.5383,15.5138,6.472,7.5025,0
16625578.1,11,,90,56,7,50.0,1.0,50.4383,15.5138,6.503,7.4954,0
16627578.1,11,,90,56,7,50.0,1.0,50.3383,15.5138,6.534,7.4883,0
16629578.1,11,,90,56,7,50.0,1.0,50.2383,15.5138,6.565,7.4811,0
16630761.2,11,,90,56,7,50.0,1.0,50.1792,15.5138,6.5834,7.4769,0
16631578.1,11,,89,56,7,50.0,1.0,50.1383,15.6221,6.5962,7.474,0
16633578.1,11,,89,56,7,50.0,1.0,50.0383,15.6221,6.6274,7.4668,0
16635578.1,11,,89,56,7,50.0,1.0,49.9383,15.6221,6.6586,7.4597,0
16637578.1,11,,89,56,7,50.0,1.0,49.8383,15.6221,6.6899,7.4525,0
16639578.1,11,,89,56,7,50.0,1.0,49.7383,15.6221,6.7211,7.4454,0
16641578.1,11,,89,56,7,50.0,1.0,49.6383,15.6221,6.7524,7.4383,0
16642275.6,11,,89,56,7,50.0,1.0,49.6035,15.6221,6.7633,7.4358,0
16643578.1,11,,88,56,7,50.0,1.0,49.5383,15.8385,6.7839,7.4311,0
16645578.1,11,,88,56,7,50.0,1.0,49.4383,15.8385,6.8156,7.424,0
16647578.1,11,,88,56,7,50.0,1.0,49.3383,15.8385,6.8473,7.4168,0
16649578.1,11,,88,56,7,50.0,1.0,49.2383,15.8385,6.8789,7.4097,0
16651578.1,11,,88,56,7,50.0,1.0,49.1383,15.8385,6.9106,7.4025,0
16653125.4,11,,88,56,7,50.0,1.0,49.061,15.8385,6.9351,7.397,0
16653578.1,11,,87,56,7,50.0,1.0,49.0383,15.9576,6.9423,7.3954,0
16655578.1,11,,87,56,7,50.0,1.0,48.9383,15.9576,6.9743,7.3883,0
16657578.1,11,,87,56,7,50.0,1.0,48.8383,15.9576,7.0062,7.3811,0
16658759.7,11,,87,56,7,50.0,1.0,48.7793,15.9576,7.025,7.3769,0
16659578.1,11,,86,56,7,50.0,1.0,48.7383,16.1552,7.0383,7.374,0
16661578.1,11,,86,56,7,50.0,1.0,48.6383,16.1552,7.0706,7.3668,0
16663578.1,11,,86,56,7,50.0,1.0,48.5383,16.1552,7.1029,7.3597,0
16665578.1,11,,86,56,7,50.0,1.0,48.4383,16.1552,7.1352,7.3525,0
16667578.1,11,,86,56,7,50.0,1.0,48.3383,16.1552,7.1675,7.3454,0
16667871.0,11,,86,56,7,50.0,1.0,48.3237,16.1552,7.1722,7.3444,0
16669578.1,11,,85,56,7,50.0,1.0,48.2383,16.2868,7.2,7.3383,0
16671375.4,11,,85,56,7,50.0,1.0,48.1485,16.2868,7.2293,7.3318,0
16671484.6,11,,84,56,7,50.0,1.0,48.143,16.5032,7.2311,7.3314,0
16671578.1,11,,83,56,7,50.0,1.0,48.1383,16.7008,7.2327,7.3311,0
16673578.1,11,,83,56,7,50.0,1.0,48.0383,16.7008,7.2661,7.324,0
16675578.1,11,,83,56,7,50.0,1.0,47.9383,16.7008,7.2995,7.3168,0
16677578.1,11,,83,56,7,50.0,1.0,47.8383,16.7008,7.3329,7.3097,0
16679578.1,11,,83,56,7,50.0,1.0,47.7383,16.7008,7.3663,7.3025,0
16681578.1,11,,83,56,7,50.0,1.0,47.6383,16.7008,7.3997,7.2954,0
16683578.1,11,,83,56,7,50.0,1.0,47.5383,16.7008,7.4331,7.2883,0
16684100.3,11,,83,56,7,50.0,1.0,47.5122,16.7008,7.4418,7.2864,0
16685578.1,11,,82,56,7,50.0,1.0,47.4383,16.9173,7.4668,7.2811,0
16687578.1,11,,82,56,7,50.0,1.0,47.3383,16.9173,7.5006,7.274,0
16689578.1,11,,82,56,7,50.0,1.0,47.2383,16.9173,7.5345,7.2668,0
16691578.1,11,,82,56,7,50.0,1.0,47.1383,16.9173,7.5683,7.2597,0
16693578.1,11,,82,56,7,50.0,1.0,47.0383,16.9173,7.6021,7.2525,0
16695578.1,11,,82,56,7,50.0,1.0,46.9383,16.9173,7.636,7.2454,0
16697578.1,11,,82,56,7,50.0,1.0,46.8383,16.9173,7.6698,7.2383,0
16699578.1,11,,82,56,7,50.0,1.0,46.7383,16.9173,7.7036,7.2311,0
16701578.1,11,,82,56,7,50.0,1.0,46.6383,16.9173,7.7375,7.224,0
16703578.1,11,,82,56,7,50.0,1.0,46.5383,16.9173,7.7713,7.2168,0
16705578.1,11,,82,56,7,50.0,1.0,46.4383,16.9173,7.8051,7.2097,0
16707578.1,11,,82,56,7,50.0,1.0,46.3383,16.9173,7.839,7.2025,0
16708184.7,11,,82,56,7,50.0,1.0,46.308,16.9173,7.8492,7.2004,0
16709222.4,11,,81,56,7,50.0,1.0,46.2561,17.1554,7.867,7.1967,0
16709578.1,11,,80,56,7,50.0,1.0,46.2383,17.3935,7.8732,7.1954,0
16711578.1,11,,80,56,7,50.0,1.0,46.1383,17.3935,7.908,7.1883,0
16713578.1,11,,80,56,7,50.0,1.0,46.0383,17.3935,7.9428,7.1811,0
16715578.1,11,,80,56,7,50.0,1.0,45.9383,17.3935,7.9776,7.174,0
16717578.1,11,,80,56,7,50.0,1.0,45.8383,17.3935,8.0124,7.1668,0
16719578.1,11,,80,56,7,50.0,1.0,45.7383,17.3935,8.0472,7.1597,0
16721578.1,11,,80,56,7,50.0,1.0,45.6383,17.3935,8.082,7.1525,0
16723578.1,11,,80,56,7,50.0,1.0,45.5383,17.3935,8.1167,7.1454,0
16725578.1,11,,80,56,7,50.0,1.0,45.4383,17.3935,8.1515,7.1383,0
16727578.1,11,,80,56,7,50.0,1.0,45.3383,17.3935,8.1863,7.1311,0
16729578.1,11,,80,56,7,50.0,1.0,45.2383,17.3935,8.2211,7.124,0
16731122.3,11,,80,56,7,50.0,1.0,45.1611,17.3935,8.248,7.1185,0
16731578.1,11,,79,56,7,50.0,1.0,45.1383,17.6566,8.256,7.1168,0
16733578.1,11,,79,56,7,50.0,1.0,45.0383,17.6566,8.2913,7.1097,0
16735578.1,11,,79,56,7,50.0,1.0,44.9383,17.6566,8.3266,7.1025,0
16737075.2,11,,79,56,7,50.0,1.0,44.8635,17.6566,8.3531,7.0972,0
16737578.1,11,,78,56,7,50.0,1.0,44.8383,17.9198,8.3621,7.0954,0
16739578.1,11,,78,56,7,50.0,1.0,44.7383,17.9198,8.3979,7.0883,0
16740333.8,11,,78,56,7,50.0,1.0,44.7006,17.9198,8.4115,7.0856,0
16741578.1,11,,77,56,7,50.0,1.0,44.6383,18.1579,8.4341,7.0811,0
16743578.1,11,,77,56,7,50.0,1.0,44.5383,18.1579,8.4704,7.074,0
16745578.1,11,,77,56,7,50.0,1.0,44.4383,18.1579,8.5067,7.0668,0
16747578.1,11,,77,56,7,50.0,1.0,44.3383,18.1579,8.543,7.0597,0
16749578.1,11,,77,56,7,50.0,1.0,44.2383,18.1579,8.5793,7.0525,0
16751578.1,11,,77,56,7,50.0,1.0,44.1383,18.1579,8.6156,7.0454,0
16751920.9,11,,77,56,7,50.0,1.0,44.1212,18.1579,8.6219,7.0442,0
16753578.1,11,,76,56,7,50.0,1.0,44.0383,18.3041,8.6522,7.0383,0
16755578.1,11,,76,56,7,50.0,1.0,43.9383,18.3041,8.6888,7.0311,0
16757578.1,11,,76,56,7,50.0,1.0,43.8383,18.3041,8.7254,7.024,0
16759578.1,11,,76,56,7,50.0,1.0,43.7383,18.3041,8.762,7.0168,0
16759994.6,11,,76,56,7,50.0,1.0,43.7175,18.3041,8.7696,7.0153,0
16761578.1,11,,75,56,7,50.0,1.0,43.6383,18.5673,8.799,7.0097,0
16763578.1,11,,75,56,7,50.0,1.0,43.5383,18.5673,8.8362,7.0025,0
16765578.1,11,,75,56,7,50.0,1.0,43.4383,18.5673,8.8733,6.9954,0
16767578.1,11,,75,56,7,50.0,1.0,43.3383,18.5673,8.9104,6.9883,0
16769578.1,11,,75,56,7,50.0,1.0,43.2383,18.5673,8.9476,6.9811,0
16771578.1,11,,75,56,7,50.0,1.0,43.1383,18.5673,8.9847,6.974,0
16773578.1,11,,75,56,7,50.0,1.0,43.0383,18.5673,9.0218,6.9668,0
16775578.1,11,,75,56,7,50.0,1.0,42.9383,18.5673,9.059,6.9597,0
16777578.1,11,,75,56,7,50.0,1.0,42.8383,18.5673,9.0961,6.9525,0
16779578.1,11,,75,56,7,50.0,1.0,42.7383,18.5673,9.1333,6.9454,0
16781578.1,11,,75,56,7,50.0,1.0,42.6383,18.5673,9.1704,6.9383,0
16783578.1,11,,75,56,7,50.0,1.0,42.5383,18.5673,9.2075,6.9311,0
16785578.1,11,,75,56,7,50.0,1.0,42.4383,18.5673,9.2447,6.924,0
16787578.1,11,,75,56,7,50.0,1.0,42.3383,18.5673,9.2818,6.9168,0
16789578.1,11,,75,56,7,50.0,1.0,42.2383,18.5673,9.3189,6.9097,0
16791578.1,11,,75,56,7,50.0,1.0,42.1383,18.5673,9.3561,6.9025,0
16793578.1,11,,75,56,7,50.0,1.0,42.0383,18.5673,9.3932,6.8954,0
16795578.1,11,,75,56,7,50.0,1.0,41.9383,18.5673,9.4303,6.8883,0
16797578.1,11,,75,56,7,50.0,1.0,41.8383,18.5673,9.4675,6.8811,0
16799578.1,11,,75,56,7,50.0,1.0,41.7383,18.5673,9.5046,6.874,0
16801578.1,11,,75,56,7,50.0,1.0,41.6383,18.5673,9.5417,6.8668,0
16803578.1,11,,75,56,7,50.0,1.0,41.5383,18.5673,9.5789,6.8597,0
16805578.1,11,,75,56,7,50.0,1.0,41.4383,18.5673,9.616,6.8525,0
16807578.1,11,,75,56,7,50.0,1.0,41.3383,18.5673,9.6531,6.8454,0
16809578.1,11,,75,56,7,50.0,1.0,41.2383,18.5673,9.6903,6.8383,0
16811578.1,11,,75,56,7,50.0,1.0,41.1383,18.5673,9.7274,6.8311,0
16813578.1,11,,75,56,7,50.0,1.0,41.0383,18.5673,9.7645,6.824,0
16815578.1,11,,75,56,7,50.0,1.0,40.9383,18.5673,9.8017,6.8168,0
16817578.1,11,,75,56,7,50.0,1.0,40.8383,18.5673,9.8388,6.8097,0
16819578.1,11,,75,56,7,50.0,1.0,40.7383,18.5673,9.8759,6.8025,0
16821578.1,11,,75,56,7,50.0,1.0,40.6383,18.5673,9.9131,6.7954,0
16823578.1,11,,75,56,7,50.0,1.0,40.5383,18.5673,9.9502,6.7883,0
16825578.1,11,,75,56,7,50.0,1.0,40.4383,18.5673,9.9873,6.7811,0
16827578.1,11,,75,56,7,50.0,1.0,40.3383,18.5673,10.0245,6.774,0
16829578.1,11,,75,56,7,50.0,1.0,40.2383,18.5673,10.0616,6.7668,0
16831578.1,11,,75,56,7,50.0,1.0,40.1383,18.5673,10.0987,6.7597,0
16833149.2,11,,75,56,7,50.0,1.0,40.0598,18.5673,10.1279,6.7541,0
16833578.1,11,,74,56,6,50.0,1.0,40.0383,16.0819,8.693,6.7525,0
16835578.1,11,,74,56,6,50.0,1.0,39.9383,16.0819,8.7252,6.7454,0
16837578.1,11,,74,56,6,50.0,1.0,39.8383,16.0819,8.7574,6.7383,0
16839578.1,11,,74,56,6,50.0,1.0,39.7383,16.0819,8.7895,6.7311,0
16841578.1,11,,74,56,6,50.0,1.0,39.6383,16.0819,8.8217,6.724,0
16841869.1,11,,74,56,6,50.0,1.0,39.6238,16.0819,8.8264,6.7229,0
16843578.1,11,,73,56,5,50.0,1.0,39.5383,13.3041,7.3418,6.7168,0
16845578.1,11,,73,56,5,50.0,1.0,39.4383,13.3041,7.3684,6.7097,0
16847578.1,11,,73,56,5,50.0,1.0,39.3383,13.3041,7.395,6.7025,0
16849578.1,11,,73,56,5,50.0,1.0,39.2383,13.3041,7.4216,6.6954,0
16851578.1,11,,73,56,5,50.0,1.0,39.1383,13.3041,7.4482,6.6883,0
16852254.7,11,,73,56,5,50.0,1.0,39.1045,13.3041,7.4572,6.6858,0
16853578.1,11,,72,56,4,50.0,1.0,39.0383,10.8187,5.9806,6.6811,0
16855578.1,11,,72,56,4,50.0,1.0,38.9383,10.8187,6.0022,6.674,0
16857578.1,11,,72,56,4,50.0,1.0,38.8383,10.8187,6.0238,6.6668,0
16859578.1,11,,72,56,4,50.0,1.0,38.7383,10.8187,6.0455,6.6597,0
16861578.1,11,,72,56,4,50.0,1.0,38.6383,10.8187,6.0671,6.6525,0
16863578.1,11,,72,56,4,50.0,1.0,38.5383,10.8187,6.0888,6.6454,0
16865578.1,11,,72,56,4,50.0,1.0,38.4383,10.8187,6.1104,6.6383,0
16867578.1,11,,72,56,4,50.0,1.0,38.3383,10.8187,6.132,6.6311,0
16869578.1,11,,72,56,4,50.0,1.0,38.2383,10.8187,6.1537,6.624,0
16871578.1,11,,72,56,4,50.0,1.0,38.1383,10.8187,6.1753,6.6168,0
16873578.1,11,,72,56,4,50.0,1.0,38.0383,10.8187,6.1969,6.6097,0
16875578.1,11,,72,56,4,50.0,1.0,37.9383,10.8187,6.2186,6.6025,0
16875911.4,11,,72,56,4,50.0,1.0,37.9217,10.8187,6.2222,6.6014,0
16877578.1,11,,71,56,3,50.0,1.0,37.8383,8.0409,4.675,6.5954,0
16878987.9,11,,71,56,3,50.0,1.0,37.7679,8.0409,4.6864,6.5904,0
16879578.1,11,,70,56,2,50.0,1.0,37.7383,5.5556,3.1291,6.5883,0
16881578.1,11,,70,56,2,50.0,1.0,37.6383,5.5556,3.1402,6.5811,0
16883578.1,11,,70,56,2,50.0,1.0,37.5383,5.5556,3.1513,6.574,0
16885578.1,11,,70,56,2,50.0,1.0,37.4383,5.5556,3.1624,6.5668,0
16887578.1,11,,70,56,2,50.0,1.0,37.3383,5.5556,3.1735,6.5597,0
16889578.1,11,,70,56,2,50.0,1.0,37.2383,5.5556,3.1846,6.5525,0
16891578.1,11,,70,56,2,50.0,1.0,37.1383,5.5556,3.1957,6.5454,0
16893578.1,11,,70,56,2,50.0,1.0,37.0383,5.5556,3.2068,6.5383,0
16895578.1,11,,70,56,2,50.0,1.0,36.9383,5.5556,3.2179,6.5311,0
16897574.7,11,,70,56,2,50.0,1.0,36.8385,5.5556,3.229,6.524,0
16897578.1,11,,69,56,2,50.0,1.0,36.8383,5.5556,3.2291,6.524,0
16899578.1,11,,69,56,2,50.0,1.0,36.7383,5.5556,3.2402,6.5168,0
16901578.1,11,,69,56,2,50.0,1.0,36.6383,5.5556,3.2513,6.5097,0
16903578.1,11,,69,56,2,50.0,1.0,36.5383,5.5556,3.2624,6.5025,0
16905578.1,11,,69,56,2,50.0,1.0,36.4383,5.5556,3.2735,6.4954,0
16907578.1,11,,69,56,2,50.0,1.0,36.3383,5.5556,3.2846,6.4883,0
16909578.1,11,,69,56,2,50.0,1.0,36.2383,5.5556,3.2957,6.4811,0
16911578.1,11,,69,56,2,50.0,1.0,36.1383,5.5556,3.3068,6.474,0
16913578.1,11,,69,56,2,50.0,1.0,36.0383,5.5556,3.3179,6.4668,0
16914614.0,11,,69,56,2,50.0,1.0,35.9865,5.5556,3.3237,6.4631,0
16915578.1,11,,68,56,2,50.0,1.0,35.9383,5.5556,3.3291,6.4597,0
16917578.1,11,,68,56,2,50.0,1.0,35.8383,5.5556,3.3402,6.4525,0
16919578.1,11,,68,56,2,50.0,1.0,35.7383,5.5556,3.3513,6.4454,0
16921578.1,11,,68,56,2,50.0,1.0,35.6383,5.5556,3.3624,6.4383,0
16923578.1,11,,68,56,2,50.0,1.0,35.5383,5.5556,3.3735,6.4311,0
16924444.4,11,,68,56,2,50.0,1.0,35.495,5.5556,3.3783,6.428,0
16925578.1,11,,67,56,2,50.0,1.0,35.4383,5.5556,3.3846,6.424,0
16927578.1,11,,67,56,2,50.0,1.0,35.3383,5.5556,3.3957,6.4168,0
16929578.1,11,,67,56,2,50.0,1.0,35.2383,5.5556,3.4068,6.4097,0
16931578.1,11,,67,56,2,50.0,1.0,35.1383,5.5556,3.4179,6.4025,0
16933578.1,11,,67,56,2,50.0,1.0,35.0383,5.5556,3.4291,6.3954,0
16935578.1,11,,67,56,2,50.0,1.0,34.9383,5.5556,3.4402,6.3883,0
16937578.1,11,,67,56,2,50.0,1.0,34.8383,5.5556,3.4513,6.3811,0
16939578.1,11,,67,56,2,50.0,1.0,34.7383,5.5556,3.4624,6.374,0
16941578.1,11,,67,56,2,50.0,1.0,34.6383,5.5556,3.4735,6.3668,0
16942394.0,11,,67,56,2,50.0,1.0,34.5975,5.5556,3.478,6.3639,0
16943578.1,11,,66,56,1,50.0,1.0,34.5383,2.7778,1.7446,6.3597,0
16945578.1,11,,66,56,1,50.0,1.0,34.4383,2.7778,1.7502,6.3525,0
16947578.1,11,,66,56,1,50.0,1.0,34.3383,2.7778,1.7557,6.3454,0
16948101.1,11,,66,56,1,50.0,1.0,34.3122,2.7778,1.7572,6.3435,0
16949578.1,11,,64,56,0,50.0,1.0,34.2383,0,0.0,6.3383,0
16951578.1,11,,64,56,0,50.0,1.0,34.1383,0,0.0,6.3311,0
16952142.5,11,,64,56,0,50.0,1.0,34.1101,0,0.0,6.3291,0
16953578.1,11,,63,56,0,50.0,1.0,34.0383,0,0.0,6.324,0
16955578.1,11,,63,56,0,50.0,1.0,33.9383,0,0.0,6.3168,0
16957578.1,11,,63,56,0,50.0,1.0,33.8383,0,0.0,6.3097,0
16959578.1,11,,63,56,0,50.0,1.0,33.7383,0,0.0,6.3025,0
16961578.1,11,,63,56,0,50.0,1.0,33.6383,0,0.0,6.2954,0
16963578.1,11,,63,56,0,50.0,1.0,33.5383,0,0.0,6.2883,0
16965040.4,11,,63,56,0,50.0,1.0,33.4652,0,0.0,6.283,0
16965578.1,11,,62,56,0,50.0,1.0,33.4383,0,0.0,6.2811,0
16967578.1,11,,62,56,0,50.0,1.0,33.3383,0,0.0,6.274,0
16969181.9,11,,62,56,0,50.0,1.0,33.2582,0,0.0,6.2682,0
16969578.1,11,,61,56,0,50.0,1.0,33.2383,0,0.0,6.2668,0
16970283.2,11,,61,56,0,50.0,1.0,33.2031,0,0.0,6.2643,0
16971578.1,11,,60,56,0,50.0,1.0,33.1383,0,0.0,6.2597,0
16973578.1,11,,60,56,0,50.0,1.0,33.0383,0,0.0,6.2525,0
16975578.1,11,,60,56,0,50.0,1.0,32.9383,0,0.0,6.2454,0
16976427.2,11,,60,56,0,50.0,1.0,32.8959,0,0.0,6.2424,0
16977578.1,11,,59,56,0,50.0,1.0,32.8383,0,0.0,6.2383,0
16979578.1,11,,59,56,0,50.0,1.0,32.7383,0,0.0,6.2311,0
16981578.1,11,,59,56,0,50.0,1.0,32.6383,0,0.0,6.224,0
16983071.2,11,,59,56,0,50.0,1.0,32.5637,0,0.0,6.2186,0
16983578.1,11,,58,55,0,50.0,1.0,32.5383,0,0.0,6.2168,0
16985578.1,11,,58,55,0,50.0,1.0,32.4383,0,0.0,6.2095,0
16987578.1,11,,58,55,0,50.0,1.0,32.3383,0,0.0,6.2022,0
16989578.1,11,,58,55,0,50.0,1.0,32.2383,0,0.0,6.195,0
16991578.1,11,,58,55,0,50.0,1.0,32.1383,0,0.0,6.1877,0
16993578.1,11,,58,55,0,50.0,1.0,32.0383,0,0.0,6.1804,0
16993976.3,11,,58,55,0,50.0,1.0,32.0184,0,0.0,6.179,0
16995578.1,11,,57,55,0,50.0,1.0,31.9383,0,0.0,6.1731,0
16997578.1,11,,57,55,0,50.0,1.0,31.8383,0,0.0,6.1659,0
16999578.1,11,,57,55,0,50.0,1.0,31.7383,0,0.0,6.1586,0
17001578.1,11,,57,55,0,50.0,1.0,31.6383,0,0.0,6.1513,0
17001704.9,11,,57,55,0,50.0,1.0,31.632,0,0.0,6.1508,0
17003578.1,11,,56,54,0,50.0,1.0,31.5383,0,0.0,6.1439,0
17005578.1,11,,56,54,0,50.0,1.0,31.4383,0,0.0,6.1365,0
17005661.1,11,,56,54,0,50.0,1.0,31.4342,0,0.0,6.1362,0
17007578.1,11,,55,54,0,50.0,1.0,31.3383,0,0.0,6.1291,0
17009578.1,11,,55,54,0,50.0,1.0,31.2383,0,0.0,6.1217,0
17011578.1,11,,55,54,0,50.0,1.0,31.1383,0,0.0,6.1143,0
17011694.8,11,,55,54,0,50.0,1.0,31.1325,0,0.0,6.1138,0
17013578.1,11,,54,54,0,50.0,1.0,31.0383,0,0.0,6.1068,0
17015578.1,11,,54,54,0,50.0,1.0,30.9383,0,0.0,6.0994,0
17017578.1,11,,54,54,0,50.0,1.0,30.8383,0,0.0,6.092,0
17019578.1,11,,54,54,0,50.0,1.0,30.7383,0,0.0,6.0846,0
17021578.1,11,,54,54,0,50.0,1.0,30.6383,0,0.0,6.0772,0
17023578.1,11,,54,54,0,50.0,1.0,30.5383,0,0.0,6.0698,0
17025578.1,11,,54,54,0,50.0,1.0,30.4383,0,0.0,6.0623,0
17027578.1,11,,54,54,0,50.0,1.0,30.3383,0,0.0,6.0549,0
17029578.1,11,,54,54,0,50.0,1.0,30.2383,0,0.0,6.0475,0
17031578.1,11,,54,54,0,50.0,1.0,30.1383,0,0.0,6.0401,0
17033578.1,11,,54,54,0,50.0,1.0,30.0383,0,0.0,6.0327,0
17035578.1,11,,54,54,0,50.0,1.0,29.9383,0,0.0,6.0253,0
17037578.1,11,,54,54,0,50.0,1.0,29.8383,0,0.0,6.0178,0
17039578.1,11,,54,54,0,50.0,1.0,29.7383,0,0.0,6.0104,0
17041069.4,11,,54,54,0,50.0,1.0,29.6638,0,0.0,6.0049,0
17041578.1,11,,53,53,0,50.0,1.0,29.6383,0,0.0,6.003,0
17043578.1,11,,53,53,0,50.0,1.0,29.5383,0,0.0,5.9954,0
17045329.2,11,,53,53,0,50.0,1.0,29.4508,0,0.0,5.9888,0
17045578.1,11,,52,52,0,50.0,1.0,29.4383,0,0.0,5.9878,0
17047578.1,11,,52,52,0,50.0,1.0,29.3383,0,0.0,5.9801,0
17049578.1,11,,52,52,0,50.0,1.0,29.2383,0,0.0,5.9724,0
17051578.1,11,,52,52,0,50.0,1.0,29.1383,0,0.0,5.9647,0
17053198.1,11,,52,52,0,50.0,1.0,29.0573,0,0.0,5.9584,0
17053578.1,11,,51,51,0,50.0,1.0,29.0383,0,0.0,5.957,0
17055578.1,11,,51,51,0,50.0,1.0,28.9383,0,0.0,5.9491,0
17057578.1,11,,51,51,0,50.0,1.0,28.8383,0,0.0,5.9412,0
17059578.1,11,,51,51,0,50.0,1.0,28.7383,0,0.0,5.9334,0
17061578.1,11,,51,51,0,50.0,1.0,28.6383,0,0.0,5.9255,0
17061717.8,11,,51,51,0,50.0,1.0,28.6314,0,0.0,5.925,0
17063578.1,11,,50,50,0,50.0,1.0,28.5383,0,0.0,5.9175,0
17065578.1,11,,50,50,0,50.0,1.0,28.4383,0,0.0,5.9095,0
17067578.1,11,,50,50,0,50.0,1.0,28.3383,0,0.0,5.9015,0
17069578.1,11,,50,50,0,50.0,1.0,28.2383,0,0.0,5.8935,0
17071578.1,11,,50,50,0,50.0,1.0,28.1383,0,0.0,5.8855,0
17073578.1,11,,50,50,0,50.0,1.0,28.0383,0,0.0,5.8775,0
17075578.1,11,,50,50,0,50.0,1.0,27.9383,0,0.0,5.8695,0
17077375.9,11,,50,50,0,50.0,1.0,27.8485,0,0.0,5.8623,0
17077578.1,11,,49,49,0,50.0,1.0,27.8383,0,0.0,5.8614,0
17079578.1,11,,49,49,0,50.0,1.0,27.7383,0,0.0,5.8533,0
17081578.1,11,,49,49,0,50.0,1.0,27.6383,0,0.0,5.8451,0
17083578.1,11,,49,49,0,50.0,1.0,27.5383,0,0.0,5.8369,0
17085578.1,11,,49,49,0,50.0,1.0,27.4383,0,0.0,5.8287,0
17087578.1,11,,49,49,0,50.0,1.0,27.3383,0,0.0,5.8206,0
17089578.1,11,,49,49,0,50.0,1.0,27.2383,0,0.0,5.8124,0
17091578.1,11,,49,49,0,50.0,1.0,27.1383,0,0.0,5.8042,0
17091637.2,11,,49,49,0,50.0,1.0,27.1354,0,0.0,5.804,0
17093175.0,11,,48,48,0,50.0,1.0,27.0585,0,0.0,5.7976,0
17093578.1,11,,46,46,0,50.0,1.0,27.0383,0,0.0,5.7958,0
17095578.1,11,,46,46,0,50.0,1.0,26.9383,0,0.0,5.7871,0
17097578.1,11,,46,46,0,50.0,1.0,26.8383,0,0.0,5.7783,0
17099578.1,11,,46,46,0,50.0,1.0,26.7383,0,0.0,5.7696,0
17101578.1,11,,46,46,0,50.0,1.0,26.6383,0,0.0,5.7608,0
17103578.1,11,,46,46,0,50.0,1.0,26.5383,0,0.0,5.7521,0
17105578.1,11,,46,46,0,50.0,1.0,26.4383,0,0.0,5.7433,0
17107578.1,11,,46,46,0,50.0,1.0,26.3383,0,0.0,5.7346,0
17109578.1,11,,46,46,0,50.0,1.0,26.2383,0,0.0,5.7258,0
17111578.1,11,,46,46,0,50.0,1.0,26.1383,0,0.0,5.7171,0
17113578.1,11,,46,46,0,50.0,1.0,26.0383,0,0.0,5.7083,0
17115578.1,11,,46,46,0,50.0,1.0,25.9383,0,0.0,5.6996,0
17117578.1,11,,46,46,0,50.0,1.0,25.8383,0,0.0,5.6908,0
17119578.1,11,,46,46,0,50.0,1.0,25.7383,0,0.0,5.6821,0
17121578.1,11,,46,46,0,50.0,1.0,25.6383,0,0.0,5.6733,0
17123578.1,11,,46,46,0,50.0,1.0,25.5383,0,0.0,5.6646,0
17125578.1,11,,46,46,0,50.0,1.0,25.4383,0,0.0,5.6558,0
17127026.7,11,,46,46,0,50.0,1.0,25.3659,0,0.0,5.6495,0
17127578.1,11,,45,45,0,50.0,1.0,25.3383,0,0.0,5.647,0
17129578.1,11,,45,45,0,50.0,1.0,25.2383,0,0.0,5.6381,0
17130631.1,11,,45,45,0,50.0,1.0,25.1857,0,0.0,5.6334,0
17131578.1,11,,44,44,0,50.0,1.0,25.1383,0,0.0,5.629,0
17132426.2,11,,44,44,0,50.0,1.0,25.0959,0,0.0,5.6251,0
17133578.1,11,,43,43,0,50.0,1.0,25.0383,0,0.0,5.6197,0
17135578.1,11,,43,43,0,50.0,1.0,24.9383,0,0.0,5.6104,0
17137578.1,11,,43,43,0,50.0,1.0,24.8383,0,0.0,5.601,0
17139578.1,11,,43,43,0,50.0,1.0,24.7383,0,0.0,5.5917,0
17141578.1,11,,43,43,0,50.0,1.0,24.6383,0,0.0,5.5823,0
17143578.1,11,,43,43,0,50.0,1.0,24.5383,0,0.0,5.573,0
17143633.2,11,,43,43,0,50.0,1.0,24.5356,0,0.0,5.5727,0
17145578.1,11,,42,42,0,50.0,1.0,24.4383,0,0.0,5.5634,0
17147578.1,11,,42,42,0,50.0,1.0,24.3383,0,0.0,5.5539,0
17149578.1,11,,42,42,0,50.0,1.0,24.2383,0,0.0,5.5443,0
17150448.6,11,,42,42,0,50.0,1.0,24.1948,0,0.0,5.5402,0
17151578.1,11,,41,41,0,50.0,1.0,24.1383,0,0.0,5.5347,0
17153578.1,11,,41,41,0,50.0,1.0,24.0383,0,0.0,5.5249,0
17155578.1,11,,41,41,0,50.0,1.0,23.9383,0,0.0,5.5151,0
17157578.1,11,,41,41,0,50.0,1.0,23.8383,0,0.0,5.5053,0
17159578.1,11,,41,41,0,50.0,1.0,23.7383,0,0.0,5.4956,0
17161578.1,11,,41,41,0,50.0,1.0,23.6383,0,0.0,5.4858,0
17163578.1,11,,41,41,0,50.0,1.0,23.5383,0,0.0,5.476,0
17165578.1,11,,41,41,0,50.0,1.0,23.4383,0,0.0,5.4663,0
17167578.1,11,,41,41,0,50.0,1.0,23.3383,0,0.0,5.4565,0
17169578.1,11,,41,41,0,50.0,1.0,23.2383,0,0.0,5.4467,0
17171578.1,11,,41,41,0,50.0,1.0,23.1383,0,0.0,5.4369,0
17173578.1,11,,41,41,0,50.0,1.0,23.0383,0,0.0,5.4272,0
17175578.1,11,,41,41,0,50.0,1.0,22.9383,0,0.0,5.4174,0
17177578.1,11,,41,41,0,50.0,1.0,22.8383,0,0.0,5.4076,0
17179578.1,11,,41,41,0,50.0,1.0,22.7383,0,0.0,5.3978,0
17181578.1,11,,41,41,0,50.0,1.0,22.6383,0,0.0,5.3881,0
17183578.1,11,,41,41,0,50.0,1.0,22.5383,0,0.0,5.3783,0
17184925.4,11,,41,41,0,50.0,1.0,22.471,0,0.0,5.3717,0
17185578.1,11,,40,40,0,50.0,1.0,22.4383,0,0.0,5.3684,0
17187578.1,11,,40,40,0,50.0,1.0,22.3383,0,0.0,5.3584,0
17189578.1,11,,40,40,0,50.0,1.0,22.2383,0,0.0,5.3483,0
17190491.5,11,,40,40,0,50.0,1.0,22.1927,0,0.0,5.3437,0
17191578.1,11,,39,39,0,50.0,1.0,22.1383,0,0.0,5.3382,0
17193578.1,11,,39,39,0,50.0,1.0,22.0383,0,0.0,5.3279,0
17195578.1,11,,39,39,0,50.0,1.0,21.9383,0,0.0,5.3176,0
17197578.1,11,,39,39,0,50.0,1.0,21.8383,0,0.0,5.3073,0
17199578.1,11,,39,39,0,50.0,1.0,21.7383,0,0.0,5.297,0
17201578.1,11,,39,39,0,50.0,1.0,21.6383,0,0.0,5.2868,0
17202877.4,11,,39,39,0,50.0,1.0,21.5734,0,0.0,5.2801,0
17203578.1,11,,38,38,0,50.0,1.0,21.5383,0,0.0,5.2764,0
17205578.1,11,,38,38,0,50.0,1.0,21.4383,0,0.0,5.2658,0
17207578.1,11,,38,38,0,50.0,1.0,21.3383,0,0.0,5.2553,0
17209578.1,11,,38,38,0,50.0,1.0,21.2383,0,0.0,5.2447,0
17210152.3,11,,38,38,0,50.0,1.0,21.2096,0,0.0,5.2417,0
17211578.1,11,,37,37,0,50.0,1.0,21.1383,0,0.0,5.234,0
17213578.1,11,,37,37,0,50.0,1.0,21.0383,0,0.0,5.2231,0
17215578.1,11,,37,37,0,50.0,1.0,20.9383,0,0.0,5.2123,0
17216050.5,11,,37,37,0,50.0,1.0,20.9147,0,0.0,5.2097,0
17217578.1,11,,36,36,0,50.0,1.0,20.8383,0,0.0,5.2012,0
17219578.1,11,,36,36,0,50.0,1.0,20.7383,0,0.0,5.19,0
17221578.1,11,,36,36,0,50.0,1.0,20.6383,0,0.0,5.1788,0
17223578.1,11,,36,36,0,50.0,1.0,20.5383,0,0.0,5.1677,0
17225578.1,11,,36,36,0,50.0,1.0,20.4383,0,0.0,5.1565,0
17227578.1,11,,36,36,0,50.0,1.0,20.3383,0,0.0,5.1453,0
17229578.1,11,,36,36,0,50.0,1.0,20.2383,0,0.0,5.1341,0
17231578.1,11,,36,36,0,50.0,1.0,20.1383,0,0.0,5.1229,0
17233578.1,11,,36,36,0,50.0,1.0,20.0383,0,0.0,5.1118,0
17235578.1,11,,36,36,0,50.0,1.0,19.9383,0,0.0,5.1006,0
17237578.1,11,,36,36,0,50.0,1.0,19.8383,0,0.0,5.0894,0
17239578.1,11,,36,36,0,50.0,1.0,19.7383,0,0.0,5.0782,0
17241578.1,11,,36,36,0,50.0,1.0,19.6383,0,0.0,5.067,0
17243578.1,11,,36,36,0,50.0,1.0,19.5383,0,0.0,5.0559,0
17243907.8,11,,36,36,0,50.0,1.0,19.5219,0,0.0,5.054,0
17245578.1,11,,35,35,0,50.0,1.0,19.4383,0,0.0,5.0444,0
17247578.1,11,,35,35,0,50.0,1.0,19.3383,0,0.0,5.0329,0
17249578.1,11,,35,35,0,50.0,1.0,19.2383,0,0.0,5.0213,0
17251578.1,11,,35,35,0,50.0,1.0,19.1383,0,0.0,5.0098,0
17253578.1,11,,35,35,0,50.0,1.0,19.0383,0,0.0,4.9983,0
17255578.1,11,,35,35,0,50.0,1.0,18.9383,0,0.0,4.9868,0
17257578.1,11,,35,35,0,50.0,1.0,18.8383,0,0.0,4.9752,0
17259578.1,11,,35,35,0,50.0,1.0,18.7383,0,0.0,4.9637,0
17261578.1,11,,35,35,0,50.0,1.0,18.6383,0,0.0,4.9522,0
17263578.1,11,,35,35,0,50.0,1.0,18.5383,0,0.0,4.9406,0
17264808.9,11,,35,35,0,50.0,1.0,18.4768,0,0.0,4.9335,0
17265578.1,11,,34,34,0,50.0,1.0,18.4383,0,0.0,4.929,0
17267430.3,11,,34,34,0,50.0,1.0,18.3457,0,0.0,4.918,0
17267578.1,11,,33,33,0,50.0,1.0,18.3383,0,0.0,4.9171,0
17269578.1,11,,33,33,0,50.0,1.0,18.2383,0,0.0,4.9048,0
17271533.5,11,,33,33,0,50.0,1.0,18.1406,0,0.0,4.8927,0
17271578.1,11,,32,32,0,50.0,1.0,18.1383,0,0.0,4.8924,0
17273578.1,11,,32,32,0,50.0,1.0,18.0383,0,0.0,4.8798,0
17273722.2,11,,32,32,0,50.0,1.0,18.0311,0,0.0,4.8789,0
17275365.1,11,,31,31,0,50.0,1.0,17.949,0,0.0,4.8682,0
17275578.1,11,,30,30,0,50.0,1.0,17.9383,0,0.0,4.8668,0
17277578.1,11,,30,30,0,50.0,1.0,17.8383,0,0.0,4.8533,0
17279578.1,11,,30,30,0,50.0,1.0,17.7383,0,0.0,4.8398,0
17281578.1,11,,30,30,0,50.0,1.0,17.6383,0,0.0,4.8263,0
17283578.1,11,,30,30,0,50.0,1.0,17.5383,0,0.0,4.8128,0
17285578.1,11,,30,30,0,50.0,1.0,17.4383,0,0.0,4.7993,0
17287578.1,11,,30,30,0,50.0,1.0,17.3383,0,0.0,4.7858,0
17289578.1,11,,30,30,0,50.0,1.0,17.2383,0,0.0,4.7723,0
17291578.1,11,,30,30,0,50.0,1.0,17.1383,0,0.0,4.7588,0
17293578.1,11,,30,30,0,50.0,1.0,17.0383,0,0.0,4.7453,0
17295578.1,11,,30,30,0,50.0,1.0,16.9383,0,0.0,4.7318,0
17297578.1,11,,30,30,0,50.0,1.0,16.8383,0,0.0,4.7183,0
17299578.1,11,,30,30,0,50.0,1.0,16.7383,0,0.0,4.7049,0
17301578.1,11,,30,30,0,50.0,1.0,16.6383,0,0.0,4.6914,0
17303578.1,11,,30,30,0,50.0,1.0,16.5383,0,0.0,4.6779,0
17303973.9,11,,30,30,0,50.0,1.0,16.5186,0,0.0,4.6752,0
17305578.1,11,,29,29,0,50.0,1.0,16.4383,0,0.0,4.6641,0
17307578.1,11,,29,29,0,50.0,1.0,16.3383,0,0.0,4.6503,0
17309578.1,11,,29,29,0,50.0,1.0,16.2383,0,0.0,4.6364,0
17311578.1,11,,29,29,0,50.0,1.0,16.1383,0,0.0,4.6226,0
17313578.1,11,,29,29,0,50.0,1.0,16.0383,0,0.0,4.6087,0
17315578.1,11,,29,29,0,50.0,1.0,15.9383,0,0.0,4.5949,0
17317578.1,11,,29,29,0,50.0,1.0,15.8383,0,0.0,4.5811,0
17319578.1,11,,29,29,0,50.0,1.0,15.7383,0,0.0,4.5672,0
17321578.1,11,,29,29,0,50.0,1.0,15.6383,0,0.0,4.5534,0
17323534.1,11,,29,29,0,50.0,1.0,15.5405,0,0.0,4.5399,0
17323578.1,11,,28,28,0,50.0,1.0,15.5383,0,0.0,4.5395,0
17325578.1,11,,28,28,0,50.0,1.0,15.4383,0,0.0,4.5251,0
17327578.1,11,,28,28,0,50.0,1.0,15.3383,0,0.0,4.5107,0
17329578.1,11,,28,28,0,50.0,1.0,15.2383,0,0.0,4.4962,0
17331578.1,11,,28,28,0,50.0,1.0,15.1383,0,0.0,4.4818,0
17333578.1,11,,28,28,0,50.0,1.0,15.0383,0,0.0,4.4674,0
17335578.1,11,,28,28,0,50.0,1.0,14.9383,0,0.0,4.4529,0
17337578.1,11,,28,28,0,50.0,1.0,14.8383,0,0.0,4.4385,0
17339578.1,11,,28,28,0,50.0,1.0,14.7383,0,0.0,4.4241,0
17341578.1,11,,28,28,0,50.0,1.0,14.6383,0,0.0,4.4096,0
17343578.1,11,,28,28,0,50.0,1.0,14.5383,0,0.0,4.3952,0
17345578.1,11,,28,28,0,50.0,1.0,14.4383,0,0.0,4.3808,0
17347578.1,11,,28,28,0,50.0,1.0,14.3383,0,0.0,4.3663,0
17347711.9,11,,28,28,0,50.0,1.0,14.3317,0,0.0,4.3654,0
17349578.1,11,,27,27,0,50.0,1.0,14.2383,0,0.0,4.3513,0
17351578.1,11,,27,27,0,50.0,1.0,14.1383,0,0.0,4.3363,0
17353578.1,11,,27,27,0,50.0,1.0,14.0383,0,0.0,4.3213,0
17355578.1,11,,27,27,0,50.0,1.0,13.9383,0,0.0,4.3062,0
17357578.1,11,,27,27,0,50.0,1.0,13.8383,0,0.0,4.2912,0
17359578.1,11,,27,27,0,50.0,1.0,13.7383,0,0.0,4.2762,0
17361578.1,11,,27,27,0,50.0,1.0,13.6383,0,0.0,4.2612,0
17363578.1,11,,27,27,0,50.0,1.0,13.5383,0,0.0,4.2461,0
17364267.0,11,,27,27,0,50.0,1.0,13.5039,0,0.0,4.2409,0
17365578.1,11,,26,26,0,50.0,1.0,13.4383,0,0.0,4.2308,0
17367578.1,11,,26,26,0,50.0,1.0,13.3383,0,0.0,4.2153,0
17369578.1,11,,26,26,0,50.0,1.0,13.2383,0,0.0,4.1998,0
17371578.1,11,,26,26,0,50.0,1.0,13.1383,0,0.0,4.1844,0
17373578.1,11,,26,26,0,50.0,1.0,13.0383,0,0.0,4.1689,0
17375578.1,11,,26,26,0,50.0,1.0,12.9383,0,0.0,4.1534,0
17377578.1,11,,26,26,0,50.0,1.0,12.8383,0,0.0,4.1379,0
17379578.1,11,,26,26,0,50.0,1.0,12.7383,0,0.0,4.1225,0
17381578.1,11,,26,26,0,50.0,1.0,12.6383,0,0.0,4.107,0
17383578.1,11,,26,26,0,50.0,1.0,12.5383,0,0.0,4.0915,0
17385578.1,11,,26,26,0,50.0,1.0,12.4383,0,0.0,4.076,0
17387578.1,11,,26,26,0,50.0,1.0,12.3383,0,0.0,4.0606,0
17389578.1,11,,26,26,0,50.0,1.0,12.2383,0,0.0,4.0451,0
17391578.1,11,,26,26,0,50.0,1.0,12.1383,0,0.0,4.0296,0
17393578.1,11,,26,26,0,50.0,1.0,12.0383,0,0.0,4.0141,0
17395578.1,11,,26,26,0,50.0,1.0,11.9383,0,0.0,3.9987,0
17397578.1,11,,26,26,0,50.0,1.0,11.8383,0,0.0,3.9832,0
17399578.1,11,,26,26,0,50.0,1.0,11.7383,0,0.0,3.9677,0
17401578.1,11,,26,26,0,50.0,1.0,11.6383,0,0.0,3.9522,0
17403578.1,11,,26,26,0,50.0,1.0,11.5383,0,0.0,3.9368,0
17404466.5,11,,26,26,0,50.0,1.0,11.4939,0,0.0,3.9299,0
17405578.1,11,,25,25,0,50.0,1.0,11.4383,0,0.0,3.9209,0
17407578.1,11,,25,25,0,50.0,1.0,11.3383,0,0.0,3.9049,0
17409578.1,11,,25,25,0,50.0,1.0,11.2383,0,0.0,3.8888,0
17411578.1,11,,25,25,0,50.0,1.0,11.1383,0,0.0,3.8727,0
17413578.1,11,,25,25,0,50.0,1.0,11.0383,0,0.0,3.8567,0
17414729.7,11,,25,25,0,50.0,1.0,10.9808,0,0.0,3.8474,0
17415578.1,11,,24,24,0,50.0,1.0,10.9383,0,0.0,3.8403,0
17417578.1,11,,24,24,0,50.0,1.0,10.8383,0,0.0,3.8237,0
17419578.1,11,,24,24,0,50.0,1.0,10.7383,0,0.0,3.807,0
17421578.1,11,,24,24,0,50.0,1.0,10.6383,0,0.0,3.7903,0
17423578.1,11,,24,24,0,50.0,1.0,10.5383,0,0.0,3.7737,0
17425578.1,11,,24,24,0,50.0,1.0,10.4383,0,0.0,3.757,0
17427578.1,11,,24,24,0,50.0,1.0,10.3383,0,0.0,3.7403,0
17429578.1,11,,24,24,0,50.0,1.0,10.2383,0,0.0,3.7237,0
17431578.1,11,,24,24,0,50.0,1.0,10.1383,0,0.0,3.707,0
17433578.1,11,,24,24,0,50.0,1.0,10.0383,0,0.0,3.6903,0
17435578.1,11,,24,24,0,50.0,1.0,9.9383,0,0.0,3.6737,0
17437578.1,11,,24,24,0,50.0,1.0,9.8383,0,0.0,3.657,0
17439578.1,11,,24,24,0,50.0,1.0,9.7383,0,0.0,3.6403,0
17441578.1,11,,24,24,0,50.0,1.0,9.6383,0,0.0,3.6237,0
17443578.1,11,,24,24,0,50.0,1.0,9.5383,0,0.0,3.607,0
17445578.1,11,,24,24,0,50.0,1.0,9.4383,0,0.0,3.5903,0
17447578.1,11,,24,24,0,50.0,1.0,9.3383,0,0.0,3.5737,0
17449578.1,11,,24,24,0,50.0,1.0,9.2383,0,0.0,3.557,0
17451578.1,11,,24,24,0,50.0,1.0,9.1383,0,0.0,3.5403,0
17453578.1,11,,24,24,0,50.0,1.0,9.0383,0,0.0,3.5237,0
17455578.1,11,,24,24,0,50.0,1.0,8.9383,0,0.0,3.507,0
17457578.1,11,,24,24,0,50.0,1.0,8.8383,0,0.0,3.4903,0
17459578.1,11,,24,24,0,50.0,1.0,8.7383,0,0.0,3.4737,0
17461578.1,11,,24,24,0,50.0,1.0,8.6383,0,0.0,3.457,0
17463578.1,11,,24,24,0,50.0,1.0,8.5383,0,0.0,3.4403,0
17465578.1,11,,24,24,0,50.0,1.0,8.4383,0,0.0,3.4237,0
17467578.1,11,,24,24,0,50.0,1.0,8.3383,0,0.0,3.407,0
17469578.1,11,,24,24,0,50.0,1.0,8.2383,0,0.0,3.3903,0
17471578.1,11,,24,24,0,50.0,1.0,8.1383,0,0.0,3.3737,0
17473578.1,11,,24,24,0,50.0,1.0,8.0383,0,0.0,3.357,0
17475578.1,11,,24,24,0,50.0,1.0,7.9383,0,0.0,3.3403,0
17477578.1,11,,24,24,0,50.0,1.0,7.8383,0,0.0,3.3237,0
17479578.1,11,,24,24,0,50.0,1.0,7.7383,0,0.0,3.307,0
17481143.6,11,,24,24,0,50.0,1.0,7.6601,0,0.0,3.294,0
17481578.1,11,,23,23,0,50.0,1.0,7.6383,0,0.0,3.2902,0
17483578.1,11,,23,23,0,50.0,1.0,7.5383,0,0.0,3.2727,0
17485578.1,11,,23,23,0,50.0,1.0,7.4383,0,0.0,3.2552,0
17487303.6,11,,23,23,0,50.0,1.0,7.3521,0,0.0,3.2401,0
17487578.1,11,,22,22,0,50.0,1.0,7.3383,0,0.0,3.2375,0
17489578.1,11,,22,22,0,50.0,1.0,7.2383,0,0.0,3.2192,0
17491578.1,11,,22,22,0,50.0,1.0,7.1383,0,0.0,3.2009,0
17493578.1,11,,22,22,0,50.0,1.0,7.0383,0,0.0,3.1825,0
17494250.8,11,,22,22,0,50.0,1.0,7.0047,0,0.0,3.1764,0
17495578.1,11,,21,21,0,50.0,1.0,6.9383,0,0.0,3.1634,0
17497578.1,11,,21,21,0,50.0,1.0,6.8383,0,0.0,3.1438,0
17499578.1,11,,21,21,0,50.0,1.0,6.7383,0,0.0,3.1242,0
17501578.1,11,,21,21,0,50.0,1.0,6.6383,0,0.0,3.1046,0
17503578.1,11,,21,21,0,50.0,1.0,6.5383,0,0.0,3.085,0
17505578.1,11,,21,21,0,50.0,1.0,6.4383,0,0.0,3.0655,0
17507578.1,11,,21,21,0,50.0,1.0,6.3383,0,0.0,3.0459,0
17508602.8,11,,21,21,0,50.0,1.0,6.2871,0,0.0,3.0358,0
17509101.5,11,,20,20,0,50.0,1.0,6.2622,0,0.0,3.0307,0
17509578.1,11,,19,19,0,50.0,1.0,6.2383,0,0.0,3.0255,0
17511578.1,11,,19,19,0,50.0,1.0,6.1383,0,0.0,3.0038,0
17513578.1,11,,19,19,0,50.0,1.0,6.0383,0,0.0,2.9822,0
17515578.1,11,,19,19,0,50.0,1.0,5.9383,0,0.0,2.9605,0
17517578.1,11,,19,19,0,50.0,1.0,5.8383,0,0.0,2.9388,0
17518931.9,11,,19,19,0,50.0,1.0,5.7707,0,0.0,2.9242,0
17519578.1,11,,18,18,0,50.0,1.0,5.7383,0,0.0,2.9168,0
17521578.1,11,,18,18,0,50.0,1.0,5.6383,0,0.0,2.8938,0
17523578.1,11,,18,18,0,50.0,1.0,5.5383,0,0.0,2.8709,0
17525578.1,11,,18,18,0,50.0,1.0,5.4383,0,0.0,2.848,0
17527578.1,11,,18,18,0,50.0,1.0,5.3383,0,0.0,2.8251,0
17528006.4,11,,18,18,0,50.0,1.0,5.3169,0,0.0,2.8202,0
17529578.1,11,,17,17,0,50.0,1.0,5.2383,0,0.0,2.8015,0
17531578.1,11,,17,17,0,50.0,1.0,5.1383,0,0.0,2.7778,0
17533578.1,11,,17,17,0,50.0,1.0,5.0383,0,0.0,2.754,0
17535578.1,11,,17,17,0,50.0,1.0,4.9383,0,0.0,2.7303,0
17537578.1,11,,17,17,0,50.0,1.0,4.8383,0,0.0,2.7065,0
17539578.1,11,,17,17,0,50.0,1.0,4.7383,0,0.0,2.6828,0
17541113.6,11,,17,17,0,50.0,1.0,4.6616,0,0.0,2.6645,0
17541578.1,11,,16,16,0,50.0,1.0,4.6383,0,0.0,2.6587,0
17543578.1,11,,16,16,0,50.0,1.0,4.5383,0,0.0,2.6337,0
17545578.1,11,,16,16,0,50.0,1.0,4.4383,0,0.0,2.6087,0
17547578.1,11,,16,16,0,50.0,1.0,4.3383,0,0.0,2.5837,0
17547990.4,11,,16,16,0,50.0,1.0,4.3177,0,0.0,2.5786,0
17549183.3,11,,15,15,0,50.0,1.0,4.2581,0,0.0,2.563,0
17549578.1,11,,14,14,0,50.0,1.0,4.2383,0,0.0,2.5576,0
17549844.5,11,,14,14,0,50.0,1.0,4.225,0,0.0,2.554,0
17551578.1,11,,13,13,0,50.0,1.0,4.1383,0,0.0,2.528,0
17552520.2,11,,13,13,0,50.0,1.0,4.0912,0,0.0,2.5139,0
17553578.1,11,,12,12,0,50.0,1.0,4.0383,0,0.0,2.4962,0
17555578.1,11,,12,12,0,50.0,1.0,3.9383,0,0.0,2.4629,0
17557578.1,11,,12,12,0,50.0,1.0,3.8383,0,0.0,2.4296,0
17559578.1,11,,12,12,0,50.0,1.0,3.7383,0,0.0,2.3962,0
17561578.1,11,,12,12,0,50.0,1.0,3.6383,0,0.0,2.3629,0
17563578.1,11,,12,12,0,50.0,1.0,3.5383,0,0.0,2.3296,0
17565182.2,11,,12,12,0,50.0,1.0,3.4581,0,0.0,2.3028,0
17565578.1,11,,11,11,0,50.0,1.0,3.4383,0,0.0,2.2958,0
17567578.1,11,,11,11,0,50.0,1.0,3.3383,0,0.0,2.2605,0
17567896.3,11,,11,11,0,50.0,1.0,3.3224,0,0.0,2.2549,0
17569578.1,11,,10,10,0,50.0,1.0,3.2383,0,0.0,2.2234,0
17571240.1,11,,10,10,0,50.0,1.0,3.1552,0,0.0,2.1922,0
17571578.1,11,,9,9,0,50.0,1.0,3.1383,0,0.0,2.185,0
17573578.1,11,,9,9,0,50.0,1.0,3.0383,0,0.0,2.1421,0
17574622.1,11,,9,9,0,50.0,1.0,2.9861,0,0.0,2.1198,0
17575578.1,11,,8,8,0,50.0,1.0,2.9383,0,0.0,2.0959,0
17577578.1,11,,8,8,0,50.0,1.0,2.8383,0,0.0,2.0459,0
17579578.1,11,,8,8,0,50.0,1.0,2.7383,0,0.0,1.9959,0
17581578.1,11,,8,8,0,50.0,1.0,2.6383,0,0.0,1.9459,0
17583578.1,11,,8,8,0,50.0,1.0,2.5383,0,0.0,1.8959,0
17585578.1,11,,8,8,0,50.0,1.0,2.4383,0,0.0,1.8459,0
17587578.1,11,,8,8,0,50.0,1.0,2.3383,0,0.0,1.7959,0
17589578.1,11,,8,8,0,50.0,1.0,2.2383,0,0.0,1.7459,0
17591578.1,11,,8,8,0,50.0,1.0,2.1383,0,0.0,1.6959,0
17592314.5,11,,8,8,0,50.0,1.0,2.1015,0,0.0,1.6774,0
17593578.1,11,,7,7,0,50.0,1.0,2.0383,0,0.0,1.6459,0
17595578.1,11,,7,7,0,50.0,1.0,1.9383,0,0.0,1.5959,0
17597578.1,11,,7,7,0,50.0,1.0,1.8383,0,0.0,1.5459,0
17599578.1,11,,7,7,0,50.0,1.0,1.7383,0,0.0,1.4959,0
17600154.1,11,,7,7,0,50.0,1.0,1.7095,0,0.0,1.4815,0
17601578.1,11,,6,6,0,50.0,1.0,1.6383,0,0.0,1.4459,0
17603578.1,11,,6,6,0,50.0,1.0,1.5383,0,0.0,1.3959,0
17605578.1,11,,6,6,0,50.0,1.0,1.4383,0,0.0,1.3459,0
17606668.6,11,,6,6,0,50.0,1.0,1.3838,0,0.0,1.3186,0
17607578.1,11,,5,5,0,50.0,1.0,1.3383,0,0.0,1.2883,0
17609578.1,11,,5,5,0,50.0,1.0,1.2383,0,0.0,1.2216,0
17610581.9,11,,5,5,0,50.0,1.0,1.1882,0,0.0,1.1882,0
17611578.1,11,,4,4,0,50.0,1.0,1.1383,0,0.0,1.1383,0
17613578.1,11,,4,4,0,50.0,1.0,1.0383,0,0.0,1.0383,0
17615578.1,11,,4,4,0,50.0,1.0,0.9383,0,0.0,0.9383,0
17617578.1,11,,4,4,0,50.0,1.0,0.8383,0,0.0,0.8383,0
17618490.7,11,,4,4,0,50.0,1.0,0.7927,0,0.0,0.7927,0
17619578.1,11,,3,3,0,50.0,1.0,0.7383,0,0.0,0.7383,0
17621578.1,11,,3,3,0,50.0,1.0,0.6383,0,0.0,0.6383,0
17623578.1,11,,3,3,0,50.0,1.0,0.5383,0,0.0,0.5383,0
17625578.1,11,,3,3,0,50.0,1.0,0.4383,0,0.0,0.4383,0
17627578.1,11,,3,3,0,50.0,1.0,0.3383,0,0.0,0.3383,0
17628554.5,11,,3,3,0,50.0,1.0,0.2895,0,0.0,0.2895,0
17629578.1,11,,2,2,0,50.0,1.0,0.2383,0,0.0,0.2383,0
17630828.7,11,,2,2,0,50.0,1.0,0.1758,0,0.0,0.1758,0
17631578.1,11,,1,1,0,50.0,1.0,0.1383,0,0.0,0.1383,0
17633578.1,11,,1,1,0,50.0,1.0,0.0383,0,0.0,0.0383,0
17634345.0,11,,1,1,0,50.0,1.0,0.0,0,0.0,0.0,0
17635578.1,12,,124,56,8,50.0,1.0,68.2432,12.9032,0.0159,40.2178,0
17637578.1,12,,124,56,8,50.0,1.0,68.1432,12.9032,0.0417,39.9573,0
17639578.1,12,,124,56,8,50.0,1.0,68.0432,12.9032,0.0675,39.6968,0
17641578.1,12,,124,56,8,50.0,1.0,67.9432,12.9032,0.0933,39.4363,0
17643578.1,12,,124,56,8,50.0,1.0,67.8432,12.9032,0.1191,39.1758,0
17645578.1,12,,124,56,8,50.0,1.0,67.7432,12.9032,0.1449,38.9153,0
17647578.1,12,,124,56,8,50.0,1.0,67.6432,12.9032,0.1708,38.6549,0
17649578.1,12,,124,56,8,50.0,1.0,67.5432,12.9032,0.1966,38.3944,0
17651578.1,12,,124,56,8,50.0,1.0,67.4432,12.9032,0.2224,38.1339,0
17653578.1,12,,124,56,8,50.0,1.0,67.3432,12.9032,0.2482,37.8734,0
17655578.1,12,,124,56,8,50.0,1.0,67.2432,12.9032,0.274,37.6129,0
17657578.1,12,,124,56,8,50.0,1.0,67.1432,12.9032,0.2998,37.3524,0
17659578.1,12,,124,56,8,50.0,1.0,67.0432,12.9032,0.3256,37.092,0
17661578.1,12,,124,56,8,50.0,1.0,66.9432,12.9032,0.3514,36.8315,0
17663578.1,12,,124,56,8,50.0,1.0,66.8432,12.9032,0.3772,36.571,0
17665578.1,12,,124,56,8,50.0,1.0,66.7432,12.9032,0.403,36.3105,0
17667578.1,12,,124,56,8,50.0,1.0,66.6432,12.9032,0.4288,36.05,0
17669578.1,12,,124,56,8,50.0,1.0,66.5432,12.9032,0.4546,35.7895,0
17671578.1,12,,124,56,8,50.0,1.0,66.4432,12.9032,0.4804,35.5291,0
17671591.3,12,,124,56,8,50.0,1.0,66.4426,12.9032,0.4806,35.5273,0
17671873.4,12,,123,56,8,50.0,1.0,66.4285,13.0108,0.4843,35.4906,0
17673578.1,12,,122,56,8,50.0,1.0,66.3432,13.1183,0.5066,35.2689,0
17675578.1,12,,122,56,8,50.0,1.0,66.2432,13.1183,0.5329,35.0089,0
17677234.6,12,,122,56,8,50.0,1.0,66.1604,13.1183,0.5546,34.7935,0
17677578.1,12,,121,56,8,50.0,1.0,66.1432,13.2258,0.5591,34.7525,0
17679578.1,12,,121,56,8,50.0,1.0,66.0432,13.2258,0.5856,34.514,0
17681578.1,12,,121,56,8,50.0,1.0,65.9432,13.2258,0.612,34.2754,0
17683578.1,12,,121,56,8,50.0,1.0,65.8432,13.2258,0.6385,34.0369,0
17685578.1,12,,121,56,8,50.0,1.0,65.7432,13.2258,0.6649,33.7984,0
17687578.1,12,,121,56,8,50.0,1.0,65.6432,13.2258,0.6914,33.5598,0
17689578.1,12,,121,56,8,50.0,1.0,65.5432,13.2258,0.7179,33.3213,0
17691578.1,12,,121,56,8,50.0,1.0,65.4432,13.2258,0.7443,33.0827,0
17693578.1,12,,121,56,8,50.0,1.0,65.3432,13.2258,0.7708,32.8442,0
17695578.1,12,,121,56,8,50.0,1.0,65.2432,13.2258,0.7972,32.6057,0
17697578.1,12,,121,56,8,50.0,1.0,65.1432,13.2258,0.8237,32.3671,0
17699578.1,12,,121,56,8,50.0,1.0,65.0432,13.2258,0.8501,32.1286,0
17701578.1,12,,121,56,8,50.0,1.0,64.9432,13.2258,0.8766,31.8901,0
17703549.2,12,,121,56,8,50.0,1.0,64.8447,13.2258,0.9026,31.655,0
17703578.1,12,,120,56,8,50.0,1.0,64.8432,13.3407,0.903,31.6515,0
17705578.1,12,,120,56,8,50.0,1.0,64.7432,13.3407,0.9297,31.4132,0
17705906.6,12,,120,56,8,50.0,1.0,64.7268,13.3407,0.9341,31.3741,0
17707578.1,12,,119,56,8,50.0,1.0,64.6432,13.4557,0.9566,31.1941,0
17708837.5,12,,119,56,8,50.0,1.0,64.5803,13.4557,0.9735,31.0586,0
17709578.1,12,,118,56,8,50.0,1.0,64.5432,13.5632,0.9836,30.9789,0
17711578.1,12,,118,56,8,50.0,1.0,64.4432,13.5632,1.0107,30.7639,0
17713578.1,12,,118,56,8,50.0,1.0,64.3432,13.5632,1.0378,30.5488,0
17713916.6,12,,118,56,8,50.0,1.0,64.3263,13.5632,1.0424,30.5124,0
17715578.1,12,,117,56,8,50.0,1.0,64.2432,13.6782,1.0651,30.3339,0
17717578.1,12,,117,56,8,50.0,1.0,64.1432,13.6782,1.0925,30.119,0
17719578.1,12,,117,56,8,50.0,1.0,64.0432,13.6782,1.1198,29.9041,0
17721578.1,12,,117,56,8,50.0,1.0,63.9432,13.6782,1.1472,29.6893,0
17723155.3,12,,117,56,8,50.0,1.0,63.8644,13.6782,1.1688,29.5198,0
17723310.1,12,,116,56,8,50.0,1.0,63.8566,13.8013,1.1709,29.5032,0
17723578.1,12,,115,56,8,50.0,1.0,63.8432,13.9163,1.1746,29.4745,0
17725578.1,12,,115,56,8,50.0,1.0,63.7432,13.9163,1.2025,29.2601,0
17727578.1,12,,115,56,8,50.0,1.0,63.6432,13.9163,1.2303,29.0456,0
17729578.1,12,,115,56,8,50.0,1.0,63.5432,13.9163,1.2581,28.8312,0
17731529.4,12,,115,56,8,50.0,1.0,63.4457,13.9163,1.2853,28.622,0
17731578.1,12,,114,56,8,50.0,1.0,63.4432,14.0394,1.286,28.6168,0
17732284.9,12,,114,56,8,50.0,1.0,63.4079,14.0394,1.2959,28.5411,0
17733578.1,12,,113,56,8,50.0,1.0,63.3432,14.1626,1.3142,28.4027,0
17734624.1,12,,113,56,8,50.0,1.0,63.2909,14.1626,1.329,28.2907,0
17735578.1,12,,112,56,8,50.0,1.0,63.2432,14.2948,1.3427,28.1888,0
17737578.1,12,,112,56,8,50.0,1.0,63.1432,14.2948,1.3713,27.975,0
17737582.4,12,,112,56,8,50.0,1.0,63.143,14.2948,1.3713,27.9745,0
17738310.5,12,,111,56,8,50.0,1.0,63.1066,14.418,1.3818,27.9057,0
17738410.7,12,,110,56,8,50.0,1.0,63.1016,14.5604,1.3833,27.8963,0
17739578.1,12,,109,56,8,50.0,1.0,63.0432,14.6927,1.4004,27.7862,0
17739675.9,12,,109,56,8,50.0,1.0,63.0384,14.6927,1.4019,27.777,0
17741578.1,12,,108,56,8,50.0,1.0,62.9432,14.825,1.4301,27.5978,0
17743578.1,12,,108,56,8,50.0,1.0,62.8432,14.825,1.4597,27.4094,0
17743817.4,12,,108,56,8,50.0,1.0,62.8313,14.825,1.4633,27.3869,0
17745328.4,12,,107,56,8,50.0,1.0,62.7557,14.9674,1.4859,27.2826,0
17745578.1,12,,106,56,8,50.0,1.0,62.7432,15.1099,1.4896,27.266,0
17747578.1,12,,106,56,8,50.0,1.0,62.6432,15.1099,1.5199,27.1328,0
17747776.9,12,,106,56,8,50.0,1.0,62.6333,15.1099,1.5229,27.1196,0
17748641.6,12,,105,56,8,50.0,1.0,62.5901,15.2422,1.5361,27.0621,0
17749578.1,12,,104,56,8,50.0,1.0,62.5432,15.396,1.5505,27.0,0
17750207.1,12,,104,56,8,50.0,1.0,62.5118,15.396,1.5602,26.9583,0
17751578.1,12,,103,56,8,50.0,1.0,62.4432,15.5499,1.5815,26.8675,0
17752710.3,12,,103,56,8,50.0,1.0,62.3866,15.5499,1.5991,26.7925,0
17753578.1,12,,102,56,8,50.0,1.0,62.3432,15.7165,1.6127,26.7352,0
17754658.1,12,,102,56,8,50.0,1.0,62.2892,15.7165,1.6297,26.6638,0
17755013.1,12,,101,56,8,50.0,1.0,62.2715,15.859,1.6353,26.6404,0
17755578.1,12,,100,56,8,50.0,1.0,62.2432,16.0256,1.6444,26.6032,0
17757578.1,12,,100,56,8,50.0,1.0,62.1432,16.0256,1.6764,26.4715,0
17759136.4,12,,100,56,8,50.0,1.0,62.0653,16.0256,1.7014,26.3689,0
17759578.1,12,,99,56,8,50.0,1.0,62.0432,16.1795,1.7085,26.3467,0
17761578.1,12,,99,56,8,50.0,1.0,61.9432,16.1795,1.7409,26.2459,0
17763578.1,12,,99,56,8,50.0,1.0,61.8432,16.1795,1.7733,26.1452,0
17764597.8,12,,99,56,8,50.0,1.0,61.7923,16.1795,1.7898,26.1007,0
17765578.1,12,,98,56,8,50.0,1.0,61.7432,16.3462,1.8058,26.0678,0
17766491.0,12,,98,56,8,50.0,1.0,61.6976,16.3462,1.8207,26.0371,0
17767578.1,12,,97,56,8,50.0,1.0,61.6432,16.5,1.8386,26.0008,0
17769578.1,12,,97,56,8,50.0,1.0,61.5432,16.5,1.8716,25.9339,0
17771578.1,12,,97,56,8,50.0,1.0,61.4432,16.5,1.9046,25.8669,0
17771724.8,12,,97,56,8,50.0,1.0,61.4359,16.5,1.9071,25.862,0
17773578.1,12,,96,56,8,50.0,1.0,61.3432,16.6667,1.938,25.8002,0
17775578.1,12,,96,56,8,50.0,1.0,61.2432,16.6667,1.9713,25.7336,0
17777578.1,12,,96,56,8,50.0,1.0,61.1432,16.6667,2.0046,25.6669,0
17779578.1,12,,96,56,8,50.0,1.0,61.0432,16.6667,2.038,25.6002,0
17781578.1,12,,96,56,8,50.0,1.0,60.9432,16.6667,2.0713,25.5336,0
17783578.1,12,,96,56,8,50.0,1.0,60.8432,16.6667,2.1046,25.4669,0
17785578.1,12,,96,56,8,50.0,1.0,60.7432,16.6667,2.138,25.4002,0
17787578.1,12,,96,56,8,50.0,1.0,60.6432,16.6667,2.1713,25.3336,0
17789578.1,12,,96,56,8,50.0,1.0,60.5432,16.6667,2.2046,25.2669,0
17791578.1,12,,96,56,8,50.0,1.0,60.4432,16.6667,2.238,25.2002,0
17793578.1,12,,96,56,8,50.0,1.0,60.3432,16.6667,2.2713,25.1336,0
17795578.1,12,,96,56,8,50.0,1.0,60.2432,16.6667,2.3046,25.0669,0
17797578.1,12,,96,56,8,50.0,1.0,60.1432,16.6667,2.338,25.0002,0
17799578.1,12,,96,56,8,50.0,1.0,60.0432,16.6667,2.3713,24.9336,0
17801578.1,12,,96,56,8,50.0,1.0,59.9432,16.6667,2.4046,24.8669,0
17803578.1,12,,96,56,8,50.0,1.0,59.8432,16.6667,2.438,24.8002,0
17805578.1,12,,96,56,8,50.0,1.0,59.7432,16.6667,2.4713,24.7336,0
17807578.1,12,,96,56,8,50.0,1.0,59.6432,16.6667,2.5046,24.6669,0
17809578.1,12,,96,56,8,50.0,1.0,59.5432,16.6667,2.538,24.6002,0
17811578.1,12,,96,56,8,50.0,1.0,59.4432,16.6667,2.5713,24.5336,0
17813578.1,12,,96,56,8,50.0,1.0,59.3432,16.6667,2.6046,24.4669,0
17815578.1,12,,96,56,8,50.0,1.0,59.2432,16.6667,2.638,24.4002,0
17817578.1,12,,96,56,8,50.0,1.0,59.1432,16.6667,2.6713,24.3336,0
17819578.1,12,,96,56,8,50.0,1.0,59.0432,16.6667,2.7046,24.2669,0
17821578.1,12,,96,56,8,50.0,1.0,58.9432,16.6667,2.738,24.2002,0
17823578.1,12,,96,56,8,50.0,1.0,58.8432,16.6667,2.7713,24.1336,0
17825578.1,12,,96,56,8,50.0,1.0,58.7432,16.6667,2.8046,24.0669,0
17827578.1,12,,96,56,8,50.0,1.0,58.6432,16.6667,2.838,24.0002,0
17829578.1,12,,96,56,8,50.0,1.0,58.5432,16.6667,2.8713,23.9336,0
17831578.1,12,,96,56,8,50.0,1.0,58.4432,16.6667,2.9046,23.8669,0
17833578.1,12,,96,56,8,50.0,1.0,58.3432,16.6667,2.938,23.8002,0
17835578.1,12,,96,56,8,50.0,1.0,58.2432,16.6667,2.9713,23.7336,0
17837578.1,12,,96,56,8,50.0,1.0,58.1432,16.6667,3.0046,23.6669,0
17839578.1,12,,96,56,8,50.0,1.0,58.0432,16.6667,3.038,23.6002,0
17841578.1,12,,96,56,8,50.0,1.0,57.9432,16.6667,3.0713,23.5336,0
17843578.1,12,,96,56,8,50.0,1.0,57.8432,16.6667,3.1046,23.4669,0
17845578.1,12,,96,56,8,50.0,1.0,57.7432,16.6667,3.138,23.4002,0
17847578.1,12,,96,56,8,50.0,1.0,57.6432,16.6667,3.1713,23.3336,0
17849578.1,12,,96,56,8,50.0,1.0,57.5432,16.6667,3.2046,23.2669,0
17851578.1,12,,96,56,8,50.0,1.0,57.4432,16.6667,3.238,23.2002,0
17853578.1,12,,96,56,8,50.0,1.0,57.3432,16.6667,3.2713,23.1336,0
17855578.1,12,,96,56,8,50.0,1.0,57.2432,16.6667,3.3046,23.0669,0
17857578.1,12,,96,56,8,50.0,1.0,57.1432,16.6667,3.338,23.0002,0
17859578.1,12,,96,56,8,50.0,1.0,57.0432,16.6667,3.3713,22.9336,0
17861578.1,12,,96,56,8,50.0,1.0,56.9432,16.6667,3.4046,22.8669,0
17863578.1,12,,96,56,8,50.0,1.0,56.8432,16.6667,3.438,22.8002,0
17865578.1,12,,96,56,8,50.0,1.0,56.7432,16.6667,3.4713,22.7336,0
17867578.1,12,,96,56,8,50.0,1.0,56.6432,16.6667,3.5046,22.6669,0
17869578.1,12,,96,56,8,50.0,1.0,56.5432,16.6667,3.538,22.6002,0
17871578.1,12,,96,56,8,50.0,1.0,56.4432,16.6667,3.5713,22.5336,0
17873578.1,12,,96,56,8,50.0,1.0,56.3432,16.6667,3.6046,22.4669,0
17875578.1,12,,96,56,8,50.0,1.0,56.2432,16.6667,3.638,22.4002,0
17877578.1,12,,96,56,8,50.0,1.0,56.1432,16.6667,3.6713,22.3336,0
17879578.1,12,,96,56,8,50.0,1.0,56.0432,16.6667,3.7046,22.2669,0
17881578.1,12,,96,56,8,50.0,1.0,55.9432,16.6667,3.738,22.2002,0
17883578.1,12,,96,56,8,50.0,1.0,55.8432,16.6667,3.7713,22.1336,0
17885578.1,12,,96,56,8,50.0,1.0,55.7432,16.6667,3.8046,22.0669,0
17887578.1,12,,96,56,8,50.0,1.0,55.6432,16.6667,3.838,22.0002,0
17889578.1,12,,96,56,8,50.0,1.0,55.5432,16.6667,3.8713,21.9336,0
17891578.1,12,,96,56,8,50.0,1.0,55.4432,16.6667,3.9046,21.8669,0
17893578.1,12,,96,56,8,50.0,1.0,55.3432,16.6667,3.938,21.8002,0
17895578.1,12,,96,56,8,50.0,1.0,55.2432,16.6667,3.9713,21.7336,0
17897578.1,12,,96,56,8,50.0,1.0,55.1432,16.6667,4.0046,21.6669,0
17899578.1,12,,96,56,8,50.0,1.0,55.0432,16.6667,4.038,21.6002,0
17901578.1,12,,96,56,8,50.0,1.0,54.9432,16.6667,4.0713,21.5336,0
17903578.1,12,,96,56,8,50.0,1.0,54.8432,16.6667,4.1046,21.4669,0
17905578.1,12,,96,56,8,50.0,1.0,54.7432,16.6667,4.138,21.4002,0
17907578.1,12,,96,56,8,50.0,1.0,54.6432,16.6667,4.1713,21.3336,0
17909578.1,12,,96,56,8,50.0,1.0,54.5432,16.6667,4.2046,21.2669,0
17911578.1,12,,96,56,8,50.0,1.0,54.4432,16.6667,4.238,21.2002,0
17913578.1,12,,96,56,8,50.0,1.0,54.3432,16.6667,4.2713,21.1336,0
17915578.1,12,,96,56,8,50.0,1.0,54.2432,16.6667,4.3046,21.0669,0
17917578.1,12,,96,56,8,50.0,1.0,54.1432,16.6667,4.338,21.0002,0
17919578.1,12,,96,56,8,50.0,1.0,54.0432,16.6667,4.3713,20.9336,0
17921578.1,12,,96,56,8,50.0,1.0,53.9432,16.6667,4.4046,20.8669,0
17923578.1,12,,96,56,8,50.0,1.0,53.8432,16.6667,4.438,20.8002,0
17925578.1,12,,96,56,8,50.0,1.0,53.7432,16.6667,4.4713,20.7336,0
17927578.1,12,,96,56,8,50.0,1.0,53.6432,16.6667,4.5046,20.6669,0
17929578.1,12,,96,56,8,50.0,1.0,53.5432,16.6667,4.538,20.6002,0
17931578.1,12,,96,56,8,50.0,1.0,53.4432,16.6667,4.5713,20.5336,0
17933578.1,12,,96,56,8,50.0,1.0,53.3432,16.6667,4.6046,20.4669,0
17933817.2,12,,96,56,8,50.0,1.0,53.3313,16.6667,4.6086,20.4589,0
17935578.1,12,,95,56,8,50.0,1.0,53.2432,16.8478,4.6383,20.4005,0
17937578.1,12,,95,56,8,50.0,1.0,53.1432,16.8478,4.672,20.3341,0
17939578.1,12,,95,56,8,50.0,1.0,53.0432,16.8478,4.7057,20.2677,0
17941578.1,12,,95,56,8,50.0,1.0,52.9432,16.8478,4.7394,20.2013,0
17943578.1,12,,95,56,8,50.0,1.0,52.8432,16.8478,4.7731,20.1349,0
17945578.1,12,,95,56,8,50.0,1.0,52.7432,16.8478,4.8068,20.0685,0
17947578.1,12,,95,56,8,50.0,1.0,52.6432,16.8478,4.8404,20.0021,0
17949578.1,12,,95,56,8,50.0,1.0,52.5432,16.8478,4.8741,19.9357,0
17951578.1,12,,95,56,8,50.0,1.0,52.4432,16.8478,4.9078,19.8693,0
17953578.1,12,,95,56,8,50.0,1.0,52.3432,16.8478,4.9415,19.8029,0
17955578.1,12,,95,56,8,50.0,1.0,52.2432,16.8478,4.9752,19.7365,0
17957578.1,12,,95,56,8,50.0,1.0,52.1432,16.8478,5.0089,19.6701,0
17959578.1,12,,95,56,8,50.0,1.0,52.0432,16.8478,5.0426,19.6037,0
17961578.1,12,,95,56,8,50.0,1.0,51.9432,16.8478,5.0763,19.5373,0
17963578.1,12,,95,56,8,50.0,1.0,51.8432,16.8478,5.11,19.4709,0
17965356.4,12,,95,56,8,50.0,1.0,51.7543,16.8478,5.14,19.4119,0
17965578.1,12,,94,56,8,50.0,1.0,51.7432,17.029,5.1437,19.4045,0
17967578.1,12,,94,56,8,50.0,1.0,51.6432,17.029,5.1778,19.3384,0
17969578.1,12,,94,56,8,50.0,1.0,51.5432,17.029,5.2119,19.2723,0
17971008.9,12,,94,56,8,50.0,1.0,51.4717,17.029,5.2362,19.225,0
17971500.4,12,,93,56,8,50.0,1.0,51.4471,17.2266,5.2447,19.2088,0
17971578.1,12,,92,56,8,50.0,1.0,51.4432,17.4242,5.2461,19.2062,0
17973578.1,12,,92,56,8,50.0,1.0,51.3432,17.4242,5.2809,19.142,0
17975578.1,12,,92,56,8,50.0,1.0,51.2432,17.4242,5.3157,19.0795,0
17977578.1,12,,92,56,8,50.0,1.0,51.1432,17.4242,5.3506,19.0171,0
17978591.0,12,,92,56,8,50.0,1.0,51.0926,17.4242,5.3682,18.9854,0
17979578.1,12,,91,56,8,50.0,1.0,51.0432,17.6054,5.3856,18.9547,0
17980238.5,12,,91,56,8,50.0,1.0,51.0102,17.6054,5.3973,18.9342,0
17981578.1,12,,90,56,8,50.0,1.0,50.9432,17.7866,5.4211,18.8927,0
17983578.1,12,,90,56,8,50.0,1.0,50.8432,17.7866,5.4567,18.8308,0
17985578.1,12,,90,56,8,50.0,1.0,50.7432,17.7866,5.4922,18.7689,0
17987578.1,12,,90,56,8,50.0,1.0,50.6432,17.7866,5.5278,18.707,0
17989578.1,12,,90,56,8,50.0,1.0,50.5432,17.7866,5.5634,18.6451,0
17991578.1,12,,90,56,8,50.0,1.0,50.4432,17.7866,5.5989,18.5831,0
17993578.1,12,,90,56,8,50.0,1.0,50.3432,17.7866,5.6345,18.5212,0
17995578.1,12,,90,56,8,50.0,1.0,50.2432,17.7866,5.6701,18.4593,0
17997578.1,12,,90,56,8,50.0,1.0,50.1432,17.7866,5.7057,18.3974,0
17999578.1,12,,90,56,8,50.0,1.0,50.0432,17.7866,5.7412,18.3355,0
18001578.1,12,,90,56,8,50.0,1.0,49.9432,17.7866,5.7768,18.2736,0
18003578.1,12,,90,56,8,50.0,1.0,49.8432,17.7866,5.8124,18.2116,0
18005578.1,12,,90,56,8,50.0,1.0,49.7432,17.7866,5.848,18.1497,0
18007578.1,12,,90,56,8,50.0,1.0,49.6432,17.7866,5.8835,18.0878,0
18009578.1,12,,90,56,8,50.0,1.0,49.5432,17.7866,5.9191,18.0259,0
18011578.1,12,,90,56,8,50.0,1.0,49.4432,17.7866,5.9547,17.964,0
18012269.2,12,,90,56,8,50.0,1.0,49.4087,17.7866,5.967,17.9426,0
18013578.1,12,,89,56,8,50.0,1.0,49.3432,17.9842,5.9905,17.9022,0
18015578.1,12,,89,56,8,50.0,1.0,49.2432,17.9842,6.0265,17.8406,0
18017578.1,12,,89,56,8,50.0,1.0,49.1432,17.9842,6.0624,17.7789,0
18019578.1,12,,89,56,8,50.0,1.0,49.0432,17.9842,6.0984,17.7173,0
18021578.1,12,,89,56,8,50.0,1.0,48.9432,17.9842,6.1344,17.6557,0
18023578.1,12,,89,56,8,50.0,1.0,48.8432,17.9842,6.1703,17.594,0
18025578.1,12,,89,56,8,50.0,1.0,48.7432,17.9842,6.2063,17.5324,0
18027578.1,12,,89,56,8,50.0,1.0,48.6432,17.9842,6.2423,17.4708,0
18029578.1,12,,89,56,8,50.0,1.0,48.5432,17.9842,6.2783,17.4091,0
18031578.1,12,,89,56,8,50.0,1.0,48.4432,17.9842,6.3142,17.3475,0
18033578.1,12,,89,56,8,50.0,1.0,48.3432,17.9842,6.3502,17.2858,0
18035578.1,12,,89,56,8,50.0,1.0,48.2432,17.9842,6.3862,17.2242,0
18037578.1,12,,89,56,8,50.0,1.0,48.1432,17.9842,6.4221,17.1626,0
18039578.1,12,,89,56,8,50.0,1.0,48.0432,17.9842,6.4581,17.1009,0
18041578.1,12,,89,56,8,50.0,1.0,47.9432,17.9842,6.4941,17.0393,0
18041787.7,12,,89,56,8,50.0,1.0,47.9328,17.9842,6.4978,17.0328,0
18043578.1,12,,88,56,7,50.0,1.0,47.8432,15.8197,5.7111,16.9779,0
18045228.4,12,,88,56,7,50.0,1.0,47.7607,15.8197,5.7372,16.9273,0
18045578.1,12,,87,56,7,50.0,1.0,47.7432,15.9387,5.7427,16.9166,0
18047578.1,12,,87,56,7,50.0,1.0,47.6432,15.9387,5.7746,16.8556,0
18049578.1,12,,87,56,7,50.0,1.0,47.5432,15.9387,5.8065,16.7946,0
18051578.1,12,,87,56,7,50.0,1.0,47.4432,15.9387,5.8384,16.7336,0
18053578.1,12,,87,56,7,50.0,1.0,47.3432,15.9387,5.8702,16.6726,0
18055578.1,12,,87,56,7,50.0,1.0,47.2432,15.9387,5.9021,16.6116,0
18057578.1,12,,87,56,7,50.0,1.0,47.1432,15.9387,5.934,16.5505,0
18059578.1,12,,87,56,7,50.0,1.0,47.0432,15.9387,5.9659,16.4895,0
18061578.1,12,,87,56,7,50.0,1.0,46.9432,15.9387,5.9978,16.4285,0
18063578.1,12,,87,56,7,50.0,1.0,46.8432,15.9387,6.0296,16.3675,0
18065578.1,12,,87,56,7,50.0,1.0,46.7432,15.9387,6.0615,16.3065,0
18067578.1,12,,87,56,7,50.0,1.0,46.6432,15.9387,6.0934,16.2455,0
18069578.1,12,,87,56,7,50.0,1.0,46.5432,15.9387,6.1253,16.1844,0
18070914.8,12,,87,56,7,50.0,1.0,46.4764,15.9387,6.1466,16.1437,0
18071578.1,12,,86,56,7,50.0,1.0,46.4432,16.1364,6.1573,16.1235,0
18073578.1,12,,86,56,7,50.0,1.0,46.3432,16.1364,6.1895,16.0628,0
18075578.1,12,,86,56,7,50.0,1.0,46.2432,16.1364,6.2218,16.002,0
18076321.6,12,,86,56,7,50.0,1.0,46.2061,16.1364,6.2338,15.9794,0
18077149.9,12,,85,56,7,50.0,1.0,46.1647,16.3528,6.2474,15.9544,0
18077578.1,12,,84,56,7,50.0,1.0,46.1432,16.5693,6.2545,15.9415,0
18079578.1,12,,84,56,7,50.0,1.0,46.0432,16.5693,6.2876,15.8813,0
18080590.5,12,,84,56,7,50.0,1.0,45.9926,16.5693,6.3044,15.8508,0
18081578.1,12,,83,56,6,50.0,1.0,45.9432,14.3074,5.4215,15.8212,0
18083578.1,12,,83,56,6,50.0,1.0,45.8432,14.3074,5.4501,15.7613,0
18084550.0,12,,83,56,6,50.0,1.0,45.7946,14.3074,5.464,15.7322,0
18085578.1,12,,82,56,6,50.0,1.0,45.7432,14.5238,5.4789,15.7025,0
18087578.1,12,,82,56,6,50.0,1.0,45.6432,14.5238,5.508,15.6448,0
18089578.1,12,,82,56,6,50.0,1.0,45.5432,14.5238,5.537,15.5871,0
18091578.1,12,,82,56,6,50.0,1.0,45.4432,14.5238,5.5661,15.5294,0
18093578.1,12,,82,56,6,50.0,1.0,45.3432,14.5238,5.5951,15.4717,0
18094871.9,12,,82,56,6,50.0,1.0,45.2785,14.5238,5.6139,15.4343,0
18095578.1,12,,81,56,5,50.0,1.0,45.2432,12.2619,4.6846,15.4148,0
18097578.1,12,,81,56,5,50.0,1.0,45.1432,12.2619,4.7091,15.3595,0
18099578.1,12,,81,56,5,50.0,1.0,45.0432,12.2619,4.7336,15.3042,0
18101578.1,12,,81,56,5,50.0,1.0,44.9432,12.2619,4.7582,15.2489,0
18103578.1,12,,81,56,5,50.0,1.0,44.8432,12.2619,4.7827,15.1936,0
18105578.1,12,,81,56,5,50.0,1.0,44.7432,12.2619,4.8072,15.1383,0
18107578.1,12,,81,56,5,50.0,1.0,44.6432,12.2619,4.8317,15.083,0
18109578.1,12,,81,56,5,50.0,1.0,44.5432,12.2619,4.8562,15.0277,0
18111578.1,12,,81,56,5,50.0,1.0,44.4432,12.2619,4.8808,14.9724,0
18113358.5,12,,81,56,5,50.0,1.0,44.3542,12.2619,4.9026,14.9231,0
18113578.1,12,,80,56,4,50.0,1.0,44.3432,9.7619,3.9258,14.9171,0
18115578.1,12,,80,56,4,50.0,1.0,44.2432,9.7619,3.9453,14.8621,0
18115679.6,12,,80,56,4,50.0,1.0,44.2382,9.7619,3.9463,14.8594,0
18117578.1,12,,79,56,3,50.0,1.0,44.1432,7.2619,2.9607,14.8075,0
18119578.1,12,,79,56,3,50.0,1.0,44.0432,7.2619,2.9752,14.7528,0
18121578.1,12,,79,56,3,50.0,1.0,43.9432,7.2619,2.9897,14.6982,0
18123578.1,12,,79,56,3,50.0,1.0,43.8432,7.2619,3.0043,14.6435,0
18124490.5,12,,79,56,3,50.0,1.0,43.7976,7.2619,3.0109,14.6186,0
18125578.1,12,,78,56,2,50.0,1.0,43.7432,5.0,2.0169,14.5891,0
18127578.1,12,,78,56,2,50.0,1.0,43.6432,5.0,2.0269,14.5347,0
18129578.1,12,,78,56,2,50.0,1.0,43.5432,5.0,2.0369,14.4803,0
18131578.1,12,,78,56,2,50.0,1.0,43.4432,5.0,2.0469,14.426,0
18133578.1,12,,78,56,2,50.0,1.0,43.3432,5.0,2.0569,14.3716,0
18135578.1,12,,78,56,2,50.0,1.0,43.2432,5.0,2.0669,14.3173,0
18137578.1,12,,78,56,2,50.0,1.0,43.1432,5.0,2.0769,14.2629,0
18139578.1,12,,78,56,2,50.0,1.0,43.0432,5.0,2.0869,14.2085,0
18141578.1,12,,78,56,2,50.0,1.0,42.9432,5.0,2.0969,14.1542,0
18143578.1,12,,78,56,2,50.0,1.0,42.8432,5.0,2.1069,14.0998,0
18145578.1,12,,78,56,2,50.0,1.0,42.7432,5.0,2.1169,14.0455,0
18147578.1,12,,78,56,2,50.0,1.0,42.6432,5.0,2.1269,13.9911,0
18149578.1,12,,78,56,2,50.0,1.0,42.5432,5.0,2.1369,13.9367,0
18151578.1,12,,78,56,2,50.0,1.0,42.4432,5.0,2.1469,13.8824,0
18153578.1,12,,78,56,2,50.0,1.0,42.3432,5.0,2.1569,13.828,0
18153827.0,12,,78,56,2,50.0,1.0,42.3308,5.0,2.1581,13.8213,0
18155578.1,12,,77,56,2,50.0,1.0,42.2432,5.0,2.1669,13.774,0
18157578.1,12,,77,56,2,50.0,1.0,42.1432,5.0,2.1769,13.72,0
18159578.1,12,,77,56,2,50.0,1.0,42.0432,5.0,2.1869,13.6659,0
18161578.1,12,,77,56,2,50.0,1.0,41.9432,5.0,2.1969,13.6119,0
18163578.1,12,,77,56,2,50.0,1.0,41.8432,5.0,2.2069,13.5579,0
18165578.1,12,,77,56,2,50.0,1.0,41.7432,5.0,2.2169,13.5039,0
18167578.1,12,,77,56,2,50.0,1.0,41.6432,5.0,2.2269,13.4499,0
18169578.1,12,,77,56,2,50.0,1.0,41.5432,5.0,2.2369,13.3959,0
18171578.1,12,,77,56,2,50.0,1.0,41.4432,5.0,2.2469,13.3418,0
18173578.1,12,,77,56,2,50.0,1.0,41.3432,5.0,2.2569,13.2878,0
18175578.1,12,,77,56,2,50.0,1.0,41.2432,5.0,2.2669,13.2338,0
18177578.1,12,,77,56,2,50.0,1.0,41.1432,5.0,2.2769,13.1798,0
18179578.1,12,,77,56,2,50.0,1.0,41.0432,5.0,2.2869,13.1258,0
18181051.7,12,,77,56,2,50.0,1.0,40.9696,5.0,2.2943,13.086,0
18181578.1,12,,76,56,2,50.0,1.0,40.9432,5.0,2.2969,13.0718,0
18183578.1,12,,76,56,2,50.0,1.0,40.8432,5.0,2.3069,13.0182,0
18185578.1,12,,76,56,2,50.0,1.0,40.7432,5.0,2.3169,12.9645,0
18187578.1,12,,76,56,2,50.0,1.0,40.6432,5.0,2.3269,12.9108,0
18189578.1,12,,76,56,2,50.0,1.0,40.5432,5.0,2.3369,12.8571,0
18191578.1,12,,76,56,2,50.0,1.0,40.4432,5.0,2.3469,12.8034,0
18193578.1,12,,76,56,2,50.0,1.0,40.3432,5.0,2.3569,12.7497,0
18195578.1,12,,76,56,2,50.0,1.0,40.2432,5.0,2.3669,12.6961,0
18197578.1,12,,76,56,2,50.0,1.0,40.1432,5.0,2.3769,12.6424,0
18199578.1,12,,76,56,2,50.0,1.0,40.0432,5.0,2.3869,12.5887,0
18200578.9,12,,76,56,2,50.0,1.0,39.9932,5.0,2.3919,12.5618,0
18201578.1,12,,75,55,2,50.0,1.0,39.9432,5.0,2.3969,12.5349,0
18203578.1,12,,75,55,2,50.0,1.0,39.8432,5.0,2.4069,12.4812,0
18205353.3,12,,75,55,2,50.0,1.0,39.7545,5.0,2.4158,12.4334,0
18205578.1,12,,74,54,2,50.0,1.0,39.7432,5.0,2.4169,12.4274,0
18207578.1,12,,74,54,2,50.0,1.0,39.6432,5.0,2.4269,12.3735,0
18209578.1,12,,74,54,2,50.0,1.0,39.5432,5.0,2.4369,12.3196,0
18211578.1,12,,74,54,2,50.0,1.0,39.4432,5.0,2.4469,12.2657,0
18213578.1,12,,74,54,2,50.0,1.0,39.3432,5.0,2.4569,12.2118,0
18215578.1,12,,74,54,2,50.0,1.0,39.2432,5.0,2.4669,12.1579,0
18217578.1,12,,74,54,2,50.0,1.0,39.1432,5.0,2.4769,12.104,0
18219578.1,12,,74,54,2,50.0,1.0,39.0432,5.0,2.4869,12.0501,0
18221578.1,12,,74,54,2,50.0,1.0,38.9432,5.0,2.4969,11.9962,0
18223578.1,12,,74,54,2,50.0,1.0,38.8432,5.0,2.5069,11.9423,0
18225578.1,12,,74,54,2,50.0,1.0,38.7432,5.0,2.5169,11.8884,0
18227578.1,12,,74,54,2,50.0,1.0,38.6432,5.0,2.5269,11.8345,0
18227582.3,12,,74,54,2,50.0,1.0,38.643,5.0,2.5269,11.8344,0
18229578.1,12,,73,54,2,50.0,1.0,38.5432,5.1316,2.5372,11.7833,0
18230986.5,12,,73,54,2,50.0,1.0,38.4728,5.1316,2.5444,11.7473,0
18231578.1,12,,72,54,2,50.0,1.0,38.4432,5.2632,2.5475,11.7323,0
18233578.1,12,,72,54,2,50.0,1.0,38.3432,5.2632,2.558,11.6814,0
18235578.1,12,,72,54,2,50.0,1.0,38.2432,5.2632,2.5685,11.6306,0
18237578.1,12,,72,54,2,50.0,1.0,38.1432,5.2632,2.5791,11.5797,0
18239578.1,12,,72,54,2,50.0,1.0,38.0432,5.2632,2.5896,11.5289,0
18241578.1,12,,72,54,2,50.0,1.0,37.9432,5.2632,2.6001,11.478,0
18243578.1,12,,72,54,2,50.0,1.0,37.8432,5.2632,2.6107,11.4272,0
18244703.6,12,,72,54,2,50.0,1.0,37.787,5.2632,2.6166,11.3985,0
18245578.1,12,,71,54,1,50.0,1.0,37.7432,2.6316,1.3041,11.3777,0
18247578.1,12,,71,54,1,50.0,1.0,37.6432,2.6316,1.3093,11.3299,0
18249578.1,12,,71,54,1,50.0,1.0,37.5432,2.6316,1.3146,11.2821,0
18251578.1,12,,71,54,1,50.0,1.0,37.4432,2.6316,1.3199,11.2343,0
18253578.1,12,,71,54,1,50.0,1.0,37.3432,2.6316,1.3251,11.1866,0
18253841.9,12,,71,54,1,50.0,1.0,37.3301,2.6316,1.3258,11.1803,0
18255578.1,12,,70,53,1,50.0,1.0,37.2432,2.7778,1.3306,11.1387,0
18257578.1,12,,70,53,1,50.0,1.0,37.1432,2.7778,1.3362,11.0908,0
18259578.1,12,,70,53,1,50.0,1.0,37.0432,2.7778,1.3417,11.0429,0
18261578.1,12,,70,53,1,50.0,1.0,36.9432,2.7778,1.3473,10.995,0
18263578.1,12,,70,53,1,50.0,1.0,36.8432,2.7778,1.3529,10.9471,0
18265578.1,12,,70,53,1,50.0,1.0,36.7432,2.7778,1.3584,10.8992,0
18267578.1,12,,70,53,1,50.0,1.0,36.6432,2.7778,1.364,10.8513,0
18269578.1,12,,70,53,1,50.0,1.0,36.5432,2.7778,1.3695,10.8034,0
18271578.1,12,,70,53,1,50.0,1.0,36.4432,2.7778,1.3751,10.7555,0
18271947.7,12,,70,53,1,50.0,1.0,36.4248,2.7778,1.3761,10.7467,0
18273578.1,12,,69,52,1,50.0,1.0,36.3432,2.7778,1.3806,10.7075,0
18274951.7,12,,69,52,1,50.0,1.0,36.2746,2.7778,1.3844,10.6745,0
18275460.1,12,,68,52,0,50.0,1.0,36.2491,0,0.0,10.6624,0
18275578.1,12,,67,51,0,50.0,1.0,36.2432,0,0.0,10.6596,0
18277578.1,12,,67,51,0,50.0,1.0,36.1432,0,0.0,10.6118,0
18279578.1,12,,67,51,0,50.0,1.0,36.0432,0,0.0,10.564,0
18281578.1,12,,67,51,0,50.0,1.0,35.9432,0,0.0,10.5162,0
18283578.1,12,,67,51,0,50.0,1.0,35.8432,0,0.0,10.4685,0
18285578.1,12,,67,51,0,50.0,1.0,35.7432,0,0.0,10.4207,0
18287578.1,12,,67,51,0,50.0,1.0,35.6432,0,0.0,10.3729,0
18289578.1,12,,67,51,0,50.0,1.0,35.5432,0,0.0,10.3251,0
18291578.1,12,,67,51,0,50.0,1.0,35.4432,0,0.0,10.2773,0
18293578.1,12,,67,51,0,50.0,1.0,35.3432,0,0.0,10.2295,0
18295578.1,12,,67,51,0,50.0,1.0,35.2432,0,0.0,10.1817,0
18295852.2,12,,67,51,0,50.0,1.0,35.2295,0,0.0,10.1752,0
18297578.1,12,,66,51,0,50.0,1.0,35.1432,0,0.0,10.1343,0
18297726.7,12,,66,51,0,50.0,1.0,35.1358,0,0.0,10.1308,0
18299578.1,12,,65,51,0,50.0,1.0,35.0432,0,0.0,10.0873,0
18301578.1,12,,65,51,0,50.0,1.0,34.9432,0,0.0,10.0403,0
18303578.1,12,,65,51,0,50.0,1.0,34.8432,0,0.0,9.9934,0
18305578.1,12,,65,51,0,50.0,1.0,34.7432,0,0.0,9.9464,0
18307578.1,12,,65,51,0,50.0,1.0,34.6432,0,0.0,9.8994,0
18309578.1,12,,65,51,0,50.0,1.0,34.5432,0,0.0,9.8524,0
18311578.1,12,,65,51,0,50.0,1.0,34.4432,0,0.0,9.8055,0
18313578.1,12,,65,51,0,50.0,1.0,34.3432,0,0.0,9.7585,0
18313945.6,12,,65,51,0,50.0,1.0,34.3249,0,0.0,9.7499,0
18314007.9,12,,64,51,0,50.0,1.0,34.3217,0,0.0,9.7484,0
18314834.6,12,,63,51,0,50.0,1.0,34.2804,0,0.0,9.7306,0
18315578.1,12,,62,50,0,50.0,1.0,34.2432,0,0.0,9.7145,0
18317578.1,12,,62,50,0,50.0,1.0,34.1432,0,0.0,9.6713,0
18319005.8,12,,62,50,0,50.0,1.0,34.0719,0,0.0,9.6405,0
18319578.1,12,,61,49,0,50.0,1.0,34.0432,0,0.0,9.6281,0
18321578.1,12,,61,49,0,50.0,1.0,33.9432,0,0.0,9.5848,0
18323578.1,12,,61,49,0,50.0,1.0,33.8432,0,0.0,9.5415,0
18325578.1,12,,61,49,0,50.0,1.0,33.7432,0,0.0,9.4982,0
18327578.1,12,,61,49,0,50.0,1.0,33.6432,0,0.0,9.4549,0
18329578.1,12,,61,49,0,50.0,1.0,33.5432,0,0.0,9.4115,0
18330836.3,12,,61,49,0,50.0,1.0,33.4803,0,0.0,9.3843,0
18331578.1,12,,60,48,0,50.0,1.0,33.4432,0,0.0,9.3682,0
18333578.1,12,,60,48,0,50.0,1.0,33.3432,0,0.0,9.3248,0
18335578.1,12,,60,48,0,50.0,1.0,33.2432,0,0.0,9.2814,0
18337578.1,12,,60,48,0,50.0,1.0,33.1432,0,0.0,9.2379,0
18339578.1,12,,60,48,0,50.0,1.0,33.0432,0,0.0,9.1945,0
18341578.1,12,,60,48,0,50.0,1.0,32.9432,0,0.0,9.1511,0
18342386.2,12,,60,48,0,50.0,1.0,32.9028,0,0.0,9.1335,0
18343578.1,12,,58,46,0,50.0,1.0,32.8432,0,0.0,9.1066,0
18345004.2,12,,58,46,0,50.0,1.0,32.7719,0,0.0,9.0743,0
18345578.1,12,,57,46,0,50.0,1.0,32.7432,0,0.0,9.0615,0
18346306.3,12,,57,46,0,50.0,1.0,32.7068,0,0.0,9.0452,0
18347578.1,12,,56,45,0,50.0,1.0,32.6432,0,0.0,9.016,0
18349329.9,12,,56,45,0,50.0,1.0,32.5556,0,0.0,8.9758,0
18349578.1,12,,55,45,0,50.0,1.0,32.5432,0,0.0,8.9702,0
18349591.7,12,,55,45,0,50.0,1.0,32.5426,0,0.0,8.9699,0
18351578.1,12,,54,45,0,50.0,1.0,32.4432,0,0.0,8.9252,0
18353578.1,12,,54,45,0,50.0,1.0,32.3432,0,0.0,8.8803,0
18355578.1,12,,54,45,0,50.0,1.0,32.2432,0,0.0,8.8354,0
18357578.1,12,,54,45,0,50.0,1.0,32.1432,0,0.0,8.7904,0
18359578.1,12,,54,45,0,50.0,1.0,32.0432,0,0.0,8.7455,0
18361578.1,12,,54,45,0,50.0,1.0,31.9432,0,0.0,8.7005,0
18361711.7,12,,54,45,0,50.0,1.0,31.9366,0,0.0,8.6975,0
18363578.1,12,,53,45,0,50.0,1.0,31.8432,0,0.0,8.6599,0
18365578.1,12,,53,45,0,50.0,1.0,31.7432,0,0.0,8.6197,0
18367434.2,12,,53,45,0,50.0,1.0,31.6504,0,0.0,8.5823,0
18367578.1,12,,52,45,0,50.0,1.0,31.6432,0,0.0,8.5794,0
18369578.1,12,,52,45,0,50.0,1.0,31.5432,0,0.0,8.5397,0
18371578.1,12,,52,45,0,50.0,1.0,31.4432,0,0.0,8.4999,0
18373578.1,12,,52,45,0,50.0,1.0,31.3432,0,0.0,8.4602,0
18375578.1,12,,52,45,0,50.0,1.0,31.2432,0,0.0,8.4204,0
18377578.1,12,,52,45,0,50.0,1.0,31.1432,0,0.0,8.3806,0
18379215.3,12,,52,45,0,50.0,1.0,31.0614,0,0.0,8.3481,0
18379578.1,12,,51,44,0,50.0,1.0,31.0432,0,0.0,8.3409,0
18381578.1,12,,51,44,0,50.0,1.0,30.9432,0,0.0,8.3011,0
18383578.1,12,,51,44,0,50.0,1.0,30.8432,0,0.0,8.2613,0
18385578.1,12,,51,44,0,50.0,1.0,30.7432,0,0.0,8.2215,0
18387578.1,12,,51,44,0,50.0,1.0,30.6432,0,0.0,8.1817,0
18388767.1,12,,51,44,0,50.0,1.0,30.5838,0,0.0,8.158,0
18389578.1,12,,50,44,0,50.0,1.0,30.5432,0,0.0,8.142,0
18391192.0,12,,50,44,0,50.0,1.0,30.4625,0,0.0,8.1103,0
18391578.1,12,,49,44,0,50.0,1.0,30.4432,0,0.0,8.1028,0
18393578.1,12,,49,44,0,50.0,1.0,30.3432,0,0.0,8.0639,0
18395578.1,12,,49,44,0,50.0,1.0,30.2432,0,0.0,8.0251,0
18397578.1,12,,49,44,0,50.0,1.0,30.1432,0,0.0,7.9863,0
18399578.1,12,,49,44,0,50.0,1.0,30.0432,0,0.0,7.9474,0
18401578.1,12,,49,44,0,50.0,1.0,29.9432,0,0.0,7.9086,0
18403578.1,12,,49,44,0,50.0,1.0,29.8432,0,0.0,7.8698,0
18405578.1,12,,49,44,0,50.0,1.0,29.7432,0,0.0,7.8309,0
18406871.5,12,,49,44,0,50.0,1.0,29.6786,0,0.0,7.8058,0
18407505.0,12,,48,44,0,50.0,1.0,29.6469,0,0.0,7.7937,0
18407578.1,12,,47,44,0,50.0,1.0,29.6432,0,0.0,7.7925,0
18409578.1,12,,47,44,0,50.0,1.0,29.5432,0,0.0,7.7597,0
18411578.1,12,,47,44,0,50.0,1.0,29.4432,0,0.0,7.7269,0
18413578.1,12,,47,44,0,50.0,1.0,29.3432,0,0.0,7.6941,0
18415578.1,12,,47,44,0,50.0,1.0,29.2432,0,0.0,7.6614,0
18417578.1,12,,47,44,0,50.0,1.0,29.1432,0,0.0,7.6286,0
18419578.1,12,,47,44,0,50.0,1.0,29.0432,0,0.0,7.5958,0
18421578.1,12,,47,44,0,50.0,1.0,28.9432,0,0.0,7.563,0
18423578.1,12,,47,44,0,50.0,1.0,28.8432,0,0.0,7.5303,0
18425578.1,12,,47,44,0,50.0,1.0,28.7432,0,0.0,7.4975,0
18427578.1,12,,47,44,0,50.0,1.0,28.6432,0,0.0,7.4647,0
18429578.1,12,,47,44,0,50.0,1.0,28.5432,0,0.0,7.4319,0
18431578.1,12,,47,44,0,50.0,1.0,28.4432,0,0.0,7.3991,0
18433578.1,12,,47,44,0,50.0,1.0,28.3432,0,0.0,7.3664,0
18435578.1,12,,47,44,0,50.0,1.0,28.2432,0,0.0,7.3336,0
18437578.1,12,,47,44,0,50.0,1.0,28.1432,0,0.0,7.3008,0
18439578.1,12,,47,44,0,50.0,1.0,28.0432,0,0.0,7.268,0
18441578.1,12,,47,44,0,50.0,1.0,27.9432,0,0.0,7.2353,0
18443578.1,12,,47,44,0,50.0,1.0,27.8432,0,0.0,7.2025,0
18443877.5,12,,47,44,0,50.0,1.0,27.8283,0,0.0,7.1976,0
18445578.1,12,,46,44,0,50.0,1.0,27.7432,0,0.0,7.1754,0
18447578.1,12,,46,44,0,50.0,1.0,27.6432,0,0.0,7.1493,0
18448043.5,12,,46,44,0,50.0,1.0,27.62,0,0.0,7.1432,0
18449578.1,12,,45,44,0,50.0,1.0,27.5432,0,0.0,7.1236,0
18451578.1,12,,45,44,0,50.0,1.0,27.4432,0,0.0,7.0981,0
18452091.3,12,,45,44,0,50.0,1.0,27.4176,0,0.0,7.0916,0
18453578.1,12,,44,44,0,50.0,1.0,27.3432,0,0.0,7.073,0
18455578.1,12,,44,44,0,50.0,1.0,27.2432,0,0.0,7.048,0
18457578.1,12,,44,44,0,50.0,1.0,27.1432,0,0.0,7.023,0
18459578.1,12,,44,44,0,50.0,1.0,27.0432,0,0.0,6.998,0
18461578.1,12,,44,44,0,50.0,1.0,26.9432,0,0.0,6.973,0
18463578.1,12,,44,44,0,50.0,1.0,26.8432,0,0.0,6.948,0
18465578.1,12,,44,44,0,50.0,1.0,26.7432,0,0.0,6.923,0
18467578.1,12,,44,44,0,50.0,1.0,26.6432,0,0.0,6.898,0
18469578.1,12,,44,44,0,50.0,1.0,26.5432,0,0.0,6.873,0
18471578.1,12,,44,44,0,50.0,1.0,26.4432,0,0.0,6.848,0
18473578.1,12,,44,44,0,50.0,1.0,26.3432,0,0.0,6.823,0
18475578.1,12,,44,44,0,50.0,1.0,26.2432,0,0.0,6.798,0
18477578.1,12,,44,44,0,50.0,1.0,26.1432,0,0.0,6.773,0
18479578.1,12,,44,44,0,50.0,1.0,26.0432,0,0.0,6.748,0
18481578.1,12,,44,44,0,50.0,1.0,25.9432,0,0.0,6.723,0
18483578.1,12,,44,44,0,50.0,1.0,25.8432,0,0.0,6.698,0
18485578.1,12,,44,44,0,50.0,1.0,25.7432,0,0.0,6.673,0
18487578.1,12,,44,44,0,50.0,1.0,25.6432,0,0.0,6.648,0
18489578.1,12,,44,44,0,50.0,1.0,25.5432,0,0.0,6.623,0
18491578.1,12,,44,44,0,50.0,1.0,25.4432,0,0.0,6.598,0
18493578.1,12,,44,44,0,50.0,1.0,25.3432,0,0.0,6.573,0
18495578.1,12,,44,44,0,50.0,1.0,25.2432,0,0.0,6.548,0
18497578.1,12,,44,44,0,50.0,1.0,25.1432,0,0.0,6.523,0
18498840.2,12,,44,44,0,50.0,1.0,25.0801,0,0.0,6.5072,0
18499578.1,12,,43,43,0,50.0,1.0,25.0432,0,0.0,6.498,0
18501578.1,12,,43,43,0,50.0,1.0,24.9432,0,0.0,6.473,0
18503578.1,12,,43,43,0,50.0,1.0,24.8432,0,0.0,6.448,0
18505578.1,12,,43,43,0,50.0,1.0,24.7432,0,0.0,6.423,0
18507578.1,12,,43,43,0,50.0,1.0,24.6432,0,0.0,6.398,0
18509578.1,12,,43,43,0,50.0,1.0,24.5432,0,0.0,6.373,0
18511578.1,12,,43,43,0,50.0,1.0,24.4432,0,0.0,6.348,0
18513578.1,12,,43,43,0,50.0,1.0,24.3432,0,0.0,6.323,0
18515578.1,12,,43,43,0,50.0,1.0,24.2432,0,0.0,6.298,0
18517578.1,12,,43,43,0,50.0,1.0,24.1432,0,0.0,6.273,0
18519578.1,12,,43,43,0,50.0,1.0,24.0432,0,0.0,6.248,0
18521578.1,12,,43,43,0,50.0,1.0,23.9432,0,0.0,6.223,0
18523578.1,12,,43,43,0,50.0,1.0,23.8432,0,0.0,6.198,0
18525578.1,12,,43,43,0,50.0,1.0,23.7432,0,0.0,6.173,0
18527578.1,12,,43,43,0,50.0,1.0,23.6432,0,0.0,6.148,0
18529578.1,12,,43,43,0,50.0,1.0,23.5432,0,0.0,6.123,0
18531578.1,12,,43,43,0,50.0,1.0,23.4432,0,0.0,6.098,0
18533578.1,12,,43,43,0,50.0,1.0,23.3432,0,0.0,6.073,0
18535578.1,12,,43,43,0,50.0,1.0,23.2432,0,0.0,6.048,0
18537578.1,12,,43,43,0,50.0,1.0,23.1432,0,0.0,6.023,0
18539578.1,12,,43,43,0,50.0,1.0,23.0432,0,0.0,5.998,0
18541578.1,12,,43,43,0,50.0,1.0,22.9432,0,0.0,5.973,0
18543578.1,12,,43,43,0,50.0,1.0,22.8432,0,0.0,5.948,0
18545578.1,12,,43,43,0,50.0,1.0,22.7432,0,0.0,5.923,0
18547578.1,12,,43,43,0,50.0,1.0,22.6432,0,0.0,5.898,0
18549578.1,12,,43,43,0,50.0,1.0,22.5432,0,0.0,5.873,0
18551578.1,12,,43,43,0,50.0,1.0,22.4432,0,0.0,5.848,0
18553578.1,12,,43,43,0,50.0,1.0,22.3432,0,0.0,5.823,0
18555578.1,12,,43,43,0,50.0,1.0,22.2432,0,0.0,5.798,0
18557578.1,12,,43,43,0,50.0,1.0,22.1432,0,0.0,5.773,0
18559578.1,12,,43,43,0,50.0,1.0,22.0432,0,0.0,5.748,0
18561578.1,12,,43,43,0,50.0,1.0,21.9432,0,0.0,5.723,0
18563578.1,12,,43,43,0,50.0,1.0,21.8432,0,0.0,5.698,0
18565578.1,12,,43,43,0,50.0,1.0,21.7432,0,0.0,5.673,0
18567008.9,12,,43,43,0,50.0,1.0,21.6717,0,0.0,5.6551,0
18567578.1,12,,42,42,0,50.0,1.0,21.6432,0,0.0,5.648,0
18568758.7,12,,42,42,0,50.0,1.0,21.5842,0,0.0,5.6332,0
18569578.1,12,,41,41,0,50.0,1.0,21.5432,0,0.0,5.623,0
18571578.1,12,,41,41,0,50.0,1.0,21.4432,0,0.0,5.598,0
18573578.1,12,,41,41,0,50.0,1.0,21.3432,0,0.0,5.573,0
18575578.1,12,,41,41,0,50.0,1.0,21.2432,0,0.0,5.548,0
18576392.5,12,,41,41,0,50.0,1.0,21.2025,0,0.0,5.5378,0
18576839.3,12,,39,39,0,50.0,1.0,21.1802,0,0.0,5.5322,0
18577578.1,12,,38,38,0,50.0,1.0,21.1432,0,0.0,5.523,0
18579578.1,12,,38,38,0,50.0,1.0,21.0432,0,0.0,5.498,0
18581578.1,12,,38,38,0,50.0,1.0,20.9432,0,0.0,5.473,0
18583578.1,12,,38,38,0,50.0,1.0,20.8432,0,0.0,5.448,0
18585578.1,12,,38,38,0,50.0,1.0,20.7432,0,0.0,5.423,0
18587578.1,12,,38,38,0,50.0,1.0,20.6432,0,0.0,5.398,0
18589578.1,12,,38,38,0,50.0,1.0,20.5432,0,0.0,5.373,0
18591578.1,12,,38,38,0,50.0,1.0,20.4432,0,0.0,5.348,0
18593578.1,12,,38,38,0,50.0,1.0,20.3432,0,0.0,5.323,0
18595578.1,12,,38,38,0,50.0,1.0,20.2432,0,0.0,5.298,0
18597578.1,12,,38,38,0,50.0,1.0,20.1432,0,0.0,5.273,0
18599578.1,12,,38,38,0,50.0,1.0,20.0432,0,0.0,5.248,0
18601578.1,12,,38,38,0,50.0,1.0,19.9432,0,0.0,5.223,0
18603381.3,12,,38,38,0,50.0,1.0,19.8531,0,0.0,5.2004,0
18603578.1,12,,37,37,0,50.0,1.0,19.8432,0,0.0,5.198,0
18604803.5,12,,37,37,0,50.0,1.0,19.782,0,0.0,5.1827,0
18605578.1,12,,36,36,0,50.0,1.0,19.7432,0,0.0,5.173,0
18607578.1,12,,36,36,0,50.0,1.0,19.6432,0,0.0,5.148,0
18609578.1,12,,36,36,0,50.0,1.0,19.5432,0,0.0,5.123,0
18611578.1,12,,36,36,0,50.0,1.0,19.4432,0,0.0,5.098,0
18613578.1,12,,36,36,0,50.0,1.0,19.3432,0,0.0,5.073,0
18615578.1,12,,36,36,0,50.0,1.0,19.2432,0,0.0,5.048,0
18616805.0,12,,36,36,0,50.0,1.0,19.1819,0,0.0,5.0326,0
18617578.1,12,,35,35,0,50.0,1.0,19.1432,0,0.0,5.023,0
18619578.1,12,,35,35,0,50.0,1.0,19.0432,0,0.0,4.998,0
18621578.1,12,,35,35,0,50.0,1.0,18.9432,0,0.0,4.973,0
18623578.1,12,,35,35,0,50.0,1.0,18.8432,0,0.0,4.948,0
18625578.1,12,,35,35,0,50.0,1.0,18.7432,0,0.0,4.923,0
18627578.1,12,,35,35,0,50.0,1.0,18.6432,0,0.0,4.898,0
18628396.5,12,,35,35,0,50.0,1.0,18.6023,0,0.0,4.8877,0
18629578.1,12,,34,34,0,50.0,1.0,18.5432,0,0.0,4.873,0
18631578.1,12,,34,34,0,50.0,1.0,18.4432,0,0.0,4.848,0
18632425.8,12,,34,34,0,50.0,1.0,18.4009,0,0.0,4.8374,0
18633578.1,12,,33,33,0,50.0,1.0,18.3432,0,0.0,4.823,0
18635578.1,12,,33,33,0,50.0,1.0,18.2432,0,0.0,4.798,0
18637448.9,12,,33,33,0,50.0,1.0,18.1497,0,0.0,4.7746,0
18637578.1,12,,32,32,0,50.0,1.0,18.1432,0,0.0,4.773,0
18639578.1,12,,32,32,0,50.0,1.0,18.0432,0,0.0,4.748,0
18641578.1,12,,32,32,0,50.0,1.0,17.9432,0,0.0,4.723,0
18643578.1,12,,32,32,0,50.0,1.0,17.8432,0,0.0,4.698,0
18645578.1,12,,32,32,0,50.0,1.0,17.7432,0,0.0,4.673,0
18647578.1,12,,32,32,0,50.0,1.0,17.6432,0,0.0,4.648,0
18647934.6,12,,32,32,0,50.0,1.0,17.6254,0,0.0,4.6435,0
18649368.0,12,,31,31,0,50.0,1.0,17.5537,0,0.0,4.6256,0
18649578.1,12,,30,30,0,50.0,1.0,17.5432,0,0.0,4.623,0
18651578.1,12,,30,30,0,50.0,1.0,17.4432,0,0.0,4.598,0
18653578.1,12,,30,30,0,50.0,1.0,17.3432,0,0.0,4.573,0
18655578.1,12,,30,30,0,50.0,1.0,17.2432,0,0.0,4.548,0
18657578.1,12,,30,30,0,50.0,1.0,17.1432,0,0.0,4.523,0
18658431.6,12,,30,30,0,50.0,1.0,17.1006,0,0.0,4.5123,0
18658640.2,12,,29,29,0,50.0,1.0,17.0901,0,0.0,4.5097,0
18659578.1,12,,28,28,0,50.0,1.0,17.0432,0,0.0,4.498,0
18661578.1,12,,28,28,0,50.0,1.0,16.9432,0,0.0,4.473,0
18663578.1,12,,28,28,0,50.0,1.0,16.8432,0,0.0,4.448,0
18665578.1,12,,28,28,0,50.0,1.0,16.7432,0,0.0,4.423,0
18667578.1,12,,28,28,0,50.0,1.0,16.6432,0,0.0,4.398,0
18669578.1,12,,28,28,0,50.0,1.0,16.5432,0,0.0,4.373,0
18671578.1,12,,28,28,0,50.0,1.0,16.4432,0,0.0,4.348,0
18673578.1,12,,28,28,0,50.0,1.0,16.3432,0,0.0,4.323,0
18675578.1,12,,28,28,0,50.0,1.0,16.2432,0,0.0,4.298,0
18677578.1,12,,28,28,0,50.0,1.0,16.1432,0,0.0,4.273,0
18679578.1,12,,28,28,0,50.0,1.0,16.0432,0,0.0,4.248,0
18681578.1,12,,28,28,0,50.0,1.0,15.9432,0,0.0,4.223,0
18683578.1,12,,28,28,0,50.0,1.0,15.8432,0,0.0,4.198,0
18685578.1,12,,28,28,0,50.0,1.0,15.7432,0,0.0,4.173,0
18687578.1,12,,28,28,0,50.0,1.0,15.6432,0,0.0,4.148,0
18689578.1,12,,28,28,0,50.0,1.0,15.5432,0,0.0,4.123,0
18691578.1,12,,28,28,0,50.0,1.0,15.4432,0,0.0,4.098,0
18693578.1,12,,28,28,0,50.0,1.0,15.3432,0,0.0,4.073,0
18695578.1,12,,28,28,0,50.0,1.0,15.2432,0,0.0,4.048,0
18697578.1,12,,28,28,0,50.0,1.0,15.1432,0,0.0,4.023,0
18699578.1,12,,28,28,0,50.0,1.0,15.0432,0,0.0,3.998,0
18699927.9,12,,28,28,0,50.0,1.0,15.0258,0,0.0,3.9936,0
18700691.1,12,,27,27,0,50.0,1.0,14.9876,0,0.0,3.9841,0
18701578.1,12,,26,26,0,50.0,1.0,14.9432,0,0.0,3.973,0
18703578.1,12,,26,26,0,50.0,1.0,14.8432,0,0.0,3.948,0
18705578.1,12,,26,26,0,50.0,1.0,14.7432,0,0.0,3.923,0
18707578.1,12,,26,26,0,50.0,1.0,14.6432,0,0.0,3.898,0
18709578.1,12,,26,26,0,50.0,1.0,14.5432,0,0.0,3.873,0
18711578.1,12,,26,26,0,50.0,1.0,14.4432,0,0.0,3.848,0
18713578.1,12,,26,26,0,50.0,1.0,14.3432,0,0.0,3.823,0
18715578.1,12,,26,26,0,50.0,1.0,14.2432,0,0.0,3.798,0
18717578.1,12,,26,26,0,50.0,1.0,14.1432,0,0.0,3.773,0
18719578.1,12,,26,26,0,50.0,1.0,14.0432,0,0.0,3.748,0
18721578.1,12,,26,26,0,50.0,1.0,13.9432,0,0.0,3.723,0
18723578.1,12,,26,26,0,50.0,1.0,13.8432,0,0.0,3.698,0
18725578.1,12,,26,26,0,50.0,1.0,13.7432,0,0.0,3.673,0
18727578.1,12,,26,26,0,50.0,1.0,13.6432,0,0.0,3.648,0
18729578.1,12,,26,26,0,50.0,1.0,13.5432,0,0.0,3.623,0
18731578.1,12,,26,26,0,50.0,1.0,13.4432,0,0.0,3.598,0
18733578.1,12,,26,26,0,50.0,1.0,13.3432,0,0.0,3.573,0
18735578.1,12,,26,26,0,50.0,1.0,13.2432,0,0.0,3.548,0
18737578.1,12,,26,26,0,50.0,1.0,13.1432,0,0.0,3.523,0
18739578.1,12,,26,26,0,50.0,1.0,13.0432,0,0.0,3.498,0
18741578.1,12,,26,26,0,50.0,1.0,12.9432,0,0.0,3.473,0
18743578.1,12,,26,26,0,50.0,1.0,12.8432,0,0.0,3.448,0
18745578.1,12,,26,26,0,50.0,1.0,12.7432,0,0.0,3.423,0
18747578.1,12,,26,26,0,50.0,1.0,12.6432,0,0.0,3.398,0
18749578.1,12,,26,26,0,50.0,1.0,12.5432,0,0.0,3.373,0
18750293.5,12,,26,26,0,50.0,1.0,12.5075,0,0.0,3.364,0
18751578.1,12,,25,25,0,50.0,1.0,12.4432,0,0.0,3.348,0
18753578.1,12,,25,25,0,50.0,1.0,12.3432,0,0.0,3.323,0
18754225.6,12,,25,25,0,50.0,1.0,12.3109,0,0.0,3.3149,0
18755578.1,12,,24,24,0,50.0,1.0,12.2432,0,0.0,3.298,0
18757578.1,12,,24,24,0,50.0,1.0,12.1432,0,0.0,3.273,0
18759578.1,12,,24,24,0,50.0,1.0,12.0432,0,0.0,3.248,0
18761578.1,12,,24,24,0,50.0,1.0,11.9432,0,0.0,3.223,0
18763578.1,12,,24,24,0,50.0,1.0,11.8432,0,0.0,3.198,0
18765578.1,12,,24,24,0,50.0,1.0,11.7432,0,0.0,3.173,0
18767578.1,12,,24,24,0,50.0,1.0,11.6432,0,0.0,3.148,0
18769578.1,12,,24,24,0,50.0,1.0,11.5432,0,0.0,3.123,0
18771578.1,12,,24,24,0,50.0,1.0,11.4432,0,0.0,3.098,0
18773578.1,12,,24,24,0,50.0,1.0,11.3432,0,0.0,3.073,0
18775578.1,12,,24,24,0,50.0,1.0,11.2432,0,0.0,3.048,0
18777578.1,12,,24,24,0,50.0,1.0,11.1432,0,0.0,3.023,0
18779578.1,12,,24,24,0,50.0,1.0,11.0432,0,0.0,2.998,0
18781578.1,12,,24,24,0,50.0,1.0,10.9432,0,0.0,2.973,0
18783578.1,12,,24,24,0,50.0,1.0,10.8432,0,0.0,2.948,0
18785578.1,12,,24,24,0,50.0,1.0,10.7432,0,0.0,2.923,0
18787578.1,12,,24,24,0,50.0,1.0,10.6432,0,0.0,2.898,0
18789578.1,12,,24,24,0,50.0,1.0,10.5432,0,0.0,2.873,0
18791578.1,12,,24,24,0,50.0,1.0,10.4432,0,0.0,2.848,0
18793578.1,12,,24,24,0,50.0,1.0,10.3432,0,0.0,2.823,0
18793763.4,12,,24,24,0,50.0,1.0,10.334,0,0.0,2.8207,0
18795578.1,12,,23,23,0,50.0,1.0,10.2432,0,0.0,2.798,0
18797578.1,12,,23,23,0,50.0,1.0,10.1432,0,0.0,2.773,0
18798995.1,12,,23,23,0,50.0,1.0,10.0724,0,0.0,2.7553,0
18799578.1,12,,22,22,0,50.0,1.0,10.0432,0,0.0,2.748,0
18801578.1,12,,22,22,0,50.0,1.0,9.9432,0,0.0,2.723,0
18801627.7,12,,22,22,0,50.0,1.0,9.9408,0,0.0,2.7224,0
18803578.1,12,,21,21,0,50.0,1.0,9.8432,0,0.0,2.698,0
18805578.1,12,,21,21,0,50.0,1.0,9.7432,0,0.0,2.673,0
18807578.1,12,,21,21,0,50.0,1.0,9.6432,0,0.0,2.648,0
18809578.1,12,,21,21,0,50.0,1.0,9.5432,0,0.0,2.623,0
18811578.1,12,,21,21,0,50.0,1.0,9.4432,0,0.0,2.598,0
18813578.1,12,,21,21,0,50.0,1.0,9.3432,0,0.0,2.573,0
18815578.1,12,,21,21,0,50.0,1.0,9.2432,0,0.0,2.548,0
18817578.1,12,,21,21,0,50.0,1.0,9.1432,0,0.0,2.523,0
18819578.1,12,,21,21,0,50.0,1.0,9.0432,0,0.0,2.498,0
18821578.1,12,,21,21,0,50.0,1.0,8.9432,0,0.0,2.473,0
18823578.1,12,,21,21,0,50.0,1.0,8.8432,0,0.0,2.448,0
18823790.9,12,,21,21,0,50.0,1.0,8.8326,0,0.0,2.4453,0
18825578.1,12,,20,20,0,50.0,1.0,8.7432,0,0.0,2.423,0
18827578.1,12,,20,20,0,50.0,1.0,8.6432,0,0.0,2.398,0
18829578.1,12,,20,20,0,50.0,1.0,8.5432,0,0.0,2.373,0
18831578.1,12,,20,20,0,50.0,1.0,8.4432,0,0.0,2.348,0
18833578.1,12,,20,20,0,50.0,1.0,8.3432,0,0.0,2.323,0
18835578.1,12,,20,20,0,50.0,1.0,8.2432,0,0.0,2.298,0
18837578.1,12,,20,20,0,50.0,1.0,8.1432,0,0.0,2.273,0
18839578.1,12,,20,20,0,50.0,1.0,8.0432,0,0.0,2.248,0
18841578.1,12,,20,20,0,50.0,1.0,7.9432,0,0.0,2.223,0
18843578.1,12,,20,20,0,50.0,1.0,7.8432,0,0.0,2.198,0
18845578.1,12,,20,20,0,50.0,1.0,7.7432,0,0.0,2.173,0
18847578.1,12,,20,20,0,50.0,1.0,7.6432,0,0.0,2.148,0
18848147.1,12,,20,20,0,50.0,1.0,7.6148,0,0.0,2.1409,0
18849252.8,12,,19,19,0,50.0,1.0,7.5595,0,0.0,2.127,0
18849578.1,12,,18,18,0,50.0,1.0,7.5432,0,0.0,2.123,0
18850563.5,12,,18,18,0,50.0,1.0,7.494,0,0.0,2.1107,0
18851578.1,12,,17,17,0,50.0,1.0,7.4432,0,0.0,2.0971,0
18851984.5,12,,17,17,0,50.0,1.0,7.4229,0,0.0,2.0917,0
18853578.1,12,,16,16,0,50.0,1.0,7.3432,0,0.0,2.0689,0
18855578.1,12,,16,16,0,50.0,1.0,7.2432,0,0.0,2.0404,0
18857578.1,12,,16,16,0,50.0,1.0,7.1432,0,0.0,2.0118,0
18858771.4,12,,16,16,0,50.0,1.0,7.0836,0,0.0,1.9948,0
18859578.1,12,,15,15,0,50.0,1.0,7.0432,0,0.0,1.9832,0
18861578.1,12,,15,15,0,50.0,1.0,6.9432,0,0.0,1.9547,0
18863578.1,12,,15,15,0,50.0,1.0,6.8432,0,0.0,1.9261,0
18865578.1,12,,15,15,0,50.0,1.0,6.7432,0,0.0,1.8975,0
18867578.1,12,,15,15,0,50.0,1.0,6.6432,0,0.0,1.8689,0
18869093.3,12,,15,15,0,50.0,1.0,6.5675,0,0.0,1.8473,0
18869578.1,12,,14,14,0,50.0,1.0,6.5432,0,0.0,1.8417,0
18871578.1,12,,14,14,0,50.0,1.0,6.4432,0,0.0,1.8186,0
18873578.1,12,,14,14,0,50.0,1.0,6.3432,0,0.0,1.7955,0
18875578.1,12,,14,14,0,50.0,1.0,6.2432,0,0.0,1.7725,0
18877578.1,12,,14,14,0,50.0,1.0,6.1432,0,0.0,1.7494,0
18879578.1,12,,14,14,0,50.0,1.0,6.0432,0,0.0,1.7263,0
18881578.1,12,,14,14,0,50.0,1.0,5.9432,0,0.0,1.7032,0
18883578.1,12,,14,14,0,50.0,1.0,5.8432,0,0.0,1.6802,0
18884002.8,12,,14,14,0,50.0,1.0,5.822,0,0.0,1.6753,0
18885394.1,12,,13,13,0,50.0,1.0,5.7524,0,0.0,1.6643,0
18885501.6,12,,12,12,0,50.0,1.0,5.7471,0,0.0,1.6634,0
18885578.1,12,,11,11,0,50.0,1.0,5.7432,0,0.0,1.6628,0
18886333.8,12,,11,11,0,50.0,1.0,5.7055,0,0.0,1.6561,0
18887578.1,12,,10,10,0,50.0,1.0,5.6432,0,0.0,1.6444,0
18889578.1,12,,10,10,0,50.0,1.0,5.5432,0,0.0,1.6257,0
18891578.1,12,,10,10,0,50.0,1.0,5.4432,0,0.0,1.6069,0
18893578.1,12,,10,10,0,50.0,1.0,5.3432,0,0.0,1.5882,0
18895578.1,12,,10,10,0,50.0,1.0,5.2432,0,0.0,1.5694,0
18896138.8,12,,10,10,0,50.0,1.0,5.2152,0,0.0,1.5642,0
18897578.1,12,,9,9,0,50.0,1.0,5.1432,0,0.0,1.5487,0
18899578.1,12,,9,9,0,50.0,1.0,5.0432,0,0.0,1.5273,0
18901578.1,12,,9,9,0,50.0,1.0,4.9432,0,0.0,1.5059,0
18902468.9,12,,9,9,0,50.0,1.0,4.8987,0,0.0,1.4963,0
18903578.1,12,,8,8,0,50.0,1.0,4.8432,0,0.0,1.4825,0
18905578.1,12,,8,8,0,50.0,1.0,4.7432,0,0.0,1.4575,0
18907578.1,12,,8,8,0,50.0,1.0,4.6432,0,0.0,1.4325,0
18909578.1,12,,8,8,0,50.0,1.0,4.5432,0,0.0,1.4075,0
18911578.1,12,,8,8,0,50.0,1.0,4.4432,0,0.0,1.3825,0
18913578.1,12,,8,8,0,50.0,1.0,4.3432,0,0.0,1.3575,0
18915578.1,12,,8,8,0,50.0,1.0,4.2432,0,0.0,1.3325,0
18917578.1,12,,8,8,0,50.0,1.0,4.1432,0,0.0,1.3075,0
18919578.1,12,,8,8,0,50.0,1.0,4.0432,0,0.0,1.2825,0
18921578.1,12,,8,8,0,50.0,1.0,3.9432,0,0.0,1.2575,0
18923578.1,12,,8,8,0,50.0,1.0,3.8432,0,0.0,1.2325,0
18925578.1,12,,8,8,0,50.0,1.0,3.7432,0,0.0,1.2075,0
18927578.1,12,,8,8,0,50.0,1.0,3.6432,0,0.0,1.1825,0
18929578.1,12,,8,8,0,50.0,1.0,3.5432,0,0.0,1.1575,0
18931578.1,12,,8,8,0,50.0,1.0,3.4432,0,0.0,1.1325,0
18933578.1,12,,8,8,0,50.0,1.0,3.3432,0,0.0,1.1075,0
18935578.1,12,,8,8,0,50.0,1.0,3.2432,0,0.0,1.0825,0
18937578.1,12,,8,8,0,50.0,1.0,3.1432,0,0.0,1.0575,0
18939578.1,12,,8,8,0,50.0,1.0,3.0432,0,0.0,1.0325,0
18941578.1,12,,8,8,0,50.0,1.0,2.9432,0,0.0,1.0075,0
18943578.1,12,,8,8,0,50.0,1.0,2.8432,0,0.0,0.9825,0
18945578.1,12,,8,8,0,50.0,1.0,2.7432,0,0.0,0.9575,0
18947578.1,12,,8,8,0,50.0,1.0,2.6432,0,0.0,0.9325,0
18949578.1,12,,8,8,0,50.0,1.0,2.5432,0,0.0,0.9075,0
18951578.1,12,,8,8,0,50.0,1.0,2.4432,0,0.0,0.8825,0
18953578.1,12,,8,8,0,50.0,1.0,2.3432,0,0.0,0.8575,0
18955578.1,12,,8,8,0,50.0,1.0,2.2432,0,0.0,0.8325,0
18957578.1,12,,8,8,0,50.0,1.0,2.1432,0,0.0,0.8075,0
18959578.1,12,,8,8,0,50.0,1.0,2.0432,0,0.0,0.7825,0
18961578.1,12,,8,8,0,50.0,1.0,1.9432,0,0.0,0.7575,0
18963578.1,12,,8,8,0,50.0,1.0,1.8432,0,0.0,0.7325,0
18965578.1,12,,8,8,0,50.0,1.0,1.7432,0,0.0,0.7075,0
18967578.1,12,,8,8,0,50.0,1.0,1.6432,0,0.0,0.6825,0
18969578.1,12,,8,8,0,50.0,1.0,1.5432,0,0.0,0.6575,0
18971578.1,12,,8,8,0,50.0,1.0,1.4432,0,0.0,0.6325,0
18973578.1,12,,8,8,0,50.0,1.0,1.3432,0,0.0,0.6075,0
18975578.1,12,,8,8,0,50.0,1.0,1.2432,0,0.0,0.5825,0
18977578.1,12,,8,8,0,50.0,1.0,1.1432,0,0.0,0.5575,0
18979201.8,12,,8,8,0,50.0,1.0,1.0621,0,0.0,0.5372,0
18979578.1,12,,7,7,0,50.0,1.0,1.0432,0,0.0,0.5317,0
18979857.1,12,,7,7,0,50.0,1.0,1.0293,0,0.0,0.5276,0
18981578.1,12,,6,6,0,50.0,1.0,0.9432,0,0.0,0.4989,0
18983578.1,12,,6,6,0,50.0,1.0,0.8432,0,0.0,0.4656,0
18984849.2,12,,6,6,0,50.0,1.0,0.7797,0,0.0,0.4444,0
18985578.1,12,,5,5,0,50.0,1.0,0.7432,0,0.0,0.4292,0
18987578.1,12,,5,5,0,50.0,1.0,0.6432,0,0.0,0.3876,0
18989578.1,12,,5,5,0,50.0,1.0,0.5432,0,0.0,0.3459,0
18991578.1,12,,5,5,0,50.0,1.0,0.4432,0,0.0,0.3042,0
18993578.1,12,,5,5,0,50.0,1.0,0.3432,0,0.0,0.2626,0
18994151.3,12,,5,5,0,50.0,1.0,0.3146,0,0.0,0.2506,0
18994436.6,12,,4,4,0,50.0,1.0,0.3003,0,0.0,0.2435,0
18995578.1,12,,3,3,0,50.0,1.0,0.2432,0,0.0,0.2054,0
18997578.1,12,,3,3,0,50.0,1.0,0.1432,0,0.0,0.1388,0
18997845.5,12,,3,3,0,50.0,1.0,0.1299,0,0.0,0.1299,0
18999142.8,12,,2,2,0,50.0,1.0,0.065,0,0.0,0.065,0
18999578.1,12,,1,1,0,50.0,1.0,0.0432,0,0.0,0.0432,0
19000442.9,12,,1,1,0,50.0,1.0,0.0,0,0.0,0.0,0
19001578.1,13,,124,56,8,50.0,1.0,68.2481,12.9032,0.0146,8.9867,0
19003578.1,13,,124,56,8,50.0,1.0,68.1481,12.9032,0.0405,8.9795,0
19005578.1,13,,124,56,8,50.0,1.0,68.0481,12.9032,0.0663,8.9724,0
19007578.1,13,,124,56,8,50.0,1.0,67.9481,12.9032,0.0921,8.9652,0
19009578.1,13,,124,56,8,50.0,1.0,67.8481,12.9032,0.1179,8.9581,0
19011578.1,13,,124,56,8,50.0,1.0,67.7481,12.9032,0.1437,8.951,0
19013578.1,13,,124,56,8,50.0,1.0,67.6481,12.9032,0.1695,8.9438,0
19015578.1,13,,124,56,8,50.0,1.0,67.5481,12.9032,0.1953,8.9367,0
19017578.1,13,,124,56,8,50.0,1.0,67.4481,12.9032,0.2211,8.9295,0
19019578.1,13,,124,56,8,50.0,1.0,67.3481,12.9032,0.2469,8.9224,0
19021578.1,13,,124,56,8,50.0,1.0,67.2481,12.9032,0.2727,8.9152,0
19023578.1,13,,124,56,8,50.0,1.0,67.1481,12.9032,0.2985,8.9081,0
19025578.1,13,,124,56,8,50.0,1.0,67.0481,12.9032,0.3243,8.901,0
19027578.1,13,,124,56,8,50.0,1.0,66.9481,12.9032,0.3501,8.8938,0
19029578.1,13,,124,56,8,50.0,1.0,66.8481,12.9032,0.3759,8.8867,0
19031578.1,13,,124,56,8,50.0,1.0,66.7481,12.9032,0.4017,8.8795,0
19033578.1,13,,124,56,8,50.0,1.0,66.6481,12.9032,0.4276,8.8724,0
19035578.1,13,,124,56,8,50.0,1.0,66.5481,12.9032,0.4534,8.8652,0
19037578.1,13,,124,56,8,50.0,1.0,66.4481,12.9032,0.4792,8.8581,0
19037689.2,13,,124,56,8,50.0,1.0,66.4426,12.9032,0.4806,8.8577,0
19037971.3,13,,123,56,8,50.0,1.0,66.4285,13.0108,0.4843,8.8567,0
19039578.1,13,,122,56,8,50.0,1.0,66.3481,13.1183,0.5053,8.851,0
19041578.1,13,,122,56,8,50.0,1.0,66.2481,13.1183,0.5316,8.8438,0
19043332.6,13,,122,56,8,50.0,1.0,66.1604,13.1183,0.5546,8.8375,0
19043578.1,13,,121,56,8,50.0,1.0,66.1481,13.2258,0.5578,8.8367,0
19045578.1,13,,121,56,8,50.0,1.0,66.0481,13.2258,0.5843,8.8295,0
19047578.1,13,,121,56,8,50.0,1.0,65.9481,13.2258,0.6107,8.8224,0
19049578.1,13,,121,56,8,50.0,1.0,65.8481,13.2258,0.6372,8.8152,0
19051578.1,13,,121,56,8,50.0,1.0,65.7481,13.2258,0.6637,8.8081,0
19053578.1,13,,121,56,8,50.0,1.0,65.6481,13.2258,0.6901,8.801,0
19055578.1,13,,121,56,8,50.0,1.0,65.5481,13.2258,0.7166,8.7938,0
19057578.1,13,,121,56,8,50.0,1.0,65.4481,13.2258,0.743,8.7867,0
19059578.1,13,,121,56,8,50.0,1.0,65.3481,13.2258,0.7695,8.7795,0
19061578.1,13,,121,56,8,50.0,1.0,65.2481,13.2258,0.7959,8.7724,0
19063578.1,13,,121,56,8,50.0,1.0,65.1481,13.2258,0.8224,8.7652,0
19065578.1,13,,121,56,8,50.0,1.0,65.0481,13.2258,0.8488,8.7581,0
19067578.1,13,,121,56,8,50.0,1.0,64.9481,13.2258,0.8753,8.751,0
19069578.1,13,,121,56,8,50.0,1.0,64.8481,13.2258,0.9017,8.7438,0
19069647.1,13,,121,56,8,50.0,1.0,64.8447,13.2258,0.9026,8.7436,0
19071578.1,13,,120,56,8,50.0,1.0,64.7481,13.3407,0.9284,8.7367,0
19072004.6,13,,120,56,8,50.0,1.0,64.7268,13.3407,0.9341,8.7351,0
19073578.1,13,,119,56,8,50.0,1.0,64.6481,13.4557,0.9553,8.7295,0
19074935.5,13,,119,56,8,50.0,1.0,64.5803,13.4557,0.9735,8.7247,0
19075578.1,13,,118,56,8,50.0,1.0,64.5481,13.5632,0.9822,8.7224,0
19077578.1,13,,118,56,8,50.0,1.0,64.4481,13.5632,1.0094,8.7152,0
19079578.1,13,,118,56,8,50.0,1.0,64.3481,13.5632,1.0365,8.7081,0
19080014.5,13,,118,56,8,50.0,1.0,64.3263,13.5632,1.0424,8.7065,0
19081578.1,13,,117,56,8,50.0,1.0,64.2481,13.6782,1.0638,8.701,0
19083578.1,13,,117,56,8,50.0,1.0,64.1481,13.6782,1.0911,8.6938,0
19085578.1,13,,117,56,8,50.0,1.0,64.0481,13.6782,1.1185,8.6867,0
19087578.1,13,,117,56,8,50.0,1.0,63.9481,13.6782,1.1459,8.6795,0
19089253.3,13,,117,56,8,50.0,1.0,63.8644,13.6782,1.1688,8.6735,0
19089408.0,13,,116,56,8,50.0,1.0,63.8566,13.8013,1.1709,8.673,0
19089578.1,13,,115,56,8,50.0,1.0,63.8481,13.9163,1.1733,8.6724,0
19091578.1,13,,115,56,8,50.0,1.0,63.7481,13.9163,1.2011,8.6652,0
19093578.1,13,,115,56,8,50.0,1.0,63.6481,13.9163,1.2289,8.6581,0
19095578.1,13,,115,56,8,50.0,1.0,63.5481,13.9163,1.2568,8.651,0
19097578.1,13,,115,56,8,50.0,1.0,63.4481,13.9163,1.2846,8.6438,0
19097627.3,13,,115,56,8,50.0,1.0,63.4457,13.9163,1.2853,8.6436,0
19098382.8,13,,114,56,8,50.0,1.0,63.4079,14.0394,1.2959,8.6409,0
19099578.1,13,,113,56,8,50.0,1.0,63.3481,14.1626,1.3128,8.6367,0
19100722.1,13,,113,56,8,50.0,1.0,63.2909,14.1626,1.329,8.6326,0
19101578.1,13,,112,56,8,50.0,1.0,63.2481,14.2948,1.3413,8.6295,0
19103578.1,13,,112,56,8,50.0,1.0,63.1481,14.2948,1.3699,8.6224,0
19103680.3,13,,112,56,8,50.0,1.0,63.143,14.2948,1.3713,8.622,0
19104408.5,13,,111,56,8,50.0,1.0,63.1066,14.418,1.3818,8.6194,0
19104508.6,13,,110,56,8,50.0,1.0,63.1016,14.5604,1.3833,8.6191,0
19105578.1,13,,109,56,8,50.0,1.0,63.0481,14.6927,1.399,8.6152,0
19105773.8,13,,109,56,8,50.0,1.0,63.0384,14.6927,1.4019,8.6145,0
19107578.1,13,,108,56,8,50.0,1.0,62.9481,14.825,1.4286,8.6081,0
19109578.1,13,,108,56,8,50.0,1.0,62.8481,14.825,1.4583,8.601,0
19109915.3,13,,108,56,8,50.0,1.0,62.8313,14.825,1.4633,8.5997,0
19111426.3,13,,107,56,8,50.0,1.0,62.7557,14.9674,1.4859,8.5944,0
19111578.1,13,,106,56,8,50.0,1.0,62.7481,15.1099,1.4882,8.5938,0
19113578.1,13,,106,56,8,50.0,1.0,62.6481,15.1099,1.5184,8.5867,0
19113874.8,13,,106,56,8,50.0,1.0,62.6333,15.1099,1.5229,8.5856,0
19114739.5,13,,105,56,8,50.0,1.0,62.5901,15.2422,1.5361,8.5825,0
19115578.1,13,,104,56,8,50.0,1.0,62.5481,15.396,1.549,8.5795,0
19116305.1,13,,104,56,8,50.0,1.0,62.5118,15.396,1.5602,8.5769,0
19117578.1,13,,103,56,8,50.0,1.0,62.4481,15.5499,1.58,8.5724,0
19118808.2,13,,103,56,8,50.0,1.0,62.3866,15.5499,1.5991,8.568,0
19119578.1,13,,102,56,8,50.0,1.0,62.3481,15.7165,1.6112,8.5652,0
19120756.1,13,,102,56,8,50.0,1.0,62.2892,15.7165,1.6297,8.561,0
19121111.0,13,,101,56,8,50.0,1.0,62.2715,15.859,1.6353,8.5598,0
19121578.1,13,,100,56,8,50.0,1.0,62.2481,16.0256,1.6428,8.5581,0
19123578.1,13,,100,56,8,50.0,1.0,62.1481,16.0256,1.6749,8.551,0
19125234.3,13,,100,56,8,50.0,1.0,62.0653,16.0256,1.7014,8.545,0
19125578.1,13,,99,56,8,50.0,1.0,62.0481,16.1795,1.707,8.5438,0
19127578.1,13,,99,56,8,50.0,1.0,61.9481,16.1795,1.7393,8.5367,0
19129578.1,13,,99,56,8,50.0,1.0,61.8481,16.1795,1.7717,8.5295,0
19130695.7,13,,99,56,8,50.0,1.0,61.7923,16.1795,1.7898,8.5255,0
19131578.1,13,,98,56,8,50.0,1.0,61.7481,16.3462,1.8042,8.5224,0
19132588.9,13,,98,56,8,50.0,1.0,61.6976,16.3462,1.8207,8.5188,0
19133578.1,13,,97,56,8,50.0,1.0,61.6481,16.5,1.837,8.5152,0
19135578.1,13,,97,56,8,50.0,1.0,61.5481,16.5,1.87,8.5081,0
19137578.1,13,,97,56,8,50.0,1.0,61.4481,16.5,1.903,8.501,0
19137822.7,13,,97,56,8,50.0,1.0,61.4359,16.5,1.9071,8.5001,0
19139578.1,13,,96,56,8,50.0,1.0,61.3481,16.6667,1.9363,8.4938,0
19141578.1,13,,96,56,8,50.0,1.0,61.2481,16.6667,1.9697,8.4867,0
19143578.1,13,,96,56,8,50.0,1.0,61.1481,16.6667,2.003,8.4795,0
19145578.1,13,,96,56,8,50.0,1.0,61.0481,16.6667,2.0363,8.4724,0
19147578.1,13,,96,56,8,50.0,1.0,60.9481,16.6667,2.0697,8.4652,0
19149578.1,13,,96,56,8,50.0,1.0,60.8481,16.6667,2.103,8.4581,0
19151578.1,13,,96,56,8,50.0,1.0,60.7481,16.6667,2.1363,8.451,0
19153578.1,13,,96,56,8,50.0,1.0,60.6481,16.6667,2.1697,8.4438,0
19155578.1,13,,96,56,8,50.0,1.0,60.5481,16.6667,2.203,8.4367,0
19157578.1,13,,96,56,8,50.0,1.0,60.4481,16.6667,2.2363,8.4295,0
19159578.1,13,,96,56,8,50.0,1.0,60.3481,16.6667,2.2697,8.4224,0
19161578.1,13,,96,56,8,50.0,1.0,60.2481,16.6667,2.303,8.4152,0
19163578.1,13,,96,56,8,50.0,1.0,60.1481,16.6667,2.3363,8.4081,0
19165578.1,13,,96,56,8,50.0,1.0,60.0481,16.6667,2.3697,8.401,0
19167578.1,13,,96,56,8,50.0,1.0,59.9481,16.6667,2.403,8.3938,0
19169578.1,13,,96,56,8,50.0,1.0,59.8481,16.6667,2.4363,8.3867,0
19171578.1,13,,96,56,8,50.0,1.0,59.7481,16.6667,2.4697,8.3795,0
19173578.1,13,,96,56,8,50.0,1.0,59.6481,16.6667,2.503,8.3724,0
19175578.1,13,,96,56,8,50.0,1.0,59.5481,16.6667,2.5363,8.3652,0
19177578.1,13,,96,56,8,50.0,1.0,59.4481,16.6667,2.5697,8.3581,0
19179578.1,13,,96,56,8,50.0,1.0,59.3481,16.6667,2.603,8.351,0
19181578.1,13,,96,56,8,50.0,1.0,59.2481,16.6667,2.6363,8.3438,0
19183578.1,13,,96,56,8,50.0,1.0,59.1481,16.6667,2.6697,8.3367,0
19185578.1,13,,96,56,8,50.0,1.0,59.0481,16.6667,2.703,8.3295,0
19187578.1,13,,96,56,8,50.0,1.0,58.9481,16.6667,2.7363,8.3224,0
19189578.1,13,,96,56,8,50.0,1.0,58.8481,16.6667,2.7697,8.3152,0
19191578.1,13,,96,56,8,50.0,1.0,58.7481,16.6667,2.803,8.3081,0
19193578.1,13,,96,56,8,50.0,1.0,58.6481,16.6667,2.8363,8.301,0
19195578.1,13,,96,56,8,50.0,1.0,58.5481,16.6667,2.8697,8.2938,0
19197578.1,13,,96,56,8,50.0,1.0,58.4481,16.6667,2.903,8.2867,0
19199578.1,13,,96,56,8,50.0,1.0,58.3481,16.6667,2.9363,8.2795,0
19201578.1,13,,96,56,8,50.0,1.0,58.2481,16.6667,2.9697,8.2724,0
19203578.1,13,,96,56,8,50.0,1.0,58.1481,16.6667,3.003,8.2652,0
19205578.1,13,,96,56,8,50.0,1.0,58.0481,16.6667,3.0363,8.2581,0
19207578.1,13,,96,56,8,50.0,1.0,57.9481,16.6667,3.0697,8.251,0
19209578.1,13,,96,56,8,50.0,1.0,57.8481,16.6667,3.103,8.2438,0
19211578.1,13,,96,56,8,50.0,1.0,57.7481,16.6667,3.1363,8.2367,0
19213578.1,13,,96,56,8,50.0,1.0,57.6481,16.6667,3.1697,8.2295,0
19215578.1,13,,96,56,8,50.0,1.0,57.5481,16.6667,3.203,8.2224,0
19217578.1,13,,96,56,8,50.0,1.0,57.4481,16.6667,3.2363,8.2152,0
19219578.1,13,,96,56,8,50.0,1.0,57.3481,16.6667,3.2697,8.2081,0
19221578.1,13,,96,56,8,50.0,1.0,57.2481,16.6667,3.303,8.201,0
19223578.1,13,,96,56,8,50.0,1.0,57.1481,16.6667,3.3363,8.1938,0
19225578.1,13,,96,56,8,50.0,1.0,57.0481,16.6667,3.3697,8.1867,0
19227578.1,13,,96,56,8,50.0,1.0,56.9481,16.6667,3.403,8.1795,0
19229578.1,13,,96,56,8,50.0,1.0,56.8481,16.6667,3.4363,8.1724,0
19231578.1,13,,96,56,8,50.0,1.0,56.7481,16.6667,3.4697,8.1652,0
19233578.1,13,,96,56,8,50.0,1.0,56.6481,16.6667,3.503,8.1581,0
19235578.1,13,,96,56,8,50.0,1.0,56.5481,16.6667,3.5363,8.151,0
19237578.1,13,,96,56,8,50.0,1.0,56.4481,16.6667,3.5697,8.1438,0
19239578.1,13,,96,56,8,50.0,1.0,56.3481,16.6667,3.603,8.1367,0
19241578.1,13,,96,56,8,50.0,1.0,56.2481,16.6667,3.6363,8.1295,0
19243578.1,13,,96,56,8,50.0,1.0,56.1481,16.6667,3.6697,8.1224,0
19245578.1,13,,96,56,8,50.0,1.0,56.0481,16.6667,3.703,8.1152,0
19247578.1,13,,96,56,8,50.0,1.0,55.9481,16.6667,3.7363,8.1081,0
19249578.1,13,,96,56,8,50.0,1.0,55.8481,16.6667,3.7697,8.101,0
19251578.1,13,,96,56,8,50.0,1.0,55.7481,16.6667,3.803,8.0938,0
19253578.1,13,,96,56,8,50.0,1.0,55.6481,16.6667,3.8363,8.0867,0
19255578.1,13,,96,56,8,50.0,1.0,55.5481,16.6667,3.8697,8.0795,0
19257578.1,13,,96,56,8,50.0,1.0,55.4481,16.6667,3.903,8.0724,0
19259578.1,13,,96,56,8,50.0,1.0,55.3481,16.6667,3.9363,8.0652,0
19261578.1,13,,96,56,8,50.0,1.0,55.2481,16.6667,3.9697,8.0581,0
19263578.1,13,,96,56,8,50.0,1.0,55.1481,16.6667,4.003,8.051,0
19265578.1,13,,96,56,8,50.0,1.0,55.0481,16.6667,4.0363,8.0438,0
19267578.1,13,,96,56,8,50.0,1.0,54.9481,16.6667,4.0697,8.0367,0
19269578.1,13,,96,56,8,50.0,1.0,54.8481,16.6667,4.103,8.0295,0
19271578.1,13,,96,56,8,50.0,1.0,54.7481,16.6667,4.1363,8.0224,0
19273578.1,13,,96,56,8,50.0,1.0,54.6481,16.6667,4.1697,8.0152,0
19275578.1,13,,96,56,8,50.0,1.0,54.5481,16.6667,4.203,8.0081,0
19277578.1,13,,96,56,8,50.0,1.0,54.4481,16.6667,4.2363,8.001,0
19279578.1,13,,96,56,8,50.0,1.0,54.3481,16.6667,4.2697,7.9938,0
19281578.1,13,,96,56,8,50.0,1.0,54.2481,16.6667,4.303,7.9867,0
19283578.1,13,,96,56,8,50.0,1.0,54.1481,16.6667,4.3363,7.9795,0
19285578.1,13,,96,56,8,50.0,1.0,54.0481,16.6667,4.3697,7.9724,0
19287578.1,13,,96,56,8,50.0,1.0,53.9481,16.6667,4.403,7.9652,0
19289578.1,13,,96,56,8,50.0,1.0,53.8481,16.6667,4.4363,7.9581,0
19291578.1,13,,96,56,8,50.0,1.0,53.7481,16.6667,4.4697,7.951,0
19293578.1,13,,96,56,8,50.0,1.0,53.6481,16.6667,4.503,7.9438,0
19295578.1,13,,96,56,8,50.0,1.0,53.5481,16.6667,4.5363,7.9367,0
19297578.1,13,,96,56,8,50.0,1.0,53.4481,16.6667,4.5697,7.9295,0
19299578.1,13,,96,56,8,50.0,1.0,53.3481,16.6667,4.603,7.9224,0
19299915.1,13,,96,56,8,50.0,1.0,53.3313,16.6667,4.6086,7.9212,0
19301578.1,13,,95,56,8,50.0,1.0,53.2481,16.8478,4.6366,7.9152,0
19303578.1,13,,95,56,8,50.0,1.0,53.1481,16.8478,4.6703,7.9081,0
19305578.1,13,,95,56,8,50.0,1.0,53.0481,16.8478,4.704,7.901,0
19307578.1,13,,95,56,8,50.0,1.0,52.9481,16.8478,4.7377,7.8938,0
19309578.1,13,,95,56,8,50.0,1.0,52.8481,16.8478,4.7714,7.8867,0
19311578.1,13,,95,56,8,50.0,1.0,52.7481,16.8478,4.8051,7.8795,0
19313578.1,13,,95,56,8,50.0,1.0,52.6481,16.8478,4.8388,7.8724,0
19315578.1,13,,95,56,8,50.0,1.0,52.5481,16.8478,4.8725,7.8652,0
19317578.1,13,,95,56,8,50.0,1.0,52.4481,16.8478,4.9062,7.8581,0
19319578.1,13,,95,56,8,50.0,1.0,52.3481,16.8478,4.9399,7.851,0
19321578.1,13,,95,56,8,50.0,1.0,52.2481,16.8478,4.9736,7.8438,0
19323578.1,13,,95,56,8,50.0,1.0,52.1481,16.8478,5.0073,7.8367,0
19325578.1,13,,95,56,8,50.0,1.0,52.0481,16.8478,5.041,7.8295,0
19327578.1,13,,95,56,8,50.0,1.0,51.9481,16.8478,5.0747,7.8224,0
19329578.1,13,,95,56,8,50.0,1.0,51.8481,16.8478,5.1084,7.8152,0
19331454.3,13,,95,56,8,50.0,1.0,51.7543,16.8478,5.14,7.8085,0
19331578.1,13,,94,56,8,50.0,1.0,51.7481,17.029,5.1421,7.8081,0
19333578.1,13,,94,56,8,50.0,1.0,51.6481,17.029,5.1761,7.801,0
19335578.1,13,,94,56,8,50.0,1.0,51.5481,17.029,5.2102,7.7938,0
19337106.8,13,,94,56,8,50.0,1.0,51.4717,17.029,5.2362,7.7883,0
19337578.1,13,,93,56,8,50.0,1.0,51.4481,17.2266,5.2443,7.7867,0
19337598.3,13,,93,56,8,50.0,1.0,51.4471,17.2266,5.2447,7.7866,0
19339578.1,13,,92,56,8,50.0,1.0,51.3481,17.4242,5.2792,7.7795,0
19341578.1,13,,92,56,8,50.0,1.0,51.2481,17.4242,5.314,7.7724,0
19343578.1,13,,92,56,8,50.0,1.0,51.1481,17.4242,5.3489,7.7652,0
19344688.9,13,,92,56,8,50.0,1.0,51.0926,17.4242,5.3682,7.7613,0
19345578.1,13,,91,56,8,50.0,1.0,51.0481,17.6054,5.3839,7.7581,0
19346336.4,13,,91,56,8,50.0,1.0,51.0102,17.6054,5.3973,7.7554,0
19347578.1,13,,90,56,8,50.0,1.0,50.9481,17.7866,5.4193,7.751,0
19349578.1,13,,90,56,8,50.0,1.0,50.8481,17.7866,5.4549,7.7438,0
19351578.1,13,,90,56,8,50.0,1.0,50.7481,17.7866,5.4905,7.7367,0
19353578.1,13,,90,56,8,50.0,1.0,50.6481,17.7866,5.5261,7.7295,0
19355578.1,13,,90,56,8,50.0,1.0,50.5481,17.7866,5.5616,7.7224,0
19357578.1,13,,90,56,8,50.0,1.0,50.4481,17.7866,5.5972,7.7152,0
19359578.1,13,,90,56,8,50.0,1.0,50.3481,17.7866,5.6328,7.7081,0
19361578.1,13,,90,56,8,50.0,1.0,50.2481,17.7866,5.6683,7.701,0
19363578.1,13,,90,56,8,50.0,1.0,50.1481,17.7866,5.7039,7.6938,0
19365578.1,13,,90,56,8,50.0,1.0,50.0481,17.7866,5.7395,7.6867,0
19367578.1,13,,90,56,8,50.0,1.0,49.9481,17.7866,5.7751,7.6795,0
19369578.1,13,,90,56,8,50.0,1.0,49.8481,17.7866,5.8106,7.6724,0
19371578.1,13,,90,56,8,50.0,1.0,49.7481,17.7866,5.8462,7.6652,0
19373578.1,13,,90,56,8,50.0,1.0,49.6481,17.7866,5.8818,7.6581,0
19375578.1,13,,90,56,8,50.0,1.0,49.5481,17.7866,5.9174,7.651,0
19377578.1,13,,90,56,8,50.0,1.0,49.4481,17.7866,5.9529,7.6438,0
19378367.1,13,,90,56,8,50.0,1.0,49.4087,17.7866,5.967,7.641,0
19379578.1,13,,89,56,8,50.0,1.0,49.3481,17.9842,5.9887,7.6367,0
19381578.1,13,,89,56,8,50.0,1.0,49.2481,17.9842,6.0247,7.6295,0
19383578.1,13,,89,56,8,50.0,1.0,49.1481,17.9842,6.0607,7.6224,0
19385578.1,13,,89,56,8,50.0,1.0,49.0481,17.9842,6.0967,7.6152,0
19387578.1,13,,89,56,8,50.0,1.0,48.9481,17.9842,6.1326,7.6081,0
19389578.1,13,,89,56,8,50.0,1.0,48.8481,17.9842,6.1686,7.601,0
19391578.1,13,,89,56,8,50.0,1.0,48.7481,17.9842,6.2046,7.5938,0
19393578.1,13,,89,56,8,50.0,1.0,48.6481,17.9842,6.2405,7.5867,0
19395578.1,13,,89,56,8,50.0,1.0,48.5481,17.9842,6.2765,7.5795,0
19397578.1,13,,89,56,8,50.0,1.0,48.4481,17.9842,6.3125,7.5724,0
19399578.1,13,,89,56,8,50.0,1.0,48.3481,17.9842,6.3484,7.5652,0
19401578.1,13,,89,56,8,50.0,1.0,48.2481,17.9842,6.3844,7.5581,0
19403578.1,13,,89,56,8,50.0,1.0,48.1481,17.9842,6.4204,7.551,0
19405578.1,13,,89,56,8,50.0,1.0,48.0481,17.9842,6.4563,7.5438,0
19407578.1,13,,89,56,8,50.0,1.0,47.9481,17.9842,6.4923,7.5367,0
19407885.7,13,,89,56,8,50.0,1.0,47.9328,17.9842,6.4978,7.5356,0
19409578.1,13,,88,56,7,50.0,1.0,47.8481,15.8197,5.7095,7.5295,0
19411326.3,13,,88,56,7,50.0,1.0,47.7607,15.8197,5.7372,7.5233,0
19411578.1,13,,87,56,7,50.0,1.0,47.7481,15.9387,5.7412,7.5224,0
19413578.1,13,,87,56,7,50.0,1.0,47.6481,15.9387,5.7731,7.5152,0
19415578.1,13,,87,56,7,50.0,1.0,47.5481,15.9387,5.8049,7.5081,0
19417578.1,13,,87,56,7,50.0,1.0,47.4481,15.9387,5.8368,7.501,0
19419578.1,13,,87,56,7,50.0,1.0,47.3481,15.9387,5.8687,7.4938,0
19421578.1,13,,87,56,7,50.0,1.0,47.2481,15.9387,5.9006,7.4867,0
19423578.1,13,,87,56,7,50.0,1.0,47.1481,15.9387,5.9324,7.4795,0
19425578.1,13,,87,56,7,50.0,1.0,47.0481,15.9387,5.9643,7.4724,0
19427578.1,13,,87,56,7,50.0,1.0,46.9481,15.9387,5.9962,7.4652,0
19429578.1,13,,87,56,7,50.0,1.0,46.8481,15.9387,6.0281,7.4581,0
19431578.1,13,,87,56,7,50.0,1.0,46.7481,15.9387,6.0599,7.451,0
19433578.1,13,,87,56,7,50.0,1.0,46.6481,15.9387,6.0918,7.4438,0
19435578.1,13,,87,56,7,50.0,1.0,46.5481,15.9387,6.1237,7.4367,0
19437012.8,13,,87,56,7,50.0,1.0,46.4764,15.9387,6.1466,7.4315,0
19437578.1,13,,86,56,7,50.0,1.0,46.4481,16.1364,6.1557,7.4295,0
19439578.1,13,,86,56,7,50.0,1.0,46.3481,16.1364,6.188,7.4224,0
19441578.1,13,,86,56,7,50.0,1.0,46.2481,16.1364,6.2202,7.4152,0
19442419.5,13,,86,56,7,50.0,1.0,46.2061,16.1364,6.2338,7.4122,0
19443247.8,13,,85,56,7,50.0,1.0,46.1647,16.3528,6.2474,7.4093,0
19443578.1,13,,84,56,7,50.0,1.0,46.1481,16.5693,6.2528,7.4081,0
19445578.1,13,,84,56,7,50.0,1.0,46.0481,16.5693,6.286,7.401,0
19446688.4,13,,84,56,7,50.0,1.0,45.9926,16.5693,6.3044,7.397,0
19447578.1,13,,83,56,6,50.0,1.0,45.9481,14.3074,5.4201,7.3938,0
19449578.1,13,,83,56,6,50.0,1.0,45.8481,14.3074,5.4487,7.3867,0
19450647.9,13,,83,56,6,50.0,1.0,45.7946,14.3074,5.464,7.3828,0
19451578.1,13,,82,56,6,50.0,1.0,45.7481,14.5238,5.4775,7.3795,0
19453578.1,13,,82,56,6,50.0,1.0,45.6481,14.5238,5.5066,7.3724,0
19455578.1,13,,82,56,6,50.0,1.0,45.5481,14.5238,5.5356,7.3652,0
19457578.1,13,,82,56,6,50.0,1.0,45.4481,14.5238,5.5646,7.3581,0
19459578.1,13,,82,56,6,50.0,1.0,45.3481,14.5238,5.5937,7.351,0
19460969.8,13,,82,56,6,50.0,1.0,45.2785,14.5238,5.6139,7.346,0
19461578.1,13,,81,56,5,50.0,1.0,45.2481,12.2619,4.6834,7.3438,0
19463578.1,13,,81,56,5,50.0,1.0,45.1481,12.2619,4.7079,7.3367,0
19465578.1,13,,81,56,5,50.0,1.0,45.0481,12.2619,4.7324,7.3295,0
19467578.1,13,,81,56,5,50.0,1.0,44.9481,12.2619,4.757,7.3224,0
19469578.1,13,,81,56,5,50.0,1.0,44.8481,12.2619,4.7815,7.3152,0
19471578.1,13,,81,56,5,50.0,1.0,44.7481,12.2619,4.806,7.3081,0
19473578.1,13,,81,56,5,50.0,1.0,44.6481,12.2619,4.8305,7.301,0
19475578.1,13,,81,56,5,50.0,1.0,44.5481,12.2619,4.855,7.2938,0
19477578.1,13,,81,56,5,50.0,1.0,44.4481,12.2619,4.8796,7.2867,0
19479456.4,13,,81,56,5,50.0,1.0,44.3542,12.2619,4.9026,7.28,0
19479578.1,13,,80,56,4,50.0,1.0,44.3481,9.7619,3.9248,7.2795,0
19481578.1,13,,80,56,4,50.0,1.0,44.2481,9.7619,3.9444,7.2724,0
19481777.5,13,,80,56,4,50.0,1.0,44.2382,9.7619,3.9463,7.2717,0
19483578.1,13,,79,56,3,50.0,1.0,44.1481,7.2619,2.96,7.2652,0
19485578.1,13,,79,56,3,50.0,1.0,44.0481,7.2619,2.9745,7.2581,0
19487578.1,13,,79,56,3,50.0,1.0,43.9481,7.2619,2.989,7.251,0
19489578.1,13,,79,56,3,50.0,1.0,43.8481,7.2619,3.0035,7.2438,0
19490588.4,13,,79,56,3,50.0,1.0,43.7976,7.2619,3.0109,7.2402,0
19491578.1,13,,78,56,2,50.0,1.0,43.7481,5.0,2.0164,7.2367,0
19493578.1,13,,78,56,2,50.0,1.0,43.6481,5.0,2.0264,7.2295,0
19495578.1,13,,78,56,2,50.0,1.0,43.5481,5.0,2.0364,7.2224,0
19497578.1,13,,78,56,2,50.0,1.0,43.4481,5.0,2.0464,7.2152,0
19499578.1,13,,78,56,2,50.0,1.0,43.3481,5.0,2.0564,7.2081,0
19501578.1,13,,78,56,2,50.0,1.0,43.2481,5.0,2.0664,7.201,0
19503578.1,13,,78,56,2,50.0,1.0,43.1481,5.0,2.0764,7.1938,0
19505578.1,13,,78,56,2,50.0,1.0,43.0481,5.0,2.0864,7.1867,0
19507578.1,13,,78,56,2,50.0,1.0,42.9481,5.0,2.0964,7.1795,0
19509578.1,13,,78,56,2,50.0,1.0,42.8481,5.0,2.1064,7.1724,0
19511578.1,13,,78,56,2,50.0,1.0,42.7481,5.0,2.1164,7.1652,0
19513578.1,13,,78,56,2,50.0,1.0,42.6481,5.0,2.1264,7.1581,0
19515578.1,13,,78,56,2,50.0,1.0,42.5481,5.0,2.1364,7.151,0
19517578.1,13,,78,56,2,50.0,1.0,42.4481,5.0,2.1464,7.1438,0
19519578.1,13,,78,56,2,50.0,1.0,42.3481,5.0,2.1564,7.1367,0
19519924.9,13,,78,56,2,50.0,1.0,42.3308,5.0,2.1581,7.1354,0
19521578.1,13,,77,56,2,50.0,1.0,42.2481,5.0,2.1664,7.1295,0
19523578.1,13,,77,56,2,50.0,1.0,42.1481,5.0,2.1764,7.1224,0
19525578.1,13,,77,56,2,50.0,1.0,42.0481,5.0,2.1864,7.1152,0
19527578.1,13,,77,56,2,50.0,1.0,41.9481,5.0,2.1964,7.1081,0
19529578.1,13,,77,56,2,50.0,1.0,41.8481,5.0,2.2064,7.101,0
19531578.1,13,,77,56,2,50.0,1.0,41.7481,5.0,2.2164,7.0938,0
19533578.1,13,,77,56,2,50.0,1.0,41.6481,5.0,2.2264,7.0867,0
19535578.1,13,,77,56,2,50.0,1.0,41.5481,5.0,2.2364,7.0795,0
19537578.1,13,,77,56,2,50.0,1.0,41.4481,5.0,2.2464,7.0724,0
19539578.1,13,,77,56,2,50.0,1.0,41.3481,5.0,2.2564,7.0652,0
19541578.1,13,,77,56,2,50.0,1.0,41.2481,5.0,2.2664,7.0581,0
19543578.1,13,,77,56,2,50.0,1.0,41.1481,5.0,2.2764,7.051,0
19545578.1,13,,77,56,2,50.0,1.0,41.0481,5.0,2.2864,7.0438,0
19547149.7,13,,77,56,2,50.0,1.0,40.9696,5.0,2.2943,7.0382,0
19547578.1,13,,76,56,2,50.0,1.0,40.9481,5.0,2.2964,7.0367,0
19549578.1,13,,76,56,2,50.0,1.0,40.8481,5.0,2.3064,7.0295,0
19551578.1,13,,76,56,2,50.0,1.0,40.7481,5.0,2.3164,7.0224,0
19553578.1,13,,76,56,2,50.0,1.0,40.6481,5.0,2.3264,7.0152,0
19555578.1,13,,76,56,2,50.0,1.0,40.5481,5.0,2.3364,7.0081,0
19557578.1,13,,76,56,2,50.0,1.0,40.4481,5.0,2.3464,7.001,0
19559578.1,13,,76,56,2,50.0,1.0,40.3481,5.0,2.3564,6.9938,0
19561578.1,13,,76,56,2,50.0,1.0,40.2481,5.0,2.3664,6.9867,0
19563578.1,13,,76,56,2,50.0,1.0,40.1481,5.0,2.3764,6.9795,0
19565578.1,13,,76,56,2,50.0,1.0,40.0481,5.0,2.3864,6.9724,0
19566676.9,13,,76,56,2,50.0,1.0,39.9932,5.0,2.3919,6.9685,0
19567578.1,13,,75,55,2,50.0,1.0,39.9481,5.0,2.3964,6.9652,0
19569578.1,13,,75,55,2,50.0,1.0,39.8481,5.0,2.4064,6.9579,0
19571451.2,13,,75,55,2,50.0,1.0,39.7545,5.0,2.4158,6.9511,0
19571578.1,13,,74,54,2,50.0,1.0,39.7481,5.0,2.4164,6.9506,0
19573578.1,13,,74,54,2,50.0,1.0,39.6481,5.0,2.4264,6.9432,0
19575578.1,13,,74,54,2,50.0,1.0,39.5481,5.0,2.4364,6.9357,0
19577578.1,13,,74,54,2,50.0,1.0,39.4481,5.0,2.4464,6.9283,0
19579578.1,13,,74,54,2,50.0,1.0,39.3481,5.0,2.4564,6.9209,0
19581578.1,13,,74,54,2,50.0,1.0,39.2481,5.0,2.4664,6.9134,0
19583578.1,13,,74,54,2,50.0,1.0,39.1481,5.0,2.4764,6.906,0
19585578.1,13,,74,54,2,50.0,1.0,39.0481,5.0,2.4864,6.8986,0
19587578.1,13,,74,54,2,50.0,1.0,38.9481,5.0,2.4964,6.8912,0
19589578.1,13,,74,54,2,50.0,1.0,38.8481,5.0,2.5064,6.8837,0
19591578.1,13,,74,54,2,50.0,1.0,38.7481,5.0,2.5164,6.8763,0
19593578.1,13,,74,54,2,50.0,1.0,38.6481,5.0,2.5264,6.8689,0
19593680.2,13,,74,54,2,50.0,1.0,38.643,5.0,2.5269,6.8685,0
19595578.1,13,,73,54,2,50.0,1.0,38.5481,5.1316,2.5367,6.8614,0
19597084.4,13,,73,54,2,50.0,1.0,38.4728,5.1316,2.5444,6.8558,0
19597578.1,13,,72,54,2,50.0,1.0,38.4481,5.2632,2.547,6.854,0
19599578.1,13,,72,54,2,50.0,1.0,38.3481,5.2632,2.5575,6.8466,0
19601578.1,13,,72,54,2,50.0,1.0,38.2481,5.2632,2.568,6.8392,0
19603578.1,13,,72,54,2,50.0,1.0,38.1481,5.2632,2.5786,6.8317,0
19605578.1,13,,72,54,2,50.0,1.0,38.0481,5.2632,2.5891,6.8243,0
19607578.1,13,,72,54,2,50.0,1.0,37.9481,5.2632,2.5996,6.8169,0
19609578.1,13,,72,54,2,50.0,1.0,37.8481,5.2632,2.6101,6.8095,0
19610801.5,13,,72,54,2,50.0,1.0,37.787,5.2632,2.6166,6.8049,0
19611578.1,13,,71,54,1,50.0,1.0,37.7481,2.6316,1.3038,6.8021,0
19613578.1,13,,71,54,1,50.0,1.0,37.6481,2.6316,1.3091,6.7946,0
19615578.1,13,,71,54,1,50.0,1.0,37.5481,2.6316,1.3143,6.7872,0
19617578.1,13,,71,54,1,50.0,1.0,37.4481,2.6316,1.3196,6.7798,0
19619578.1,13,,71,54,1,50.0,1.0,37.3481,2.6316,1.3249,6.7724,0
19619939.8,13,,71,54,1,50.0,1.0,37.3301,2.6316,1.3258,6.771,0
19621578.1,13,,70,53,1,50.0,1.0,37.2481,2.7778,1.3304,6.7649,0
19623578.1,13,,70,53,1,50.0,1.0,37.1481,2.7778,1.3359,6.7573,0
19625578.1,13,,70,53,1,50.0,1.0,37.0481,2.7778,1.3415,6.7498,0
19627578.1,13,,70,53,1,50.0,1.0,36.9481,2.7778,1.347,6.7422,0
19629578.1,13,,70,53,1,50.0,1.0,36.8481,2.7778,1.3526,6.7346,0
19631578.1,13,,70,53,1,50.0,1.0,36.7481,2.7778,1.3581,6.7271,0
19633578.1,13,,70,53,1,50.0,1.0,36.6481,2.7778,1.3637,6.7195,0
19635578.1,13,,70,53,1,50.0,1.0,36.5481,2.7778,1.3692,6.712,0
19637578.1,13,,70,53,1,50.0,1.0,36.4481,2.7778,1.3748,6.7044,0
19638045.6,13,,70,53,1,50.0,1.0,36.4248,2.7778,1.3761,6.7027,0
19639578.1,13,,69,52,1,50.0,1.0,36.3481,2.7778,1.3804,6.6968,0
19641049.6,13,,69,52,1,50.0,1.0,36.2746,2.7778,1.3844,6.6911,0
19641558.0,13,,68,52,0,50.0,1.0,36.2491,0,0.0,6.6891,0
19641578.1,13,,67,51,0,50.0,1.0,36.2481,0,0.0,6.6891,0
19643578.1,13,,67,51,0,50.0,1.0,36.1481,0,0.0,6.6812,0
19645578.1,13,,67,51,0,50.0,1.0,36.0481,0,0.0,6.6733,0
19647578.1,13,,67,51,0,50.0,1.0,35.9481,0,0.0,6.6655,0
19649578.1,13,,67,51,0,50.0,1.0,35.8481,0,0.0,6.6576,0
19651578.1,13,,67,51,0,50.0,1.0,35.7481,0,0.0,6.6497,0
19653578.1,13,,67,51,0,50.0,1.0,35.6481,0,0.0,6.6419,0
19655578.1,13,,67,51,0,50.0,1.0,35.5481,0,0.0,6.634,0
19657578.1,13,,67,51,0,50.0,1.0,35.4481,0,0.0,6.6261,0
19659578.1,13,,67,51,0,50.0,1.0,35.3481,0,0.0,6.6182,0
19661578.1,13,,67,51,0,50.0,1.0,35.2481,0,0.0,6.6104,0
19661950.1,13,,67,51,0,50.0,1.0,35.2295,0,0.0,6.6089,0
19663578.1,13,,66,51,0,50.0,1.0,35.1481,0,0.0,6.6025,0
19663824.6,13,,66,51,0,50.0,1.0,35.1358,0,0.0,6.6015,0
19665578.1,13,,65,51,0,50.0,1.0,35.0481,0,0.0,6.5946,0
19667578.1,13,,65,51,0,50.0,1.0,34.9481,0,0.0,6.5867,0
19669578.1,13,,65,51,0,50.0,1.0,34.8481,0,0.0,6.5789,0
19671578.1,13,,65,51,0,50.0,1.0,34.7481,0,0.0,6.571,0
19673578.1,13,,65,51,0,50.0,1.0,34.6481,0,0.0,6.5631,0
19675578.1,13,,65,51,0,50.0,1.0,34.5481,0,0.0,6.5552,0
19677578.1,13,,65,51,0,50.0,1.0,34.4481,0,0.0,6.5473,0
19679578.1,13,,65,51,0,50.0,1.0,34.3481,0,0.0,6.5394,0
19680043.5,13,,65,51,0,50.0,1.0,34.3249,0,0.0,6.5376,0
19680105.8,13,,64,51,0,50.0,1.0,34.3217,0,0.0,6.5374,0
19680932.6,13,,63,51,0,50.0,1.0,34.2804,0,0.0,6.5341,0
19681578.1,13,,62,50,0,50.0,1.0,34.2481,0,0.0,6.5315,0
19683578.1,13,,62,50,0,50.0,1.0,34.1481,0,0.0,6.5235,0
19685103.7,13,,62,50,0,50.0,1.0,34.0719,0,0.0,6.5173,0
19685578.1,13,,61,49,0,50.0,1.0,34.0481,0,0.0,6.5154,0
19687578.1,13,,61,49,0,50.0,1.0,33.9481,0,0.0,6.5072,0
19689578.1,13,,61,49,0,50.0,1.0,33.8481,0,0.0,6.4989,0
19691578.1,13,,61,49,0,50.0,1.0,33.7481,0,0.0,6.4907,0
19693578.1,13,,61,49,0,50.0,1.0,33.6481,0,0.0,6.4825,0
19695578.1,13,,61,49,0,50.0,1.0,33.5481,0,0.0,6.4743,0
19696934.3,13,,61,49,0,50.0,1.0,33.4803,0,0.0,6.4687,0
19697578.1,13,,60,48,0,50.0,1.0,33.4481,0,0.0,6.466,0
19699578.1,13,,60,48,0,50.0,1.0,33.3481,0,0.0,6.4576,0
19701578.1,13,,60,48,0,50.0,1.0,33.2481,0,0.0,6.4492,0
19703578.1,13,,60,48,0,50.0,1.0,33.1481,0,0.0,6.4408,0
19705578.1,13,,60,48,0,50.0,1.0,33.0481,0,0.0,6.4324,0
19707578.1,13,,60,48,0,50.0,1.0,32.9481,0,0.0,6.424,0
19708484.1,13,,60,48,0,50.0,1.0,32.9028,0,0.0,6.4202,0
19709578.1,13,,58,46,0,50.0,1.0,32.8481,0,0.0,6.4155,0
19711102.1,13,,58,46,0,50.0,1.0,32.7719,0,0.0,6.4088,0
19711578.1,13,,57,46,0,50.0,1.0,32.7481,0,0.0,6.4068,0
19712404.2,13,,57,46,0,50.0,1.0,32.7068,0,0.0,6.4032,0
19713578.1,13,,56,45,0,50.0,1.0,32.6481,0,0.0,6.3979,0
19715427.8,13,,56,45,0,50.0,1.0,32.5556,0,0.0,6.3897,0
19715578.1,13,,55,45,0,50.0,1.0,32.5481,0,0.0,6.3891,0
19715689.6,13,,55,45,0,50.0,1.0,32.5426,0,0.0,6.3886,0
19717578.1,13,,54,45,0,50.0,1.0,32.4481,0,0.0,6.3802,0
19719578.1,13,,54,45,0,50.0,1.0,32.3481,0,0.0,6.3713,0
19721578.1,13,,54,45,0,50.0,1.0,32.2481,0,0.0,6.3624,0
19723578.1,13,,54,45,0,50.0,1.0,32.1481,0,0.0,6.3535,0
19725578.1,13,,54,45,0,50.0,1.0,32.0481,0,0.0,6.3447,0
19727578.1,13,,54,45,0,50.0,1.0,31.9481,0,0.0,6.3358,0
19727809.6,13,,54,45,0,50.0,1.0,31.9366,0,0.0,6.3347,0
19729578.1,13,,53,45,0,50.0,1.0,31.8481,0,0.0,6.3269,0
19731578.1,13,,53,45,0,50.0,1.0,31.7481,0,0.0,6.318,0
19733532.2,13,,53,45,0,50.0,1.0,31.6504,0,0.0,6.3093,0
19733578.1,13,,52,45,0,50.0,1.0,31.6481,0,0.0,6.3091,0
19735578.1,13,,52,45,0,50.0,1.0,31.5481,0,0.0,6.3002,0
19737578.1,13,,52,45,0,50.0,1.0,31.4481,0,0.0,6.2913,0
19739578.1,13,,52,45,0,50.0,1.0,31.3481,0,0.0,6.2824,0
19741578.1,13,,52,45,0,50.0,1.0,31.2481,0,0.0,6.2736,0
19743578.1,13,,52,45,0,50.0,1.0,31.1481,0,0.0,6.2647,0
19745313.2,13,,52,45,0,50.0,1.0,31.0614,0,0.0,6.257,0
19745578.1,13,,51,44,0,50.0,1.0,31.0481,0,0.0,6.2558,0
19747578.1,13,,51,44,0,50.0,1.0,30.9481,0,0.0,6.2467,0
19749578.1,13,,51,44,0,50.0,1.0,30.8481,0,0.0,6.2376,0
19751578.1,13,,51,44,0,50.0,1.0,30.7481,0,0.0,6.2285,0
19753578.1,13,,51,44,0,50.0,1.0,30.6481,0,0.0,6.2194,0
19754865.1,13,,51,44,0,50.0,1.0,30.5838,0,0.0,6.2135,0
19755578.1,13,,50,44,0,50.0,1.0,30.5481,0,0.0,6.2103,0
19757289.9,13,,50,44,0,50.0,1.0,30.4625,0,0.0,6.2025,0
19757578.1,13,,49,44,0,50.0,1.0,30.4481,0,0.0,6.2012,0
19759578.1,13,,49,44,0,50.0,1.0,30.3481,0,0.0,6.1921,0
19761578.1,13,,49,44,0,50.0,1.0,30.2481,0,0.0,6.183,0
19763578.1,13,,49,44,0,50.0,1.0,30.1481,0,0.0,6.1739,0
19765578.1,13,,49,44,0,50.0,1.0,30.0481,0,0.0,6.1648,0
19767578.1,13,,49,44,0,50.0,1.0,29.9481,0,0.0,6.1558,0
19769578.1,13,,49,44,0,50.0,1.0,29.8481,0,0.0,6.1467,0
19771578.1,13,,49,44,0,50.0,1.0,29.7481,0,0.0,6.1376,0
19772969.4,13,,49,44,0,50.0,1.0,29.6786,0,0.0,6.1312,0
19773578.1,13,,48,44,0,50.0,1.0,29.6481,0,0.0,6.1285,0
19773602.9,13,,48,44,0,50.0,1.0,29.6469,0,0.0,6.1284,0
19775578.1,13,,47,44,0,50.0,1.0,29.5481,0,0.0,6.1194,0
19777578.1,13,,47,44,0,50.0,1.0,29.4481,0,0.0,6.1103,0
19779578.1,13,,47,44,0,50.0,1.0,29.3481,0,0.0,6.1012,0
19781578.1,13,,47,44,0,50.0,1.0,29.2481,0,0.0,6.0921,0
19783578.1,13,,47,44,0,50.0,1.0,29.1481,0,0.0,6.083,0
19785578.1,13,,47,44,0,50.0,1.0,29.0481,0,0.0,6.0739,0
19787578.1,13,,47,44,0,50.0,1.0,28.9481,0,0.0,6.0648,0
19789578.1,13,,47,44,0,50.0,1.0,28.8481,0,0.0,6.0558,0
19791578.1,13,,47,44,0,50.0,1.0,28.7481,0,0.0,6.0467,0
19793578.1,13,,47,44,0,50.0,1.0,28.6481,0,0.0,6.0376,0
19795578.1,13,,47,44,0,50.0,1.0,28.5481,0,0.0,6.0285,0
19797578.1,13,,47,44,0,50.0,1.0,28.4481,0,0.0,6.0194,0
19799578.1,13,,47,44,0,50.0,1.0,28.3481,0,0.0,6.0103,0
19801578.1,13,,47,44,0,50.0,1.0,28.2481,0,0.0,6.0012,0
19803578.1,13,,47,44,0,50.0,1.0,28.1481,0,0.0,5.9921,0
19805578.1,13,,47,44,0,50.0,1.0,28.0481,0,0.0,5.983,0
19807578.1,13,,47,44,0,50.0,1.0,27.9481,0,0.0,5.9739,0
19809578.1,13,,47,44,0,50.0,1.0,27.8481,0,0.0,5.9648,0
19809975.4,13,,47,44,0,50.0,1.0,27.8283,0,0.0,5.963,0
19811578.1,13,,46,44,0,50.0,1.0,27.7481,0,0.0,5.9558,0
19813578.1,13,,46,44,0,50.0,1.0,27.6481,0,0.0,5.9467,0
19814141.4,13,,46,44,0,50.0,1.0,27.62,0,0.0,5.9441,0
19815578.1,13,,45,44,0,50.0,1.0,27.5481,0,0.0,5.9376,0
19817578.1,13,,45,44,0,50.0,1.0,27.4481,0,0.0,5.9285,0
19818189.2,13,,45,44,0,50.0,1.0,27.4176,0,0.0,5.9257,0
19819578.1,13,,44,44,0,50.0,1.0,27.3481,0,0.0,5.9194,0
19821578.1,13,,44,44,0,50.0,1.0,27.2481,0,0.0,5.9103,0
19823578.1,13,,44,44,0,50.0,1.0,27.1481,0,0.0,5.9012,0
19825578.1,13,,44,44,0,50.0,1.0,27.0481,0,0.0,5.8921,0
19827578.1,13,,44,44,0,50.0,1.0,26.9481,0,0.0,5.883,0
19829578.1,13,,44,44,0,50.0,1.0,26.8481,0,0.0,5.8739,0
19831578.1,13,,44,44,0,50.0,1.0,26.7481,0,0.0,5.8648,0
19833578.1,13,,44,44,0,50.0,1.0,26.6481,0,0.0,5.8558,0
19835578.1,13,,44,44,0,50.0,1.0,26.5481,0,0.0,5.8467,0
19837578.1,13,,44,44,0,50.0,1.0,26.4481,0,0.0,5.8376,0
19839578.1,13,,44,44,0,50.0,1.0,26.3481,0,0.0,5.8285,0
19841578.1,13,,44,44,0,50.0,1.0,26.2481,0,0.0,5.8194,0
19843578.1,13,,44,44,0,50.0,1.0,26.1481,0,0.0,5.8103,0
19845578.1,13,,44,44,0,50.0,1.0,26.0481,0,0.0,5.8012,0
19847578.1,13,,44,44,0,50.0,1.0,25.9481,0,0.0,5.7921,0
19849578.1,13,,44,44,0,50.0,1.0,25.8481,0,0.0,5.783,0
19851578.1,13,,44,44,0,50.0,1.0,25.7481,0,0.0,5.7739,0
19853578.1,13,,44,44,0,50.0,1.0,25.6481,0,0.0,5.7648,0
19855578.1,13,,44,44,0,50.0,1.0,25.5481,0,0.0,5.7558,0
19857578.1,13,,44,44,0,50.0,1.0,25.4481,0,0.0,5.7467,0
19859578.1,13,,44,44,0,50.0,1.0,25.3481,0,0.0,5.7376,0
19861578.1,13,,44,44,0,50.0,1.0,25.2481,0,0.0,5.7285,0
19863578.1,13,,44,44,0,50.0,1.0,25.1481,0,0.0,5.7194,0
19864938.1,13,,44,44,0,50.0,1.0,25.0801,0,0.0,5.7132,0
19865578.1,13,,43,43,0,50.0,1.0,25.0481,0,0.0,5.7102,0
19867578.1,13,,43,43,0,50.0,1.0,24.9481,0,0.0,5.7009,0
19869578.1,13,,43,43,0,50.0,1.0,24.8481,0,0.0,5.6916,0
19871578.1,13,,43,43,0,50.0,1.0,24.7481,0,0.0,5.6823,0
19873578.1,13,,43,43,0,50.0,1.0,24.6481,0,0.0,5.673,0
19875578.1,13,,43,43,0,50.0,1.0,24.5481,0,0.0,5.6636,0
19877578.1,13,,43,43,0,50.0,1.0,24.4481,0,0.0,5.6543,0
19879578.1,13,,43,43,0,50.0,1.0,24.3481,0,0.0,5.645,0
19881578.1,13,,43,43,0,50.0,1.0,24.2481,0,0.0,5.6357,0
19883578.1,13,,43,43,0,50.0,1.0,24.1481,0,0.0,5.6264,0
19885578.1,13,,43,43,0,50.0,1.0,24.0481,0,0.0,5.617,0
19887578.1,13,,43,43,0,50.0,1.0,23.9481,0,0.0,5.6077,0
19889578.1,13,,43,43,0,50.0,1.0,23.8481,0,0.0,5.5984,0
19891578.1,13,,43,43,0,50.0,1.0,23.7481,0,0.0,5.5891,0
19893578.1,13,,43,43,0,50.0,1.0,23.6481,0,0.0,5.5798,0
19895578.1,13,,43,43,0,50.0,1.0,23.5481,0,0.0,5.5705,0
19897578.1,13,,43,43,0,50.0,1.0,23.4481,0,0.0,5.5611,0
19899578.1,13,,43,43,0,50.0,1.0,23.3481,0,0.0,5.5518,0
19901578.1,13,,43,43,0,50.0,1.0,23.2481,0,0.0,5.5425,0
19903578.1,13,,43,43,0,50.0,1.0,23.1481,0,0.0,5.5332,0
19905578.1,13,,43,43,0,50.0,1.0,23.0481,0,0.0,5.5239,0
19907578.1,13,,43,43,0,50.0,1.0,22.9481,0,0.0,5.5145,0
19909578.1,13,,43,43,0,50.0,1.0,22.8481,0,0.0,5.5052,0
19911578.1,13,,43,43,0,50.0,1.0,22.7481,0,0.0,5.4959,0
19913578.1,13,,43,43,0,50.0,1.0,22.6481,0,0.0,5.4866,0
19915578.1,13,,43,43,0,50.0,1.0,22.5481,0,0.0,5.4773,0
19917578.1,13,,43,43,0,50.0,1.0,22.4481,0,0.0,5.468,0
19919578.1,13,,43,43,0,50.0,1.0,22.3481,0,0.0,5.4586,0
19921578.1,13,,43,43,0,50.0,1.0,22.2481,0,0.0,5.4493,0
19923578.1,13,,43,43,0,50.0,1.0,22.1481,0,0.0,5.44,0
19925578.1,13,,43,43,0,50.0,1.0,22.0481,0,0.0,5.4307,0
19927578.1,13,,43,43,0,50.0,1.0,21.9481,0,0.0,5.4214,0
19929578.1,13,,43,43,0,50.0,1.0,21.8481,0,0.0,5.412,0
19931578.1,13,,43,43,0,50.0,1.0,21.7481,0,0.0,5.4027,0
19933106.8,13,,43,43,0,50.0,1.0,21.6717,0,0.0,5.3956,0
19933578.1,13,,42,42,0,50.0,1.0,21.6481,0,0.0,5.3934,0
19934856.7,13,,42,42,0,50.0,1.0,21.5842,0,0.0,5.3872,0
19935578.1,13,,41,41,0,50.0,1.0,21.5481,0,0.0,5.3837,0
19937578.1,13,,41,41,0,50.0,1.0,21.4481,0,0.0,5.374,0
19939578.1,13,,41,41,0,50.0,1.0,21.3481,0,0.0,5.3642,0
19941578.1,13,,41,41,0,50.0,1.0,21.2481,0,0.0,5.3544,0
19942490.4,13,,41,41,0,50.0,1.0,21.2025,0,0.0,5.3499,0
19942937.2,13,,39,39,0,50.0,1.0,21.1802,0,0.0,5.3477,0
19943578.1,13,,38,38,0,50.0,1.0,21.1481,0,0.0,5.3443,0
19945578.1,13,,38,38,0,50.0,1.0,21.0481,0,0.0,5.3337,0
19947578.1,13,,38,38,0,50.0,1.0,20.9481,0,0.0,5.3232,0
19949578.1,13,,38,38,0,50.0,1.0,20.8481,0,0.0,5.3126,0
19951578.1,13,,38,38,0,50.0,1.0,20.7481,0,0.0,5.302,0
19953578.1,13,,38,38,0,50.0,1.0,20.6481,0,0.0,5.2915,0
19955578.1,13,,38,38,0,50.0,1.0,20.5481,0,0.0,5.2809,0
19957578.1,13,,38,38,0,50.0,1.0,20.4481,0,0.0,5.2704,0
19959578.1,13,,38,38,0,50.0,1.0,20.3481,0,0.0,5.2598,0
19961578.1,13,,38,38,0,50.0,1.0,20.2481,0,0.0,5.2493,0
19963578.1,13,,38,38,0,50.0,1.0,20.1481,0,0.0,5.2387,0
19965578.1,13,,38,38,0,50.0,1.0,20.0481,0,0.0,5.2282,0
19967578.1,13,,38,38,0,50.0,1.0,19.9481,0,0.0,5.2176,0
19969479.3,13,,38,38,0,50.0,1.0,19.8531,0,0.0,5.2076,0
19969578.1,13,,37,37,0,50.0,1.0,19.8481,0,0.0,5.207,0
19970901.5,13,,37,37,0,50.0,1.0,19.782,0,0.0,5.1998,0
19971578.1,13,,36,36,0,50.0,1.0,19.7481,0,0.0,5.196,0
19973578.1,13,,36,36,0,50.0,1.0,19.6481,0,0.0,5.1849,0
19975578.1,13,,36,36,0,50.0,1.0,19.5481,0,0.0,5.1737,0
19977578.1,13,,36,36,0,50.0,1.0,19.4481,0,0.0,5.1625,0
19979578.1,13,,36,36,0,50.0,1.0,19.3481,0,0.0,5.1513,0
19981578.1,13,,36,36,0,50.0,1.0,19.2481,0,0.0,5.1401,0
19982902.9,13,,36,36,0,50.0,1.0,19.1819,0,0.0,5.1327,0
19983578.1,13,,35,35,0,50.0,1.0,19.1481,0,0.0,5.1289,0
19985578.1,13,,35,35,0,50.0,1.0,19.0481,0,0.0,5.1174,0
19987578.1,13,,35,35,0,50.0,1.0,18.9481,0,0.0,5.1059,0
19989578.1,13,,35,35,0,50.0,1.0,18.8481,0,0.0,5.0945,0
19991578.1,13,,35,35,0,50.0,1.0,18.7481,0,0.0,5.083,0
19993578.1,13,,35,35,0,50.0,1.0,18.6481,0,0.0,5.0716,0
19994494.4,13,,35,35,0,50.0,1.0,18.6023,0,0.0,5.0663,0
19995578.1,13,,34,34,0,50.0,1.0,18.5481,0,0.0,5.0599,0
19997578.1,13,,34,34,0,50.0,1.0,18.4481,0,0.0,5.0481,0
19998523.7,13,,34,34,0,50.0,1.0,18.4009,0,0.0,5.0425,0
19999578.1,13,,33,33,0,50.0,1.0,18.3481,0,0.0,5.0361,0
20001578.1,13,,33,33,0,50.0,1.0,18.2481,0,0.0,5.024,0
20003546.8,13,,33,33,0,50.0,1.0,18.1497,0,0.0,5.012,0
20003578.1,13,,32,32,0,50.0,1.0,18.1481,0,0.0,5.0118,0
20005578.1,13,,32,32,0,50.0,1.0,18.0481,0,0.0,4.9993,0
20007578.1,13,,32,32,0,50.0,1.0,17.9481,0,0.0,4.9868,0
20009578.1,13,,32,32,0,50.0,1.0,17.8481,0,0.0,4.9743,0
20011578.1,13,,32,32,0,50.0,1.0,17.7481,0,0.0,4.9618,0
20013578.1,13,,32,32,0,50.0,1.0,17.6481,0,0.0,4.9493,0
20014032.5,13,,32,32,0,50.0,1.0,17.6254,0,0.0,4.9465,0
20015465.9,13,,31,31,0,50.0,1.0,17.5537,0,0.0,4.9372,0
20015578.1,13,,30,30,0,50.0,1.0,17.5481,0,0.0,4.9364,0
20017578.1,13,,30,30,0,50.0,1.0,17.4481,0,0.0,4.9231,0
20019578.1,13,,30,30,0,50.0,1.0,17.3481,0,0.0,4.9097,0
20021578.1,13,,30,30,0,50.0,1.0,17.2481,0,0.0,4.8963,0
20023578.1,13,,30,30,0,50.0,1.0,17.1481,0,0.0,4.8829,0
20024529.5,13,,30,30,0,50.0,1.0,17.1006,0,0.0,4.8765,0
20024738.1,13,,29,29,0,50.0,1.0,17.0901,0,0.0,4.8751,0
20025578.1,13,,28,28,0,50.0,1.0,17.0481,0,0.0,4.8691,0
20027578.1,13,,28,28,0,50.0,1.0,16.9481,0,0.0,4.8548,0
20029578.1,13,,28,28,0,50.0,1.0,16.8481,0,0.0,4.8405,0
20031578.1,13,,28,28,0,50.0,1.0,16.7481,0,0.0,4.8262,0
20033578.1,13,,28,28,0,50.0,1.0,16.6481,0,0.0,4.8119,0
20035578.1,13,,28,28,0,50.0,1.0,16.5481,0,0.0,4.7976,0
20037578.1,13,,28,28,0,50.0,1.0,16.4481,0,0.0,4.7833,0
20039578.1,13,,28,28,0,50.0,1.0,16.3481,0,0.0,4.7691,0
20041578.1,13,,28,28,0,50.0,1.0,16.2481,0,0.0,4.7548,0
20043578.1,13,,28,28,0,50.0,1.0,16.1481,0,0.0,4.7405,0
20045578.1,13,,28,28,0,50.0,1.0,16.0481,0,0.0,4.7262,0
20047578.1,13,,28,28,0,50.0,1.0,15.9481,0,0.0,4.7119,0
20049578.1,13,,28,28,0,50.0,1.0,15.8481,0,0.0,4.6976,0
20051578.1,13,,28,28,0,50.0,1.0,15.7481,0,0.0,4.6833,0
20053578.1,13,,28,28,0,50.0,1.0,15.6481,0,0.0,4.6691,0
20055578.1,13,,28,28,0,50.0,1.0,15.5481,0,0.0,4.6548,0
20057578.1,13,,28,28,0,50.0,1.0,15.4481,0,0.0,4.6405,0
20059578.1,13,,28,28,0,50.0,1.0,15.3481,0,0.0,4.6262,0
20061578.1,13,,28,28,0,50.0,1.0,15.2481,0,0.0,4.6119,0
20063578.1,13,,28,28,0,50.0,1.0,15.1481,0,0.0,4.5976,0
20065578.1,13,,28,28,0,50.0,1.0,15.0481,0,0.0,4.5833,0
20066025.8,13,,28,28,0,50.0,1.0,15.0258,0,0.0,4.5801,0
20066789.0,13,,27,27,0,50.0,1.0,14.9876,0,0.0,4.5745,0
20067578.1,13,,26,26,0,50.0,1.0,14.9481,0,0.0,4.5684,0
20069578.1,13,,26,26,0,50.0,1.0,14.8481,0,0.0,4.5529,0
20071578.1,13,,26,26,0,50.0,1.0,14.7481,0,0.0,4.5374,0
20073578.1,13,,26,26,0,50.0,1.0,14.6481,0,0.0,4.5219,0
20075578.1,13,,26,26,0,50.0,1.0,14.5481,0,0.0,4.5065,0
20077578.1,13,,26,26,0,50.0,1.0,14.4481,0,0.0,4.491,0
20079578.1,13,,26,26,0,50.0,1.0,14.3481,0,0.0,4.4755,0
20081578.1,13,,26,26,0,50.0,1.0,14.2481,0,0.0,4.46,0
20083578.1,13,,26,26,0,50.0,1.0,14.1481,0,0.0,4.4446,0
20085578.1,13,,26,26,0,50.0,1.0,14.0481,0,0.0,4.4291,0
20087578.1,13,,26,26,0,50.0,1.0,13.9481,0,0.0,4.4136,0
20089578.1,13,,26,26,0,50.0,1.0,13.8481,0,0.0,4.3981,0
20091578.1,13,,26,26,0,50.0,1.0,13.7481,0,0.0,4.3826,0
20093578.1,13,,26,26,0,50.0,1.0,13.6481,0,0.0,4.3672,0
20095578.1,13,,26,26,0,50.0,1.0,13.5481,0,0.0,4.3517,0
20097578.1,13,,26,26,0,50.0,1.0,13.4481,0,0.0,4.3362,0
20099578.1,13,,26,26,0,50.0,1.0,13.3481,0,0.0,4.3207,0
20101578.1,13,,26,26,0,50.0,1.0,13.2481,0,0.0,4.3053,0
20103578.1,13,,26,26,0,50.0,1.0,13.1481,0,0.0,4.2898,0
20105578.1,13,,26,26,0,50.0,1.0,13.0481,0,0.0,4.2743,0
20107578.1,13,,26,26,0,50.0,1.0,12.9481,0,0.0,4.2588,0
20109578.1,13,,26,26,0,50.0,1.0,12.8481,0,0.0,4.2434,0
20111578.1,13,,26,26,0,50.0,1.0,12.7481,0,0.0,4.2279,0
20113578.1,13,,26,26,0,50.0,1.0,12.6481,0,0.0,4.2124,0
20115578.1,13,,26,26,0,50.0,1.0,12.5481,0,0.0,4.1969,0
20116391.4,13,,26,26,0,50.0,1.0,12.5075,0,0.0,4.1906,0
20117578.1,13,,25,25,0,50.0,1.0,12.4481,0,0.0,4.1811,0
20119578.1,13,,25,25,0,50.0,1.0,12.3481,0,0.0,4.165,0
20120323.5,13,,25,25,0,50.0,1.0,12.3109,0,0.0,4.159,0
20121578.1,13,,24,24,0,50.0,1.0,12.2481,0,0.0,4.1484,0
20123578.1,13,,24,24,0,50.0,1.0,12.1481,0,0.0,4.1315,0
20125578.1,13,,24,24,0,50.0,1.0,12.0481,0,0.0,4.1146,0
20127578.1,13,,24,24,0,50.0,1.0,11.9481,0,0.0,4.0977,0
20129578.1,13,,24,24,0,50.0,1.0,11.8481,0,0.0,4.0808,0
20131578.1,13,,24,24,0,50.0,1.0,11.7481,0,0.0,4.0639,0
20133578.1,13,,24,24,0,50.0,1.0,11.6481,0,0.0,4.047,0
20135578.1,13,,24,24,0,50.0,1.0,11.5481,0,0.0,4.0301,0
20137578.1,13,,24,24,0,50.0,1.0,11.4481,0,0.0,4.0132,0
20139578.1,13,,24,24,0,50.0,1.0,11.3481,0,0.0,3.9963,0
20141578.1,13,,24,24,0,50.0,1.0,11.2481,0,0.0,3.9794,0
20143578.1,13,,24,24,0,50.0,1.0,11.1481,0,0.0,3.9625,0
20145578.1,13,,24,24,0,50.0,1.0,11.0481,0,0.0,3.9456,0
20147578.1,13,,24,24,0,50.0,1.0,10.9481,0,0.0,3.9287,0
20149578.1,13,,24,24,0,50.0,1.0,10.8481,0,0.0,3.9118,0
20151578.1,13,,24,24,0,50.0,1.0,10.7481,0,0.0,3.8949,0
20153578.1,13,,24,24,0,50.0,1.0,10.6481,0,0.0,3.878,0
20155578.1,13,,24,24,0,50.0,1.0,10.5481,0,0.0,3.8611,0
20157578.1,13,,24,24,0,50.0,1.0,10.4481,0,0.0,3.8442,0
20159578.1,13,,24,24,0,50.0,1.0,10.3481,0,0.0,3.8272,0
20159861.3,13,,24,24,0,50.0,1.0,10.334,0,0.0,3.8249,0
20161578.1,13,,23,23,0,50.0,1.0,10.2481,0,0.0,3.8098,0
20163578.1,13,,23,23,0,50.0,1.0,10.1481,0,0.0,3.7923,0
20165093.0,13,,23,23,0,50.0,1.0,10.0724,0,0.0,3.7791,0
20165578.1,13,,22,22,0,50.0,1.0,10.0481,0,0.0,3.7746,0
20167578.1,13,,22,22,0,50.0,1.0,9.9481,0,0.0,3.7563,0
20167725.7,13,,22,22,0,50.0,1.0,9.9408,0,0.0,3.7549,0
20169578.1,13,,21,21,0,50.0,1.0,9.8481,0,0.0,3.7372,0
20171578.1,13,,21,21,0,50.0,1.0,9.7481,0,0.0,3.718,0
20173578.1,13,,21,21,0,50.0,1.0,9.6481,0,0.0,3.6989,0
20175578.1,13,,21,21,0,50.0,1.0,9.5481,0,0.0,3.6797,0
20177578.1,13,,21,21,0,50.0,1.0,9.4481,0,0.0,3.6605,0
20179578.1,13,,21,21,0,50.0,1.0,9.3481,0,0.0,3.6414,0
20181578.1,13,,21,21,0,50.0,1.0,9.2481,0,0.0,3.6222,0
20183578.1,13,,21,21,0,50.0,1.0,9.1481,0,0.0,3.603,0
20185578.1,13,,21,21,0,50.0,1.0,9.0481,0,0.0,3.5839,0
20187578.1,13,,21,21,0,50.0,1.0,8.9481,0,0.0,3.5647,0
20189578.1,13,,21,21,0,50.0,1.0,8.8481,0,0.0,3.5455,0
20189888.8,13,,21,21,0,50.0,1.0,8.8326,0,0.0,3.5425,0
20191578.1,13,,20,20,0,50.0,1.0,8.7481,0,0.0,3.5257,0
20193578.1,13,,20,20,0,50.0,1.0,8.6481,0,0.0,3.5057,0
20195578.1,13,,20,20,0,50.0,1.0,8.5481,0,0.0,3.4857,0
20197578.1,13,,20,20,0,50.0,1.0,8.4481,0,0.0,3.4657,0
20199578.1,13,,20,20,0,50.0,1.0,8.3481,0,0.0,3.4457,0
20201578.1,13,,20,20,0,50.0,1.0,8.2481,0,0.0,3.4257,0
20203578.1,13,,20,20,0,50.0,1.0,8.1481,0,0.0,3.4057,0
20205578.1,13,,20,20,0,50.0,1.0,8.0481,0,0.0,3.3857,0
20207578.1,13,,20,20,0,50.0,1.0,7.9481,0,0.0,3.3657,0
20209578.1,13,,20,20,0,50.0,1.0,7.8481,0,0.0,3.3457,0
20211578.1,13,,20,20,0,50.0,1.0,7.7481,0,0.0,3.3257,0
20213578.1,13,,20,20,0,50.0,1.0,7.6481,0,0.0,3.3057,0
20214245.0,13,,20,20,0,50.0,1.0,7.6148,0,0.0,3.299,0
20215350.7,13,,19,19,0,50.0,1.0,7.5595,0,0.0,3.2872,0
20215578.1,13,,18,18,0,50.0,1.0,7.5481,0,0.0,3.2847,0
20216661.5,13,,18,18,0,50.0,1.0,7.494,0,0.0,3.2725,0
20217578.1,13,,17,17,0,50.0,1.0,7.4481,0,0.0,3.2615,0
20218082.4,13,,17,17,0,50.0,1.0,7.4229,0,0.0,3.2554,0
20219578.1,13,,16,16,0,50.0,1.0,7.3481,0,0.0,3.2362,0
20221578.1,13,,16,16,0,50.0,1.0,7.2481,0,0.0,3.2105,0
20223578.1,13,,16,16,0,50.0,1.0,7.1481,0,0.0,3.1848,0
20224869.3,13,,16,16,0,50.0,1.0,7.0836,0,0.0,3.1682,0
20225578.1,13,,15,15,0,50.0,1.0,7.0481,0,0.0,3.1586,0
20227578.1,13,,15,15,0,50.0,1.0,6.9481,0,0.0,3.1314,0
20229578.1,13,,15,15,0,50.0,1.0,6.8481,0,0.0,3.1043,0
20231578.1,13,,15,15,0,50.0,1.0,6.7481,0,0.0,3.0771,0
20233578.1,13,,15,15,0,50.0,1.0,6.6481,0,0.0,3.05,0
20235191.3,13,,15,15,0,50.0,1.0,6.5675,0,0.0,3.0281,0
20235578.1,13,,14,14,0,50.0,1.0,6.5481,0,0.0,3.0224,0
20237578.1,13,,14,14,0,50.0,1.0,6.4481,0,0.0,2.9932,0
20239578.1,13,,14,14,0,50.0,1.0,6.3481,0,0.0,2.964,0
20241578.1,13,,14,14,0,50.0,1.0,6.2481,0,0.0,2.9347,0
20243578.1,13,,14,14,0,50.0,1.0,6.1481,0,0.0,2.9055,0
20245578.1,13,,14,14,0,50.0,1.0,6.0481,0,0.0,2.8763,0
20247578.1,13,,14,14,0,50.0,1.0,5.9481,0,0.0,2.8471,0
20249578.1,13,,14,14,0,50.0,1.0,5.8481,0,0.0,2.8178,0
20250100.7,13,,14,14,0,50.0,1.0,5.822,0,0.0,2.8102,0
20251492.0,13,,13,13,0,50.0,1.0,5.7524,0,0.0,2.7893,0
20251578.1,13,,12,12,0,50.0,1.0,5.7481,0,0.0,2.788,0
20251599.5,13,,12,12,0,50.0,1.0,5.7471,0,0.0,2.7876,0
20252431.8,13,,11,11,0,50.0,1.0,5.7055,0,0.0,2.7729,0
20253578.1,13,,10,10,0,50.0,1.0,5.6481,0,0.0,2.7514,0
20255578.1,13,,10,10,0,50.0,1.0,5.5481,0,0.0,2.7139,0
20257578.1,13,,10,10,0,50.0,1.0,5.4481,0,0.0,2.6764,0
20259578.1,13,,10,10,0,50.0,1.0,5.3481,0,0.0,2.6389,0
20261578.1,13,,10,10,0,50.0,1.0,5.2481,0,0.0,2.6014,0
20262236.7,13,,10,10,0,50.0,1.0,5.2152,0,0.0,2.5891,0
20263578.1,13,,9,9,0,50.0,1.0,5.1481,0,0.0,2.5603,0
20265578.1,13,,9,9,0,50.0,1.0,5.0481,0,0.0,2.5175,0
20267578.1,13,,9,9,0,50.0,1.0,4.9481,0,0.0,2.4746,0
20268566.8,13,,9,9,0,50.0,1.0,4.8987,0,0.0,2.4534,0
20269578.1,13,,8,8,0,50.0,1.0,4.8481,0,0.0,2.4282,0
20271578.1,13,,8,8,0,50.0,1.0,4.7481,0,0.0,2.3782,0
20273578.1,13,,8,8,0,50.0,1.0,4.6481,0,0.0,2.3282,0
20275578.1,13,,8,8,0,50.0,1.0,4.5481,0,0.0,2.2782,0
20277578.1,13,,8,8,0,50.0,1.0,4.4481,0,0.0,2.2282,0
20279578.1,13,,8,8,0,50.0,1.0,4.3481,0,0.0,2.1782,0
20281578.1,13,,8,8,0,50.0,1.0,4.2481,0,0.0,2.1282,0
20283578.1,13,,8,8,0,50.0,1.0,4.1481,0,0.0,2.0782,0
20285578.1,13,,8,8,0,50.0,1.0,4.0481,0,0.0,2.0282,0
20287578.1,13,,8,8,0,50.0,1.0,3.9481,0,0.0,1.9782,0
20289578.1,13,,8,8,0,50.0,1.0,3.8481,0,0.0,1.9282,0
20291578.1,13,,8,8,0,50.0,1.0,3.7481,0,0.0,1.8782,0
20293578.1,13,,8,8,0,50.0,1.0,3.6481,0,0.0,1.8282,0
20295578.1,13,,8,8,0,50.0,1.0,3.5481,0,0.0,1.7782,0
20297578.1,13,,8,8,0,50.0,1.0,3.4481,0,0.0,1.7282,0
20299578.1,13,,8,8,0,50.0,1.0,3.3481,0,0.0,1.6782,0
20301578.1,13,,8,8,0,50.0,1.0,3.2481,0,0.0,1.6282,0
20303578.1,13,,8,8,0,50.0,1.0,3.1481,0,0.0,1.5782,0
20305578.1,13,,8,8,0,50.0,1.0,3.0481,0,0.0,1.5282,0
20307578.1,13,,8,8,0,50.0,1.0,2.9481,0,0.0,1.4782,0
20309578.1,13,,8,8,0,50.0,1.0,2.8481,0,0.0,1.4282,0
20311578.1,13,,8,8,0,50.0,1.0,2.7481,0,0.0,1.3782,0
20313578.1,13,,8,8,0,50.0,1.0,2.6481,0,0.0,1.3282,0
20315578.1,13,,8,8,0,50.0,1.0,2.5481,0,0.0,1.2782,0
20317578.1,13,,8,8,0,50.0,1.0,2.4481,0,0.0,1.2282,0
20319578.1,13,,8,8,0,50.0,1.0,2.3481,0,0.0,1.1782,0
20321578.1,13,,8,8,0,50.0,1.0,2.2481,0,0.0,1.1282,0
20323578.1,13,,8,8,0,50.0,1.0,2.1481,0,0.0,1.0782,0
20325578.1,13,,8,8,0,50.0,1.0,2.0481,0,0.0,1.0282,0
20327578.1,13,,8,8,0,50.0,1.0,1.9481,0,0.0,0.9782,0
20329578.1,13,,8,8,0,50.0,1.0,1.8481,0,0.0,0.9282,0
20331578.1,13,,8,8,0,50.0,1.0,1.7481,0,0.0,0.8782,0
20333578.1,13,,8,8,0,50.0,1.0,1.6481,0,0.0,0.8282,0
20335578.1,13,,8,8,0,50.0,1.0,1.5481,0,0.0,0.7782,0
20337578.1,13,,8,8,0,50.0,1.0,1.4481,0,0.0,0.7282,0
20339578.1,13,,8,8,0,50.0,1.0,1.3481,0,0.0,0.6782,0
20341578.1,13,,8,8,0,50.0,1.0,1.2481,0,0.0,0.6282,0
20343578.1,13,,8,8,0,50.0,1.0,1.1481,0,0.0,0.5782,0
20345299.7,13,,8,8,0,50.0,1.0,1.0621,0,0.0,0.5351,0
20345578.1,13,,7,7,0,50.0,1.0,1.0481,0,0.0,0.5282,0
20345955.0,13,,7,7,0,50.0,1.0,1.0293,0,0.0,0.5187,0
20347578.1,13,,6,6,0,50.0,1.0,0.9481,0,0.0,0.4782,0
20349578.1,13,,6,6,0,50.0,1.0,0.8481,0,0.0,0.4282,0
20350947.1,13,,6,6,0,50.0,1.0,0.7797,0,0.0,0.3939,0
20351578.1,13,,5,5,0,50.0,1.0,0.7481,0,0.0,0.3782,0
20353578.1,13,,5,5,0,50.0,1.0,0.6481,0,0.0,0.3282,0
20355578.1,13,,5,5,0,50.0,1.0,0.5481,0,0.0,0.2782,0
20357578.1,13,,5,5,0,50.0,1.0,0.4481,0,0.0,0.2282,0
20359578.1,13,,5,5,0,50.0,1.0,0.3481,0,0.0,0.1782,0
20360249.2,13,,5,5,0,50.0,1.0,0.3146,0,0.0,0.1614,0
20360534.6,13,,4,4,0,50.0,1.0,0.3003,0,0.0,0.1543,0
20361578.1,13,,3,3,0,50.0,1.0,0.2481,0,0.0,0.1369,0
20363578.1,13,,3,3,0,50.0,1.0,0.1481,0,0.0,0.1035,0
20363943.4,13,,3,3,0,50.0,1.0,0.1299,0,0.0,0.0974,0
20365240.7,13,,2,2,0,50.0,1.0,0.065,0,0.0,0.065,0
20365578.1,13,,1,1,0,50.0,1.0,0.0481,0,0.0,0.0481,0
20366540.8,13,,1,1,0,50.0,1.0,0.0,0,0.0,0.0,0
20367578.1,14,,124,56,8,50.0,1.0,74.7902,12.9032,0.0134,38.6868,0
20369578.1,14,,124,56,8,50.0,1.0,74.6902,12.9032,0.0392,38.4263,0
20371578.1,14,,124,56,8,50.0,1.0,74.5902,12.9032,0.065,38.1658,0
20373578.1,14,,124,56,8,50.0,1.0,74.4902,12.9032,0.0908,37.9053,0
20375578.1,14,,124,56,8,50.0,1.0,74.3902,12.9032,0.1166,37.6449,0
20377578.1,14,,124,56,8,50.0,1.0,74.2902,12.9032,0.1424,37.3844,0
20379578.1,14,,124,56,8,50.0,1.0,74.1902,12.9032,0.1682,37.1239,0
20381578.1,14,,124,56,8,50.0,1.0,74.0902,12.9032,0.194,36.8634,0
20383578.1,14,,124,56,8,50.0,1.0,73.9902,12.9032,0.2198,36.6029,0
20385578.1,14,,124,56,8,50.0,1.0,73.8902,12.9032,0.2456,36.3424,0
20387578.1,14,,124,56,8,50.0,1.0,73.7902,12.9032,0.2714,36.0819,0
20389578.1,14,,124,56,8,50.0,1.0,73.6902,12.9032,0.2973,35.8215,0
20391578.1,14,,124,56,8,50.0,1.0,73.5902,12.9032,0.3231,35.561,0
20393578.1,14,,124,56,8,50.0,1.0,73.4902,12.9032,0.3489,35.3005,0
20395578.1,14,,124,56,8,50.0,1.0,73.3902,12.9032,0.3747,35.04,0
20397578.1,14,,124,56,8,50.0,1.0,73.2902,12.9032,0.4005,34.7795,0
20399578.1,14,,124,56,8,50.0,1.0,73.1902,12.9032,0.4263,34.519,0
20401578.1,14,,124,56,8,50.0,1.0,73.0902,12.9032,0.4521,34.2586,0
20401811.9,14,,124,56,8,50.0,1.0,73.0786,12.9032,0.4551,34.2281,0
20403578.1,14,,123,56,8,50.0,1.0,72.9902,13.0108,0.4781,34.0171,0
20405197.9,14,,123,56,8,50.0,1.0,72.9093,13.0108,0.4992,33.8236,0
20405578.1,14,,122,56,8,50.0,1.0,72.8902,13.1183,0.5042,33.7782,0
20407578.1,14,,122,56,8,50.0,1.0,72.7902,13.1183,0.5304,33.5394,0
20408638.6,14,,122,56,8,50.0,1.0,72.7372,13.1183,0.5443,33.4128,0
20409578.1,14,,121,56,8,50.0,1.0,72.6902,13.2332,0.5567,33.3115,0
20409994.8,14,,121,56,8,50.0,1.0,72.6694,13.2332,0.5622,33.2666,0
20410277.0,14,,120,56,8,50.0,1.0,72.6553,13.3407,0.566,33.2362,0
20410932.3,14,,119,56,8,50.0,1.0,72.6225,13.4483,0.5748,33.1656,0
20411578.1,14,,118,56,8,50.0,1.0,72.5902,13.5632,0.5836,33.0962,0
20413578.1,14,,118,56,8,50.0,1.0,72.4902,13.5632,0.6107,32.8811,0
20414090.8,14,,118,56,8,50.0,1.0,72.4646,13.5632,0.6177,32.826,0
20415578.1,14,,117,56,8,50.0,1.0,72.3902,13.6782,0.638,32.6662,0
20417578.1,14,,117,56,8,50.0,1.0,72.2902,13.6782,0.6654,32.4513,0
20417786.3,14,,117,56,8,50.0,1.0,72.2798,13.6782,0.6682,32.4289,0
20418742.0,14,,116,56,8,50.0,1.0,72.232,13.8013,0.6814,32.3264,0
20419006.0,14,,115,56,8,50.0,1.0,72.2189,13.9163,0.6851,32.2981,0
20419578.1,14,,114,56,8,50.0,1.0,72.1902,14.0394,0.6931,32.2368,0
20420963.0,14,,114,56,8,50.0,1.0,72.121,14.0394,0.7126,32.0885,0
20421578.1,14,,113,56,8,50.0,1.0,72.0902,14.1626,0.7213,32.0226,0
20423578.1,14,,113,56,8,50.0,1.0,71.9902,14.1626,0.7496,31.8086,0
20425578.1,14,,113,56,8,50.0,1.0,71.8902,14.1626,0.7779,31.5946,0
20425941.9,14,,113,56,8,50.0,1.0,71.8721,14.1626,0.7831,31.5557,0
20427578.1,14,,112,56,8,50.0,1.0,71.7902,14.2948,0.8065,31.3808,0
20428099.1,14,,112,56,8,50.0,1.0,71.7642,14.2948,0.8139,31.3251,0
20428171.9,14,,111,56,8,50.0,1.0,71.7606,14.4271,0.815,31.3173,0
20429578.1,14,,110,56,8,50.0,1.0,71.6902,14.5503,0.8354,31.1846,0
20431578.1,14,,110,56,8,50.0,1.0,71.5902,14.5503,0.8645,30.9958,0
20431749.1,14,,110,56,8,50.0,1.0,71.5817,14.5503,0.867,30.9796,0
20433578.1,14,,109,56,8,50.0,1.0,71.4902,14.6825,0.8939,30.8071,0
20434033.8,14,,109,56,8,50.0,1.0,71.4675,14.6825,0.9005,30.7642,0
20435508.3,14,,108,56,8,50.0,1.0,71.3937,14.8148,0.9224,30.6447,0
20435578.1,14,,107,56,8,50.0,1.0,71.3902,14.9573,0.9234,30.64,0
20437578.1,14,,107,56,8,50.0,1.0,71.2902,14.9573,0.9534,30.5066,0
20439578.1,14,,107,56,8,50.0,1.0,71.1902,14.9573,0.9833,30.3732,0
20441578.1,14,,107,56,8,50.0,1.0,71.0902,14.9573,1.0132,30.2398,0
20443578.1,14,,107,56,8,50.0,1.0,70.9902,14.9573,1.0431,30.1064,0
20443582.0,14,,107,56,8,50.0,1.0,70.9901,14.9573,1.0432,30.1061,0
20445578.1,14,,106,56,8,50.0,1.0,70.8902,15.0997,1.0733,29.9732,0
20446494.7,14,,106,56,8,50.0,1.0,70.8444,15.0997,1.0871,29.9122,0
20447578.1,14,,105,56,8,50.0,1.0,70.7902,15.2422,1.1036,29.8402,0
20449578.1,14,,105,56,8,50.0,1.0,70.6902,15.2422,1.1341,29.7073,0
20450026.4,14,,105,56,8,50.0,1.0,70.6678,15.2422,1.141,29.6775,0
20451155.1,14,,104,56,8,50.0,1.0,70.6114,15.3846,1.1583,29.6026,0
20451578.1,14,,103,56,8,50.0,1.0,70.5902,15.5385,1.1649,29.5746,0
20453578.1,14,,103,56,8,50.0,1.0,70.4902,15.5385,1.196,29.4421,0
20455578.1,14,,103,56,8,50.0,1.0,70.3902,15.5385,1.2271,29.3097,0
20457578.1,14,,103,56,8,50.0,1.0,70.2902,15.5385,1.2581,29.1773,0
20459578.1,14,,103,56,8,50.0,1.0,70.1902,15.5385,1.2892,29.0448,0
20461578.1,14,,103,56,8,50.0,1.0,70.0902,15.5385,1.3203,28.9124,0
20463578.1,14,,103,56,8,50.0,1.0,69.9902,15.5385,1.3514,28.7799,0
20465578.1,14,,103,56,8,50.0,1.0,69.8902,15.5385,1.3824,28.6475,0
20467578.1,14,,103,56,8,50.0,1.0,69.7902,15.5385,1.4135,28.515,0
20469578.1,14,,103,56,8,50.0,1.0,69.6902,15.5385,1.4446,28.3826,0
20471578.1,14,,103,56,8,50.0,1.0,69.5902,15.5385,1.4757,28.2501,0
20473578.1,14,,103,56,8,50.0,1.0,69.4902,15.5385,1.5067,28.1177,0
20475578.1,14,,103,56,8,50.0,1.0,69.3902,15.5385,1.5378,27.9852,0
20477578.1,14,,103,56,8,50.0,1.0,69.2902,15.5385,1.5689,27.8528,0
20479578.1,14,,103,56,8,50.0,1.0,69.1902,15.5385,1.6,27.7204,0
20481578.1,14,,103,56,8,50.0,1.0,69.0902,15.5385,1.6311,27.5879,0
20483578.1,14,,103,56,8,50.0,1.0,68.9902,15.5385,1.6621,27.4555,0
20485578.1,14,,103,56,8,50.0,1.0,68.8902,15.5385,1.6932,27.323,0
20487578.1,14,,103,56,8,50.0,1.0,68.7902,15.5385,1.7243,27.1906,0
20489578.1,14,,103,56,8,50.0,1.0,68.6902,15.5385,1.7554,27.0581,0
20491578.1,14,,103,56,8,50.0,1.0,68.5902,15.5385,1.7864,26.9257,0
20493578.1,14,,103,56,8,50.0,1.0,68.4902,15.5385,1.8175,26.7932,0
20495228.0,14,,103,56,8,50.0,1.0,68.4078,15.5385,1.8432,26.684,0
20495578.1,14,,102,56,8,50.0,1.0,68.3902,15.6923,1.8486,26.6608,0
20497578.1,14,,102,56,8,50.0,1.0,68.2902,15.6923,1.88,26.5286,0
20499578.1,14,,102,56,8,50.0,1.0,68.1902,15.6923,1.9114,26.3964,0
20501578.1,14,,102,56,8,50.0,1.0,68.0902,15.6923,1.9428,26.2642,0
20503578.1,14,,102,56,8,50.0,1.0,67.9902,15.6923,1.9742,26.132,0
20505578.1,14,,102,56,8,50.0,1.0,67.8902,15.6923,2.0056,25.9998,0
20507578.1,14,,102,56,8,50.0,1.0,67.7902,15.6923,2.037,25.8676,0
20507816.4,14,,102,56,8,50.0,1.0,67.7783,15.6923,2.0407,25.8519,0
20509578.1,14,,101,56,8,50.0,1.0,67.6902,15.859,2.0686,25.7357,0
20511578.1,14,,101,56,8,50.0,1.0,67.5902,15.859,2.1004,25.6037,0
20513578.1,14,,101,56,8,50.0,1.0,67.4902,15.859,2.1321,25.4718,0
20514178.8,14,,101,56,8,50.0,1.0,67.4602,15.859,2.1416,25.4321,0
20515578.1,14,,100,56,8,50.0,1.0,67.3902,16.0128,2.164,25.34,0
20517578.1,14,,100,56,8,50.0,1.0,67.2902,16.0128,2.196,25.2083,0
20519121.4,14,,100,56,8,50.0,1.0,67.2131,16.0128,2.2207,25.1066,0
20519578.1,14,,99,56,8,50.0,1.0,67.1902,16.1795,2.2281,25.0766,0
20521178.5,14,,99,56,8,50.0,1.0,67.1102,16.1795,2.254,24.9714,0
20521578.1,14,,98,56,8,50.0,1.0,67.0902,16.3333,2.2606,24.9513,0
20522370.8,14,,98,56,8,50.0,1.0,67.0506,16.3333,2.2735,24.9115,0
20522616.6,14,,97,56,8,50.0,1.0,67.0383,16.5,2.2776,24.8992,0
20523578.1,14,,96,56,8,50.0,1.0,66.9902,16.6812,2.2936,24.8511,0
20525578.1,14,,96,56,8,50.0,1.0,66.8902,16.6812,2.327,24.7512,0
20525729.6,14,,96,56,8,50.0,1.0,66.8827,16.6812,2.3295,24.7436,0
20527578.1,14,,95,56,8,50.0,1.0,66.7902,16.8478,2.3606,24.6822,0
20529578.1,14,,95,56,8,50.0,1.0,66.6902,16.8478,2.3943,24.6158,0
20531578.1,14,,95,56,8,50.0,1.0,66.5902,16.8478,2.428,24.5494,0
20533578.1,14,,95,56,8,50.0,1.0,66.4902,16.8478,2.4617,24.483,0
20535578.1,14,,95,56,8,50.0,1.0,66.3902,16.8478,2.4954,24.4166,0
20536433.8,14,,95,56,8,50.0,1.0,66.3475,16.8478,2.5098,24.3882,0
20537578.1,14,,94,56,8,50.0,1.0,66.2902,17.029,2.5293,24.3512,0
20539578.1,14,,94,56,8,50.0,1.0,66.1902,17.029,2.5634,24.2866,0
20541578.1,14,,94,56,8,50.0,1.0,66.0902,17.029,2.5974,24.2219,0
20543578.1,14,,94,56,8,50.0,1.0,65.9902,17.029,2.6315,24.1572,0
20545578.1,14,,94,56,8,50.0,1.0,65.8902,17.029,2.6655,24.0926,0
20547578.1,14,,94,56,8,50.0,1.0,65.7902,17.029,2.6996,24.0279,0
20549578.1,14,,94,56,8,50.0,1.0,65.6902,17.029,2.7337,23.9632,0
20551578.1,14,,94,56,8,50.0,1.0,65.5902,17.029,2.7677,23.8986,0
20553578.1,14,,94,56,8,50.0,1.0,65.4902,17.029,2.8018,23.8339,0
20555578.1,14,,94,56,8,50.0,1.0,65.3902,17.029,2.8358,23.7693,0
20557578.1,14,,94,56,8,50.0,1.0,65.2902,17.029,2.8699,23.7046,0
20559578.1,14,,94,56,8,50.0,1.0,65.1902,17.029,2.9039,23.6399,0
20561578.1,14,,94,56,8,50.0,1.0,65.0902,17.029,2.938,23.5753,0
20563578.1,14,,94,56,8,50.0,1.0,64.9902,17.029,2.9721,23.5106,0
20565578.1,14,,94,56,8,50.0,1.0,64.8902,17.029,3.0061,23.4459,0
20567578.1,14,,94,56,8,50.0,1.0,64.7902,17.029,3.0402,23.3813,0
20569578.1,14,,94,56,8,50.0,1.0,64.6902,17.029,3.0742,23.3166,0
20571578.1,14,,94,56,8,50.0,1.0,64.5902,17.029,3.1083,23.252,0
20573578.1,14,,94,56,8,50.0,1.0,64.4902,17.029,3.1424,23.1873,0
20575578.1,14,,94,56,8,50.0,1.0,64.3902,17.029,3.1764,23.1226,0
20577578.1,14,,94,56,8,50.0,1.0,64.2902,17.029,3.2105,23.058,0
20579578.1,14,,94,56,8,50.0,1.0,64.1902,17.029,3.2445,22.9933,0
20580342.9,14,,94,56,8,50.0,1.0,64.152,17.029,3.2576,22.9686,0
20581578.1,14,,93,56,8,50.0,1.0,64.0902,17.2101,3.2788,22.9288,0
20583578.1,14,,93,56,8,50.0,1.0,63.9902,17.2101,3.3132,22.8644,0
20585578.1,14,,93,56,8,50.0,1.0,63.8902,17.2101,3.3477,22.8,0
20587578.1,14,,93,56,8,50.0,1.0,63.7902,17.2101,3.3821,22.7356,0
20589578.1,14,,93,56,8,50.0,1.0,63.6902,17.2101,3.4165,22.6712,0
20591578.1,14,,93,56,8,50.0,1.0,63.5902,17.2101,3.4509,22.6068,0
20593578.1,14,,93,56,8,50.0,1.0,63.4902,17.2101,3.4853,22.5424,0
20595578.1,14,,93,56,8,50.0,1.0,63.3902,17.2101,3.5198,22.4781,0
20597578.1,14,,93,56,8,50.0,1.0,63.2902,17.2101,3.5542,22.4137,0
20599184.5,14,,93,56,8,50.0,1.0,63.2099,17.2101,3.5818,22.3619,0
20599578.1,14,,92,56,7,50.0,1.0,63.1902,15.135,3.1372,22.3493,0
20601578.1,14,,92,56,7,50.0,1.0,63.0902,15.135,3.1675,22.2852,0
20603578.1,14,,92,56,7,50.0,1.0,62.9902,15.135,3.1978,22.2211,0
20605578.1,14,,92,56,7,50.0,1.0,62.8902,15.135,3.228,22.157,0
20607578.1,14,,92,56,7,50.0,1.0,62.7902,15.135,3.2583,22.0929,0
20609578.1,14,,92,56,7,50.0,1.0,62.6902,15.135,3.2886,22.0288,0
20611281.4,14,,92,56,7,50.0,1.0,62.6051,15.135,3.3143,21.9742,0
20611578.1,14,,91,56,7,50.0,1.0,62.5902,15.3162,3.3189,21.9647,0
20613578.1,14,,91,56,7,50.0,1.0,62.4902,15.3162,3.3495,21.9009,0
20615578.1,14,,91,56,7,50.0,1.0,62.3902,15.3162,3.3802,21.837,0
20617578.1,14,,91,56,7,50.0,1.0,62.2902,15.3162,3.4108,21.7732,0
20619578.1,14,,91,56,7,50.0,1.0,62.1902,15.3162,3.4414,21.7093,0
20621578.1,14,,91,56,7,50.0,1.0,62.0902,15.3162,3.4721,21.6455,0
20623578.1,14,,91,56,7,50.0,1.0,61.9902,15.3162,3.5027,21.5816,0
20625578.1,14,,91,56,7,50.0,1.0,61.8902,15.3162,3.5333,21.5178,0
20627578.1,14,,91,56,7,50.0,1.0,61.7902,15.3162,3.5639,21.4539,0
20629578.1,14,,91,56,7,50.0,1.0,61.6902,15.3162,3.5946,21.3901,0
20631578.1,14,,91,56,7,50.0,1.0,61.5902,15.3162,3.6252,21.3262,0
20633578.1,14,,91,56,7,50.0,1.0,61.4902,15.3162,3.6558,21.2624,0
20635578.1,14,,91,56,7,50.0,1.0,61.3902,15.3162,3.6865,21.1985,0
20637578.1,14,,91,56,7,50.0,1.0,61.2902,15.3162,3.7171,21.1347,0
20639578.1,14,,91,56,7,50.0,1.0,61.1902,15.3162,3.7477,21.0708,0
20641578.1,14,,91,56,7,50.0,1.0,61.0902,15.3162,3.7784,21.007,0
20643578.1,14,,91,56,7,50.0,1.0,60.9902,15.3162,3.809,20.9431,0
20645578.1,14,,91,56,7,50.0,1.0,60.8902,15.3162,3.8396,20.8793,0
20647578.1,14,,91,56,7,50.0,1.0,60.7902,15.3162,3.8703,20.8154,0
20648017.9,14,,91,56,7,50.0,1.0,60.7683,15.3162,3.877,20.8014,0
20649578.1,14,,90,56,7,50.0,1.0,60.6902,15.5138,3.9012,20.7518,0
20651578.1,14,,90,56,7,50.0,1.0,60.5902,15.5138,3.9322,20.6882,0
20653251.7,14,,90,56,7,50.0,1.0,60.5066,15.5138,3.9582,20.635,0
20653578.1,14,,89,56,7,50.0,1.0,60.4902,15.6221,3.9633,20.6247,0
20655578.1,14,,89,56,7,50.0,1.0,60.3902,15.6221,3.9945,20.5614,0
20657578.1,14,,89,56,7,50.0,1.0,60.2902,15.6221,4.0258,20.4981,0
20659578.1,14,,89,56,7,50.0,1.0,60.1902,15.6221,4.057,20.4348,0
20661578.1,14,,89,56,7,50.0,1.0,60.0902,15.6221,4.0883,20.3716,0
20663573.6,14,,89,56,7,50.0,1.0,59.9905,15.6221,4.1195,20.3084,0
20663578.1,14,,88,56,6,50.0,1.0,59.9902,13.2411,3.5215,20.3083,0
20665578.1,14,,88,56,6,50.0,1.0,59.8902,13.2411,3.548,20.2453,0
20667578.1,14,,88,56,6,50.0,1.0,59.7902,13.2411,3.5745,20.1824,0
20668488.8,14,,88,56,6,50.0,1.0,59.7447,13.2411,3.5865,20.1537,0
20669578.1,14,,87,56,6,50.0,1.0,59.6902,13.2411,3.6009,20.1196,0
20671578.1,14,,87,56,6,50.0,1.0,59.5902,13.2411,3.6274,20.0569,0
20673578.1,14,,87,56,6,50.0,1.0,59.4902,13.2411,3.6539,19.9943,0
20675578.1,14,,87,56,6,50.0,1.0,59.3902,13.2411,3.6804,19.9317,0
20677578.1,14,,87,56,6,50.0,1.0,59.2902,13.2411,3.7069,19.8691,0
20679578.1,14,,87,56,6,50.0,1.0,59.1902,13.2411,3.7334,19.8064,0
20681578.1,14,,87,56,6,50.0,1.0,59.0902,13.2411,3.7598,19.7438,0
20683398.3,14,,87,56,6,50.0,1.0,58.9992,13.2411,3.7839,19.6868,0
20683578.1,14,,86,56,6,50.0,1.0,58.9902,13.4387,3.7864,19.6814,0
20685200.5,14,,86,56,6,50.0,1.0,58.9091,13.4387,3.8082,19.6321,0
20685578.1,14,,85,56,6,50.0,1.0,58.8902,13.6552,3.8133,19.6211,0
20686647.8,14,,85,56,6,50.0,1.0,58.8368,13.6552,3.8279,19.5898,0
20687578.1,14,,84,56,6,50.0,1.0,58.7902,13.8528,3.8408,19.5627,0
20689578.1,14,,84,56,6,50.0,1.0,58.6902,13.8528,3.8685,19.5045,0
20691578.1,14,,84,56,6,50.0,1.0,58.5902,13.8528,3.8962,19.4462,0
20693578.1,14,,84,56,6,50.0,1.0,58.4902,13.8528,3.9239,19.388,0
20695578.1,14,,84,56,6,50.0,1.0,58.3902,13.8528,3.9516,19.3297,0
20697578.1,14,,84,56,6,50.0,1.0,58.2902,13.8528,3.9793,19.2715,0
20699578.1,14,,84,56,6,50.0,1.0,58.1902,13.8528,4.007,19.2133,0
20701578.1,14,,84,56,6,50.0,1.0,58.0902,13.8528,4.0347,19.155,0
20703578.1,14,,84,56,6,50.0,1.0,57.9902,13.8528,4.0625,19.0968,0
20705578.1,14,,84,56,6,50.0,1.0,57.8902,13.8528,4.0902,19.0385,0
20707491.8,14,,84,56,6,50.0,1.0,57.7946,13.8528,4.1167,18.9828,0
20707578.1,14,,83,56,6,50.0,1.0,57.7902,14.0693,4.1179,18.9803,0
20709578.1,14,,83,56,6,50.0,1.0,57.6902,14.0693,4.146,18.9223,0
20711578.1,14,,83,56,6,50.0,1.0,57.5902,14.0693,4.1742,18.8644,0
20713578.1,14,,83,56,6,50.0,1.0,57.4902,14.0693,4.2023,18.8064,0
20715578.1,14,,83,56,6,50.0,1.0,57.3902,14.0693,4.2304,18.7484,0
20717578.1,14,,83,56,6,50.0,1.0,57.2902,14.0693,4.2586,18.6905,0
20717886.6,14,,83,56,6,50.0,1.0,57.2748,14.0693,4.2629,18.6815,0
20719578.1,14,,82,56,6,50.0,1.0,57.1902,14.3074,4.2871,18.6345,0
20721409.1,14,,82,56,6,50.0,1.0,57.0987,14.3074,4.3133,18.5837,0
20721578.1,14,,81,56,6,50.0,1.0,57.0902,14.3074,4.3157,18.579,0
20723578.1,14,,81,56,6,50.0,1.0,56.9902,14.3074,4.3443,18.5239,0
20724358.3,14,,81,56,6,50.0,1.0,56.9512,14.3074,4.3555,18.5023,0
20724494.8,14,,80,56,6,50.0,1.0,56.9444,14.3074,4.3575,18.4986,0
20724695.0,14,,79,56,6,50.0,1.0,56.9344,14.5238,4.3604,18.4931,0
20725578.1,14,,78,56,6,50.0,1.0,56.8902,14.7619,4.3734,18.4692,0
20727578.1,14,,78,56,6,50.0,1.0,56.7902,14.7619,4.4029,18.415,0
20729578.1,14,,78,56,6,50.0,1.0,56.6902,14.7619,4.4325,18.3608,0
20731578.1,14,,78,56,6,50.0,1.0,56.5902,14.7619,4.462,18.3065,0
20733578.1,14,,78,56,6,50.0,1.0,56.4902,14.7619,4.4915,18.2523,0
20735578.1,14,,78,56,6,50.0,1.0,56.3902,14.7619,4.521,18.1981,0
20736163.8,14,,78,56,6,50.0,1.0,56.361,14.7619,4.5297,18.1822,0
20737578.1,14,,77,56,6,50.0,1.0,56.2902,15.0251,4.5509,18.1441,0
20739578.1,14,,77,56,6,50.0,1.0,56.1902,15.0251,4.581,18.0902,0
20741578.1,14,,77,56,6,50.0,1.0,56.0902,15.0251,4.611,18.0363,0
20742462.6,14,,77,56,6,50.0,1.0,56.046,15.0251,4.6243,18.0124,0
20743578.1,14,,76,56,6,50.0,1.0,55.9902,15.0251,4.6411,17.9826,0
20743773.3,14,,76,56,6,50.0,1.0,55.9805,15.0251,4.644,17.9774,0
20745578.1,14,,75,56,6,50.0,1.0,55.8902,15.0251,4.6711,17.9295,0
20747578.1,14,,75,56,6,50.0,1.0,55.7902,15.0251,4.7012,17.8764,0
20749578.1,14,,75,56,6,50.0,1.0,55.6902,15.0251,4.7312,17.8234,0
20750299.6,14,,75,56,6,50.0,1.0,55.6542,15.0251,4.7421,17.8042,0
20751578.1,14,,74,56,6,50.0,1.0,55.5902,15.2632,4.7616,17.7705,0
20751728.6,14,,74,56,6,50.0,1.0,55.5827,15.2632,4.7639,17.7665,0
20753578.1,14,,73,56,6,50.0,1.0,55.4902,15.5556,4.7926,17.718,0
20755578.1,14,,73,56,6,50.0,1.0,55.3902,15.5556,4.8238,17.6655,0
20756152.3,14,,73,56,6,50.0,1.0,55.3615,15.5556,4.8327,17.6504,0
20757578.1,14,,72,56,6,50.0,1.0,55.2902,15.8824,4.8553,17.6132,0
20759578.1,14,,72,56,6,50.0,1.0,55.1902,15.8824,4.8871,17.561,0
20761578.1,14,,72,56,6,50.0,1.0,55.0902,15.8824,4.9189,17.5089,0
20761768.4,14,,72,56,6,50.0,1.0,55.0807,15.8824,4.9219,17.5039,0
20762123.4,14,,71,56,6,50.0,1.0,55.063,16.1455,4.9276,17.4947,0
20763578.1,14,,70,56,6,50.0,1.0,54.9902,16.4087,4.9515,17.4589,0
20765578.1,14,,70,56,6,50.0,1.0,54.8902,16.4087,4.9843,17.4098,0
20766792.8,14,,70,56,6,50.0,1.0,54.8295,16.4087,5.0042,17.38,0
20767578.1,14,,69,56,6,50.0,1.0,54.7902,16.7011,5.0174,17.3619,0
20769578.1,14,,69,56,6,50.0,1.0,54.6902,16.7011,5.0508,17.3159,0
20771578.1,14,,69,56,6,50.0,1.0,54.5902,16.7011,5.0842,17.2699,0
20773578.1,14,,69,56,6,50.0,1.0,54.4902,16.7011,5.1176,17.2239,0
20775578.1,14,,69,56,6,50.0,1.0,54.3902,16.7011,5.151,17.1779,0
20777578.1,14,,69,56,6,50.0,1.0,54.2902,16.7011,5.1844,17.1319,0
20779578.1,14,,69,56,6,50.0,1.0,54.1902,16.7011,5.2178,17.0859,0
20781578.1,14,,69,56,6,50.0,1.0,54.0902,16.7011,5.2512,17.04,0
20783578.1,14,,69,56,6,50.0,1.0,53.9902,16.7011,5.2846,16.994,0
20784487.5,14,,69,56,6,50.0,1.0,53.9448,16.7011,5.2998,16.973,0
20785578.1,14,,68,56,6,50.0,1.0,53.8902,17.0279,5.3183,16.9499,0
20787578.1,14,,68,56,6,50.0,1.0,53.7902,17.0279,5.3524,16.9074,0
20789578.1,14,,68,56,6,50.0,1.0,53.6902,17.0279,5.3864,16.8649,0
20791578.1,14,,68,56,6,50.0,1.0,53.5902,17.0279,5.4205,16.8225,0
20793578.1,14,,68,56,6,50.0,1.0,53.4902,17.0279,5.4545,16.78,0
20795578.1,14,,68,56,6,50.0,1.0,53.3902,17.0279,5.4886,16.7375,0
20797578.1,14,,68,56,6,50.0,1.0,53.2902,17.0279,5.5227,16.695,0
20799578.1,14,,68,56,6,50.0,1.0,53.1902,17.0279,5.5567,16.6526,0
20800680.4,14,,68,56,6,50.0,1.0,53.1351,17.0279,5.5755,16.6292,0
20801578.1,14,,67,56,6,50.0,1.0,53.0902,17.3203,5.591,16.6102,0
20803578.1,14,,67,56,6,50.0,1.0,52.9902,17.3203,5.6257,16.5681,0
20803629.5,14,,67,56,6,50.0,1.0,52.9877,17.3203,5.6266,16.567,0
20805578.1,14,,66,56,6,50.0,1.0,52.8902,17.6471,5.661,16.5262,0
20807578.1,14,,66,56,6,50.0,1.0,52.7902,17.6471,5.6962,16.4844,0
20807680.0,14,,66,56,6,50.0,1.0,52.7852,17.6471,5.698,16.4822,0
20809578.1,14,,65,56,5,50.0,1.0,52.6902,14.8897,4.7597,16.4429,0
20811578.1,14,,65,56,5,50.0,1.0,52.5902,14.8897,4.7894,16.4014,0
20813378.0,14,,65,56,5,50.0,1.0,52.5003,14.8897,4.8162,16.3641,0
20813578.1,14,,64,56,4,50.0,1.0,52.4902,12.1324,3.8725,16.3599,0
20815578.1,14,,64,56,4,50.0,1.0,52.3902,12.1324,3.8967,16.3188,0
20817578.1,14,,64,56,4,50.0,1.0,52.2902,12.1324,3.921,16.2777,0
20819578.1,14,,64,56,4,50.0,1.0,52.1902,12.1324,3.9453,16.2366,0
20821578.1,14,,64,56,4,50.0,1.0,52.0902,12.1324,3.9695,16.1954,0
20823578.1,14,,64,56,4,50.0,1.0,51.9902,12.1324,3.9938,16.1543,0
20825578.1,14,,64,56,4,50.0,1.0,51.8902,12.1324,4.0181,16.1132,0
20827578.1,14,,64,56,4,50.0,1.0,51.7902,12.1324,4.0423,16.072,0
20829578.1,14,,64,56,4,50.0,1.0,51.6902,12.1324,4.0666,16.0309,0
20831578.1,14,,64,56,4,50.0,1.0,51.5902,12.1324,4.0909,15.9898,0
20833578.1,14,,64,56,4,50.0,1.0,51.4902,12.1324,4.1151,15.9486,0
20835578.1,14,,64,56,4,50.0,1.0,51.3902,12.1324,4.1394,15.9075,0
20837578.1,14,,64,56,4,50.0,1.0,51.2902,12.1324,4.1637,15.8664,0
20839578.1,14,,64,56,4,50.0,1.0,51.1902,12.1324,4.1879,15.8253,0
20841578.1,14,,64,56,4,50.0,1.0,51.0902,12.1324,4.2122,15.7841,0
20843578.1,14,,64,56,4,50.0,1.0,50.9902,12.1324,4.2365,15.743,0
20845578.1,14,,64,56,4,50.0,1.0,50.8902,12.1324,4.2607,15.7019,0
20847578.1,14,,64,56,4,50.0,1.0,50.7902,12.1324,4.285,15.6607,0
20849578.1,14,,64,56,4,50.0,1.0,50.6902,12.1324,4.3092,15.6196,0
20851578.1,14,,64,56,4,50.0,1.0,50.5902,12.1324,4.3335,15.5785,0
20853578.1,14,,64,56,4,50.0,1.0,50.4902,12.1324,4.3578,15.5373,0
20855578.1,14,,64,56,4,50.0,1.0,50.3902,12.1324,4.382,15.4962,0
20857578.1,14,,64,56,4,50.0,1.0,50.2902,12.1324,4.4063,15.4551,0
20859578.1,14,,64,56,4,50.0,1.0,50.1902,12.1324,4.4306,15.4139,0
20861578.1,14,,64,56,4,50.0,1.0,50.0902,12.1324,4.4548,15.3728,0
20863578.1,14,,64,56,4,50.0,1.0,49.9902,12.1324,4.4791,15.3317,0
20865578.1,14,,64,56,4,50.0,1.0,49.8902,12.1324,4.5034,15.2906,0
20867578.1,14,,64,56,4,50.0,1.0,49.7902,12.1324,4.5276,15.2494,0
20869578.1,14,,64,56,4,50.0,1.0,49.6902,12.1324,4.5519,15.2083,0
20871578.1,14,,64,56,4,50.0,1.0,49.5902,12.1324,4.5762,15.1684,0
20873578.1,14,,64,56,4,50.0,1.0,49.4902,12.1324,4.6004,15.1309,0
20875578.1,14,,64,56,4,50.0,1.0,49.3902,12.1324,4.6247,15.0935,0
20877578.1,14,,64,56,4,50.0,1.0,49.2902,12.1324,4.649,15.056,0
20879578.1,14,,64,56,4,50.0,1.0,49.1902,12.1324,4.6732,15.0186,0
20881578.1,14,,64,56,4,50.0,1.0,49.0902,12.1324,4.6975,14.9811,0
20883578.1,14,,64,56,4,50.0,1.0,48.9902,12.1324,4.7217,14.9437,0
20885578.1,14,,64,56,4,50.0,1.0,48.8902,12.1324,4.746,14.9062,0
20887578.1,14,,64,56,4,50.0,1.0,48.7902,12.1324,4.7703,14.8688,0
20889578.1,14,,64,56,4,50.0,1.0,48.6902,12.1324,4.7945,14.8313,0
20891578.1,14,,64,56,4,50.0,1.0,48.5902,12.1324,4.8188,14.7939,0
20893578.1,14,,64,56,4,50.0,1.0,48.4902,12.1324,4.8431,14.7564,0
20895578.1,14,,64,56,4,50.0,1.0,48.3902,12.1324,4.8673,14.719,0
20897578.1,14,,64,56,4,50.0,1.0,48.2902,12.1324,4.8916,14.6815,0
20899578.1,14,,64,56,4,50.0,1.0,48.1902,12.1324,4.9159,14.6441,0
20901578.1,14,,64,56,4,50.0,1.0,48.0902,12.1324,4.9401,14.6066,0
20903578.1,14,,64,56,4,50.0,1.0,47.9902,12.1324,4.9644,14.5692,0
20904318.9,14,,64,56,4,50.0,1.0,47.9532,12.1324,4.9734,14.5553,0
20905578.1,14,,63,55,4,50.0,1.0,47.8902,12.3407,4.9889,14.5313,0
20907578.1,14,,63,55,4,50.0,1.0,47.7902,12.3407,5.0136,14.4932,0
20909578.1,14,,63,55,4,50.0,1.0,47.6902,12.3407,5.0383,14.4551,0
20911578.1,14,,63,55,4,50.0,1.0,47.5902,12.3407,5.063,14.417,0
20913578.1,14,,63,55,4,50.0,1.0,47.4902,12.3407,5.0876,14.3789,0
20915578.1,14,,63,55,4,50.0,1.0,47.3902,12.3407,5.1123,14.3408,0
20917578.1,14,,63,55,4,50.0,1.0,47.2902,12.3407,5.137,14.3027,0
20919578.1,14,,63,55,4,50.0,1.0,47.1902,12.3407,5.1617,14.2646,0
20921578.1,14,,63,55,4,50.0,1.0,47.0902,12.3407,5.1864,14.2265,0
20923578.1,14,,63,55,4,50.0,1.0,46.9902,12.3407,5.2111,14.1884,0
20925578.1,14,,63,55,4,50.0,1.0,46.8902,12.3407,5.2357,14.1503,0
20927578.1,14,,63,55,4,50.0,1.0,46.7902,12.3407,5.2604,14.1121,0
20929578.1,14,,63,55,4,50.0,1.0,46.6902,12.3407,5.2851,14.074,0
20931578.1,14,,63,55,4,50.0,1.0,46.5902,12.3407,5.3098,14.0359,0
20933578.1,14,,63,55,4,50.0,1.0,46.4902,12.3407,5.3345,13.9978,0
20935578.1,14,,63,55,4,50.0,1.0,46.3902,12.3407,5.3591,13.9597,0
20937578.1,14,,63,55,4,50.0,1.0,46.2902,12.3407,5.3838,13.9216,0
20939578.1,14,,63,55,4,50.0,1.0,46.1902,12.3407,5.4085,13.8835,0
20941578.1,14,,63,55,4,50.0,1.0,46.0902,12.3407,5.4332,13.8454,0
20943578.1,14,,63,55,4,50.0,1.0,45.9902,12.3407,5.4579,13.8073,0
20945578.1,14,,63,55,4,50.0,1.0,45.8902,12.3407,5.4825,13.7692,0
20947578.1,14,,63,55,4,50.0,1.0,45.7902,12.3407,5.5072,13.7311,0
20949578.1,14,,63,55,4,50.0,1.0,45.6902,12.3407,5.5319,13.693,0
20951578.1,14,,63,55,4,50.0,1.0,45.5902,12.3407,5.5566,13.6549,0
20953578.1,14,,63,55,4,50.0,1.0,45.4902,12.3407,5.5813,13.6168,0
20955578.1,14,,63,55,4,50.0,1.0,45.3902,12.3407,5.606,13.5787,0
20957578.1,14,,63,55,4,50.0,1.0,45.2902,12.3407,5.6306,13.5406,0
20959578.1,14,,63,55,4,50.0,1.0,45.1902,12.3407,5.6553,13.5025,0
20961578.1,14,,63,55,4,50.0,1.0,45.0902,12.3407,5.68,13.4644,0
20963578.1,14,,63,55,4,50.0,1.0,44.9902,12.3407,5.7047,13.4262,0
20965578.1,14,,63,55,4,50.0,1.0,44.8902,12.3407,5.7294,13.3881,0
20967578.1,14,,63,55,4,50.0,1.0,44.7902,12.3407,5.754,13.35,0
20969578.1,14,,63,55,4,50.0,1.0,44.6902,12.3407,5.7787,13.3119,0
20971578.1,14,,63,55,4,50.0,1.0,44.5902,12.3407,5.8034,13.2738,0
20973578.1,14,,63,55,4,50.0,1.0,44.4902,12.3407,5.8281,13.2357,0
20975578.1,14,,63,55,4,50.0,1.0,44.3902,12.3407,5.8528,13.1976,0
20977578.1,14,,63,55,4,50.0,1.0,44.2902,12.3407,5.8775,13.1595,0
20979135.6,14,,63,55,4,50.0,1.0,44.2124,12.3407,5.8967,13.1298,0
20979578.1,14,,62,54,4,50.0,1.0,44.1902,12.549,5.9022,13.1214,0
20981578.1,14,,62,54,4,50.0,1.0,44.0902,12.549,5.9273,13.0832,0
20983578.1,14,,62,54,4,50.0,1.0,43.9902,12.549,5.9524,13.0451,0
20985578.1,14,,62,54,4,50.0,1.0,43.8902,12.549,5.9775,13.0069,0
20987578.1,14,,62,54,4,50.0,1.0,43.7902,12.549,6.0026,12.9687,0
20989578.1,14,,62,54,4,50.0,1.0,43.6902,12.549,6.0277,12.9306,0
20991578.1,14,,62,54,4,50.0,1.0,43.5902,12.549,6.0528,12.8924,0
20993578.1,14,,62,54,4,50.0,1.0,43.4902,12.549,6.0779,12.8542,0
20995578.1,14,,62,54,4,50.0,1.0,43.3902,12.549,6.103,12.8161,0
20997578.1,14,,62,54,4,50.0,1.0,43.2902,12.549,6.1281,12.7779,0
20999578.1,14,,62,54,4,50.0,1.0,43.1902,12.549,6.1532,12.7397,0
21001578.1,14,,62,54,4,50.0,1.0,43.0902,12.549,6.1783,12.7016,0
21003578.1,14,,62,54,4,50.0,1.0,42.9902,12.549,6.2034,12.6634,0
21005578.1,14,,62,54,4,50.0,1.0,42.8902,12.549,6.2285,12.6252,0
21007578.1,14,,62,54,4,50.0,1.0,42.7902,12.549,6.2536,12.5871,0
21009578.1,14,,62,54,4,50.0,1.0,42.6902,12.549,6.2787,12.5489,0
21011578.1,14,,62,54,4,50.0,1.0,42.5902,12.549,6.3038,12.5108,0
21013445.6,14,,62,54,4,50.0,1.0,42.4969,12.549,6.3272,12.4751,0
21013578.1,14,,61,53,4,50.0,1.0,42.4902,12.7871,6.3289,12.4726,0
21015578.1,14,,61,53,4,50.0,1.0,42.3902,12.7871,6.3545,12.4344,0
21017578.1,14,,61,53,4,50.0,1.0,42.2902,12.7871,6.3801,12.3961,0
21019578.1,14,,61,53,4,50.0,1.0,42.1902,12.7871,6.4056,12.3579,0
21021578.1,14,,61,53,4,50.0,1.0,42.0902,12.7871,6.4312,12.3197,0
21023578.1,14,,61,53,4,50.0,1.0,41.9902,12.7871,6.4568,12.2814,0
21025578.1,14,,61,53,4,50.0,1.0,41.8902,12.7871,6.4824,12.2432,0
21027578.1,14,,61,53,4,50.0,1.0,41.7902,12.7871,6.5079,12.205,0
21029578.1,14,,61,53,4,50.0,1.0,41.6902,12.7871,6.5335,12.1667,0
21031578.1,14,,61,53,4,50.0,1.0,41.5902,12.7871,6.5591,12.1285,0
21033578.1,14,,61,53,4,50.0,1.0,41.4902,12.7871,6.5847,12.0903,0
21035578.1,14,,61,53,4,50.0,1.0,41.3902,12.7871,6.6102,12.052,0
21037578.1,14,,61,53,4,50.0,1.0,41.2902,12.7871,6.6358,12.0138,0
21039578.1,14,,61,53,4,50.0,1.0,41.1902,12.7871,6.6614,11.9756,0
21041578.1,14,,61,53,4,50.0,1.0,41.0902,12.7871,6.687,11.9373,0
21041660.0,14,,61,53,4,50.0,1.0,41.0862,12.7871,6.688,11.9358,0
21043578.1,14,,60,52,4,50.0,1.0,40.9902,13.0252,6.713,11.8984,0
21045578.1,14,,60,52,4,50.0,1.0,40.8902,13.0252,6.739,11.8594,0
21047578.1,14,,60,52,4,50.0,1.0,40.7902,13.0252,6.7651,11.8204,0
21049578.1,14,,60,52,4,50.0,1.0,40.6902,13.0252,6.7911,11.7814,0
21051578.1,14,,60,52,4,50.0,1.0,40.5902,13.0252,6.8172,11.7425,0
21052150.1,14,,60,52,4,50.0,1.0,40.5616,13.0252,6.8246,11.7313,0
21053578.1,14,,58,50,4,50.0,1.0,40.4902,13.8095,6.8444,11.7034,0
21055578.1,14,,58,50,4,50.0,1.0,40.3902,13.8095,6.872,11.6642,0
21057578.1,14,,58,50,4,50.0,1.0,40.2902,13.8095,6.8996,11.6251,0
21059578.1,14,,58,50,4,50.0,1.0,40.1902,13.8095,6.9272,11.5859,0
21061578.1,14,,58,50,4,50.0,1.0,40.0902,13.8095,6.9548,11.5468,0
21063578.1,14,,58,50,4,50.0,1.0,39.9902,13.8095,6.9825,11.5076,0
21065578.1,14,,58,50,4,50.0,1.0,39.8902,13.8095,7.0101,11.4685,0
21067578.1,14,,58,50,4,50.0,1.0,39.7902,13.8095,7.0377,11.4293,0
21069578.1,14,,58,50,4,50.0,1.0,39.6902,13.8095,7.0653,11.3902,0
21071578.1,14,,58,50,4,50.0,1.0,39.5902,13.8095,7.0929,11.351,0
21073578.1,14,,58,50,4,50.0,1.0,39.4902,13.8095,7.1206,11.3119,0
21075578.1,14,,58,50,4,50.0,1.0,39.3902,13.8095,7.1482,11.2727,0
21077578.1,14,,58,50,4,50.0,1.0,39.2902,13.8095,7.1758,11.2336,0
21079578.1,14,,58,50,4,50.0,1.0,39.1902,13.8095,7.2034,11.1944,0
21081578.1,14,,58,50,4,50.0,1.0,39.0902,13.8095,7.231,11.1553,0
21083578.1,14,,58,50,4,50.0,1.0,38.9902,13.8095,7.2586,11.1161,0
21085578.1,14,,58,50,4,50.0,1.0,38.8902,13.8095,7.2863,11.077,0
21087578.1,14,,58,50,4,50.0,1.0,38.7902,13.8095,7.3139,11.0379,0
21089578.1,14,,58,50,4,50.0,1.0,38.6902,13.8095,7.3415,10.9987,0
21091578.1,14,,58,50,4,50.0,1.0,38.5902,13.8095,7.3691,10.9596,0
21093578.1,14,,58,50,4,50.0,1.0,38.4902,13.8095,7.3967,10.9204,0
21095578.1,14,,58,50,4,50.0,1.0,38.3902,13.8095,7.4244,10.8813,0
21097578.1,14,,58,50,4,50.0,1.0,38.2902,13.8095,7.452,10.8421,0
21099578.1,14,,58,50,4,50.0,1.0,38.1902,13.8095,7.4796,10.803,0
21101578.1,14,,58,50,4,50.0,1.0,38.0902,13.8095,7.5072,10.7638,0
21103578.1,14,,58,50,4,50.0,1.0,37.9902,13.8095,7.5348,10.7247,0
21105578.1,14,,58,50,4,50.0,1.0,37.8902,13.8095,7.5625,10.6855,0
21107578.1,14,,58,50,4,50.0,1.0,37.7902,13.8095,7.5901,10.6464,0
21109578.1,14,,58,50,4,50.0,1.0,37.6902,13.8095,7.6177,10.6072,0
21111578.1,14,,58,50,4,50.0,1.0,37.5902,13.8095,7.6453,10.5681,0
21113578.1,14,,58,50,4,50.0,1.0,37.4902,13.8095,7.6729,10.5289,0
21115578.1,14,,58,50,4,50.0,1.0,37.3902,13.8095,7.7006,10.4898,0
21117578.1,14,,58,50,4,50.0,1.0,37.2902,13.8095,7.7282,10.4506,0
21119578.1,14,,58,50,4,50.0,1.0,37.1902,13.8095,7.7558,10.4115,0
21121578.1,14,,58,50,4,50.0,1.0,37.0902,13.8095,7.7834,10.3723,0
21123578.1,14,,58,50,4,50.0,1.0,36.9902,13.8095,7.811,10.3332,0
21125578.1,14,,58,50,4,50.0,1.0,36.8902,13.8095,7.8386,10.294,0
21127578.1,14,,58,50,4,50.0,1.0,36.7902,13.8095,7.8663,10.2549,0
21129578.1,14,,58,50,4,50.0,1.0,36.6902,13.8095,7.8939,10.2158,0
21131578.1,14,,58,50,4,50.0,1.0,36.5902,13.8095,7.9215,10.1766,0
21133578.1,14,,58,50,4,50.0,1.0,36.4902,13.8095,7.9491,10.1375,0
21134531.7,14,,58,50,4,50.0,1.0,36.4426,13.8095,7.9623,10.1188,0
21135578.1,14,,57,50,4,50.0,1.0,36.3902,13.8095,7.9767,10.0986,0
21137578.1,14,,57,50,4,50.0,1.0,36.2902,13.8095,8.0044,10.0599,0
21139578.1,14,,57,50,4,50.0,1.0,36.1902,13.8095,8.032,10.0212,0
21141578.1,14,,57,50,4,50.0,1.0,36.0902,13.8095,8.0596,9.9825,0
21143578.1,14,,57,50,4,50.0,1.0,35.9902,13.8095,8.0872,9.9439,0
21145578.1,14,,57,50,4,50.0,1.0,35.8902,13.8095,8.1148,9.9052,0
21147578.1,14,,57,50,4,50.0,1.0,35.7902,13.8095,8.1425,9.8665,0
21149578.1,14,,57,50,4,50.0,1.0,35.6902,13.8095,8.1701,9.8278,0
21151578.1,14,,57,50,4,50.0,1.0,35.5902,13.8095,8.1977,9.7891,0
21153578.1,14,,57,50,4,50.0,1.0,35.4902,13.8095,8.2253,9.7505,0
21155578.1,14,,57,50,4,50.0,1.0,35.3902,13.8095,8.2529,9.7118,0
21156546.4,14,,57,50,4,50.0,1.0,35.3418,13.8095,8.2663,9.6931,0
21157578.1,14,,56,49,4,50.0,1.0,35.2902,14.0842,8.2808,9.6731,0
21159578.1,14,,56,49,4,50.0,1.0,35.1902,14.0842,8.309,9.6343,0
21161578.1,14,,56,49,4,50.0,1.0,35.0902,14.0842,8.3372,9.5956,0
21163578.1,14,,56,49,4,50.0,1.0,34.9902,14.0842,8.3653,9.5568,0
21165578.1,14,,56,49,4,50.0,1.0,34.8902,14.0842,8.3935,9.5181,0
21167578.1,14,,56,49,4,50.0,1.0,34.7902,14.0842,8.4217,9.4793,0
21169578.1,14,,56,49,4,50.0,1.0,34.6902,14.0842,8.4498,9.4482,0
21171578.1,14,,56,49,4,50.0,1.0,34.5902,14.0842,8.478,9.4196,0
21173578.1,14,,56,49,4,50.0,1.0,34.4902,14.0842,8.5062,9.3911,0
21175578.1,14,,56,49,4,50.0,1.0,34.3902,14.0842,8.5344,9.3625,0
21177578.1,14,,56,49,4,50.0,1.0,34.2902,14.0842,8.5625,9.334,0
21179578.1,14,,56,49,4,50.0,1.0,34.1902,14.0842,8.5907,9.3054,0
21181578.1,14,,56,49,4,50.0,1.0,34.0902,14.0842,8.6189,9.2769,0
21183578.1,14,,56,49,4,50.0,1.0,33.9902,14.0842,8.647,9.2484,0
21185578.1,14,,56,49,4,50.0,1.0,33.8902,14.0842,8.6752,9.2198,0
21187578.1,14,,56,49,4,50.0,1.0,33.7902,14.0842,8.7034,9.1913,0
21187889.4,14,,56,49,4,50.0,1.0,33.7747,14.0842,8.7077,9.1868,0
21189578.1,14,,55,49,4,50.0,1.0,33.6902,14.359,8.732,9.1632,0
21191578.1,14,,55,49,4,50.0,1.0,33.5902,14.359,8.7607,9.1351,0
21193578.1,14,,55,49,4,50.0,1.0,33.4902,14.359,8.7894,9.1071,0
21195578.1,14,,55,49,4,50.0,1.0,33.3902,14.359,8.8182,9.0791,0
21197578.1,14,,55,49,4,50.0,1.0,33.2902,14.359,8.8469,9.0511,0
21199578.1,14,,55,49,4,50.0,1.0,33.1902,14.359,8.8756,9.0231,0
21201578.1,14,,55,49,4,50.0,1.0,33.0902,14.359,8.9043,8.9951,0
21203578.1,14,,55,49,4,50.0,1.0,32.9902,14.359,8.933,8.967,0
21205578.1,14,,55,49,4,50.0,1.0,32.8902,14.359,8.9617,8.939,0
21207578.1,14,,55,49,4,50.0,1.0,32.7902,14.359,8.9905,8.911,0
21209578.1,14,,55,49,4,50.0,1.0,32.6902,14.359,9.0192,8.883,0
21211578.1,14,,55,49,4,50.0,1.0,32.5902,14.359,9.0479,8.855,0
21213578.1,14,,55,49,4,50.0,1.0,32.4902,14.359,9.0766,8.827,0
21215578.1,14,,55,49,4,50.0,1.0,32.3902,14.359,9.1053,8.7989,0
21216015.3,14,,55,49,4,50.0,1.0,32.3684,14.359,9.1116,8.7928,0
21217578.1,14,,54,49,4,50.0,1.0,32.2902,14.6795,9.1346,8.7713,0
21219578.1,14,,54,49,4,50.0,1.0,32.1902,14.6795,9.1639,8.7439,0
21221578.1,14,,54,49,4,50.0,1.0,32.0902,14.6795,9.1933,8.7164,0
21223578.1,14,,54,49,4,50.0,1.0,31.9902,14.6795,9.2226,8.6889,0
21225578.1,14,,54,49,4,50.0,1.0,31.8902,14.6795,9.252,8.6614,0
21227292.9,14,,54,49,4,50.0,1.0,31.8045,14.6795,9.2772,8.6379,0
21227578.1,14,,53,49,3,50.0,1.0,31.7902,10.8333,6.88,8.6341,0
21229578.1,14,,53,49,3,50.0,1.0,31.6902,10.8333,6.9017,8.6071,0
21231578.1,14,,53,49,3,50.0,1.0,31.5902,10.8333,6.9233,8.5802,0
21233578.1,14,,53,49,3,50.0,1.0,31.4902,10.8333,6.945,8.5533,0
21235578.1,14,,53,49,3,50.0,1.0,31.3902,10.8333,6.9667,8.5264,0
21237578.1,14,,53,49,3,50.0,1.0,31.2902,10.8333,6.9883,8.4995,0
21239578.1,14,,53,49,3,50.0,1.0,31.1902,10.8333,7.01,8.4726,0
21241578.1,14,,53,49,3,50.0,1.0,31.0902,10.8333,7.0317,8.4457,0
21243578.1,14,,53,49,3,50.0,1.0,30.9902,10.8333,7.0533,8.4188,0
21245407.9,14,,53,49,3,50.0,1.0,30.8988,10.8333,7.0731,8.3942,0
21245578.1,14,,52,48,3,50.0,1.0,30.8902,10.8333,7.075,8.3919,0
21247578.1,14,,52,48,3,50.0,1.0,30.7902,10.8333,7.0967,8.365,0
21249578.1,14,,52,48,3,50.0,1.0,30.6902,10.8333,7.1183,8.3381,0
21251228.1,14,,52,48,3,50.0,1.0,30.6077,10.8333,7.1362,8.3159,0
21251578.1,14,,51,47,3,50.0,1.0,30.5902,11.3095,7.1402,8.3112,0
21253578.1,14,,51,47,3,50.0,1.0,30.4902,11.3095,7.1628,8.2842,0
21255578.1,14,,51,47,3,50.0,1.0,30.3902,11.3095,7.1854,8.2571,0
21256319.9,14,,51,47,3,50.0,1.0,30.3532,11.3095,7.1938,8.2471,0
21257578.1,14,,50,47,2,50.0,1.0,30.2902,7.1429,4.7165,8.2305,0
21259578.1,14,,50,47,2,50.0,1.0,30.1902,7.1429,4.7308,8.2041,0
21261578.1,14,,50,47,2,50.0,1.0,30.0902,7.1429,4.7451,8.1777,0
21263578.1,14,,50,47,2,50.0,1.0,29.9902,7.1429,4.7594,8.1513,0
21264138.8,14,,50,47,2,50.0,1.0,29.9622,7.1429,4.7634,8.1439,0
21264708.3,14,,49,46,2,50.0,1.0,29.9337,7.6923,4.7677,8.1363,0
21265578.1,14,,48,46,2,50.0,1.0,29.8902,8.3333,4.775,8.125,0
21267578.1,14,,48,46,2,50.0,1.0,29.7902,8.3333,4.7917,8.0989,0
21269578.1,14,,48,46,2,50.0,1.0,29.6902,8.3333,4.8083,8.0728,0
21271578.1,14,,48,46,2,50.0,1.0,29.5902,8.3333,4.825,8.0467,0
21273578.1,14,,48,46,2,50.0,1.0,29.4902,8.3333,4.8417,8.0206,0
21275578.1,14,,48,46,2,50.0,1.0,29.3902,8.3333,4.8583,7.9945,0
21277578.1,14,,48,46,2,50.0,1.0,29.2902,8.3333,4.875,7.9684,0
21279578.1,14,,48,46,2,50.0,1.0,29.1902,8.3333,4.8917,7.9424,0
21281578.1,14,,48,46,2,50.0,1.0,29.0902,8.3333,4.9083,7.9163,0
21283578.1,14,,48,46,2,50.0,1.0,28.9902,8.3333,4.925,7.8902,0
21285578.1,14,,48,46,2,50.0,1.0,28.8902,8.3333,4.9417,7.8641,0
21287578.1,14,,48,46,2,50.0,1.0,28.7902,8.3333,4.9583,7.838,0
21289578.1,14,,48,46,2,50.0,1.0,28.6902,8.3333,4.975,7.8119,0
21291578.1,14,,48,46,2,50.0,1.0,28.5902,8.3333,4.9917,7.7858,0
21293578.1,14,,48,46,2,50.0,1.0,28.4902,8.3333,5.0083,7.7597,0
21295578.1,14,,48,46,2,50.0,1.0,28.3902,8.3333,5.025,7.7337,0
21297578.1,14,,48,46,2,50.0,1.0,28.2902,8.3333,5.0417,7.7076,0
21299578.1,14,,48,46,2,50.0,1.0,28.1902,8.3333,5.0583,7.6815,0
21301578.1,14,,48,46,2,50.0,1.0,28.0902,8.3333,5.075,7.6554,0
21303578.1,14,,48,46,2,50.0,1.0,27.9902,8.3333,5.0917,7.6293,0
21305578.1,14,,48,46,2,50.0,1.0,27.8902,8.3333,5.1083,7.6032,0
21307578.1,14,,48,46,2,50.0,1.0,27.7902,8.3333,5.125,7.5771,0
21307962.0,14,,48,46,2,50.0,1.0,27.7711,8.3333,5.1282,7.5721,0
21308174.7,14,,47,46,1,50.0,1.0,27.7604,4.5455,2.5651,7.5694,0
21309578.1,14,,46,45,1,50.0,1.0,27.6902,4.5455,2.5714,7.5515,0
21311578.1,14,,46,45,1,50.0,1.0,27.5902,4.5455,2.5805,7.5259,0
21313578.1,14,,46,45,1,50.0,1.0,27.4902,4.5455,2.5896,7.5003,0
21315416.4,14,,46,45,1,50.0,1.0,27.3983,4.5455,2.598,7.4768,0
21315578.1,14,,45,44,1,50.0,1.0,27.3902,4.5455,2.5987,7.4747,0
21316500.7,14,,45,44,1,50.0,1.0,27.3441,4.5455,2.6029,7.4629,0
21317578.1,14,,44,43,1,50.0,1.0,27.2902,4.5455,2.6078,7.4491,0
21319578.1,14,,44,43,1,50.0,1.0,27.1902,4.5455,2.6169,7.4236,0
21321578.1,14,,44,43,1,50.0,1.0,27.0902,4.5455,2.626,7.398,0
21323578.1,14,,44,43,1,50.0,1.0,26.9902,4.5455,2.6351,7.3724,0
21325578.1,14,,44,43,1,50.0,1.0,26.8902,4.5455,2.6442,7.3468,0
21327578.1,14,,44,43,1,50.0,1.0,26.7902,4.5455,2.6533,7.3212,0
21328225.8,14,,44,43,1,50.0,1.0,26.7579,4.5455,2.6562,7.3129,0
21329578.1,14,,43,42,1,50.0,1.0,26.6902,4.5455,2.6624,7.2956,0
21331578.1,14,,43,42,1,50.0,1.0,26.5902,4.5455,2.6714,7.2701,0
21333578.1,14,,43,42,1,50.0,1.0,26.4902,4.5455,2.6805,7.2445,0
21335578.1,14,,43,42,1,50.0,1.0,26.3902,4.5455,2.6896,7.2189,0
21337578.1,14,,43,42,1,50.0,1.0,26.2902,4.5455,2.6987,7.1933,0
21339578.1,14,,43,42,1,50.0,1.0,26.1902,4.5455,2.7078,7.1677,0
21341578.1,14,,43,42,1,50.0,1.0,26.0902,4.5455,2.7169,7.1422,0
21343578.1,14,,43,42,1,50.0,1.0,25.9902,4.5455,2.726,7.1166,0
21345578.1,14,,43,42,1,50.0,1.0,25.8902,4.5455,2.7351,7.091,0
21347578.1,14,,43,42,1,50.0,1.0,25.7902,4.5455,2.7442,7.0654,0
21349578.1,14,,43,42,1,50.0,1.0,25.6902,4.5455,2.7533,7.0398,0
21351578.1,14,,43,42,1,50.0,1.0,25.5902,4.5455,2.7624,7.0142,0
21353578.1,14,,43,42,1,50.0,1.0,25.4902,4.5455,2.7714,6.9887,0
21355578.1,14,,43,42,1,50.0,1.0,25.3902,4.5455,2.7805,6.9631,0
21357578.1,14,,43,42,1,50.0,1.0,25.2902,4.5455,2.7896,6.9375,0
21359578.1,14,,43,42,1,50.0,1.0,25.1902,4.5455,2.7987,6.9119,0
21361578.1,14,,43,42,1,50.0,1.0,25.0902,4.5455,2.8078,6.8863,0
21363578.1,14,,43,42,1,50.0,1.0,24.9902,4.5455,2.8169,6.8608,0
21363831.5,14,,43,42,1,50.0,1.0,24.9776,4.5455,2.818,6.8575,0
21365578.1,14,,42,42,0,50.0,1.0,24.8902,0,0.0,6.8357,0
21366518.1,14,,42,42,0,50.0,1.0,24.8432,0,0.0,6.8239,0
21367054.4,14,,41,41,0,50.0,1.0,24.8164,0,0.0,6.8172,0
21367578.1,14,,40,40,0,50.0,1.0,24.7902,0,0.0,6.8107,0
21369578.1,14,,40,40,0,50.0,1.0,24.6902,0,0.0,6.7857,0
21371578.1,14,,40,40,0,50.0,1.0,24.5902,0,0.0,6.7607,0
21373578.1,14,,40,40,0,50.0,1.0,24.4902,0,0.0,6.7357,0
21375578.1,14,,40,40,0,50.0,1.0,24.3902,0,0.0,6.7107,0
21377578.1,14,,40,40,0,50.0,1.0,24.2902,0,0.0,6.6857,0
21379578.1,14,,40,40,0,50.0,1.0,24.1902,0,0.0,6.6607,0
21381578.1,14,,40,40,0,50.0,1.0,24.0902,0,0.0,6.6357,0
21383578.1,14,,40,40,0,50.0,1.0,23.9902,0,0.0,6.6107,0
21385578.1,14,,40,40,0,50.0,1.0,23.8902,0,0.0,6.5857,0
21387578.1,14,,40,40,0,50.0,1.0,23.7902,0,0.0,6.5607,0
21389578.1,14,,40,40,0,50.0,1.0,23.6902,0,0.0,6.5357,0
21391578.1,14,,40,40,0,50.0,1.0,23.5902,0,0.0,6.5107,0
21393578.1,14,,40,40,0,50.0,1.0,23.4902,0,0.0,6.4857,0
21395578.1,14,,40,40,0,50.0,1.0,23.3902,0,0.0,6.4607,0
21397578.1,14,,40,40,0,50.0,1.0,23.2902,0,0.0,6.4357,0
21399578.1,14,,40,40,0,50.0,1.0,23.1902,0,0.0,6.4107,0
21401578.1,14,,40,40,0,50.0,1.0,23.0902,0,0.0,6.3857,0
21403578.1,14,,40,40,0,50.0,1.0,22.9902,0,0.0,6.3607,0
21405578.1,14,,40,40,0,50.0,1.0,22.8902,0,0.0,6.3357,0
21407578.1,14,,40,40,0,50.0,1.0,22.7902,0,0.0,6.3107,0
21409578.1,14,,40,40,0,50.0,1.0,22.6902,0,0.0,6.2857,0
21411408.7,14,,40,40,0,50.0,1.0,22.5987,0,0.0,6.2628,0
21411578.1,14,,39,39,0,50.0,1.0,22.5902,0,0.0,6.2607,0
21413578.1,14,,39,39,0,50.0,1.0,22.4902,0,0.0,6.2357,0
21415578.1,14,,39,39,0,50.0,1.0,22.3902,0,0.0,6.2107,0
21417578.1,14,,39,39,0,50.0,1.0,22.2902,0,0.0,6.1857,0
21419578.1,14,,39,39,0,50.0,1.0,22.1902,0,0.0,6.1607,0
21420585.3,14,,39,39,0,50.0,1.0,22.1399,0,0.0,6.1481,0
21421578.1,14,,38,38,0,50.0,1.0,22.0902,0,0.0,6.1357,0
21423205.2,14,,38,38,0,50.0,1.0,22.0089,0,0.0,6.1153,0
21423578.1,14,,37,37,0,50.0,1.0,21.9902,0,0.0,6.1107,0
21425578.1,14,,37,37,0,50.0,1.0,21.8902,0,0.0,6.0857,0
21427578.1,14,,37,37,0,50.0,1.0,21.7902,0,0.0,6.0607,0
21429578.1,14,,37,37,0,50.0,1.0,21.6902,0,0.0,6.0357,0
21431578.1,14,,37,37,0,50.0,1.0,21.5902,0,0.0,6.0107,0
21433578.1,14,,37,37,0,50.0,1.0,21.4902,0,0.0,5.9857,0
21435578.1,14,,37,37,0,50.0,1.0,21.3902,0,0.0,5.9607,0
21437578.1,14,,37,37,0,50.0,1.0,21.2902,0,0.0,5.9357,0
21439578.1,14,,37,37,0,50.0,1.0,21.1902,0,0.0,5.9107,0
21441578.1,14,,37,37,0,50.0,1.0,21.0902,0,0.0,5.8857,0
21443578.1,14,,37,37,0,50.0,1.0,20.9902,0,0.0,5.8607,0
21445578.1,14,,37,37,0,50.0,1.0,20.8902,0,0.0,5.8357,0
21447578.1,14,,37,37,0,50.0,1.0,20.7902,0,0.0,5.8107,0
21449578.1,14,,37,37,0,50.0,1.0,20.6902,0,0.0,5.7857,0
21451578.1,14,,37,37,0,50.0,1.0,20.5902,0,0.0,5.7607,0
21453578.1,14,,37,37,0,50.0,1.0,20.4902,0,0.0,5.7357,0
21455528.0,14,,37,37,0,50.0,1.0,20.3928,0,0.0,5.7113,0
21455578.1,14,,36,36,0,50.0,1.0,20.3902,0,0.0,5.7107,0
21457578.1,14,,36,36,0,50.0,1.0,20.2902,0,0.0,5.6857,0
21459578.1,14,,36,36,0,50.0,1.0,20.1902,0,0.0,5.6607,0
21461578.1,14,,36,36,0,50.0,1.0,20.0902,0,0.0,5.6357,0
21463578.1,14,,36,36,0,50.0,1.0,19.9902,0,0.0,5.6107,0
21465578.1,14,,36,36,0,50.0,1.0,19.8902,0,0.0,5.5857,0
21467578.1,14,,36,36,0,50.0,1.0,19.7902,0,0.0,5.5607,0
21469578.1,14,,36,36,0,50.0,1.0,19.6902,0,0.0,5.5357,0
21471578.1,14,,36,36,0,50.0,1.0,19.5902,0,0.0,5.5107,0
21473578.1,14,,36,36,0,50.0,1.0,19.4902,0,0.0,5.4857,0
21475578.1,14,,36,36,0,50.0,1.0,19.3902,0,0.0,5.4607,0
21476290.9,14,,36,36,0,50.0,1.0,19.3546,0,0.0,5.4518,0
21477578.1,14,,35,35,0,50.0,1.0,19.2902,0,0.0,5.4357,0
21479578.1,14,,35,35,0,50.0,1.0,19.1902,0,0.0,5.4107,0
21481578.1,14,,35,35,0,50.0,1.0,19.0902,0,0.0,5.3857,0
21482189.1,14,,35,35,0,50.0,1.0,19.0597,0,0.0,5.378,0
21483578.1,14,,34,34,0,50.0,1.0,18.9902,0,0.0,5.3607,0
21485578.1,14,,34,34,0,50.0,1.0,18.8902,0,0.0,5.3357,0
21486650.2,14,,34,34,0,50.0,1.0,18.8366,0,0.0,5.3223,0
21487578.1,14,,33,33,0,50.0,1.0,18.7902,0,0.0,5.3107,0
21489578.1,14,,33,33,0,50.0,1.0,18.6902,0,0.0,5.2857,0
21490053.4,14,,33,33,0,50.0,1.0,18.6665,0,0.0,5.2797,0
21491578.1,14,,32,32,0,50.0,1.0,18.5902,0,0.0,5.2607,0
21491893.1,14,,32,32,0,50.0,1.0,18.5745,0,0.0,5.2567,0
21493578.1,14,,31,31,0,50.0,1.0,18.4902,0,0.0,5.2357,0
21495578.1,14,,31,31,0,50.0,1.0,18.3902,0,0.0,5.2107,0
21496480.6,14,,31,31,0,50.0,1.0,18.3451,0,0.0,5.1994,0
21497578.1,14,,30,30,0,50.0,1.0,18.2902,0,0.0,5.1857,0
21499578.1,14,,30,30,0,50.0,1.0,18.1902,0,0.0,5.1607,0
21501578.1,14,,30,30,0,50.0,1.0,18.0902,0,0.0,5.1357,0
21503578.1,14,,30,30,0,50.0,1.0,17.9902,0,0.0,5.1107,0
21505578.1,14,,30,30,0,50.0,1.0,17.8902,0,0.0,5.0857,0
21505663.1,14,,30,30,0,50.0,1.0,17.886,0,0.0,5.0846,0
21507578.1,14,,29,29,0,50.0,1.0,17.7902,0,0.0,5.0607,0
21509578.1,14,,29,29,0,50.0,1.0,17.6902,0,0.0,5.0357,0
21511578.1,14,,29,29,0,50.0,1.0,17.5902,0,0.0,5.0107,0
21513578.1,14,,29,29,0,50.0,1.0,17.4902,0,0.0,4.9857,0
21515578.1,14,,29,29,0,50.0,1.0,17.3902,0,0.0,4.9607,0
21517577.0,14,,29,29,0,50.0,1.0,17.2903,0,0.0,4.9357,0
21517578.1,14,,28,28,0,50.0,1.0,17.2902,0,0.0,4.9357,0
21519578.1,14,,28,28,0,50.0,1.0,17.1902,0,0.0,4.9107,0
21519870.8,14,,28,28,0,50.0,1.0,17.1756,0,0.0,4.907,0
21520073.6,14,,27,27,0,50.0,1.0,17.1655,0,0.0,4.9045,0
21521578.1,14,,26,26,0,50.0,1.0,17.0902,0,0.0,4.8857,0
21523578.1,14,,26,26,0,50.0,1.0,16.9902,0,0.0,4.8607,0
21525578.1,14,,26,26,0,50.0,1.0,16.8902,0,0.0,4.8357,0
21527578.1,14,,26,26,0,50.0,1.0,16.7902,0,0.0,4.8107,0
21529578.1,14,,26,26,0,50.0,1.0,16.6902,0,0.0,4.7857,0
21531341.1,14,,26,26,0,50.0,1.0,16.6021,0,0.0,4.7636,0
21531578.1,14,,25,25,0,50.0,1.0,16.5902,0,0.0,4.7607,0
21533578.1,14,,25,25,0,50.0,1.0,16.4902,0,0.0,4.7357,0
21535578.1,14,,25,25,0,50.0,1.0,16.3902,0,0.0,4.7107,0
21535599.4,14,,25,25,0,50.0,1.0,16.3892,0,0.0,4.7104,0
21537578.1,14,,24,24,0,50.0,1.0,16.2902,0,0.0,4.6857,0
21539578.1,14,,24,24,0,50.0,1.0,16.1902,0,0.0,4.6607,0
21541578.1,14,,24,24,0,50.0,1.0,16.0902,0,0.0,4.6357,0
21543578.1,14,,24,24,0,50.0,1.0,15.9902,0,0.0,4.6107,0
21545429.8,14,,24,24,0,50.0,1.0,15.8977,0,0.0,4.5875,0
21545578.1,14,,23,23,0,50.0,1.0,15.8902,0,0.0,4.5857,0
21547578.1,14,,23,23,0,50.0,1.0,15.7902,0,0.0,4.5607,0
21549578.1,14,,23,23,0,50.0,1.0,15.6902,0,0.0,4.5357,0
21550672.7,14,,23,23,0,50.0,1.0,15.6355,0,0.0,4.522,0
21551578.1,14,,22,22,0,50.0,1.0,15.5902,0,0.0,4.5099,0
21552706.0,14,,22,22,0,50.0,1.0,15.5339,0,0.0,4.4949,0
21552713.0,14,,21,21,0,50.0,1.0,15.5335,0,0.0,4.4948,0
21553578.1,14,,19,19,0,50.0,1.0,15.4902,0,0.0,4.4833,0
21555578.1,14,,19,19,0,50.0,1.0,15.3902,0,0.0,4.4566,0
21557578.1,14,,19,19,0,50.0,1.0,15.2902,0,0.0,4.4299,0
21558354.1,14,,19,19,0,50.0,1.0,15.2514,0,0.0,4.4196,0
21559578.1,14,,18,18,0,50.0,1.0,15.1902,0,0.0,4.4033,0
21561578.1,14,,18,18,0,50.0,1.0,15.0902,0,0.0,4.3766,0
21563578.1,14,,18,18,0,50.0,1.0,14.9902,0,0.0,4.3499,0
21565578.1,14,,18,18,0,50.0,1.0,14.8902,0,0.0,4.3233,0
21567578.1,14,,18,18,0,50.0,1.0,14.7902,0,0.0,4.2966,0
21569578.1,14,,18,18,0,50.0,1.0,14.6902,0,0.0,4.2699,0
21571578.1,14,,18,18,0,50.0,1.0,14.5902,0,0.0,4.2433,0
21573578.1,14,,18,18,0,50.0,1.0,14.4902,0,0.0,4.2166,0
21575578.1,14,,18,18,0,50.0,1.0,14.3902,0,0.0,4.1899,0
21577578.1,14,,18,18,0,50.0,1.0,14.2902,0,0.0,4.1633,0
21579578.1,14,,18,18,0,50.0,1.0,14.1902,0,0.0,4.1366,0
21580361.0,14,,18,18,0,50.0,1.0,14.1511,0,0.0,4.1262,0
21581578.1,14,,17,17,0,50.0,1.0,14.0902,0,0.0,4.1099,0
21583578.1,14,,17,17,0,50.0,1.0,13.9902,0,0.0,4.0833,0
21585578.1,14,,17,17,0,50.0,1.0,13.8902,0,0.0,4.0566,0
21587578.1,14,,17,17,0,50.0,1.0,13.7902,0,0.0,4.0299,0
21589578.1,14,,17,17,0,50.0,1.0,13.6902,0,0.0,4.0033,0
21591578.1,14,,17,17,0,50.0,1.0,13.5902,0,0.0,3.9766,0
21593578.1,14,,17,17,0,50.0,1.0,13.4902,0,0.0,3.9499,0
21595578.1,14,,17,17,0,50.0,1.0,13.3902,0,0.0,3.9233,0
21597578.1,14,,17,17,0,50.0,1.0,13.2902,0,0.0,3.8966,0
21599578.1,14,,17,17,0,50.0,1.0,13.1902,0,0.0,3.8699,0
21601578.1,14,,17,17,0,50.0,1.0,13.0902,0,0.0,3.8433,0
21601865.0,14,,17,17,0,50.0,1.0,13.0759,0,0.0,3.8394,0
21603578.1,14,,16,16,0,50.0,1.0,12.9902,0,0.0,3.8166,0
21605578.1,14,,16,16,0,50.0,1.0,12.8902,0,0.0,3.7899,0
21607578.1,14,,16,16,0,50.0,1.0,12.7902,0,0.0,3.7633,0
21609578.1,14,,16,16,0,50.0,1.0,12.6902,0,0.0,3.7366,0
21611578.1,14,,16,16,0,50.0,1.0,12.5902,0,0.0,3.7099,0
21613578.1,14,,16,16,0,50.0,1.0,12.4902,0,0.0,3.6833,0
21615578.1,14,,16,16,0,50.0,1.0,12.3902,0,0.0,3.6566,0
21617578.1,14,,16,16,0,50.0,1.0,12.2902,0,0.0,3.6299,0
21619578.1,14,,16,16,0,50.0,1.0,12.1902,0,0.0,3.6033,0
21621578.1,14,,16,16,0,50.0,1.0,12.0902,0,0.0,3.5766,0
21623578.1,14,,16,16,0,50.0,1.0,11.9902,0,0.0,3.5499,0
21625578.1,14,,16,16,0,50.0,1.0,11.8902,0,0.0,3.5233,0
21627578.1,14,,16,16,0,50.0,1.0,11.7902,0,0.0,3.4966,0
21629578.1,14,,16,16,0,50.0,1.0,11.6902,0,0.0,3.4699,0
21631578.1,14,,16,16,0,50.0,1.0,11.5902,0,0.0,3.4433,0
21633578.1,14,,16,16,0,50.0,1.0,11.4902,0,0.0,3.4166,0
21635578.1,14,,16,16,0,50.0,1.0,11.3902,0,0.0,3.3899,0
21637578.1,14,,16,16,0,50.0,1.0,11.2902,0,0.0,3.3633,0
21639578.1,14,,16,16,0,50.0,1.0,11.1902,0,0.0,3.3366,0
21641578.1,14,,16,16,0,50.0,1.0,11.0902,0,0.0,3.3099,0
21643578.1,14,,16,16,0,50.0,1.0,10.9902,0,0.0,3.2833,0
21645578.1,14,,16,16,0,50.0,1.0,10.8902,0,0.0,3.2566,0
21647578.1,14,,16,16,0,50.0,1.0,10.7902,0,0.0,3.2299,0
21649578.1,14,,16,16,0,50.0,1.0,10.6902,0,0.0,3.2033,0
21651578.1,14,,16,16,0,50.0,1.0,10.5902,0,0.0,3.1766,0
21653578.1,14,,16,16,0,50.0,1.0,10.4902,0,0.0,3.1499,0
21655578.1,14,,16,16,0,50.0,1.0,10.3902,0,0.0,3.1233,0
21657578.1,14,,16,16,0,50.0,1.0,10.2902,0,0.0,3.0966,0
21659578.1,14,,16,16,0,50.0,1.0,10.1902,0,0.0,3.0699,0
21661578.1,14,,16,16,0,50.0,1.0,10.0902,0,0.0,3.0433,0
21662493.5,14,,16,16,0,50.0,1.0,10.0445,0,0.0,3.0311,0
21662781.6,14,,15,15,0,50.0,1.0,10.0301,0,0.0,3.0269,0
21663578.1,14,,14,14,0,50.0,1.0,9.9902,0,0.0,3.0156,0
21664391.2,14,,14,14,0,50.0,1.0,9.9496,0,0.0,3.0039,0
21665578.1,14,,13,13,0,50.0,1.0,9.8902,0,0.0,2.9861,0
21667578.1,14,,13,13,0,50.0,1.0,9.7902,0,0.0,2.9561,0
21669578.1,14,,13,13,0,50.0,1.0,9.6902,0,0.0,2.9261,0
21671578.1,14,,13,13,0,50.0,1.0,9.5902,0,0.0,2.8961,0
21673578.1,14,,13,13,0,50.0,1.0,9.4902,0,0.0,2.8661,0
21675578.1,14,,13,13,0,50.0,1.0,9.3902,0,0.0,2.8361,0
21677578.1,14,,13,13,0,50.0,1.0,9.2902,0,0.0,2.8061,0
21679578.1,14,,13,13,0,50.0,1.0,9.1902,0,0.0,2.7761,0
21681578.1,14,,13,13,0,50.0,1.0,9.0902,0,0.0,2.7461,0
21683578.1,14,,13,13,0,50.0,1.0,8.9902,0,0.0,2.7161,0
21685578.1,14,,13,13,0,50.0,1.0,8.8902,0,0.0,2.6861,0
21687578.1,14,,13,13,0,50.0,1.0,8.7902,0,0.0,2.6561,0
21689578.1,14,,13,13,0,50.0,1.0,8.6902,0,0.0,2.6261,0
21691578.1,14,,13,13,0,50.0,1.0,8.5902,0,0.0,2.5961,0
21693578.1,14,,13,13,0,50.0,1.0,8.4902,0,0.0,2.5661,0
21695578.1,14,,13,13,0,50.0,1.0,8.3902,0,0.0,2.5361,0
21697578.1,14,,13,13,0,50.0,1.0,8.2902,0,0.0,2.5061,0
21698251.5,14,,13,13,0,50.0,1.0,8.2566,0,0.0,2.496,0
21698257.7,14,,12,12,0,50.0,1.0,8.2563,0,0.0,2.496,0
21699578.1,14,,11,11,0,50.0,1.0,8.1902,0,0.0,2.4756,0
21701578.1,14,,11,11,0,50.0,1.0,8.0902,0,0.0,2.4449,0
21703578.1,14,,11,11,0,50.0,1.0,7.9902,0,0.0,2.4141,0
21705578.1,14,,11,11,0,50.0,1.0,7.8902,0,0.0,2.3833,0
21707578.1,14,,11,11,0,50.0,1.0,7.7902,0,0.0,2.3526,0
21709578.1,14,,11,11,0,50.0,1.0,7.6902,0,0.0,2.3218,0
21711578.1,14,,11,11,0,50.0,1.0,7.5902,0,0.0,2.291,0
21713578.1,14,,11,11,0,50.0,1.0,7.4902,0,0.0,2.2603,0
21715578.1,14,,11,11,0,50.0,1.0,7.3902,0,0.0,2.2295,0
21717578.1,14,,11,11,0,50.0,1.0,7.2902,0,0.0,2.1987,0
21719578.1,14,,11,11,0,50.0,1.0,7.1902,0,0.0,2.1679,0
21721578.1,14,,11,11,0,50.0,1.0,7.0902,0,0.0,2.1372,0
21723578.1,14,,11,11,0,50.0,1.0,6.9902,0,0.0,2.1064,0
21725578.1,14,,11,11,0,50.0,1.0,6.8902,0,0.0,2.0756,0
21727578.1,14,,11,11,0,50.0,1.0,6.7902,0,0.0,2.0449,0
21729578.1,14,,11,11,0,50.0,1.0,6.6902,0,0.0,2.0141,0
21731578.1,14,,11,11,0,50.0,1.0,6.5902,0,0.0,1.9833,0
21733578.1,14,,11,11,0,50.0,1.0,6.4902,0,0.0,1.9526,0
21735578.1,14,,11,11,0,50.0,1.0,6.3902,0,0.0,1.9218,0
21736866.0,14,,11,11,0,50.0,1.0,6.3259,0,0.0,1.902,0
21737578.1,14,,10,10,0,50.0,1.0,6.2902,0,0.0,1.8898,0
21739578.1,14,,10,10,0,50.0,1.0,6.1902,0,0.0,1.8555,0
21741578.1,14,,10,10,0,50.0,1.0,6.0902,0,0.0,1.8212,0
21743578.1,14,,10,10,0,50.0,1.0,5.9902,0,0.0,1.7869,0
21745578.1,14,,10,10,0,50.0,1.0,5.8902,0,0.0,1.7526,0
21747578.1,14,,10,10,0,50.0,1.0,5.7902,0,0.0,1.7183,0
21749578.1,14,,10,10,0,50.0,1.0,5.6902,0,0.0,1.6841,0
21751578.1,14,,10,10,0,50.0,1.0,5.5902,0,0.0,1.6498,0
21753110.3,14,,10,10,0,50.0,1.0,5.5136,0,0.0,1.6235,0
21753578.1,14,,9,9,0,50.0,1.0,5.4902,0,0.0,1.615,0
21755578.1,14,,9,9,0,50.0,1.0,5.3902,0,0.0,1.5786,0
21757578.1,14,,9,9,0,50.0,1.0,5.2902,0,0.0,1.5423,0
21759578.1,14,,9,9,0,50.0,1.0,5.1902,0,0.0,1.5059,0
21761578.1,14,,9,9,0,50.0,1.0,5.0902,0,0.0,1.4695,0
21763578.1,14,,9,9,0,50.0,1.0,4.9902,0,0.0,1.4332,0
21765132.0,14,,9,9,0,50.0,1.0,4.9126,0,0.0,1.4049,0
21765578.1,14,,8,8,0,50.0,1.0,4.8902,0,0.0,1.3973,0
21767578.1,14,,8,8,0,50.0,1.0,4.7902,0,0.0,1.3629,0
21769578.1,14,,8,8,0,50.0,1.0,4.6902,0,0.0,1.3285,0
21771578.1,14,,8,8,0,50.0,1.0,4.5902,0,0.0,1.2941,0
21773578.1,14,,8,8,0,50.0,1.0,4.4902,0,0.0,1.2598,0
21775578.1,14,,8,8,0,50.0,1.0,4.3902,0,0.0,1.2254,0
21777578.1,14,,8,8,0,50.0,1.0,4.2902,0,0.0,1.191,0
21779578.1,14,,8,8,0,50.0,1.0,4.1902,0,0.0,1.1566,0
21781578.1,14,,8,8,0,50.0,1.0,4.0902,0,0.0,1.1223,0
21783578.1,14,,8,8,0,50.0,1.0,3.9902,0,0.0,1.0879,0
21785578.1,14,,8,8,0,50.0,1.0,3.8902,0,0.0,1.0535,0
21787578.1,14,,8,8,0,50.0,1.0,3.7902,0,0.0,1.0191,0
21788058.1,14,,8,8,0,50.0,1.0,3.7662,0,0.0,1.0109,0
21789578.1,14,,7,7,0,50.0,1.0,3.6902,0,0.0,0.9787,0
21791578.1,14,,7,7,0,50.0,1.0,3.5902,0,0.0,0.9386,0
21793578.1,14,,7,7,0,50.0,1.0,3.4902,0,0.0,0.904,0
21795522.2,14,,7,7,0,50.0,1.0,3.393,0,0.0,0.8703,0
21795578.1,14,,6,6,0,50.0,1.0,3.3902,0,0.0,0.8693,0
21797578.1,14,,6,6,0,50.0,1.0,3.2902,0,0.0,0.8318,0
21799578.1,14,,6,6,0,50.0,1.0,3.1902,0,0.0,0.8129,0
21800377.8,14,,6,6,0,50.0,1.0,3.1503,0,0.0,0.8079,0
21801578.1,14,,5,5,0,50.0,1.0,3.0902,0,0.0,0.7979,0
21803578.1,14,,5,5,0,50.0,1.0,2.9902,0,0.0,0.7812,0
21805578.1,14,,5,5,0,50.0,1.0,2.8902,0,0.0,0.7646,0
21807578.1,14,,5,5,0,50.0,1.0,2.7902,0,0.0,0.7479,0
21809578.1,14,,5,5,0,50.0,1.0,2.6902,0,0.0,0.7312,0
21811578.1,14,,5,5,0,50.0,1.0,2.5902,0,0.0,0.7146,0
21812219.0,14,,5,5,0,50.0,1.0,2.5582,0,0.0,0.7092,0
21813578.1,14,,4,4,0,50.0,1.0,2.4902,0,0.0,0.6922,0
21815578.1,14,,4,4,0,50.0,1.0,2.3902,0,0.0,0.6672,0
21817578.1,14,,4,4,0,50.0,1.0,2.2902,0,0.0,0.6422,0
21819578.1,14,,4,4,0,50.0,1.0,2.1902,0,0.0,0.6172,0
21821578.1,14,,4,4,0,50.0,1.0,2.0902,0,0.0,0.5922,0
21823578.1,14,,4,4,0,50.0,1.0,1.9902,0,0.0,0.5672,0
21825578.1,14,,4,4,0,50.0,1.0,1.8902,0,0.0,0.5422,0
21827578.1,14,,4,4,0,50.0,1.0,1.7902,0,0.0,0.5172,0
21829578.1,14,,4,4,0,50.0,1.0,1.6902,0,0.0,0.4922,0
21831578.1,14,,4,4,0,50.0,1.0,1.5902,0,0.0,0.4672,0
21833578.1,14,,4,4,0,50.0,1.0,1.4902,0,0.0,0.4422,0
21835578.1,14,,4,4,0,50.0,1.0,1.3902,0,0.0,0.4172,0
21837578.1,14,,4,4,0,50.0,1.0,1.2902,0,0.0,0.3922,0
21839578.1,14,,4,4,0,50.0,1.0,1.1902,0,0.0,0.3672,0
21841578.1,14,,4,4,0,50.0,1.0,1.0902,0,0.0,0.3422,0
21843578.1,14,,4,4,0,50.0,1.0,0.9902,0,0.0,0.3172,0
21845578.1,14,,4,4,0,50.0,1.0,0.8902,0,0.0,0.2922,0
21847578.1,14,,4,4,0,50.0,1.0,0.7902,0,0.0,0.2672,0
21849492.6,14,,4,4,0,50.0,1.0,0.6945,0,0.0,0.2433,0
21849578.1,14,,3,3,0,50.0,1.0,0.6902,0,0.0,0.2419,0
21851578.1,14,,3,3,0,50.0,1.0,0.5902,0,0.0,0.2086,0
21853578.1,14,,3,3,0,50.0,1.0,0.4902,0,0.0,0.1752,0
21855578.1,14,,3,3,0,50.0,1.0,0.3902,0,0.0,0.1419,0
21857578.1,14,,3,3,0,50.0,1.0,0.2902,0,0.0,0.1086,0
21859578.1,14,,3,3,0,50.0,1.0,0.1902,0,0.0,0.0752,0
21861578.1,14,,3,3,0,50.0,1.0,0.0902,0,0.0,0.0419,0
21862372.6,14,,3,3,0,50.0,1.0,0.0505,0,0.0,0.0286,0
21863247.5,14,,2,2,0,50.0,1.0,0.0068,0,0.0,0.0068,0
21863383.0,14,,1,1,0,50.0,1.0,0.0,0,0.0,0.0,0
21863578.1,15,,124,56,8,50.0,1.0,74.8324,12.9032,0.0025,11.5869,0
21865578.1,15,,124,56,8,50.0,1.0,74.7324,12.9032,0.0283,11.5797,0
21867578.1,15,,124,56,8,50.0,1.0,74.6324,12.9032,0.0541,11.5726,0
21869578.1,15,,124,56,8,50.0,1.0,74.5324,12.9032,0.0799,11.5655,0
21871578.1,15,,124,56,8,50.0,1.0,74.4324,12.9032,0.1057,11.5583,0
21873578.1,15,,124,56,8,50.0,1.0,74.3324,12.9032,0.1315,11.5512,0
21875578.1,15,,124,56,8,50.0,1.0,74.2324,12.9032,0.1574,11.544,0
21877578.1,15,,124,56,8,50.0,1.0,74.1324,12.9032,0.1832,11.5369,0
21879578.1,15,,124,56,8,50.0,1.0,74.0324,12.9032,0.209,11.5297,0
21881578.1,15,,124,56,8,50.0,1.0,73.9324,12.9032,0.2348,11.5226,0
21883578.1,15,,124,56,8,50.0,1.0,73.8324,12.9032,0.2606,11.5155,0
21885578.1,15,,124,56,8,50.0,1.0,73.7324,12.9032,0.2864,11.5083,0
21887578.1,15,,124,56,8,50.0,1.0,73.6324,12.9032,0.3122,11.5012,0
21889578.1,15,,124,56,8,50.0,1.0,73.5324,12.9032,0.338,11.494,0
21891578.1,15,,124,56,8,50.0,1.0,73.4324,12.9032,0.3638,11.4869,0
21893578.1,15,,124,56,8,50.0,1.0,73.3324,12.9032,0.3896,11.4797,0
21895578.1,15,,124,56,8,50.0,1.0,73.2324,12.9032,0.4154,11.4726,0
21897578.1,15,,124,56,8,50.0,1.0,73.1324,12.9032,0.4412,11.4655,0
21898654.2,15,,124,56,8,50.0,1.0,73.0786,12.9032,0.4551,11.4616,0
21899578.1,15,,123,56,8,50.0,1.0,73.0324,13.0108,0.4671,11.4583,0
21901578.1,15,,123,56,8,50.0,1.0,72.9324,13.0108,0.4932,11.4512,0
21902040.2,15,,123,56,8,50.0,1.0,72.9093,13.0108,0.4992,11.4495,0
21903578.1,15,,122,56,8,50.0,1.0,72.8324,13.1183,0.5193,11.444,0
21905480.8,15,,122,56,8,50.0,1.0,72.7372,13.1183,0.5443,11.4372,0
21905578.1,15,,121,56,8,50.0,1.0,72.7324,13.2332,0.5456,11.4369,0
21906837.0,15,,121,56,8,50.0,1.0,72.6694,13.2332,0.5622,11.4324,0
21907119.2,15,,120,56,8,50.0,1.0,72.6553,13.3407,0.566,11.4314,0
21907578.1,15,,119,56,8,50.0,1.0,72.6324,13.4483,0.5722,11.4297,0
21907774.6,15,,119,56,8,50.0,1.0,72.6225,13.4483,0.5748,11.429,0
21909578.1,15,,118,56,8,50.0,1.0,72.5324,13.5632,0.5993,11.4226,0
21910933.0,15,,118,56,8,50.0,1.0,72.4646,13.5632,0.6177,11.4178,0
21911578.1,15,,117,56,8,50.0,1.0,72.4324,13.6782,0.6265,11.4155,0
21913578.1,15,,117,56,8,50.0,1.0,72.3324,13.6782,0.6538,11.4083,0
21914628.6,15,,117,56,8,50.0,1.0,72.2798,13.6782,0.6682,11.4046,0
21915578.1,15,,116,56,8,50.0,1.0,72.2324,13.8013,0.6813,11.4012,0
21915584.3,15,,116,56,8,50.0,1.0,72.232,13.8013,0.6814,11.4012,0
21915848.2,15,,115,56,8,50.0,1.0,72.2189,13.9163,0.6851,11.4002,0
21917578.1,15,,114,56,8,50.0,1.0,72.1324,14.0394,0.7094,11.394,0
21917805.2,15,,114,56,8,50.0,1.0,72.121,14.0394,0.7126,11.3932,0
21919578.1,15,,113,56,8,50.0,1.0,72.0324,14.1626,0.7377,11.3869,0
21921578.1,15,,113,56,8,50.0,1.0,71.9324,14.1626,0.766,11.3797,0
21922784.1,15,,113,56,8,50.0,1.0,71.8721,14.1626,0.7831,11.3754,0
21923578.1,15,,112,56,8,50.0,1.0,71.8324,14.2948,0.7944,11.3726,0
21924941.4,15,,112,56,8,50.0,1.0,71.7642,14.2948,0.8139,11.3677,0
21925014.2,15,,111,56,8,50.0,1.0,71.7606,14.4271,0.815,11.3675,0
21925578.1,15,,110,56,8,50.0,1.0,71.7324,14.5503,0.8232,11.3655,0
21927578.1,15,,110,56,8,50.0,1.0,71.6324,14.5503,0.8523,11.3583,0
21928591.4,15,,110,56,8,50.0,1.0,71.5817,14.5503,0.867,11.3547,0
21929578.1,15,,109,56,8,50.0,1.0,71.5324,14.6825,0.8815,11.3512,0
21930876.0,15,,109,56,8,50.0,1.0,71.4675,14.6825,0.9005,11.3465,0
21931578.1,15,,108,56,8,50.0,1.0,71.4324,14.8148,0.9109,11.344,0
21932350.6,15,,108,56,8,50.0,1.0,71.3937,14.8148,0.9224,11.3413,0
21933578.1,15,,107,56,8,50.0,1.0,71.3324,14.9573,0.9408,11.3369,0
21935578.1,15,,107,56,8,50.0,1.0,71.2324,14.9573,0.9707,11.3297,0
21937578.1,15,,107,56,8,50.0,1.0,71.1324,14.9573,1.0006,11.3226,0
21939578.1,15,,107,56,8,50.0,1.0,71.0324,14.9573,1.0305,11.3155,0
21940424.2,15,,107,56,8,50.0,1.0,70.9901,14.9573,1.0432,11.3124,0
21941578.1,15,,106,56,8,50.0,1.0,70.9324,15.0997,1.0606,11.3083,0
21943337.0,15,,106,56,8,50.0,1.0,70.8444,15.0997,1.0871,11.302,0
21943578.1,15,,105,56,8,50.0,1.0,70.8324,15.2422,1.0908,11.3012,0
21945578.1,15,,105,56,8,50.0,1.0,70.7324,15.2422,1.1213,11.294,0
21946868.6,15,,105,56,8,50.0,1.0,70.6678,15.2422,1.141,11.2894,0
21947578.1,15,,104,56,8,50.0,1.0,70.6324,15.3846,1.1519,11.2869,0
21947997.3,15,,104,56,8,50.0,1.0,70.6114,15.3846,1.1583,11.2854,0
21949578.1,15,,103,56,8,50.0,1.0,70.5324,15.5385,1.1829,11.2797,0
21951578.1,15,,103,56,8,50.0,1.0,70.4324,15.5385,1.214,11.2726,0
21953578.1,15,,103,56,8,50.0,1.0,70.3324,15.5385,1.245,11.2655,0
21955578.1,15,,103,56,8,50.0,1.0,70.2324,15.5385,1.2761,11.2583,0
21957578.1,15,,103,56,8,50.0,1.0,70.1324,15.5385,1.3072,11.2512,0
21959578.1,15,,103,56,8,50.0,1.0,70.0324,15.5385,1.3383,11.244,0
21961578.1,15,,103,56,8,50.0,1.0,69.9324,15.5385,1.3694,11.2369,0
21963578.1,15,,103,56,8,50.0,1.0,69.8324,15.5385,1.4004,11.2297,0
21965578.1,15,,103,56,8,50.0,1.0,69.7324,15.5385,1.4315,11.2226,0
21967578.1,15,,103,56,8,50.0,1.0,69.6324,15.5385,1.4626,11.2155,0
21969578.1,15,,103,56,8,50.0,1.0,69.5324,15.5385,1.4937,11.2083,0
21971578.1,15,,103,56,8,50.0,1.0,69.4324,15.5385,1.5247,11.2012,0
21973578.1,15,,103,56,8,50.0,1.0,69.3324,15.5385,1.5558,11.194,0
21975578.1,15,,103,56,8,50.0,1.0,69.2324,15.5385,1.5869,11.1869,0
21977578.1,15,,103,56,8,50.0,1.0,69.1324,15.5385,1.618,11.1797,0
21979578.1,15,,103,56,8,50.0,1.0,69.0324,15.5385,1.649,11.1726,0
21981578.1,15,,103,56,8,50.0,1.0,68.9324,15.5385,1.6801,11.1655,0
21983578.1,15,,103,56,8,50.0,1.0,68.8324,15.5385,1.7112,11.1583,0
21985578.1,15,,103,56,8,50.0,1.0,68.7324,15.5385,1.7423,11.1512,0
21987578.1,15,,103,56,8,50.0,1.0,68.6324,15.5385,1.7734,11.144,0
21989578.1,15,,103,56,8,50.0,1.0,68.5324,15.5385,1.8044,11.1369,0
21991578.1,15,,103,56,8,50.0,1.0,68.4324,15.5385,1.8355,11.1297,0
21992070.3,15,,103,56,8,50.0,1.0,68.4078,15.5385,1.8432,11.128,0
21993578.1,15,,102,56,8,50.0,1.0,68.3324,15.6923,1.8668,11.1226,0
21995578.1,15,,102,56,8,50.0,1.0,68.2324,15.6923,1.8982,11.1155,0
21997578.1,15,,102,56,8,50.0,1.0,68.1324,15.6923,1.9296,11.1083,0
21999578.1,15,,102,56,8,50.0,1.0,68.0324,15.6923,1.961,11.1012,0
22001578.1,15,,102,56,8,50.0,1.0,67.9324,15.6923,1.9924,11.094,0
22003578.1,15,,102,56,8,50.0,1.0,67.8324,15.6923,2.0237,11.0869,0
22004658.6,15,,102,56,8,50.0,1.0,67.7783,15.6923,2.0407,11.083,0
22005578.1,15,,101,56,8,50.0,1.0,67.7324,15.859,2.0553,11.0797,0
22007578.1,15,,101,56,8,50.0,1.0,67.6324,15.859,2.087,11.0726,0
22009578.1,15,,101,56,8,50.0,1.0,67.5324,15.859,2.1187,11.0655,0
22011021.1,15,,101,56,8,50.0,1.0,67.4602,15.859,2.1416,11.0603,0
22011578.1,15,,100,56,8,50.0,1.0,67.4324,16.0128,2.1505,11.0583,0
22013578.1,15,,100,56,8,50.0,1.0,67.3324,16.0128,2.1825,11.0512,0
22015578.1,15,,100,56,8,50.0,1.0,67.2324,16.0128,2.2146,11.044,0
22015963.6,15,,100,56,8,50.0,1.0,67.2131,16.0128,2.2207,11.0427,0
22017578.1,15,,99,56,8,50.0,1.0,67.1324,16.1795,2.2469,11.0369,0
22018020.7,15,,99,56,8,50.0,1.0,67.1102,16.1795,2.254,11.0353,0
22019213.1,15,,98,56,8,50.0,1.0,67.0506,16.3333,2.2735,11.031,0
22019458.8,15,,97,56,8,50.0,1.0,67.0383,16.5,2.2776,11.0302,0
22019578.1,15,,96,56,8,50.0,1.0,67.0324,16.6812,2.2795,11.0297,0
22021578.1,15,,96,56,8,50.0,1.0,66.9324,16.6812,2.3129,11.0226,0
22022571.8,15,,96,56,8,50.0,1.0,66.8827,16.6812,2.3295,11.0191,0
22023578.1,15,,95,56,8,50.0,1.0,66.8324,16.8478,2.3464,11.0155,0
22025578.1,15,,95,56,8,50.0,1.0,66.7324,16.8478,2.3801,11.0083,0
22027578.1,15,,95,56,8,50.0,1.0,66.6324,16.8478,2.4138,11.0012,0
22029578.1,15,,95,56,8,50.0,1.0,66.5324,16.8478,2.4475,10.994,0
22031578.1,15,,95,56,8,50.0,1.0,66.4324,16.8478,2.4812,10.9869,0
22033276.0,15,,95,56,8,50.0,1.0,66.3475,16.8478,2.5098,10.9808,0
22033578.1,15,,94,56,8,50.0,1.0,66.3324,17.029,2.515,10.9797,0
22035578.1,15,,94,56,8,50.0,1.0,66.2324,17.029,2.549,10.9726,0
22037578.1,15,,94,56,8,50.0,1.0,66.1324,17.029,2.5831,10.9655,0
22039578.1,15,,94,56,8,50.0,1.0,66.0324,17.029,2.6171,10.9583,0
22041578.1,15,,94,56,8,50.0,1.0,65.9324,17.029,2.6512,10.9512,0
22043578.1,15,,94,56,8,50.0,1.0,65.8324,17.029,2.6853,10.944,0
22045578.1,15,,94,56,8,50.0,1.0,65.7324,17.029,2.7193,10.9369,0
22047578.1,15,,94,56,8,50.0,1.0,65.6324,17.029,2.7534,10.9297,0
22049578.1,15,,94,56,8,50.0,1.0,65.5324,17.029,2.7874,10.9226,0
22051578.1,15,,94,56,8,50.0,1.0,65.4324,17.029,2.8215,10.9155,0
22053578.1,15,,94,56,8,50.0,1.0,65.3324,17.029,2.8555,10.9083,0
22055578.1,15,,94,56,8,50.0,1.0,65.2324,17.029,2.8896,10.9012,0
22057578.1,15,,94,56,8,50.0,1.0,65.1324,17.029,2.9237,10.894,0
22059578.1,15,,94,56,8,50.0,1.0,65.0324,17.029,2.9577,10.8869,0
22061578.1,15,,94,56,8,50.0,1.0,64.9324,17.029,2.9918,10.8797,0
22063578.1,15,,94,56,8,50.0,1.0,64.8324,17.029,3.0258,10.8726,0
22065578.1,15,,94,56,8,50.0,1.0,64.7324,17.029,3.0599,10.8655,0
22067578.1,15,,94,56,8,50.0,1.0,64.6324,17.029,3.094,10.8583,0
22069578.1,15,,94,56,8,50.0,1.0,64.5324,17.029,3.128,10.8512,0
22071578.1,15,,94,56,8,50.0,1.0,64.4324,17.029,3.1621,10.844,0
22073578.1,15,,94,56,8,50.0,1.0,64.3324,17.029,3.1961,10.8369,0
22075578.1,15,,94,56,8,50.0,1.0,64.2324,17.029,3.2302,10.8297,0
22077185.1,15,,94,56,8,50.0,1.0,64.152,17.029,3.2576,10.824,0
22077578.1,15,,93,56,8,50.0,1.0,64.1324,17.2101,3.2643,10.8226,0
22079578.1,15,,93,56,8,50.0,1.0,64.0324,17.2101,3.2987,10.8155,0
22081578.1,15,,93,56,8,50.0,1.0,63.9324,17.2101,3.3332,10.8083,0
22083578.1,15,,93,56,8,50.0,1.0,63.8324,17.2101,3.3676,10.8012,0
22085578.1,15,,93,56,8,50.0,1.0,63.7324,17.2101,3.402,10.794,0
22087578.1,15,,93,56,8,50.0,1.0,63.6324,17.2101,3.4364,10.7869,0
22089578.1,15,,93,56,8,50.0,1.0,63.5324,17.2101,3.4708,10.7797,0
22091578.1,15,,93,56,8,50.0,1.0,63.4324,17.2101,3.5053,10.7726,0
22093578.1,15,,93,56,8,50.0,1.0,63.3324,17.2101,3.5397,10.7655,0
22095578.1,15,,93,56,8,50.0,1.0,63.2324,17.2101,3.5741,10.7583,0
22096026.7,15,,93,56,8,50.0,1.0,63.2099,17.2101,3.5818,10.7567,0
22097578.1,15,,92,56,7,50.0,1.0,63.1324,15.135,3.1547,10.7512,0
22099578.1,15,,92,56,7,50.0,1.0,63.0324,15.135,3.185,10.744,0
22101578.1,15,,92,56,7,50.0,1.0,62.9324,15.135,3.2153,10.7369,0
22103578.1,15,,92,56,7,50.0,1.0,62.8324,15.135,3.2455,10.7297,0
22105578.1,15,,92,56,7,50.0,1.0,62.7324,15.135,3.2758,10.7226,0
22107578.1,15,,92,56,7,50.0,1.0,62.6324,15.135,3.3061,10.7155,0
22108123.6,15,,92,56,7,50.0,1.0,62.6051,15.135,3.3143,10.7135,0
22109578.1,15,,91,56,7,50.0,1.0,62.5324,15.3162,3.3366,10.7083,0
22111578.1,15,,91,56,7,50.0,1.0,62.4324,15.3162,3.3673,10.7012,0
22113578.1,15,,91,56,7,50.0,1.0,62.3324,15.3162,3.3979,10.694,0
22115578.1,15,,91,56,7,50.0,1.0,62.2324,15.3162,3.4285,10.6869,0
22117578.1,15,,91,56,7,50.0,1.0,62.1324,15.3162,3.4592,10.6797,0
22119578.1,15,,91,56,7,50.0,1.0,62.0324,15.3162,3.4898,10.6726,0
22121578.1,15,,91,56,7,50.0,1.0,61.9324,15.3162,3.5204,10.6655,0
22123578.1,15,,91,56,7,50.0,1.0,61.8324,15.3162,3.551,10.6583,0
22125578.1,15,,91,56,7,50.0,1.0,61.7324,15.3162,3.5817,10.6512,0
22127578.1,15,,91,56,7,50.0,1.0,61.6324,15.3162,3.6123,10.644,0
22129578.1,15,,91,56,7,50.0,1.0,61.5324,15.3162,3.6429,10.6369,0
22131578.1,15,,91,56,7,50.0,1.0,61.4324,15.3162,3.6736,10.6297,0
22133578.1,15,,91,56,7,50.0,1.0,61.3324,15.3162,3.7042,10.6226,0
22135578.1,15,,91,56,7,50.0,1.0,61.2324,15.3162,3.7348,10.6155,0
22137578.1,15,,91,56,7,50.0,1.0,61.1324,15.3162,3.7655,10.6083,0
22139578.1,15,,91,56,7,50.0,1.0,61.0324,15.3162,3.7961,10.6012,0
22141578.1,15,,91,56,7,50.0,1.0,60.9324,15.3162,3.8267,10.594,0
22143578.1,15,,91,56,7,50.0,1.0,60.8324,15.3162,3.8574,10.5869,0
22144860.2,15,,91,56,7,50.0,1.0,60.7683,15.3162,3.877,10.5823,0
22145578.1,15,,90,56,7,50.0,1.0,60.7324,15.5138,3.8881,10.5797,0
22147578.1,15,,90,56,7,50.0,1.0,60.6324,15.5138,3.9192,10.5726,0
22149578.1,15,,90,56,7,50.0,1.0,60.5324,15.5138,3.9502,10.5655,0
22150093.9,15,,90,56,7,50.0,1.0,60.5066,15.5138,3.9582,10.5636,0
22151578.1,15,,89,56,7,50.0,1.0,60.4324,15.6221,3.9814,10.5583,0
22153578.1,15,,89,56,7,50.0,1.0,60.3324,15.6221,4.0126,10.5512,0
22155578.1,15,,89,56,7,50.0,1.0,60.2324,15.6221,4.0439,10.544,0
22157578.1,15,,89,56,7,50.0,1.0,60.1324,15.6221,4.0751,10.5369,0
22159578.1,15,,89,56,7,50.0,1.0,60.0324,15.6221,4.1064,10.5297,0
22160415.9,15,,89,56,7,50.0,1.0,59.9905,15.6221,4.1195,10.5268,0
22161578.1,15,,88,56,6,50.0,1.0,59.9324,13.2411,3.5368,10.5226,0
22163578.1,15,,88,56,6,50.0,1.0,59.8324,13.2411,3.5633,10.5155,0
22165331.1,15,,88,56,6,50.0,1.0,59.7447,13.2411,3.5865,10.5092,0
22165578.1,15,,87,56,6,50.0,1.0,59.7324,13.2411,3.5898,10.5083,0
22167578.1,15,,87,56,6,50.0,1.0,59.6324,13.2411,3.6163,10.5012,0
22169578.1,15,,87,56,6,50.0,1.0,59.5324,13.2411,3.6428,10.494,0
22171578.1,15,,87,56,6,50.0,1.0,59.4324,13.2411,3.6692,10.4869,0
22173578.1,15,,87,56,6,50.0,1.0,59.3324,13.2411,3.6957,10.4797,0
22175578.1,15,,87,56,6,50.0,1.0,59.2324,13.2411,3.7222,10.4726,0
22177578.1,15,,87,56,6,50.0,1.0,59.1324,13.2411,3.7487,10.4655,0
22179578.1,15,,87,56,6,50.0,1.0,59.0324,13.2411,3.7752,10.4583,0
22180240.5,15,,87,56,6,50.0,1.0,58.9992,13.2411,3.7839,10.456,0
22181578.1,15,,86,56,6,50.0,1.0,58.9324,13.4387,3.8019,10.4512,0
22182042.7,15,,86,56,6,50.0,1.0,58.9091,13.4387,3.8082,10.4495,0
22183490.0,15,,85,56,6,50.0,1.0,58.8368,13.6552,3.8279,10.4443,0
22183578.1,15,,84,56,6,50.0,1.0,58.8324,13.8528,3.8291,10.444,0
22185578.1,15,,84,56,6,50.0,1.0,58.7324,13.8528,3.8568,10.4369,0
22187578.1,15,,84,56,6,50.0,1.0,58.6324,13.8528,3.8846,10.4297,0
22189578.1,15,,84,56,6,50.0,1.0,58.5324,13.8528,3.9123,10.4226,0
22191578.1,15,,84,56,6,50.0,1.0,58.4324,13.8528,3.94,10.4155,0
22193578.1,15,,84,56,6,50.0,1.0,58.3324,13.8528,3.9677,10.4083,0
22195578.1,15,,84,56,6,50.0,1.0,58.2324,13.8528,3.9954,10.4012,0
22197578.1,15,,84,56,6,50.0,1.0,58.1324,13.8528,4.0231,10.394,0
22199578.1,15,,84,56,6,50.0,1.0,58.0324,13.8528,4.0508,10.3869,0
22201578.1,15,,84,56,6,50.0,1.0,57.9324,13.8528,4.0785,10.3797,0
22203578.1,15,,84,56,6,50.0,1.0,57.8324,13.8528,4.1062,10.3726,0
22204334.1,15,,84,56,6,50.0,1.0,57.7946,13.8528,4.1167,10.3699,0
22205578.1,15,,83,56,6,50.0,1.0,57.7324,14.0693,4.1342,10.3655,0
22207578.1,15,,83,56,6,50.0,1.0,57.6324,14.0693,4.1623,10.3583,0
22209578.1,15,,83,56,6,50.0,1.0,57.5324,14.0693,4.1905,10.3512,0
22211578.1,15,,83,56,6,50.0,1.0,57.4324,14.0693,4.2186,10.344,0
22213578.1,15,,83,56,6,50.0,1.0,57.3324,14.0693,4.2467,10.3369,0
22214728.8,15,,83,56,6,50.0,1.0,57.2748,14.0693,4.2629,10.3328,0
22215578.1,15,,82,56,6,50.0,1.0,57.2324,14.3074,4.2751,10.3297,0
22217578.1,15,,82,56,6,50.0,1.0,57.1324,14.3074,4.3037,10.3226,0
22218251.4,15,,82,56,6,50.0,1.0,57.0987,14.3074,4.3133,10.3202,0
22219578.1,15,,81,56,6,50.0,1.0,57.0324,14.3074,4.3323,10.3155,0
22221200.5,15,,81,56,6,50.0,1.0,56.9512,14.3074,4.3555,10.3097,0
22221337.0,15,,80,56,6,50.0,1.0,56.9444,14.3074,4.3575,10.3092,0
22221537.3,15,,79,56,6,50.0,1.0,56.9344,14.5238,4.3604,10.3085,0
22221578.1,15,,78,56,6,50.0,1.0,56.9324,14.7619,4.361,10.3083,0
22223578.1,15,,78,56,6,50.0,1.0,56.8324,14.7619,4.3905,10.3012,0
22225578.1,15,,78,56,6,50.0,1.0,56.7324,14.7619,4.42,10.294,0
22227578.1,15,,78,56,6,50.0,1.0,56.6324,14.7619,4.4495,10.2869,0
22229578.1,15,,78,56,6,50.0,1.0,56.5324,14.7619,4.4791,10.2797,0
22231578.1,15,,78,56,6,50.0,1.0,56.4324,14.7619,4.5086,10.2726,0
22233006.1,15,,78,56,6,50.0,1.0,56.361,14.7619,4.5297,10.2675,0
22233578.1,15,,77,56,6,50.0,1.0,56.3324,15.0251,4.5383,10.2655,0
22235578.1,15,,77,56,6,50.0,1.0,56.2324,15.0251,4.5683,10.2583,0
22237578.1,15,,77,56,6,50.0,1.0,56.1324,15.0251,4.5984,10.2512,0
22239304.8,15,,77,56,6,50.0,1.0,56.046,15.0251,4.6243,10.245,0
22239578.1,15,,76,56,6,50.0,1.0,56.0324,15.0251,4.6284,10.244,0
22240615.5,15,,76,56,6,50.0,1.0,55.9805,15.0251,4.644,10.2403,0
22241578.1,15,,75,56,6,50.0,1.0,55.9324,15.0251,4.6585,10.2369,0
22243578.1,15,,75,56,6,50.0,1.0,55.8324,15.0251,4.6885,10.2297,0
22245578.1,15,,75,56,6,50.0,1.0,55.7324,15.0251,4.7186,10.2226,0
22247141.8,15,,75,56,6,50.0,1.0,55.6542,15.0251,4.7421,10.217,0
22247578.1,15,,74,56,6,50.0,1.0,55.6324,15.2632,4.7487,10.2155,0
22248570.9,15,,74,56,6,50.0,1.0,55.5827,15.2632,4.7639,10.2119,0
22249578.1,15,,73,56,6,50.0,1.0,55.5324,15.5556,4.7795,10.2083,0
22251578.1,15,,73,56,6,50.0,1.0,55.4324,15.5556,4.8107,10.2012,0
22252994.6,15,,73,56,6,50.0,1.0,55.3615,15.5556,4.8327,10.1961,0
22253578.1,15,,72,56,6,50.0,1.0,55.3324,15.8824,4.842,10.194,0
22255578.1,15,,72,56,6,50.0,1.0,55.2324,15.8824,4.8737,10.1869,0
22257578.1,15,,72,56,6,50.0,1.0,55.1324,15.8824,4.9055,10.1797,0
22258610.6,15,,72,56,6,50.0,1.0,55.0807,15.8824,4.9219,10.1761,0
22258965.6,15,,71,56,6,50.0,1.0,55.063,16.1455,4.9276,10.1748,0
22259578.1,15,,70,56,6,50.0,1.0,55.0324,16.4087,4.9377,10.1726,0
22261578.1,15,,70,56,6,50.0,1.0,54.9324,16.4087,4.9705,10.1655,0
22263578.1,15,,70,56,6,50.0,1.0,54.8324,16.4087,5.0033,10.1583,0
22263635.1,15,,70,56,6,50.0,1.0,54.8295,16.4087,5.0042,10.1581,0
22265578.1,15,,69,56,6,50.0,1.0,54.7324,16.7011,5.0367,10.1512,0
22267578.1,15,,69,56,6,50.0,1.0,54.6324,16.7011,5.0701,10.144,0
22269578.1,15,,69,56,6,50.0,1.0,54.5324,16.7011,5.1035,10.1369,0
22271578.1,15,,69,56,6,50.0,1.0,54.4324,16.7011,5.1369,10.1297,0
22273578.1,15,,69,56,6,50.0,1.0,54.3324,16.7011,5.1703,10.1226,0
22275578.1,15,,69,56,6,50.0,1.0,54.2324,16.7011,5.2037,10.1155,0
22277578.1,15,,69,56,6,50.0,1.0,54.1324,16.7011,5.2371,10.1083,0
22279578.1,15,,69,56,6,50.0,1.0,54.0324,16.7011,5.2705,10.1012,0
22281329.8,15,,69,56,6,50.0,1.0,53.9448,16.7011,5.2998,10.0949,0
22281578.1,15,,68,56,6,50.0,1.0,53.9324,17.0279,5.304,10.094,0
22283578.1,15,,68,56,6,50.0,1.0,53.8324,17.0279,5.338,10.0869,0
22285578.1,15,,68,56,6,50.0,1.0,53.7324,17.0279,5.3721,10.0797,0
22287578.1,15,,68,56,6,50.0,1.0,53.6324,17.0279,5.4062,10.0726,0
22289578.1,15,,68,56,6,50.0,1.0,53.5324,17.0279,5.4402,10.0655,0
22291578.1,15,,68,56,6,50.0,1.0,53.4324,17.0279,5.4743,10.0583,0
22293578.1,15,,68,56,6,50.0,1.0,53.3324,17.0279,5.5083,10.0512,0
22295578.1,15,,68,56,6,50.0,1.0,53.2324,17.0279,5.5424,10.044,0
22297522.6,15,,68,56,6,50.0,1.0,53.1351,17.0279,5.5755,10.0371,0
22297578.1,15,,67,56,6,50.0,1.0,53.1324,17.3203,5.5764,10.0369,0
22299578.1,15,,67,56,6,50.0,1.0,53.0324,17.3203,5.6111,10.0297,0
22300471.8,15,,67,56,6,50.0,1.0,52.9877,17.3203,5.6266,10.0266,0
22301578.1,15,,66,56,6,50.0,1.0,52.9324,17.6471,5.6461,10.0226,0
22303578.1,15,,66,56,6,50.0,1.0,52.8324,17.6471,5.6814,10.0155,0
22304522.2,15,,66,56,6,50.0,1.0,52.7852,17.6471,5.698,10.0121,0
22305578.1,15,,65,56,5,50.0,1.0,52.7324,14.8897,4.7471,10.0083,0
22307578.1,15,,65,56,5,50.0,1.0,52.6324,14.8897,4.7769,10.0012,0
22309578.1,15,,65,56,5,50.0,1.0,52.5324,14.8897,4.8067,9.994,0
22310220.2,15,,65,56,5,50.0,1.0,52.5003,14.8897,4.8162,9.9917,0
22311578.1,15,,64,56,4,50.0,1.0,52.4324,12.1324,3.8865,9.9869,0
22313578.1,15,,64,56,4,50.0,1.0,52.3324,12.1324,3.9108,9.9797,0
22315578.1,15,,64,56,4,50.0,1.0,52.2324,12.1324,3.9351,9.9726,0
22317578.1,15,,64,56,4,50.0,1.0,52.1324,12.1324,3.9593,9.9655,0
22319578.1,15,,64,56,4,50.0,1.0,52.0324,12.1324,3.9836,9.9583,0
22321578.1,15,,64,56,4,50.0,1.0,51.9324,12.1324,4.0079,9.9512,0
22323578.1,15,,64,56,4,50.0,1.0,51.8324,12.1324,4.0321,9.944,0
22325578.1,15,,64,56,4,50.0,1.0,51.7324,12.1324,4.0564,9.9369,0
22327578.1,15,,64,56,4,50.0,1.0,51.6324,12.1324,4.0806,9.9297,0
22329578.1,15,,64,56,4,50.0,1.0,51.5324,12.1324,4.1049,9.9226,0
22331578.1,15,,64,56,4,50.0,1.0,51.4324,12.1324,4.1292,9.9155,0
22333578.1,15,,64,56,4,50.0,1.0,51.3324,12.1324,4.1534,9.9083,0
22335578.1,15,,64,56,4,50.0,1.0,51.2324,12.1324,4.1777,9.9012,0
22337578.1,15,,64,56,4,50.0,1.0,51.1324,12.1324,4.202,9.894,0
22339578.1,15,,64,56,4,50.0,1.0,51.0324,12.1324,4.2262,9.8869,0
22341578.1,15,,64,56,4,50.0,1.0,50.9324,12.1324,4.2505,9.8797,0
22343578.1,15,,64,56,4,50.0,1.0,50.8324,12.1324,4.2748,9.8726,0
22345578.1,15,,64,56,4,50.0,1.0,50.7324,12.1324,4.299,9.8655,0
22347578.1,15,,64,56,4,50.0,1.0,50.6324,12.1324,4.3233,9.8583,0
22349578.1,15,,64,56,4,50.0,1.0,50.5324,12.1324,4.3476,9.8512,0
22351578.1,15,,64,56,4,50.0,1.0,50.4324,12.1324,4.3718,9.844,0
22353578.1,15,,64,56,4,50.0,1.0,50.3324,12.1324,4.3961,9.8369,0
22355578.1,15,,64,56,4,50.0,1.0,50.2324,12.1324,4.4204,9.8297,0
22357578.1,15,,64,56,4,50.0,1.0,50.1324,12.1324,4.4446,9.8226,0
22359578.1,15,,64,56,4,50.0,1.0,50.0324,12.1324,4.4689,9.8155,0
22361578.1,15,,64,56,4,50.0,1.0,49.9324,12.1324,4.4931,9.8083,0
22363578.1,15,,64,56,4,50.0,1.0,49.8324,12.1324,4.5174,9.8012,0
22365578.1,15,,64,56,4,50.0,1.0,49.7324,12.1324,4.5417,9.794,0
22367578.1,15,,64,56,4,50.0,1.0,49.6324,12.1324,4.5659,9.7869,0
22369578.1,15,,64,56,4,50.0,1.0,49.5324,12.1324,4.5902,9.7797,0
22371578.1,15,,64,56,4,50.0,1.0,49.4324,12.1324,4.6145,9.7726,0
22373578.1,15,,64,56,4,50.0,1.0,49.3324,12.1324,4.6387,9.7655,0
22375578.1,15,,64,56,4,50.0,1.0,49.2324,12.1324,4.663,9.7583,0
22377578.1,15,,64,56,4,50.0,1.0,49.1324,12.1324,4.6873,9.7512,0
22379578.1,15,,64,56,4,50.0,1.0,49.0324,12.1324,4.7115,9.744,0
22381578.1,15,,64,56,4,50.0,1.0,48.9324,12.1324,4.7358,9.7369,0
22383578.1,15,,64,56,4,50.0,1.0,48.8324,12.1324,4.7601,9.7297,0
22385578.1,15,,64,56,4,50.0,1.0,48.7324,12.1324,4.7843,9.7226,0
22387578.1,15,,64,56,4,50.0,1.0,48.6324,12.1324,4.8086,9.7155,0
22389578.1,15,,64,56,4,50.0,1.0,48.5324,12.1324,4.8329,9.7083,0
22391578.1,15,,64,56,4,50.0,1.0,48.4324,12.1324,4.8571,9.7012,0
22393578.1,15,,64,56,4,50.0,1.0,48.3324,12.1324,4.8814,9.694,0
22395578.1,15,,64,56,4,50.0,1.0,48.2324,12.1324,4.9056,9.6869,0
22397578.1,15,,64,56,4,50.0,1.0,48.1324,12.1324,4.9299,9.6797,0
22399578.1,15,,64,56,4,50.0,1.0,48.0324,12.1324,4.9542,9.6726,0
22401161.1,15,,64,56,4,50.0,1.0,47.9532,12.1324,4.9734,9.6669,0
22401578.1,15,,63,55,4,50.0,1.0,47.9324,12.3407,4.9785,9.6654,0
22403578.1,15,,63,55,4,50.0,1.0,47.8324,12.3407,5.0032,9.6582,0
22405578.1,15,,63,55,4,50.0,1.0,47.7324,12.3407,5.0279,9.6509,0
22407578.1,15,,63,55,4,50.0,1.0,47.6324,12.3407,5.0526,9.6436,0
22409578.1,15,,63,55,4,50.0,1.0,47.5324,12.3407,5.0773,9.6363,0
22411578.1,15,,63,55,4,50.0,1.0,47.4324,12.3407,5.1019,9.629,0
22413578.1,15,,63,55,4,50.0,1.0,47.3324,12.3407,5.1266,9.6218,0
22415578.1,15,,63,55,4,50.0,1.0,47.2324,12.3407,5.1513,9.6145,0
22417578.1,15,,63,55,4,50.0,1.0,47.1324,12.3407,5.176,9.6072,0
22419578.1,15,,63,55,4,50.0,1.0,47.0324,12.3407,5.2007,9.5999,0
22421578.1,15,,63,55,4,50.0,1.0,46.9324,12.3407,5.2253,9.5926,0
22423578.1,15,,63,55,4,50.0,1.0,46.8324,12.3407,5.25,9.5854,0
22425578.1,15,,63,55,4,50.0,1.0,46.7324,12.3407,5.2747,9.5781,0
22427578.1,15,,63,55,4,50.0,1.0,46.6324,12.3407,5.2994,9.5708,0
22429578.1,15,,63,55,4,50.0,1.0,46.5324,12.3407,5.3241,9.5635,0
22431578.1,15,,63,55,4,50.0,1.0,46.4324,12.3407,5.3487,9.5562,0
22433578.1,15,,63,55,4,50.0,1.0,46.3324,12.3407,5.3734,9.549,0
22435578.1,15,,63,55,4,50.0,1.0,46.2324,12.3407,5.3981,9.5417,0
22437578.1,15,,63,55,4,50.0,1.0,46.1324,12.3407,5.4228,9.5344,0
22439578.1,15,,63,55,4,50.0,1.0,46.0324,12.3407,5.4475,9.5271,0
22441578.1,15,,63,55,4,50.0,1.0,45.9324,12.3407,5.4722,9.5199,0
22443578.1,15,,63,55,4,50.0,1.0,45.8324,12.3407,5.4968,9.5126,0
22445578.1,15,,63,55,4,50.0,1.0,45.7324,12.3407,5.5215,9.5053,0
22447578.1,15,,63,55,4,50.0,1.0,45.6324,12.3407,5.5462,9.498,0
22449578.1,15,,63,55,4,50.0,1.0,45.5324,12.3407,5.5709,9.4907,0
22451578.1,15,,63,55,4,50.0,1.0,45.4324,12.3407,5.5956,9.4835,0
22453578.1,15,,63,55,4,50.0,1.0,45.3324,12.3407,5.6202,9.4762,0
22455578.1,15,,63,55,4,50.0,1.0,45.2324,12.3407,5.6449,9.4689,0
22457578.1,15,,63,55,4,50.0,1.0,45.1324,12.3407,5.6696,9.4616,0
22459578.1,15,,63,55,4,50.0,1.0,45.0324,12.3407,5.6943,9.4543,0
22461578.1,15,,63,55,4,50.0,1.0,44.9324,12.3407,5.719,9.4471,0
22463578.1,15,,63,55,4,50.0,1.0,44.8324,12.3407,5.7436,9.4398,0
22465578.1,15,,63,55,4,50.0,1.0,44.7324,12.3407,5.7683,9.4325,0
22467578.1,15,,63,55,4,50.0,1.0,44.6324,12.3407,5.793,9.4252,0
22469578.1,15,,63,55,4,50.0,1.0,44.5324,12.3407,5.8177,9.4179,0
22471578.1,15,,63,55,4,50.0,1.0,44.4324,12.3407,5.8424,9.4107,0
22473578.1,15,,63,55,4,50.0,1.0,44.3324,12.3407,5.8671,9.4034,0
22475578.1,15,,63,55,4,50.0,1.0,44.2324,12.3407,5.8917,9.3961,0
22475977.8,15,,63,55,4,50.0,1.0,44.2124,12.3407,5.8967,9.3947,0
22477578.1,15,,62,54,4,50.0,1.0,44.1324,12.549,5.9168,9.3887,0
22479578.1,15,,62,54,4,50.0,1.0,44.0324,12.549,5.9419,9.3813,0
22481578.1,15,,62,54,4,50.0,1.0,43.9324,12.549,5.9669,9.3739,0
22483578.1,15,,62,54,4,50.0,1.0,43.8324,12.549,5.992,9.3665,0
22485578.1,15,,62,54,4,50.0,1.0,43.7324,12.549,6.0171,9.3591,0
22487578.1,15,,62,54,4,50.0,1.0,43.6324,12.549,6.0422,9.3516,0
22489578.1,15,,62,54,4,50.0,1.0,43.5324,12.549,6.0673,9.3442,0
22491578.1,15,,62,54,4,50.0,1.0,43.4324,12.549,6.0924,9.3368,0
22493578.1,15,,62,54,4,50.0,1.0,43.3324,12.549,6.1175,9.3294,0
22495578.1,15,,62,54,4,50.0,1.0,43.2324,12.549,6.1426,9.322,0
22497578.1,15,,62,54,4,50.0,1.0,43.1324,12.549,6.1677,9.3146,0
22499578.1,15,,62,54,4,50.0,1.0,43.0324,12.549,6.1928,9.3071,0
22501578.1,15,,62,54,4,50.0,1.0,42.9324,12.549,6.2179,9.2997,0
22503578.1,15,,62,54,4,50.0,1.0,42.8324,12.549,6.243,9.2923,0
22505578.1,15,,62,54,4,50.0,1.0,42.7324,12.549,6.2681,9.2849,0
22507578.1,15,,62,54,4,50.0,1.0,42.6324,12.549,6.2932,9.2775,0
22509578.1,15,,62,54,4,50.0,1.0,42.5324,12.549,6.3183,9.2701,0
22510287.8,15,,62,54,4,50.0,1.0,42.4969,12.549,6.3272,9.2674,0
22511578.1,15,,61,53,4,50.0,1.0,42.4324,12.7871,6.3437,9.2626,0
22513578.1,15,,61,53,4,50.0,1.0,42.3324,12.7871,6.3693,9.255,0
22515578.1,15,,61,53,4,50.0,1.0,42.2324,12.7871,6.3949,9.2474,0
22517578.1,15,,61,53,4,50.0,1.0,42.1324,12.7871,6.4204,9.2398,0
22519578.1,15,,61,53,4,50.0,1.0,42.0324,12.7871,6.446,9.2323,0
22521578.1,15,,61,53,4,50.0,1.0,41.9324,12.7871,6.4716,9.2247,0
22523578.1,15,,61,53,4,50.0,1.0,41.8324,12.7871,6.4972,9.2171,0
22525578.1,15,,61,53,4,50.0,1.0,41.7324,12.7871,6.5227,9.2095,0
22527578.1,15,,61,53,4,50.0,1.0,41.6324,12.7871,6.5483,9.202,0
22529578.1,15,,61,53,4,50.0,1.0,41.5324,12.7871,6.5739,9.1944,0
22531578.1,15,,61,53,4,50.0,1.0,41.4324,12.7871,6.5995,9.1868,0
22533578.1,15,,61,53,4,50.0,1.0,41.3324,12.7871,6.625,9.1793,0
22535578.1,15,,61,53,4,50.0,1.0,41.2324,12.7871,6.6506,9.1717,0
22537578.1,15,,61,53,4,50.0,1.0,41.1324,12.7871,6.6762,9.1641,0
22538502.2,15,,61,53,4,50.0,1.0,41.0862,12.7871,6.688,9.1606,0
22539578.1,15,,60,52,4,50.0,1.0,41.0324,13.0252,6.702,9.1564,0
22541578.1,15,,60,52,4,50.0,1.0,40.9324,13.0252,6.7281,9.1487,0
22543578.1,15,,60,52,4,50.0,1.0,40.8324,13.0252,6.7541,9.141,0
22545578.1,15,,60,52,4,50.0,1.0,40.7324,13.0252,6.7802,9.1333,0
22547578.1,15,,60,52,4,50.0,1.0,40.6324,13.0252,6.8062,9.1255,0
22548992.4,15,,60,52,4,50.0,1.0,40.5616,13.0252,6.8246,9.1201,0
22549578.1,15,,58,50,4,50.0,1.0,40.5324,13.8095,6.8327,9.1177,0
22551578.1,15,,58,50,4,50.0,1.0,40.4324,13.8095,6.8604,9.1097,0
22553578.1,15,,58,50,4,50.0,1.0,40.3324,13.8095,6.888,9.1017,0
22555578.1,15,,58,50,4,50.0,1.0,40.2324,13.8095,6.9156,9.0937,0
22557578.1,15,,58,50,4,50.0,1.0,40.1324,13.8095,6.9432,9.0857,0
22559578.1,15,,58,50,4,50.0,1.0,40.0324,13.8095,6.9708,9.0777,0
22561578.1,15,,58,50,4,50.0,1.0,39.9324,13.8095,6.9984,9.0696,0
22563578.1,15,,58,50,4,50.0,1.0,39.8324,13.8095,7.0261,9.0616,0
22565578.1,15,,58,50,4,50.0,1.0,39.7324,13.8095,7.0537,9.0536,0
22567578.1,15,,58,50,4,50.0,1.0,39.6324,13.8095,7.0813,9.0456,0
22569578.1,15,,58,50,4,50.0,1.0,39.5324,13.8095,7.1089,9.0376,0
22571578.1,15,,58,50,4,50.0,1.0,39.4324,13.8095,7.1365,9.0296,0
22573578.1,15,,58,50,4,50.0,1.0,39.3324,13.8095,7.1642,9.0216,0
22575578.1,15,,58,50,4,50.0,1.0,39.2324,13.8095,7.1918,9.0136,0
22577578.1,15,,58,50,4,50.0,1.0,39.1324,13.8095,7.2194,9.0056,0
22579578.1,15,,58,50,4,50.0,1.0,39.0324,13.8095,7.247,8.9975,0
22581578.1,15,,58,50,4,50.0,1.0,38.9324,13.8095,7.2746,8.9895,0
22583578.1,15,,58,50,4,50.0,1.0,38.8324,13.8095,7.3023,8.9815,0
22585578.1,15,,58,50,4,50.0,1.0,38.7324,13.8095,7.3299,8.9735,0
22587578.1,15,,58,50,4,50.0,1.0,38.6324,13.8095,7.3575,8.9655,0
22589578.1,15,,58,50,4,50.0,1.0,38.5324,13.8095,7.3851,8.9575,0
22591578.1,15,,58,50,4,50.0,1.0,38.4324,13.8095,7.4127,8.9495,0
22593578.1,15,,58,50,4,50.0,1.0,38.3324,13.8095,7.4404,8.9415,0
22595578.1,15,,58,50,4,50.0,1.0,38.2324,13.8095,7.468,8.9335,0
22597578.1,15,,58,50,4,50.0,1.0,38.1324,13.8095,7.4956,8.9254,0
22599578.1,15,,58,50,4,50.0,1.0,38.0324,13.8095,7.5232,8.9174,0
22601578.1,15,,58,50,4,50.0,1.0,37.9324,13.8095,7.5508,8.9094,0
22603578.1,15,,58,50,4,50.0,1.0,37.8324,13.8095,7.5784,8.9014,0
22605578.1,15,,58,50,4,50.0,1.0,37.7324,13.8095,7.6061,8.8934,0
22607578.1,15,,58,50,4,50.0,1.0,37.6324,13.8095,7.6337,8.8854,0
22609578.1,15,,58,50,4,50.0,1.0,37.5324,13.8095,7.6613,8.8774,0
22611578.1,15,,58,50,4,50.0,1.0,37.4324,13.8095,7.6889,8.8694,0
22613578.1,15,,58,50,4,50.0,1.0,37.3324,13.8095,7.7165,8.8614,0
22615578.1,15,,58,50,4,50.0,1.0,37.2324,13.8095,7.7442,8.8533,0
22617578.1,15,,58,50,4,50.0,1.0,37.1324,13.8095,7.7718,8.8453,0
22619578.1,15,,58,50,4,50.0,1.0,37.0324,13.8095,7.7994,8.8373,0
22621578.1,15,,58,50,4,50.0,1.0,36.9324,13.8095,7.827,8.8293,0
22623578.1,15,,58,50,4,50.0,1.0,36.8324,13.8095,7.8546,8.8213,0
22625578.1,15,,58,50,4,50.0,1.0,36.7324,13.8095,7.8823,8.8133,0
22627578.1,15,,58,50,4,50.0,1.0,36.6324,13.8095,7.9099,8.8053,0
22629578.1,15,,58,50,4,50.0,1.0,36.5324,13.8095,7.9375,8.7973,0
22631373.9,15,,58,50,4,50.0,1.0,36.4426,13.8095,7.9623,8.7901,0
22631578.1,15,,57,50,4,50.0,1.0,36.4324,13.8095,7.9651,8.7893,0
22633578.1,15,,57,50,4,50.0,1.0,36.3324,13.8095,7.9927,8.7813,0
22635578.1,15,,57,50,4,50.0,1.0,36.2324,13.8095,8.0204,8.7733,0
22637578.1,15,,57,50,4,50.0,1.0,36.1324,13.8095,8.048,8.7653,0
22639578.1,15,,57,50,4,50.0,1.0,36.0324,13.8095,8.0756,8.7573,0
22641578.1,15,,57,50,4,50.0,1.0,35.9324,13.8095,8.1032,8.7493,0
22643578.1,15,,57,50,4,50.0,1.0,35.8324,13.8095,8.1308,8.7413,0
22645578.1,15,,57,50,4,50.0,1.0,35.7324,13.8095,8.1584,8.7333,0
22647578.1,15,,57,50,4,50.0,1.0,35.6324,13.8095,8.1861,8.7253,0
22649578.1,15,,57,50,4,50.0,1.0,35.5324,13.8095,8.2137,8.7173,0
22651578.1,15,,57,50,4,50.0,1.0,35.4324,13.8095,8.2413,8.7093,0
22653388.7,15,,57,50,4,50.0,1.0,35.3418,13.8095,8.2663,8.7021,0
22653578.1,15,,56,49,4,50.0,1.0,35.3324,14.0842,8.269,8.7013,0
22655578.1,15,,56,49,4,50.0,1.0,35.2324,14.0842,8.2971,8.6931,0
22657578.1,15,,56,49,4,50.0,1.0,35.1324,14.0842,8.3253,8.6849,0
22659578.1,15,,56,49,4,50.0,1.0,35.0324,14.0842,8.3535,8.6768,0
22661578.1,15,,56,49,4,50.0,1.0,34.9324,14.0842,8.3816,8.6686,0
22663578.1,15,,56,49,4,50.0,1.0,34.8324,14.0842,8.4098,8.6604,0
22665578.1,15,,56,49,4,50.0,1.0,34.7324,14.0842,8.438,8.6522,0
22667578.1,15,,56,49,4,50.0,1.0,34.6324,14.0842,8.4662,8.6441,0
22669578.1,15,,56,49,4,50.0,1.0,34.5324,14.0842,8.4943,8.6359,0
22671578.1,15,,56,49,4,50.0,1.0,34.4324,14.0842,8.5225,8.6277,0
22673578.1,15,,56,49,4,50.0,1.0,34.3324,14.0842,8.5507,8.6195,0
22675578.1,15,,56,49,4,50.0,1.0,34.2324,14.0842,8.5788,8.6114,0
22677578.1,15,,56,49,4,50.0,1.0,34.1324,14.0842,8.607,8.6032,0
22679578.1,15,,56,49,4,50.0,1.0,34.0324,14.0842,8.6352,8.595,0
22681578.1,15,,56,49,4,50.0,1.0,33.9324,14.0842,8.6633,8.5868,0
22683578.1,15,,56,49,4,50.0,1.0,33.8324,14.0842,8.6915,8.5787,0
22684731.6,15,,56,49,4,50.0,1.0,33.7747,14.0842,8.7077,8.5739,0
22685578.1,15,,55,49,4,50.0,1.0,33.7324,14.359,8.7199,8.5705,0
22687578.1,15,,55,49,4,50.0,1.0,33.6324,14.359,8.7486,8.5623,0
22689578.1,15,,55,49,4,50.0,1.0,33.5324,14.359,8.7773,8.5541,0
22691578.1,15,,55,49,4,50.0,1.0,33.4324,14.359,8.8061,8.5459,0
22693578.1,15,,55,49,4,50.0,1.0,33.3324,14.359,8.8348,8.5378,0
22695578.1,15,,55,49,4,50.0,1.0,33.2324,14.359,8.8635,8.5296,0
22697578.1,15,,55,49,4,50.0,1.0,33.1324,14.359,8.8922,8.5214,0
22699578.1,15,,55,49,4,50.0,1.0,33.0324,14.359,8.9209,8.5132,0
22701578.1,15,,55,49,4,50.0,1.0,32.9324,14.359,8.9496,8.505,0
22703578.1,15,,55,49,4,50.0,1.0,32.8324,14.359,8.9784,8.4969,0
22705578.1,15,,55,49,4,50.0,1.0,32.7324,14.359,9.0071,8.4887,0
22707578.1,15,,55,49,4,50.0,1.0,32.6324,14.359,9.0358,8.4805,0
22709578.1,15,,55,49,4,50.0,1.0,32.5324,14.359,9.0645,8.4723,0
22711578.1,15,,55,49,4,50.0,1.0,32.4324,14.359,9.0932,8.4641,0
22712857.5,15,,55,49,4,50.0,1.0,32.3684,14.359,9.1116,8.4589,0
22713578.1,15,,54,49,4,50.0,1.0,32.3324,14.6795,9.1222,8.456,0
22715578.1,15,,54,49,4,50.0,1.0,32.2324,14.6795,9.1515,8.4478,0
22717578.1,15,,54,49,4,50.0,1.0,32.1324,14.6795,9.1809,8.4396,0
22719578.1,15,,54,49,4,50.0,1.0,32.0324,14.6795,9.2103,8.4314,0
22721578.1,15,,54,49,4,50.0,1.0,31.9324,14.6795,9.2396,8.4232,0
22723578.1,15,,54,49,4,50.0,1.0,31.8324,14.6795,9.269,8.415,0
22724135.1,15,,54,49,4,50.0,1.0,31.8045,14.6795,9.2772,8.4127,0
22725578.1,15,,53,49,3,50.0,1.0,31.7324,10.8333,6.8925,8.4068,0
22727578.1,15,,53,49,3,50.0,1.0,31.6324,10.8333,6.9142,8.3986,0
22729578.1,15,,53,49,3,50.0,1.0,31.5324,10.8333,6.9359,8.3904,0
22731578.1,15,,53,49,3,50.0,1.0,31.4324,10.8333,6.9575,8.3822,0
22733578.1,15,,53,49,3,50.0,1.0,31.3324,10.8333,6.9792,8.374,0
22735578.1,15,,53,49,3,50.0,1.0,31.2324,10.8333,7.0009,8.3658,0
22737578.1,15,,53,49,3,50.0,1.0,31.1324,10.8333,7.0225,8.3576,0
22739578.1,15,,53,49,3,50.0,1.0,31.0324,10.8333,7.0442,8.3494,0
22741578.1,15,,53,49,3,50.0,1.0,30.9324,10.8333,7.0659,8.3412,0
22742250.2,15,,53,49,3,50.0,1.0,30.8988,10.8333,7.0731,8.3384,0
22743578.1,15,,52,48,3,50.0,1.0,30.8324,10.8333,7.0875,8.3328,0
22745578.1,15,,52,48,3,50.0,1.0,30.7324,10.8333,7.1092,8.3244,0
22747578.1,15,,52,48,3,50.0,1.0,30.6324,10.8333,7.1309,8.316,0
22748070.4,15,,52,48,3,50.0,1.0,30.6077,10.8333,7.1362,8.314,0
22749578.1,15,,51,47,3,50.0,1.0,30.5324,11.3095,7.1533,8.3075,0
22751578.1,15,,51,47,3,50.0,1.0,30.4324,11.3095,7.1759,8.2989,0
22753162.2,15,,51,47,3,50.0,1.0,30.3532,11.3095,7.1938,8.2922,0
22753578.1,15,,50,47,2,50.0,1.0,30.3324,7.1429,4.7105,8.2904,0
22755578.1,15,,50,47,2,50.0,1.0,30.2324,7.1429,4.7248,8.2818,0
22757578.1,15,,50,47,2,50.0,1.0,30.1324,7.1429,4.7391,8.2732,0
22759578.1,15,,50,47,2,50.0,1.0,30.0324,7.1429,4.7533,8.2646,0
22760981.1,15,,50,47,2,50.0,1.0,29.9622,7.1429,4.7634,8.2586,0
22761550.5,15,,49,46,2,50.0,1.0,29.9337,7.6923,4.7677,8.2561,0
22761578.1,15,,48,46,2,50.0,1.0,29.9324,8.3333,4.768,8.256,0
22763578.1,15,,48,46,2,50.0,1.0,29.8324,8.3333,4.7846,8.2472,0
22765578.1,15,,48,46,2,50.0,1.0,29.7324,8.3333,4.8013,8.2385,0
22767578.1,15,,48,46,2,50.0,1.0,29.6324,8.3333,4.818,8.2297,0
22769578.1,15,,48,46,2,50.0,1.0,29.5324,8.3333,4.8346,8.2209,0
22771578.1,15,,48,46,2,50.0,1.0,29.4324,8.3333,4.8513,8.2121,0
22773578.1,15,,48,46,2,50.0,1.0,29.3324,8.3333,4.868,8.2033,0
22775578.1,15,,48,46,2,50.0,1.0,29.2324,8.3333,4.8846,8.1946,0
22777578.1,15,,48,46,2,50.0,1.0,29.1324,8.3333,4.9013,8.1858,0
22779578.1,15,,48,46,2,50.0,1.0,29.0324,8.3333,4.918,8.177,0
22781578.1,15,,48,46,2,50.0,1.0,28.9324,8.3333,4.9346,8.1682,0
22783578.1,15,,48,46,2,50.0,1.0,28.8324,8.3333,4.9513,8.1594,0
22785578.1,15,,48,46,2,50.0,1.0,28.7324,8.3333,4.968,8.1507,0
22787578.1,15,,48,46,2,50.0,1.0,28.6324,8.3333,4.9846,8.1419,0
22789578.1,15,,48,46,2,50.0,1.0,28.5324,8.3333,5.0013,8.1331,0
22791578.1,15,,48,46,2,50.0,1.0,28.4324,8.3333,5.018,8.1243,0
22793578.1,15,,48,46,2,50.0,1.0,28.3324,8.3333,5.0346,8.1155,0
22795578.1,15,,48,46,2,50.0,1.0,28.2324,8.3333,5.0513,8.1067,0
22797578.1,15,,48,46,2,50.0,1.0,28.1324,8.3333,5.068,8.098,0
22799578.1,15,,48,46,2,50.0,1.0,28.0324,8.3333,5.0846,8.0892,0
22801578.1,15,,48,46,2,50.0,1.0,27.9324,8.3333,5.1013,8.0804,0
22803578.1,15,,48,46,2,50.0,1.0,27.8324,8.3333,5.118,8.0716,0
22804804.3,15,,48,46,2,50.0,1.0,27.7711,8.3333,5.1282,8.0662,0
22805016.9,15,,47,46,1,50.0,1.0,27.7604,4.5455,2.5651,8.0653,0
22805578.1,15,,46,45,1,50.0,1.0,27.7324,4.5455,2.5676,8.0628,0
22807578.1,15,,46,45,1,50.0,1.0,27.6324,4.5455,2.5767,8.0539,0
22809578.1,15,,46,45,1,50.0,1.0,27.5324,4.5455,2.5858,8.0449,0
22811578.1,15,,46,45,1,50.0,1.0,27.4324,4.5455,2.5949,8.036,0
22812258.7,15,,46,45,1,50.0,1.0,27.3983,4.5455,2.598,8.0329,0
22813343.0,15,,45,44,1,50.0,1.0,27.3441,4.5455,2.6029,8.0279,0
22813578.1,15,,44,43,1,50.0,1.0,27.3324,4.5455,2.604,8.0268,0
22815578.1,15,,44,43,1,50.0,1.0,27.2324,4.5455,2.6131,8.0175,0
22817578.1,15,,44,43,1,50.0,1.0,27.1324,4.5455,2.6222,8.0082,0
22819578.1,15,,44,43,1,50.0,1.0,27.0324,4.5455,2.6312,7.9988,0
22821578.1,15,,44,43,1,50.0,1.0,26.9324,4.5455,2.6403,7.9895,0
22823578.1,15,,44,43,1,50.0,1.0,26.8324,4.5455,2.6494,7.9801,0
22825068.0,15,,44,43,1,50.0,1.0,26.7579,4.5455,2.6562,7.9732,0
22825578.1,15,,43,42,1,50.0,1.0,26.7324,4.5455,2.6585,7.9707,0
22827578.1,15,,43,42,1,50.0,1.0,26.6324,4.5455,2.6676,7.9611,0
22829578.1,15,,43,42,1,50.0,1.0,26.5324,4.5455,2.6767,7.9515,0
22831578.1,15,,43,42,1,50.0,1.0,26.4324,4.5455,2.6858,7.9419,0
22833578.1,15,,43,42,1,50.0,1.0,26.3324,4.5455,2.6949,7.9322,0
22835578.1,15,,43,42,1,50.0,1.0,26.2324,4.5455,2.704,7.9226,0
22837578.1,15,,43,42,1,50.0,1.0,26.1324,4.5455,2.7131,7.913,0
22839578.1,15,,43,42,1,50.0,1.0,26.0324,4.5455,2.7222,7.9034,0
22841578.1,15,,43,42,1,50.0,1.0,25.9324,4.5455,2.7312,7.8937,0
22843578.1,15,,43,42,1,50.0,1.0,25.8324,4.5455,2.7403,7.8841,0
22845578.1,15,,43,42,1,50.0,1.0,25.7324,4.5455,2.7494,7.8745,0
22847578.1,15,,43,42,1,50.0,1.0,25.6324,4.5455,2.7585,7.8649,0
22849578.1,15,,43,42,1,50.0,1.0,25.5324,4.5455,2.7676,7.8552,0
22851578.1,15,,43,42,1,50.0,1.0,25.4324,4.5455,2.7767,7.8456,0
22853578.1,15,,43,42,1,50.0,1.0,25.3324,4.5455,2.7858,7.836,0
22855578.1,15,,43,42,1,50.0,1.0,25.2324,4.5455,2.7949,7.8263,0
22857578.1,15,,43,42,1,50.0,1.0,25.1324,4.5455,2.804,7.8167,0
22859578.1,15,,43,42,1,50.0,1.0,25.0324,4.5455,2.8131,7.8071,0
22860673.7,15,,43,42,1,50.0,1.0,24.9776,4.5455,2.818,7.8018,0
22861578.1,15,,42,42,0,50.0,1.0,24.9324,0,0.0,7.7975,0
22863360.3,15,,42,42,0,50.0,1.0,24.8432,0,0.0,7.7889,0
22863578.1,15,,41,41,0,50.0,1.0,24.8324,0,0.0,7.7878,0
22863896.7,15,,41,41,0,50.0,1.0,24.8164,0,0.0,7.7863,0
22865578.1,15,,40,40,0,50.0,1.0,24.7324,0,0.0,7.7778,0
22867578.1,15,,40,40,0,50.0,1.0,24.6324,0,0.0,7.7678,0
22869578.1,15,,40,40,0,50.0,1.0,24.5324,0,0.0,7.7577,0
22871578.1,15,,40,40,0,50.0,1.0,24.4324,0,0.0,7.7476,0
22873578.1,15,,40,40,0,50.0,1.0,24.3324,0,0.0,7.7376,0
22875578.1,15,,40,40,0,50.0,1.0,24.2324,0,0.0,7.7275,0
22877578.1,15,,40,40,0,50.0,1.0,24.1324,0,0.0,7.7175,0
22879578.1,15,,40,40,0,50.0,1.0,24.0324,0,0.0,7.7074,0
22881578.1,15,,40,40,0,50.0,1.0,23.9324,0,0.0,7.6974,0
22883578.1,15,,40,40,0,50.0,1.0,23.8324,0,0.0,7.6873,0
22885578.1,15,,40,40,0,50.0,1.0,23.7324,0,0.0,7.6773,0
22887578.1,15,,40,40,0,50.0,1.0,23.6324,0,0.0,7.6672,0
22889578.1,15,,40,40,0,50.0,1.0,23.5324,0,0.0,7.6572,0
22891578.1,15,,40,40,0,50.0,1.0,23.4324,0,0.0,7.6471,0
22893578.1,15,,40,40,0,50.0,1.0,23.3324,0,0.0,7.6371,0
22895578.1,15,,40,40,0,50.0,1.0,23.2324,0,0.0,7.627,0
22897578.1,15,,40,40,0,50.0,1.0,23.1324,0,0.0,7.617,0
22899578.1,15,,40,40,0,50.0,1.0,23.0324,0,0.0,7.6069,0
22901578.1,15,,40,40,0,50.0,1.0,22.9324,0,0.0,7.5969,0
22903578.1,15,,40,40,0,50.0,1.0,22.8324,0,0.0,7.5868,0
22905578.1,15,,40,40,0,50.0,1.0,22.7324,0,0.0,7.5768,0
22907578.1,15,,40,40,0,50.0,1.0,22.6324,0,0.0,7.5667,0
22908250.9,15,,40,40,0,50.0,1.0,22.5987,0,0.0,7.5634,0
22909578.1,15,,39,39,0,50.0,1.0,22.5324,0,0.0,7.5565,0
22911578.1,15,,39,39,0,50.0,1.0,22.4324,0,0.0,7.5462,0
22913578.1,15,,39,39,0,50.0,1.0,22.3324,0,0.0,7.5358,0
22915578.1,15,,39,39,0,50.0,1.0,22.2324,0,0.0,7.5255,0
22917427.5,15,,39,39,0,50.0,1.0,22.1399,0,0.0,7.516,0
22917578.1,15,,38,38,0,50.0,1.0,22.1324,0,0.0,7.5152,0
22919578.1,15,,38,38,0,50.0,1.0,22.0324,0,0.0,7.5046,0
22920047.4,15,,38,38,0,50.0,1.0,22.0089,0,0.0,7.5021,0
22921578.1,15,,37,37,0,50.0,1.0,21.9324,0,0.0,7.4938,0
22923578.1,15,,37,37,0,50.0,1.0,21.8324,0,0.0,7.4829,0
22925578.1,15,,37,37,0,50.0,1.0,21.7324,0,0.0,7.472,0
22927578.1,15,,37,37,0,50.0,1.0,21.6324,0,0.0,7.4611,0
22929578.1,15,,37,37,0,50.0,1.0,21.5324,0,0.0,7.4502,0
22931578.1,15,,37,37,0,50.0,1.0,21.4324,0,0.0,7.4393,0
22933578.1,15,,37,37,0,50.0,1.0,21.3324,0,0.0,7.4284,0
22935578.1,15,,37,37,0,50.0,1.0,21.2324,0,0.0,7.4175,0
22937578.1,15,,37,37,0,50.0,1.0,21.1324,0,0.0,7.4066,0
22939578.1,15,,37,37,0,50.0,1.0,21.0324,0,0.0,7.3957,0
22941578.1,15,,37,37,0,50.0,1.0,20.9324,0,0.0,7.3848,0
22943578.1,15,,37,37,0,50.0,1.0,20.8324,0,0.0,7.3739,0
22945578.1,15,,37,37,0,50.0,1.0,20.7324,0,0.0,7.363,0
22947578.1,15,,37,37,0,50.0,1.0,20.6324,0,0.0,7.3521,0
22949578.1,15,,37,37,0,50.0,1.0,20.5324,0,0.0,7.3412,0
22951578.1,15,,37,37,0,50.0,1.0,20.4324,0,0.0,7.3303,0
22952370.3,15,,37,37,0,50.0,1.0,20.3928,0,0.0,7.3259,0
22953578.1,15,,36,36,0,50.0,1.0,20.3324,0,0.0,7.3192,0
22955578.1,15,,36,36,0,50.0,1.0,20.2324,0,0.0,7.308,0
22957578.1,15,,36,36,0,50.0,1.0,20.1324,0,0.0,7.2968,0
22959578.1,15,,36,36,0,50.0,1.0,20.0324,0,0.0,7.2856,0
22961578.1,15,,36,36,0,50.0,1.0,19.9324,0,0.0,7.2745,0
22963578.1,15,,36,36,0,50.0,1.0,19.8324,0,0.0,7.2633,0
22965578.1,15,,36,36,0,50.0,1.0,19.7324,0,0.0,7.2521,0
22967578.1,15,,36,36,0,50.0,1.0,19.6324,0,0.0,7.2409,0
22969578.1,15,,36,36,0,50.0,1.0,19.5324,0,0.0,7.2297,0
22971578.1,15,,36,36,0,50.0,1.0,19.4324,0,0.0,7.2186,0
22973133.1,15,,36,36,0,50.0,1.0,19.3546,0,0.0,7.2099,0
22973578.1,15,,35,35,0,50.0,1.0,19.3324,0,0.0,7.2073,0
22975578.1,15,,35,35,0,50.0,1.0,19.2324,0,0.0,7.1959,0
22977578.1,15,,35,35,0,50.0,1.0,19.1324,0,0.0,7.1844,0
22979031.4,15,,35,35,0,50.0,1.0,19.0597,0,0.0,7.1761,0
22979578.1,15,,34,34,0,50.0,1.0,19.0324,0,0.0,7.1728,0
22981578.1,15,,34,34,0,50.0,1.0,18.9324,0,0.0,7.161,0
22983492.4,15,,34,34,0,50.0,1.0,18.8366,0,0.0,7.1497,0
22983578.1,15,,33,33,0,50.0,1.0,18.8324,0,0.0,7.1492,0
22985578.1,15,,33,33,0,50.0,1.0,18.7324,0,0.0,7.1371,0
22986895.7,15,,33,33,0,50.0,1.0,18.6665,0,0.0,7.1291,0
22987578.1,15,,32,32,0,50.0,1.0,18.6324,0,0.0,7.1248,0
22988735.3,15,,32,32,0,50.0,1.0,18.5745,0,0.0,7.1175,0
22989578.1,15,,31,31,0,50.0,1.0,18.5324,0,0.0,7.112,0
22991578.1,15,,31,31,0,50.0,1.0,18.4324,0,0.0,7.0989,0
22993322.8,15,,31,31,0,50.0,1.0,18.3451,0,0.0,7.0876,0
22993578.1,15,,30,30,0,50.0,1.0,18.3324,0,0.0,7.0858,0
22995578.1,15,,30,30,0,50.0,1.0,18.2324,0,0.0,7.0722,0
22997578.1,15,,30,30,0,50.0,1.0,18.1324,0,0.0,7.0585,0
22999578.1,15,,30,30,0,50.0,1.0,18.0324,0,0.0,7.0449,0
23001578.1,15,,30,30,0,50.0,1.0,17.9324,0,0.0,7.0312,0
23002505.3,15,,30,30,0,50.0,1.0,17.886,0,0.0,7.0249,0
23003578.1,15,,29,29,0,50.0,1.0,17.8324,0,0.0,7.0174,0
23005578.1,15,,29,29,0,50.0,1.0,17.7324,0,0.0,7.0034,0
23007578.1,15,,29,29,0,50.0,1.0,17.6324,0,0.0,6.9894,0
23009578.1,15,,29,29,0,50.0,1.0,17.5324,0,0.0,6.9755,0
23011578.1,15,,29,29,0,50.0,1.0,17.4324,0,0.0,6.9615,0
23013578.1,15,,29,29,0,50.0,1.0,17.3324,0,0.0,6.9475,0
23014419.2,15,,29,29,0,50.0,1.0,17.2903,0,0.0,6.9416,0
23015578.1,15,,28,28,0,50.0,1.0,17.2324,0,0.0,6.9332,0
23016713.0,15,,28,28,0,50.0,1.0,17.1756,0,0.0,6.925,0
23016915.8,15,,27,27,0,50.0,1.0,17.1655,0,0.0,6.9235,0
23017578.1,15,,26,26,0,50.0,1.0,17.1324,0,0.0,6.9183,0
23019578.1,15,,26,26,0,50.0,1.0,17.0324,0,0.0,6.9024,0
23021578.1,15,,26,26,0,50.0,1.0,16.9324,0,0.0,6.8865,0
23023578.1,15,,26,26,0,50.0,1.0,16.8324,0,0.0,6.8707,0
23025578.1,15,,26,26,0,50.0,1.0,16.7324,0,0.0,6.8548,0
23027578.1,15,,26,26,0,50.0,1.0,16.6324,0,0.0,6.8389,0
23028183.4,15,,26,26,0,50.0,1.0,16.6021,0,0.0,6.8341,0
23029578.1,15,,25,25,0,50.0,1.0,16.5324,0,0.0,6.8227,0
23031578.1,15,,25,25,0,50.0,1.0,16.4324,0,0.0,6.8062,0
23032441.6,15,,25,25,0,50.0,1.0,16.3892,0,0.0,6.7991,0
23033578.1,15,,24,24,0,50.0,1.0,16.3324,0,0.0,6.7893,0
23035578.1,15,,24,24,0,50.0,1.0,16.2324,0,0.0,6.772,0
23037578.1,15,,24,24,0,50.0,1.0,16.1324,0,0.0,6.7547,0
23039578.1,15,,24,24,0,50.0,1.0,16.0324,0,0.0,6.7374,0
23041578.1,15,,24,24,0,50.0,1.0,15.9324,0,0.0,6.7201,0
23042272.0,15,,24,24,0,50.0,1.0,15.8977,0,0.0,6.7141,0
23043578.1,15,,23,23,0,50.0,1.0,15.8324,0,0.0,6.702,0
23045578.1,15,,23,23,0,50.0,1.0,15.7324,0,0.0,6.6835,0
23047514.9,15,,23,23,0,50.0,1.0,15.6355,0,0.0,6.6655,0
23047578.1,15,,22,22,0,50.0,1.0,15.6324,0,0.0,6.6649,0
23049548.2,15,,22,22,0,50.0,1.0,15.5339,0,0.0,6.6454,0
23049555.2,15,,21,21,0,50.0,1.0,15.5335,0,0.0,6.6453,0
23049578.1,15,,19,19,0,50.0,1.0,15.5324,0,0.0,6.6451,0
23051578.1,15,,19,19,0,50.0,1.0,15.4324,0,0.0,6.6229,0
23053578.1,15,,19,19,0,50.0,1.0,15.3324,0,0.0,6.6006,0
23055196.4,15,,19,19,0,50.0,1.0,15.2514,0,0.0,6.5826,0
23055578.1,15,,18,18,0,50.0,1.0,15.2324,0,0.0,6.5782,0
23057578.1,15,,18,18,0,50.0,1.0,15.1324,0,0.0,6.5551,0
23059578.1,15,,18,18,0,50.0,1.0,15.0324,0,0.0,6.532,0
23061578.1,15,,18,18,0,50.0,1.0,14.9324,0,0.0,6.5089,0
23063578.1,15,,18,18,0,50.0,1.0,14.8324,0,0.0,6.4858,0
23065578.1,15,,18,18,0,50.0,1.0,14.7324,0,0.0,6.4627,0
23067578.1,15,,18,18,0,50.0,1.0,14.6324,0,0.0,6.4396,0
23069578.1,15,,18,18,0,50.0,1.0,14.5324,0,0.0,6.4165,0
23071578.1,15,,18,18,0,50.0,1.0,14.4324,0,0.0,6.3933,0
23073578.1,15,,18,18,0,50.0,1.0,14.3324,0,0.0,6.3702,0
23075578.1,15,,18,18,0,50.0,1.0,14.2324,0,0.0,6.3471,0
23077203.2,15,,18,18,0,50.0,1.0,14.1511,0,0.0,6.3283,0
23077578.1,15,,17,17,0,50.0,1.0,14.1324,0,0.0,6.3238,0
23079578.1,15,,17,17,0,50.0,1.0,14.0324,0,0.0,6.2998,0
23081578.1,15,,17,17,0,50.0,1.0,13.9324,0,0.0,6.2758,0
23083578.1,15,,17,17,0,50.0,1.0,13.8324,0,0.0,6.2518,0
23085578.1,15,,17,17,0,50.0,1.0,13.7324,0,0.0,6.2278,0
23087578.1,15,,17,17,0,50.0,1.0,13.6324,0,0.0,6.2038,0
23089578.1,15,,17,17,0,50.0,1.0,13.5324,0,0.0,6.1798,0
23091578.1,15,,17,17,0,50.0,1.0,13.4324,0,0.0,6.1558,0
23093578.1,15,,17,17,0,50.0,1.0,13.3324,0,0.0,6.1318,0
23095578.1,15,,17,17,0,50.0,1.0,13.2324,0,0.0,6.1078,0
23097578.1,15,,17,17,0,50.0,1.0,13.1324,0,0.0,6.0838,0
23098707.2,15,,17,17,0,50.0,1.0,13.0759,0,0.0,6.0703,0
23099578.1,15,,16,16,0,50.0,1.0,13.0324,0,0.0,6.0593,0
23101578.1,15,,16,16,0,50.0,1.0,12.9324,0,0.0,6.0339,0
23103578.1,15,,16,16,0,50.0,1.0,12.8324,0,0.0,6.0086,0
23105578.1,15,,16,16,0,50.0,1.0,12.7324,0,0.0,5.9833,0
23107578.1,15,,16,16,0,50.0,1.0,12.6324,0,0.0,5.9579,0
23109578.1,15,,16,16,0,50.0,1.0,12.5324,0,0.0,5.9326,0
23111578.1,15,,16,16,0,50.0,1.0,12.4324,0,0.0,5.9073,0
23113578.1,15,,16,16,0,50.0,1.0,12.3324,0,0.0,5.8819,0
23115578.1,15,,16,16,0,50.0,1.0,12.2324,0,0.0,5.8566,0
23117578.1,15,,16,16,0,50.0,1.0,12.1324,0,0.0,5.8313,0
23119578.1,15,,16,16,0,50.0,1.0,12.0324,0,0.0,5.8059,0
23121578.1,15,,16,16,0,50.0,1.0,11.9324,0,0.0,5.7806,0
23123578.1,15,,16,16,0,50.0,1.0,11.8324,0,0.0,5.7553,0
23125578.1,15,,16,16,0,50.0,1.0,11.7324,0,0.0,5.7299,0
23127578.1,15,,16,16,0,50.0,1.0,11.6324,0,0.0,5.7046,0
23129578.1,15,,16,16,0,50.0,1.0,11.5324,0,0.0,5.6793,0
23131578.1,15,,16,16,0,50.0,1.0,11.4324,0,0.0,5.6539,0
23133578.1,15,,16,16,0,50.0,1.0,11.3324,0,0.0,5.6286,0
23135578.1,15,,16,16,0,50.0,1.0,11.2324,0,0.0,5.6033,0
23137578.1,15,,16,16,0,50.0,1.0,11.1324,0,0.0,5.5779,0
23139578.1,15,,16,16,0,50.0,1.0,11.0324,0,0.0,5.5526,0
23141578.1,15,,16,16,0,50.0,1.0,10.9324,0,0.0,5.5273,0
23143578.1,15,,16,16,0,50.0,1.0,10.8324,0,0.0,5.5019,0
23145578.1,15,,16,16,0,50.0,1.0,10.7324,0,0.0,5.4766,0
23147578.1,15,,16,16,0,50.0,1.0,10.6324,0,0.0,5.4513,0
23149578.1,15,,16,16,0,50.0,1.0,10.5324,0,0.0,5.4259,0
23151578.1,15,,16,16,0,50.0,1.0,10.4324,0,0.0,5.4006,0
23153578.1,15,,16,16,0,50.0,1.0,10.3324,0,0.0,5.3753,0
23155578.1,15,,16,16,0,50.0,1.0,10.2324,0,0.0,5.3499,0
23157578.1,15,,16,16,0,50.0,1.0,10.1324,0,0.0,5.3246,0
23159335.7,15,,16,16,0,50.0,1.0,10.0445,0,0.0,5.3023,0
23159578.1,15,,15,15,0,50.0,1.0,10.0324,0,0.0,5.299,0
23159623.8,15,,15,15,0,50.0,1.0,10.0301,0,0.0,5.2984,0
23161233.5,15,,14,14,0,50.0,1.0,9.9496,0,0.0,5.2754,0
23161578.1,15,,13,13,0,50.0,1.0,9.9324,0,0.0,5.2703,0
23163578.1,15,,13,13,0,50.0,1.0,9.8324,0,0.0,5.2403,0
23165578.1,15,,13,13,0,50.0,1.0,9.7324,0,0.0,5.2103,0
23167578.1,15,,13,13,0,50.0,1.0,9.6324,0,0.0,5.1803,0
23169578.1,15,,13,13,0,50.0,1.0,9.5324,0,0.0,5.1503,0
23171578.1,15,,13,13,0,50.0,1.0,9.4324,0,0.0,5.1203,0
23173578.1,15,,13,13,0,50.0,1.0,9.3324,0,0.0,5.0903,0
23175578.1,15,,13,13,0,50.0,1.0,9.2324,0,0.0,5.0603,0
23177578.1,15,,13,13,0,50.0,1.0,9.1324,0,0.0,5.0303,0
23179578.1,15,,13,13,0,50.0,1.0,9.0324,0,0.0,5.0003,0
23181578.1,15,,13,13,0,50.0,1.0,8.9324,0,0.0,4.9703,0
23183578.1,15,,13,13,0,50.0,1.0,8.8324,0,0.0,4.9403,0
23185578.1,15,,13,13,0,50.0,1.0,8.7324,0,0.0,4.9103,0
23187578.1,15,,13,13,0,50.0,1.0,8.6324,0,0.0,4.8803,0
23189578.1,15,,13,13,0,50.0,1.0,8.5324,0,0.0,4.8503,0
23191578.1,15,,13,13,0,50.0,1.0,8.4324,0,0.0,4.8203,0
23193578.1,15,,13,13,0,50.0,1.0,8.3324,0,0.0,4.7903,0
23195093.8,15,,13,13,0,50.0,1.0,8.2566,0,0.0,4.7675,0
23195099.9,15,,12,12,0,50.0,1.0,8.2563,0,0.0,4.7674,0
23195578.1,15,,11,11,0,50.0,1.0,8.2324,0,0.0,4.7601,0
23197578.1,15,,11,11,0,50.0,1.0,8.1324,0,0.0,4.7293,0
23199578.1,15,,11,11,0,50.0,1.0,8.0324,0,0.0,4.6985,0
23201578.1,15,,11,11,0,50.0,1.0,7.9324,0,0.0,4.6678,0
23203578.1,15,,11,11,0,50.0,1.0,7.8324,0,0.0,4.637,0
23205578.1,15,,11,11,0,50.0,1.0,7.7324,0,0.0,4.6062,0
23207578.1,15,,11,11,0,50.0,1.0,7.6324,0,0.0,4.5755,0
23209578.1,15,,11,11,0,50.0,1.0,7.5324,0,0.0,4.5447,0
23211578.1,15,,11,11,0,50.0,1.0,7.4324,0,0.0,4.5139,0
23213578.1,15,,11,11,0,50.0,1.0,7.3324,0,0.0,4.4832,0
23215578.1,15,,11,11,0,50.0,1.0,7.2324,0,0.0,4.4524,0
23217578.1,15,,11,11,0,50.0,1.0,7.1324,0,0.0,4.4216,0
23219578.1,15,,11,11,0,50.0,1.0,7.0324,0,0.0,4.3908,0
23221578.1,15,,11,11,0,50.0,1.0,6.9324,0,0.0,4.3601,0
23223578.1,15,,11,11,0,50.0,1.0,6.8324,0,0.0,4.3293,0
23225578.1,15,,11,11,0,50.0,1.0,6.7324,0,0.0,4.2985,0
23227578.1,15,,11,11,0,50.0,1.0,6.6324,0,0.0,4.2678,0
23229578.1,15,,11,11,0,50.0,1.0,6.5324,0,0.0,4.237,0
23231578.1,15,,11,11,0,50.0,1.0,6.4324,0,0.0,4.2062,0
23233578.1,15,,11,11,0,50.0,1.0,6.3324,0,0.0,4.1755,0
23233708.2,15,,11,11,0,50.0,1.0,6.3259,0,0.0,4.1735,0
23235578.1,15,,10,10,0,50.0,1.0,6.2324,0,0.0,4.1414,0
23237578.1,15,,10,10,0,50.0,1.0,6.1324,0,0.0,4.1071,0
23239578.1,15,,10,10,0,50.0,1.0,6.0324,0,0.0,4.0728,0
23241578.1,15,,10,10,0,50.0,1.0,5.9324,0,0.0,4.0386,0
23243578.1,15,,10,10,0,50.0,1.0,5.8324,0,0.0,4.0043,0
23245578.1,15,,10,10,0,50.0,1.0,5.7324,0,0.0,3.97,0
23247578.1,15,,10,10,0,50.0,1.0,5.6324,0,0.0,3.9357,0
23249578.1,15,,10,10,0,50.0,1.0,5.5324,0,0.0,3.9014,0
23249952.6,15,,10,10,0,50.0,1.0,5.5136,0,0.0,3.895,0
23251578.1,15,,9,9,0,50.0,1.0,5.4324,0,0.0,3.8654,0
23253578.1,15,,9,9,0,50.0,1.0,5.3324,0,0.0,3.8291,0
23255578.1,15,,9,9,0,50.0,1.0,5.2324,0,0.0,3.7927,0
23257578.1,15,,9,9,0,50.0,1.0,5.1324,0,0.0,3.7563,0
23259578.1,15,,9,9,0,50.0,1.0,5.0324,0,0.0,3.72,0
23261578.1,15,,9,9,0,50.0,1.0,4.9324,0,0.0,3.6836,0
23261974.2,15,,9,9,0,50.0,1.0,4.9126,0,0.0,3.6764,0
23263578.1,15,,8,8,0,50.0,1.0,4.8324,0,0.0,3.6463,0
23265578.1,15,,8,8,0,50.0,1.0,4.7324,0,0.0,3.6088,0
23267578.1,15,,8,8,0,50.0,1.0,4.6324,0,0.0,3.5713,0
23269578.1,15,,8,8,0,50.0,1.0,4.5324,0,0.0,3.5338,0
23271578.1,15,,8,8,0,50.0,1.0,4.4324,0,0.0,3.4963,0
23273578.1,15,,8,8,0,50.0,1.0,4.3324,0,0.0,3.4588,0
23275578.1,15,,8,8,0,50.0,1.0,4.2324,0,0.0,3.4213,0
23277578.1,15,,8,8,0,50.0,1.0,4.1324,0,0.0,3.3838,0
23279578.1,15,,8,8,0,50.0,1.0,4.0324,0,0.0,3.3463,0
23281578.1,15,,8,8,0,50.0,1.0,3.9324,0,0.0,3.3088,0
23283578.1,15,,8,8,0,50.0,1.0,3.8324,0,0.0,3.2713,0
23284900.4,15,,8,8,0,50.0,1.0,3.7662,0,0.0,3.2465,0
23285578.1,15,,7,7,0,50.0,1.0,3.7324,0,0.0,3.2309,0
23287578.1,15,,7,7,0,50.0,1.0,3.6324,0,0.0,3.1848,0
23289578.1,15,,7,7,0,50.0,1.0,3.5324,0,0.0,3.1386,0
23291578.1,15,,7,7,0,50.0,1.0,3.4324,0,0.0,3.0924,0
23292364.4,15,,7,7,0,50.0,1.0,3.393,0,0.0,3.0743,0
23293578.1,15,,6,6,0,50.0,1.0,3.3324,0,0.0,3.044,0
23295578.1,15,,6,6,0,50.0,1.0,3.2324,0,0.0,2.994,0
23297220.1,15,,6,6,0,50.0,1.0,3.1503,0,0.0,2.9529,0
23297578.1,15,,5,5,0,50.0,1.0,3.1324,0,0.0,2.941,0
23299578.1,15,,5,5,0,50.0,1.0,3.0324,0,0.0,2.8743,0
23301578.1,15,,5,5,0,50.0,1.0,2.9324,0,0.0,2.8076,0
23303578.1,15,,5,5,0,50.0,1.0,2.8324,0,0.0,2.741,0
23305578.1,15,,5,5,0,50.0,1.0,2.7324,0,0.0,2.6743,0
23307578.1,15,,5,5,0,50.0,1.0,2.6324,0,0.0,2.6076,0
23309061.2,15,,5,5,0,50.0,1.0,2.5582,0,0.0,2.5582,0
23309578.1,15,,4,4,0,50.0,1.0,2.5324,0,0.0,2.5324,0
23311578.1,15,,4,4,0,50.0,1.0,2.4324,0,0.0,2.4324,0
23313578.1,15,,4,4,0,50.0,1.0,2.3324,0,0.0,2.3324,0
23315578.1,15,,4,4,0,50.0,1.0,2.2324,0,0.0,2.2324,0
23317578.1,15,,4,4,0,50.0,1.0,2.1324,0,0.0,2.1324,0
23319578.1,15,,4,4,0,50.0,1.0,2.0324,0,0.0,2.0324,0
23321578.1,15,,4,4,0,50.0,1.0,1.9324,0,0.0,1.9324,0
23323578.1,15,,4,4,0,50.0,1.0,1.8324,0,0.0,1.8324,0
23325578.1,15,,4,4,0,50.0,1.0,1.7324,0,0.0,1.7324,0
23327578.1,15,,4,4,0,50.0,1.0,1.6324,0,0.0,1.6324,0
23329578.1,15,,4,4,0,50.0,1.0,1.5324,0,0.0,1.5324,0
23331578.1,15,,4,4,0,50.0,1.0,1.4324,0,0.0,1.4324,0
23333578.1,15,,4,4,0,50.0,1.0,1.3324,0,0.0,1.3324,0
23335578.1,15,,4,4,0,50.0,1.0,1.2324,0,0.0,1.2324,0
23337578.1,15,,4,4,0,50.0,1.0,1.1324,0,0.0,1.1324,0
23339578.1,15,,4,4,0,50.0,1.0,1.0324,0,0.0,1.0324,0
23341578.1,15,,4,4,0,50.0,1.0,0.9324,0,0.0,0.9324,0
23343578.1,15,,4,4,0,50.0,1.0,0.8324,0,0.0,0.8324,0
23345578.1,15,,4,4,0,50.0,1.0,0.7324,0,0.0,0.7324,0
23346334.8,15,,4,4,0,50.0,1.0,0.6945,0,0.0,0.6945,0
23347578.1,15,,3,3,0,50.0,1.0,0.6324,0,0.0,0.6324,0
23349578.1,15,,3,3,0,50.0,1.0,0.5324,0,0.0,0.5324,0
23351578.1,15,,3,3,0,50.0,1.0,0.4324,0,0.0,0.4324,0
23353578.1,15,,3,3,0,50.0,1.0,0.3324,0,0.0,0.3324,0
23355578.1,15,,3,3,0,50.0,1.0,0.2324,0,0.0,0.2324,0
23357578.1,15,,3,3,0,50.0,1.0,0.1324,0,0.0,0.1324,0
23359214.9,15,,3,3,0,50.0,1.0,0.0505,0,0.0,0.0505,0
23359578.1,15,,2,2,0,50.0,1.0,0.0324,0,0.0,0.0324,0
23360089.7,15,,2,2,0,50.0,1.0,0.0068,0,0.0,0.0068,0
23360225.3,15,,1,1,0,50.0,1.0,0.0,0,0.0,0.0,0
